user_id,is_vip
1,0
3,0
4,0
5,0
8,0
9,0
10,0
13,0
17,0
18,0
20,0
26,0
27,0
28,0
29,0
30,0
32,0
33,0
35,0
36,0
37,0
39,0
40,0
41,0
45,0
46,0
47,0
48,0
49,0
50,0
52,1
53,0
54,0
55,0
57,1
58,0
59,1
62,0
63,0
64,0
65,0
68,0
73,1
75,1
77,0
78,0
79,0
81,0
82,0
83,0
85,0
86,0
88,0
89,0
90,0
91,1
93,0
95,0
96,0
97,0
99,0
101,0
102,0
103,0
105,0
107,0
108,0
109,0
111,0
113,0
114,0
115,0
116,0
117,0
118,0
120,0
121,0
122,0
123,0
124,0
126,0
130,0
132,0
133,0
135,0
136,0
137,0
138,0
142,1
143,0
144,0
145,0
146,0
147,0
151,0
152,0
153,1
154,0
157,1
158,0
159,0
163,0
164,0
166,0
168,0
171,0
174,0
175,1
177,0
179,0
183,0
185,0
186,0
187,0
188,0
191,0
193,0
198,0
200,0
201,0
204,0
205,0
207,1
208,0
209,0
210,0
211,0
212,0
214,0
217,0
218,1
219,1
221,0
223,1
224,0
225,0
226,0
228,0
232,1
234,0
235,0
237,0
238,0
240,0
241,1
245,0
247,0
248,0
249,0
251,0
252,0
254,0
255,0
256,0
257,1
259,0
260,0
262,0
263,0
264,0
265,0
266,0
272,1
273,0
275,0
276,0
277,0
278,0
279,0
280,1
282,0
283,0
284,0
287,0
288,0
289,0
290,0
291,0
293,0
294,0
295,0
298,0
301,0
305,0
307,0
309,0
310,0
311,0
317,0
320,1
321,0
323,0
327,0
330,1
335,0
336,1
339,0
340,0
341,0
346,0
348,0
349,0
350,0
355,0
356,0
358,0
363,0
364,0
367,0
371,0
372,0
374,0
376,0
377,0
378,1
379,0
381,0
382,0
383,0
385,0
386,0
387,0
388,0
390,0
392,0
394,0
395,0
396,0
401,0
402,0
407,0
409,0
413,0
414,0
415,0
416,0
417,0
418,0
419,0
420,0
421,0
422,0
425,0
426,0
428,0
429,0
430,0
431,0
434,0
438,1
439,0
441,0
444,0
445,0
447,0
448,0
450,0
451,0
452,0
454,0
455,0
458,0
459,0
460,0
461,0
462,0
464,0
465,0
467,1
468,0
470,0
472,0
474,0
475,0
477,0
480,0
482,0
483,0
484,0
485,0
488,0
491,0
492,0
495,0
496,0
499,0
501,0
502,0
503,0
504,0
505,0
507,0
508,0
510,0
511,0
512,0
515,0
517,0
518,0
520,1
521,0
523,0
525,0
526,0
528,0
529,0
530,0
531,0
532,0
534,0
535,1
537,0
539,0
540,0
543,0
544,0
545,0
546,0
547,0
549,1
550,0
551,0
554,0
555,0
559,0
560,0
563,0
564,0
565,0
566,0
567,0
568,0
569,0
571,0
572,0
573,1
574,1
575,0
578,0
579,0
580,1
583,0
585,0
586,0
587,0
589,0
590,0
592,0
594,0
595,0
598,0
601,0
603,0
605,0
607,0
608,0
610,0
611,0
615,0
618,0
619,0
622,0
623,0
624,0
625,1
627,0
629,0
632,0
633,1
634,1
635,0
636,0
638,0
639,0
641,0
645,0
648,0
649,1
650,0
651,0
652,0
653,0
654,0
655,1
660,0
661,0
662,0
665,1
666,0
668,0
670,0
671,0
672,1
674,0
678,0
679,0
681,0
682,0
685,0
687,0
688,1
689,0
690,0
691,0
692,0
695,0
696,0
699,0
703,0
705,0
707,0
708,0
710,0
711,0
717,0
718,0
719,0
722,0
723,0
726,0
729,0
734,0
739,0
740,0
741,0
742,0
743,0
744,0
745,0
748,0
749,0
750,0
753,0
755,0
756,0
757,0
758,0
760,0
763,0
764,0
766,0
767,0
768,1
770,0
771,0
773,0
777,0
779,0
780,0
784,0
786,0
788,1
789,0
792,0
793,0
795,0
796,0
797,0
798,0
799,0
800,0
802,0
803,0
804,0
805,0
808,0
810,0
812,0
813,0
814,0
816,0
818,0
819,1
821,0
822,0
823,0
824,0
827,0
828,0
829,0
830,0
832,0
834,0
836,0
844,0
845,0
848,0
849,1
852,0
855,0
856,0
857,0
858,0
860,0
862,0
863,0
864,0
867,0
868,1
869,0
871,0
873,0
875,0
876,0
878,0
882,0
885,0
887,0
888,0
889,0
891,0
895,0
896,1
899,0
900,0
904,0
905,0
908,0
910,0
911,0
912,0
913,0
914,0
917,0
919,0
920,0
921,0
922,0
923,0
924,0
926,0
929,1
930,0
932,0
934,0
936,0
937,0
938,0
939,0
940,0
942,0
944,0
949,1
951,0
952,0
953,0
954,0
956,0
959,0
966,0
967,0
971,0
972,0
974,0
975,0
977,0
978,0
979,0
982,0
983,0
985,0
987,0
988,0
992,0
997,0
998,0
1001,0
1003,0
1004,0
1006,0
1007,0
1009,0
1010,0
1013,1
1014,0
1015,0
1016,0
1022,0
1024,0
1025,0
1028,0
1029,0
1033,0
1035,0
1036,1
1038,0
1041,0
1044,0
1045,0
1046,0
1047,0
1048,1
1049,0
1050,0
1052,0
1053,0
1057,0
1059,0
1060,0
1061,0
1063,0
1065,0
1068,1
1073,0
1074,0
1075,0
1077,0
1079,0
1081,0
1082,0
1084,0
1085,0
1086,0
1087,0
1088,0
1089,1
1092,0
1093,0
1095,0
1096,0
1097,0
1098,0
1099,0
1100,0
1101,1
1102,0
1103,1
1104,0
1106,0
1107,0
1108,0
1110,0
1111,0
1113,1
1115,1
1119,0
1120,0
1121,0
1122,0
1123,0
1124,0
1126,0
1128,0
1132,0
1135,0
1138,0
1139,0
1141,0
1143,0
1144,0
1146,0
1148,0
1149,0
1156,0
1160,0
1161,0
1162,0
1163,0
1164,0
1165,0
1167,1
1168,0
1170,0
1171,0
1172,0
1173,0
1174,0
1175,0
1180,0
1182,0
1185,0
1187,0
1188,0
1191,1
1192,0
1194,1
1196,0
1197,0
1201,0
1202,0
1203,0
1206,0
1207,0
1208,0
1209,0
1213,0
1215,0
1216,0
1217,0
1218,0
1219,0
1220,0
1225,0
1228,0
1231,0
1232,0
1233,0
1234,0
1235,1
1236,1
1238,0
1239,0
1241,0
1242,0
1243,0
1246,0
1247,0
1248,0
1249,0
1251,0
1252,0
1253,0
1254,0
1255,0
1257,1
1258,0
1260,0
1262,0
1263,0
1265,1
1268,0
1269,0
1270,0
1273,0
1274,0
1275,0
1276,0
1280,0
1281,0
1282,0
1283,0
1284,0
1286,0
1287,0
1291,1
1292,0
1293,0
1294,0
1295,0
1296,0
1297,0
1302,0
1304,0
1307,0
1308,0
1309,0
1316,0
1317,0
1324,0
1327,0
1328,0
1329,0
1330,0
1331,0
1332,0
1333,0
1338,0
1339,0
1340,0
1343,0
1346,1
1347,0
1348,0
1349,0
1350,0
1351,0
1354,0
1355,0
1360,0
1363,0
1367,0
1370,0
1371,0
1374,0
1376,0
1377,0
1378,0
1379,0
1380,0
1382,0
1383,0
1385,0
1386,0
1388,0
1389,0
1390,0
1391,0
1392,0
1393,0
1394,0
1395,0
1399,0
1401,0
1406,0
1408,0
1409,0
1411,0
1413,0
1414,0
1415,0
1416,0
1421,1
1422,0
1426,0
1427,0
1428,0
1429,0
1430,0
1431,0
1432,0
1433,0
1434,0
1435,0
1436,0
1438,0
1443,0
1444,0
1445,0
1446,0
1447,0
1448,1
1450,0
1451,0
1453,0
1454,0
1455,0
1456,0
1459,0
1460,1
1461,0
1463,0
1464,0
1465,0
1468,0
1470,0
1471,0
1472,0
1474,0
1475,0
1476,0
1477,0
1478,0
1482,0
1485,0
1486,0
1487,0
1488,0
1489,0
1492,0
1493,0
1494,0
1496,0
1499,0
1500,0
1501,1
1502,0
1504,0
1506,0
1508,0
1509,0
1510,0
1512,0
1515,0
1521,0
1522,0
1526,0
1527,0
1531,0
1534,0
1536,0
1537,0
1539,0
1540,0
1541,0
1542,0
1544,0
1546,0
1549,0
1550,0
1551,0
1552,0
1553,0
1554,0
1558,0
1560,0
1561,0
1564,0
1565,0
1566,0
1569,0
1570,0
1571,0
1572,0
1573,0
1575,0
1576,0
1578,0
1580,0
1581,1
1583,0
1585,0
1586,0
1590,1
1591,0
1593,0
1595,0
1597,0
1598,0
1601,0
1602,0
1603,0
1604,0
1605,1
1609,0
1611,0
1612,0
1613,0
1614,0
1615,0
1616,0
1618,0
1621,0
1622,0
1624,0
1626,0
1627,0
1629,0
1631,0
1633,0
1634,1
1638,0
1639,0
1640,1
1641,0
1643,1
1644,0
1646,0
1647,0
1648,1
1649,1
1651,0
1652,0
1654,1
1655,0
1656,0
1658,1
1659,0
1660,1
1661,0
1663,0
1665,0
1666,0
1667,0
1670,0
1673,0
1674,1
1681,0
1682,0
1684,0
1687,0
1688,0
1689,0
1692,0
1695,0
1696,1
1698,0
1703,0
1706,0
1708,0
1709,0
1710,0
1711,0
1712,0
1714,0
1715,0
1717,0
1719,0
1720,0
1722,1
1723,0
1724,0
1727,0
1731,0
1733,0
1736,1
1738,0
1739,0
1741,0
1742,0
1743,1
1744,0
1746,0
1747,0
1748,0
1749,0
1750,0
1751,0
1752,0
1753,1
1754,0
1755,0
1762,0
1764,0
1765,0
1768,0
1769,0
1770,0
1771,1
1772,0
1773,0
1774,0
1775,0
1776,1
1777,0
1778,0
1779,0
1785,0
1787,0
1791,0
1792,0
1793,0
1795,0
1796,0
1797,0
1798,0
1799,0
1800,0
1801,0
1803,0
1804,0
1805,0
1806,1
1808,0
1810,0
1813,0
1814,0
1815,0
1816,0
1818,0
1819,0
1822,0
1823,0
1826,1
1831,0
1833,0
1836,0
1838,0
1840,0
1841,0
1842,1
1843,0
1844,0
1845,1
1847,0
1848,0
1850,0
1852,0
1853,0
1854,0
1855,0
1856,0
1858,0
1862,0
1863,1
1864,0
1868,0
1869,0
1870,0
1871,0
1873,0
1879,0
1881,0
1882,0
1883,0
1885,0
1889,0
1892,0
1893,0
1894,0
1895,1
1896,0
1897,1
1898,0
1899,1
1900,0
1901,0
1903,0
1906,0
1908,0
1911,0
1912,0
1913,0
1914,0
1915,0
1916,0
1918,0
1919,0
1921,0
1924,0
1926,1
1928,0
1929,0
1933,1
1934,0
1936,0
1937,0
1938,1
1939,0
1941,0
1942,0
1943,0
1944,0
1947,0
1948,0
1949,0
1950,0
1953,0
1954,0
1955,1
1957,0
1958,0
1959,0
1961,0
1963,0
1965,0
1966,1
1968,0
1969,0
1970,0
1971,1
1972,0
1973,0
1974,0
1980,0
1981,0
1982,0
1983,0
1984,0
1986,0
1987,0
1988,0
1990,0
1992,0
1995,0
1996,0
1998,1
2000,0
2001,0
2004,0
2005,0
2006,0
2011,0
2013,0
2017,1
2019,0
2021,0
2022,0
2026,0
2028,1
2029,0
2030,0
2031,0
2032,0
2033,0
2034,0
2035,0
2036,1
2037,0
2038,0
2039,0
2040,0
2041,0
2042,0
2043,0
2044,0
2045,0
2046,0
2048,1
2050,0
2051,0
2052,0
2055,0
2058,0
2059,0
2061,0
2066,0
2068,0
2073,0
2075,0
2076,0
2078,0
2079,0
2080,0
2081,0
2082,0
2083,0
2085,0
2087,0
2088,0
2089,0
2090,0
2092,0
2093,1
2094,0
2096,0
2097,0
2098,0
2099,0
2100,1
2105,1
2107,0
2108,0
2109,1
2112,0
2113,0
2115,0
2116,0
2117,0
2118,0
2119,0
2120,0
2121,0
2122,0
2123,0
2124,0
2125,0
2127,0
2128,0
2129,0
2132,0
2133,0
2135,0
2137,1
2138,0
2141,0
2142,1
2144,0
2146,0
2147,0
2149,0
2150,0
2151,0
2153,1
2157,0
2158,0
2159,0
2160,0
2161,0
2163,0
2164,0
2165,0
2168,0
2169,0
2170,0
2173,0
2174,0
2175,0
2178,0
2179,0
2180,0
2182,0
2184,0
2188,0
2189,0
2191,0
2196,0
2198,0
2199,0
2200,1
2201,0
2203,0
2204,0
2205,0
2207,0
2212,0
2215,0
2216,0
2219,0
2222,0
2224,0
2225,0
2226,0
2229,0
2230,0
2233,0
2234,0
2235,0
2237,0
2238,0
2239,0
2240,0
2241,0
2245,0
2246,1
2247,0
2250,0
2255,0
2256,0
2257,0
2258,0
2260,0
2265,0
2266,0
2267,0
2268,0
2270,0
2271,0
2272,1
2274,0
2275,0
2276,0
2277,0
2279,0
2280,0
2281,0
2282,0
2283,0
2284,0
2285,0
2286,1
2287,0
2289,0
2292,0
2293,0
2294,0
2295,0
2297,0
2298,0
2299,0
2302,0
2306,0
2307,0
2310,0
2311,0
2313,0
2315,0
2317,0
2319,0
2321,0
2323,0
2325,0
2329,0
2333,0
2339,0
2340,0
2343,0
2344,1
2346,0
2347,0
2351,0
2354,0
2359,0
2362,0
2363,0
2366,0
2367,0
2369,0
2370,0
2371,0
2372,0
2373,0
2374,0
2377,0
2378,0
2379,0
2381,0
2382,0
2383,0
2385,0
2386,0
2388,0
2389,0
2392,0
2394,0
2395,0
2398,0
2399,0
2401,0
2402,0
2403,0
2404,0
2405,0
2407,0
2409,0
2411,1
2414,0
2415,0
2417,0
2418,0
2419,1
2422,0
2424,0
2425,0
2429,0
2430,0
2431,0
2433,0
2434,0
2435,0
2436,0
2439,1
2440,0
2442,0
2444,1
2445,0
2446,0
2447,0
2448,0
2450,0
2451,0
2454,0
2455,0
2457,0
2458,0
2459,0
2461,0
2462,0
2467,0
2471,0
2474,0
2475,0
2482,0
2483,0
2485,0
2486,0
2487,0
2488,0
2489,0
2490,0
2491,0
2492,0
2494,0
2495,0
2496,0
2497,1
2501,1
2503,0
2504,0
2505,0
2506,0
2507,1
2509,0
2513,1
2514,0
2516,0
2519,0
2522,1
2524,0
2526,0
2527,0
2529,0
2530,0
2531,0
2532,0
2533,0
2534,0
2535,0
2536,0
2537,0
2538,1
2541,0
2542,0
2543,0
2545,0
2546,0
2555,0
2559,0
2564,0
2565,1
2566,0
2570,1
2571,0
2573,0
2574,0
2577,1
2579,0
2580,0
2581,0
2582,0
2584,0
2585,0
2586,0
2589,0
2590,1
2592,0
2595,0
2597,0
2598,0
2600,0
2601,0
2603,1
2604,0
2605,0
2606,0
2607,1
2608,0
2609,1
2610,0
2613,0
2615,0
2617,1
2620,0
2621,0
2625,0
2626,0
2628,0
2629,0
2630,0
2631,0
2632,0
2633,0
2636,1
2637,0
2638,0
2639,0
2645,0
2647,0
2648,0
2649,0
2650,1
2652,0
2655,0
2658,0
2663,0
2664,0
2665,0
2666,1
2668,1
2672,0
2673,0
2676,0
2677,0
2678,0
2679,0
2680,0
2681,0
2682,0
2684,0
2685,0
2686,0
2688,0
2690,0
2692,0
2693,0
2695,0
2697,0
2698,0
2699,0
2703,0
2705,0
2706,0
2707,1
2708,0
2709,0
2711,0
2713,0
2714,0
2715,0
2717,0
2718,0
2720,0
2721,0
2722,0
2723,0
2725,0
2726,1
2727,0
2728,0
2730,0
2734,0
2735,0
2738,0
2745,0
2746,1
2749,0
2750,1
2752,0
2753,0
2755,0
2757,0
2762,0
2763,0
2765,0
2766,0
2770,0
2771,0
2772,0
2775,0
2778,0
2779,0
2780,0
2782,0
2785,0
2786,0
2787,0
2789,0
2793,0
2794,0
2799,0
2800,0
2801,0
2802,0
2803,1
2805,0
2808,0
2809,0
2810,0
2811,0
2812,0
2816,0
2817,0
2820,0
2821,0
2823,0
2824,0
2825,0
2828,0
2832,0
2833,0
2834,0
2835,0
2836,0
2837,0
2838,0
2839,0
2840,0
2841,0
2842,0
2843,0
2844,1
2845,0
2846,0
2847,0
2848,0
2849,0
2850,0
2851,0
2852,0
2853,0
2854,0
2855,0
2858,0
2861,0
2862,0
2863,0
2864,0
2867,0
2868,0
2869,0
2870,0
2871,0
2872,0
2873,0
2875,0
2876,0
2877,0
2878,0
2883,0
2884,0
2886,0
2887,0
2888,0
2890,0
2891,0
2892,1
2893,0
2898,0
2899,0
2900,0
2902,0
2903,0
2904,0
2906,0
2907,0
2908,0
2909,0
2912,1
2913,0
2915,0
2921,0
2922,1
2925,0
2926,0
2927,0
2930,0
2932,0
2933,0
2934,0
2936,0
2940,0
2941,0
2942,0
2945,0
2946,0
2948,0
2949,1
2951,0
2953,0
2954,0
2956,0
2958,0
2960,0
2962,0
2965,0
2966,0
2968,0
2969,0
2972,0
2977,1
2978,0
2979,1
2980,1
2981,0
2982,0
2984,0
2985,0
2987,0
2988,0
2989,0
2992,0
2994,0
2995,0
2997,0
2999,0
3000,0
3001,1
3003,0
3004,1
3005,0
3007,0
3008,0
3010,0
3011,0
3012,0
3013,0
3014,0
3022,0
3023,0
3024,0
3025,0
3026,0
3027,0
3028,0
3029,1
3032,0
3033,0
3035,0
3037,0
3039,0
3040,0
3041,0
3042,0
3044,0
3045,1
3046,1
3047,0
3049,0
3052,0
3054,0
3055,0
3056,0
3057,0
3058,0
3060,0
3062,1
3063,0
3064,0
3068,0
3070,0
3074,0
3075,0
3076,0
3078,0
3079,0
3082,0
3084,0
3085,0
3090,0
3091,0
3092,0
3094,0
3095,0
3097,0
3100,0
3101,0
3103,0
3104,0
3105,0
3106,0
3108,0
3109,0
3110,0
3111,0
3112,0
3113,0
3114,0
3118,1
3119,1
3120,0
3122,0
3123,0
3124,0
3128,0
3129,0
3130,0
3132,0
3133,0
3134,0
3136,0
3141,0
3142,0
3143,0
3144,0
3145,0
3146,0
3147,0
3148,1
3149,0
3150,0
3151,0
3153,1
3154,1
3155,0
3157,0
3158,0
3161,0
3162,0
3163,0
3164,0
3165,0
3167,0
3168,0
3169,0
3171,0
3173,0
3175,0
3176,0
3178,0
3180,0
3182,0
3183,0
3184,0
3185,0
3186,0
3188,0
3189,0
3190,0
3191,0
3193,0
3194,0
3197,0
3200,0
3205,0
3206,0
3211,0
3214,0
3215,0
3216,0
3218,0
3219,1
3222,0
3223,0
3225,0
3226,0
3228,0
3230,0
3232,0
3235,0
3238,0
3240,1
3242,0
3245,0
3246,0
3248,0
3254,0
3257,0
3258,0
3260,0
3261,1
3264,0
3265,1
3268,0
3269,0
3271,0
3272,0
3274,0
3275,0
3276,0
3279,0
3280,0
3281,0
3282,0
3283,0
3284,0
3285,0
3286,0
3287,0
3292,0
3293,0
3294,0
3295,0
3298,0
3301,0
3303,0
3304,0
3305,0
3306,0
3311,1
3312,0
3313,0
3314,0
3315,1
3317,0
3319,0
3321,0
3322,1
3325,0
3326,0
3329,1
3330,0
3332,0
3333,0
3335,1
3341,0
3342,1
3344,0
3345,1
3346,0
3347,0
3349,0
3350,0
3351,0
3355,0
3356,0
3357,1
3358,0
3359,0
3360,0
3362,0
3363,1
3364,1
3365,0
3366,0
3367,1
3369,0
3370,0
3372,0
3375,0
3378,0
3379,0
3382,0
3383,0
3386,0
3387,0
3389,1
3390,0
3391,0
3393,0
3396,1
3398,0
3399,0
3400,0
3401,1
3402,0
3403,0
3405,0
3407,0
3409,0
3412,0
3413,0
3414,0
3415,0
3417,1
3418,1
3419,0
3420,0
3421,0
3423,0
3424,0
3427,0
3428,0
3430,0
3433,0
3434,0
3435,0
3436,0
3437,0
3440,0
3441,0
3444,0
3445,1
3446,0
3449,0
3451,0
3453,0
3454,0
3455,1
3456,0
3457,0
3458,0
3459,0
3460,0
3461,0
3462,1
3463,0
3464,0
3468,1
3470,0
3472,0
3473,0
3478,0
3481,0
3484,0
3486,0
3488,1
3489,0
3490,0
3493,0
3494,1
3498,1
3499,0
3502,0
3508,0
3511,0
3513,0
3515,0
3519,0
3520,1
3522,0
3523,0
3524,0
3525,0
3527,0
3528,0
3531,0
3533,0
3534,1
3538,0
3541,0
3542,0
3543,0
3544,0
3545,0
3548,0
3552,1
3553,0
3554,1
3555,0
3556,0
3557,0
3558,0
3559,0
3560,1
3561,0
3562,0
3564,1
3566,0
3568,1
3569,0
3572,0
3573,0
3574,0
3577,0
3581,0
3583,0
3585,0
3588,0
3590,0
3591,0
3592,0
3594,0
3595,0
3596,0
3598,0
3600,0
3601,0
3603,0
3604,1
3605,0
3607,0
3608,0
3609,0
3610,0
3611,0
3614,0
3615,0
3617,0
3618,0
3619,0
3620,0
3625,0
3628,1
3631,0
3632,0
3633,1
3635,0
3637,0
3639,0
3640,0
3641,0
3643,0
3644,0
3646,0
3648,0
3650,0
3651,0
3654,0
3655,0
3657,0
3658,0
3664,1
3666,0
3668,0
3669,1
3670,0
3671,0
3673,0
3676,0
3678,0
3679,0
3680,0
3681,0
3683,0
3685,0
3688,0
3689,0
3690,0
3691,0
3692,0
3695,0
3697,1
3699,0
3700,0
3704,1
3706,0
3707,0
3709,0
3710,0
3711,0
3713,0
3714,0
3715,0
3717,0
3720,0
3721,0
3726,1
3731,1
3733,0
3734,0
3736,0
3738,0
3740,0
3742,0
3743,0
3744,0
3747,1
3748,0
3750,0
3751,0
3752,0
3753,0
3754,0
3755,0
3756,0
3757,0
3758,0
3759,0
3760,0
3761,0
3763,0
3766,0
3767,0
3769,0
3770,0
3771,1
3775,0
3777,1
3780,0
3781,0
3782,1
3784,0
3785,0
3787,0
3788,1
3789,0
3791,0
3792,0
3799,0
3800,0
3801,0
3803,0
3804,1
3805,0
3806,0
3809,0
3810,0
3812,0
3814,0
3817,0
3821,0
3822,0
3823,0
3824,0
3825,0
3827,0
3828,0
3831,0
3832,1
3834,0
3836,0
3839,0
3840,0
3841,0
3842,0
3843,0
3846,0
3847,0
3850,0
3851,0
3852,0
3854,0
3855,0
3856,0
3857,0
3858,0
3859,0
3860,0
3862,0
3868,0
3869,0
3870,0
3871,1
3872,0
3873,1
3874,1
3875,0
3876,0
3877,0
3878,0
3880,0
3881,0
3882,0
3884,0
3887,0
3888,1
3890,0
3893,0
3896,0
3898,0
3900,0
3901,0
3904,1
3905,0
3908,0
3909,0
3910,0
3911,0
3912,0
3914,0
3919,0
3920,0
3922,0
3923,1
3924,0
3925,0
3927,0
3929,0
3936,0
3937,1
3938,0
3939,0
3940,0
3941,0
3942,0
3943,0
3944,0
3945,0
3946,0
3947,0
3948,1
3949,0
3950,0
3951,0
3952,0
3954,0
3955,0
3956,0
3957,0
3958,0
3959,0
3960,0
3961,0
3962,0
3963,0
3965,0
3966,0
3967,0
3969,0
3972,0
3979,0
3981,1
3986,0
3987,0
3988,0
3990,0
3991,0
3992,0
3994,0
3995,0
3998,0
3999,0
4000,0
4003,0
4004,0
4008,0
4009,0
4010,0
4011,0
4015,0
4017,0
4019,1
4021,0
4022,0
4023,0
4027,1
4029,0
4033,0
4034,1
4037,0
4038,0
4040,0
4042,0
4046,1
4047,1
4048,0
4049,0
4050,0
4051,0
4054,0
4057,0
4058,0
4061,0
4064,0
4065,0
4066,0
4067,1
4073,0
4076,0
4077,0
4079,1
4082,0
4083,0
4084,0
4087,0
4089,0
4090,0
4092,0
4093,0
4096,0
4097,1
4099,0
4100,0
4101,0
4103,0
4104,0
4107,1
4108,0
4109,0
4111,1
4114,0
4116,0
4117,0
4118,0
4119,0
4120,0
4121,0
4126,1
4127,0
4128,0
4129,0
4131,0
4132,1
4134,0
4135,0
4137,0
4138,0
4141,0
4145,0
4146,0
4147,0
4148,0
4149,0
4152,0
4153,0
4154,0
4156,0
4158,0
4159,0
4160,0
4162,0
4163,0
4164,0
4165,0
4166,0
4167,0
4168,0
4169,0
4170,0
4171,0
4172,0
4173,0
4178,0
4179,1
4180,0
4181,0
4182,0
4183,0
4185,0
4186,0
4190,0
4191,0
4192,0
4194,0
4195,0
4196,0
4198,0
4199,0
4201,0
4204,0
4205,0
4210,0
4212,0
4218,0
4219,0
4221,1
4223,0
4224,0
4226,0
4227,0
4228,1
4229,0
4230,0
4231,0
4232,0
4233,1
4234,0
4236,0
4237,0
4239,1
4243,0
4245,0
4246,0
4249,0
4251,0
4253,0
4255,0
4256,0
4257,0
4258,0
4259,0
4260,0
4261,0
4264,0
4266,0
4267,0
4268,0
4269,1
4271,0
4272,0
4273,0
4274,0
4275,0
4276,0
4278,0
4279,0
4281,0
4282,0
4283,0
4284,0
4285,0
4287,0
4288,0
4292,0
4294,0
4295,0
4297,0
4298,0
4300,0
4301,1
4304,0
4306,0
4307,1
4308,0
4310,0
4313,0
4314,0
4315,0
4316,0
4317,0
4318,0
4320,0
4322,0
4323,0
4325,0
4327,0
4329,0
4330,0
4331,0
4332,1
4338,0
4339,0
4341,0
4342,1
4343,0
4345,0
4346,0
4347,0
4349,0
4350,1
4356,0
4360,0
4363,0
4365,0
4366,0
4372,0
4373,0
4374,0
4375,0
4378,0
4381,0
4384,0
4386,0
4387,0
4389,0
4390,0
4391,1
4392,1
4393,0
4396,0
4398,0
4400,0
4402,0
4403,0
4405,0
4407,0
4409,0
4410,0
4412,0
4413,0
4414,0
4415,0
4417,0
4418,0
4420,0
4422,0
4426,0
4427,1
4429,0
4431,0
4432,0
4436,0
4437,0
4438,1
4439,1
4440,0
4442,0
4445,0
4449,1
4450,0
4454,1
4455,0
4456,0
4457,0
4458,1
4459,0
4461,0
4462,0
4463,1
4464,0
4465,0
4467,0
4469,0
4476,0
4477,0
4478,0
4479,0
4480,1
4481,0
4482,0
4483,0
4484,0
4485,0
4487,0
4489,0
4492,0
4493,0
4494,0
4495,0
4501,0
4503,0
4504,0
4506,0
4509,0
4510,0
4512,0
4513,0
4518,1
4519,0
4520,0
4521,0
4522,1
4523,0
4524,0
4525,1
4527,0
4528,0
4533,0
4534,0
4535,0
4537,0
4538,0
4539,0
4540,1
4542,0
4543,0
4545,1
4546,0
4547,0
4548,0
4549,0
4550,0
4552,0
4554,0
4555,0
4556,0
4557,0
4558,0
4560,0
4561,0
4562,0
4564,0
4565,0
4567,0
4569,0
4570,0
4571,0
4573,0
4576,0
4577,0
4578,0
4579,0
4580,0
4581,0
4582,0
4584,0
4585,0
4586,0
4587,0
4588,0
4589,0
4590,0
4593,0
4595,0
4596,1
4597,0
4598,0
4600,0
4601,0
4602,0
4604,0
4605,1
4608,0
4609,0
4610,0
4611,0
4612,0
4614,0
4615,0
4616,0
4617,0
4619,0
4621,0
4622,0
4623,0
4630,0
4631,0
4632,0
4634,1
4635,0
4637,0
4638,1
4643,1
4645,0
4648,0
4650,0
4651,0
4652,1
4655,0
4656,0
4657,0
4658,0
4659,0
4660,0
4661,0
4662,0
4663,0
4664,0
4665,0
4667,0
4668,0
4671,0
4672,0
4674,0
4675,0
4679,0
4681,0
4685,0
4686,0
4687,0
4688,0
4689,0
4690,1
4691,0
4692,0
4693,0
4694,0
4695,0
4696,0
4697,0
4698,1
4700,0
4701,0
4703,0
4704,0
4705,0
4706,0
4707,0
4710,0
4713,0
4715,0
4717,0
4718,0
4719,0
4720,0
4721,0
4722,0
4724,0
4726,0
4728,0
4729,0
4732,0
4733,0
4735,0
4743,0
4744,0
4745,0
4746,0
4747,0
4751,0
4752,0
4754,0
4755,0
4756,0
4757,1
4758,0
4761,0
4762,0
4763,0
4764,0
4765,0
4769,0
4770,0
4772,0
4773,0
4775,0
4777,0
4781,0
4783,0
4786,0
4787,0
4788,1
4792,0
4793,0
4794,0
4795,0
4796,0
4798,0
4799,0
4800,0
4802,0
4805,0
4806,0
4807,0
4808,0
4809,0
4814,0
4815,0
4816,0
4817,0
4819,0
4820,0
4822,0
4825,0
4826,0
4827,0
4829,0
4830,0
4831,0
4832,0
4834,1
4836,0
4838,0
4839,0
4840,0
4841,0
4842,0
4843,1
4844,0
4848,0
4849,0
4850,0
4851,1
4852,0
4853,1
4855,0
4856,0
4857,0
4858,0
4859,0
4863,0
4864,0
4865,0
4867,0
4869,1
4870,0
4871,0
4872,0
4874,0
4876,0
4878,0
4880,1
4882,0
4883,0
4884,0
4888,0
4889,0
4890,0
4894,0
4896,0
4897,0
4900,0
4901,0
4902,0
4903,0
4904,0
4906,0
4907,0
4908,0
4909,1
4911,0
4912,0
4915,0
4916,0
4917,0
4918,0
4920,0
4921,0
4922,0
4923,0
4924,0
4925,1
4928,0
4929,0
4930,0
4931,0
4932,1
4938,1
4939,0
4943,1
4944,0
4945,0
4946,0
4947,0
4948,1
4949,0
4950,0
4952,0
4953,0
4955,0
4957,1
4959,0
4960,0
4961,0
4963,0
4965,0
4972,0
4974,1
4975,0
4977,0
4979,0
4980,0
4981,0
4982,1
4983,0
4984,0
4985,0
4987,0
4989,0
4992,0
4993,0
4995,0
4999,0
5002,0
5003,0
5004,0
5005,0
5007,0
5010,0
5012,0
5015,0
5017,0
5018,0
5019,0
5023,0
5025,0
5026,0
5028,0
5029,0
5031,0
5032,0
5033,0
5038,0
5039,0
5040,0
5041,1
5042,0
5044,0
5045,0
5048,0
5049,0
5050,0
5052,1
5053,0
5055,0
5056,0
5058,0
5060,0
5061,0
5062,0
5063,0
5064,0
5065,0
5066,0
5067,0
5068,0
5069,0
5071,0
5072,0
5073,0
5074,0
5075,0
5076,0
5077,1
5078,0
5079,0
5080,0
5083,0
5085,0
5086,0
5088,0
5089,0
5090,0
5091,0
5092,0
5096,0
5099,0
5100,0
5102,0
5103,0
5104,0
5106,0
5107,0
5108,1
5110,0
5112,1
5114,0
5115,1
5118,0
5119,0
5120,0
5121,0
5123,0
5124,0
5125,0
5126,0
5127,0
5131,0
5135,0
5140,0
5141,0
5144,1
5145,0
5147,0
5148,0
5150,0
5153,0
5154,0
5159,1
5160,1
5162,0
5164,0
5169,0
5172,0
5173,0
5175,0
5176,0
5177,0
5178,0
5180,1
5181,0
5184,0
5185,0
5188,0
5190,0
5192,0
5193,0
5194,0
5196,0
5197,0
5198,0
5199,0
5201,0
5202,0
5203,0
5204,0
5206,0
5208,0
5209,0
5210,0
5211,0
5215,0
5217,1
5221,0
5222,0
5223,0
5226,0
5229,0
5230,0
5231,0
5232,0
5236,0
5238,0
5239,0
5241,0
5243,1
5247,0
5248,0
5249,0
5250,0
5252,0
5253,0
5255,0
5257,0
5258,0
5259,0
5261,0
5262,0
5265,0
5269,0
5271,0
5273,0
5275,0
5276,0
5277,0
5280,0
5281,0
5282,0
5283,0
5284,0
5285,0
5286,1
5287,0
5288,0
5290,0
5295,0
5296,1
5297,0
5298,0
5299,0
5300,0
5302,0
5304,1
5306,0
5307,0
5308,0
5309,0
5310,0
5312,1
5313,0
5314,0
5315,0
5316,0
5318,0
5319,1
5320,0
5322,0
5324,1
5328,0
5330,0
5334,0
5336,0
5337,0
5338,0
5340,0
5341,0
5342,0
5343,0
5344,0
5346,0
5348,0
5353,0
5355,0
5357,0
5359,0
5362,0
5364,1
5365,0
5369,0
5370,0
5372,0
5374,0
5375,0
5377,0
5378,0
5379,0
5380,0
5385,0
5390,0
5392,0
5393,0
5394,0
5395,0
5396,0
5398,0
5399,0
5401,0
5402,0
5404,0
5406,1
5408,0
5409,1
5410,1
5411,0
5413,1
5416,0
5417,0
5419,0
5420,1
5423,1
5424,0
5425,0
5426,0
5427,0
5428,0
5429,0
5431,0
5432,0
5433,0
5436,0
5438,0
5439,0
5440,0
5441,0
5445,0
5446,1
5447,1
5448,0
5451,0
5453,0
5454,0
5455,0
5456,0
5458,0
5459,0
5461,1
5462,0
5464,0
5467,1
5468,0
5469,0
5470,0
5471,0
5473,0
5476,0
5477,1
5478,0
5479,0
5480,0
5481,0
5482,0
5483,0
5485,0
5486,0
5487,0
5492,1
5493,0
5495,0
5496,0
5497,0
5498,0
5500,0
5503,0
5504,0
5506,1
5507,0
5508,0
5510,0
5511,0
5512,0
5513,0
5514,0
5515,0
5516,0
5517,1
5518,0
5519,0
5522,0
5523,0
5524,0
5527,0
5529,0
5530,0
5531,0
5533,0
5534,0
5535,1
5536,0
5538,0
5539,0
5541,0
5542,0
5543,0
5544,0
5545,0
5546,0
5550,0
5551,0
5552,0
5553,0
5555,0
5557,0
5558,0
5560,0
5563,1
5568,0
5572,0
5573,0
5574,0
5575,0
5577,0
5578,0
5579,0
5582,0
5583,1
5584,0
5585,0
5587,1
5591,0
5592,1
5594,0
5595,0
5596,0
5597,1
5599,0
5600,0
5601,0
5603,1
5604,0
5605,0
5606,0
5607,0
5608,0
5609,0
5610,0
5612,0
5613,0
5614,0
5615,0
5616,0
5617,0
5618,0
5619,0
5624,0
5626,0
5631,0
5634,0
5635,0
5638,0
5639,0
5640,0
5641,0
5643,0
5644,0
5649,0
5651,0
5652,0
5653,1
5654,0
5655,0
5656,0
5657,0
5658,0
5659,0
5663,0
5665,0
5666,0
5667,0
5669,0
5670,0
5672,0
5674,0
5675,0
5676,0
5683,0
5687,0
5690,0
5693,0
5694,0
5695,0
5696,0
5698,0
5701,0
5702,0
5703,0
5707,0
5709,0
5710,0
5712,0
5715,0
5716,1
5717,0
5720,0
5725,0
5726,0
5730,0
5731,0
5732,0
5733,0
5735,0
5736,0
5737,0
5738,0
5739,0
5741,0
5742,0
5743,0
5744,0
5746,0
5748,0
5750,0
5751,0
5752,0
5754,0
5755,0
5756,1
5757,0
5759,0
5760,0
5761,0
5762,1
5763,0
5764,0
5765,1
5766,0
5769,0
5770,0
5771,1
5772,0
5774,0
5777,0
5781,1
5782,0
5784,0
5786,0
5787,0
5788,0
5791,0
5792,1
5793,0
5794,0
5795,0
5796,0
5799,0
5801,0
5802,0
5804,0
5806,0
5807,0
5808,0
5809,0
5810,0
5811,0
5813,0
5817,0
5818,0
5819,0
5820,0
5821,0
5822,0
5823,0
5824,0
5825,0
5827,0
5828,0
5831,1
5835,0
5837,0
5838,0
5839,0
5840,0
5842,0
5844,0
5845,0
5846,0
5848,0
5849,1
5850,0
5851,0
5859,0
5860,0
5861,0
5866,0
5867,0
5870,0
5872,0
5875,0
5878,0
5879,0
5880,0
5881,0
5883,0
5886,1
5887,0
5890,0
5892,0
5895,1
5896,0
5897,0
5899,0
5903,0
5907,0
5908,0
5910,0
5911,0
5912,1
5914,0
5919,0
5923,0
5925,0
5927,0
5928,1
5930,0
5931,0
5935,0
5936,1
5937,0
5938,0
5939,0
5940,0
5945,0
5948,0
5951,0
5952,0
5953,1
5957,0
5958,0
5959,0
5960,0
5962,0
5967,0
5969,0
5971,0
5972,0
5973,0
5974,1
5975,0
5976,1
5981,0
5984,0
5985,0
5987,0
5988,0
5989,0
5991,1
5992,0
5994,0
5995,1
5996,0
5997,0
5998,0
5999,0
6001,0
6002,0
6006,0
6007,0
6008,0
6011,0
6012,0
6013,0
6015,0
6016,0
6020,0
6021,0
6023,0
6026,0
6028,0
6029,0
6031,0
6034,1
6035,0
6036,0
6040,0
6042,0
6044,0
6045,1
6046,0
6047,1
6049,0
6050,0
6053,0
6056,0
6057,0
6060,0
6061,1
6062,1
6063,1
6065,0
6066,0
6068,0
6069,0
6070,0
6071,0
6072,0
6073,0
6077,0
6078,0
6080,0
6083,0
6088,0
6089,0
6090,0
6091,0
6094,0
6095,0
6096,0
6099,0
6100,1
6104,0
6105,0
6106,0
6107,0
6108,0
6109,0
6112,0
6113,0
6116,0
6119,0
6120,0
6121,0
6122,0
6123,0
6125,0
6126,0
6129,0
6130,0
6131,0
6133,0
6134,0
6135,0
6136,0
6137,0
6138,0
6143,0
6146,0
6148,0
6150,0
6152,0
6154,1
6156,0
6158,0
6159,0
6162,0
6163,0
6166,0
6167,0
6169,0
6172,0
6174,0
6178,0
6179,0
6184,0
6188,0
6189,0
6191,0
6192,1
6194,0
6195,0
6199,0
6200,0
6201,1
6202,1
6203,0
6204,0
6206,0
6209,0
6211,0
6212,0
6215,0
6217,0
6219,0
6220,0
6221,0
6222,0
6223,0
6224,0
6226,1
6229,0
6230,0
6231,0
6232,0
6235,0
6236,1
6238,0
6239,0
6240,0
6241,0
6242,0
6243,0
6246,0
6247,0
6248,0
6249,0
6254,0
6255,0
6256,0
6257,0
6259,0
6260,0
6262,0
6264,1
6265,0
6266,0
6267,0
6268,0
6270,0
6273,0
6274,0
6276,0
6277,0
6278,0
6279,0
6280,0
6281,1
6283,0
6285,0
6290,0
6293,0
6294,0
6296,0
6297,1
6298,0
6300,0
6304,1
6305,0
6307,0
6309,0
6311,0
6314,1
6316,0
6317,0
6319,0
6320,0
6321,1
6322,0
6323,0
6326,1
6327,0
6330,0
6332,0
6333,0
6334,0
6335,0
6336,0
6340,0
6343,0
6344,0
6346,0
6349,0
6351,1
6353,0
6354,0
6355,0
6357,0
6359,0
6360,0
6361,0
6364,0
6365,0
6366,0
6368,0
6369,1
6370,0
6371,0
6373,0
6374,0
6375,0
6376,0
6378,0
6379,0
6380,0
6383,1
6385,1
6387,0
6388,0
6392,0
6395,0
6397,0
6398,0
6399,0
6400,0
6401,0
6402,0
6403,0
6404,0
6406,1
6407,0
6408,0
6409,0
6410,0
6413,0
6415,0
6417,0
6423,0
6424,0
6427,0
6428,0
6429,0
6430,0
6432,0
6434,1
6437,0
6438,0
6440,0
6441,0
6443,0
6444,0
6445,0
6447,0
6449,0
6452,0
6453,0
6456,0
6457,0
6458,0
6459,0
6463,0
6465,0
6466,0
6467,0
6469,0
6471,0
6472,0
6473,0
6474,0
6475,0
6476,0
6478,0
6479,0
6484,0
6486,0
6489,0
6490,0
6491,0
6494,0
6495,1
6496,0
6497,0
6498,0
6499,0
6500,0
6501,1
6502,0
6503,0
6505,0
6506,0
6510,0
6511,0
6512,0
6513,0
6514,0
6515,0
6517,0
6518,0
6519,0
6520,0
6521,0
6522,0
6524,0
6526,1
6527,0
6529,0
6531,0
6532,0
6533,0
6534,0
6535,0
6536,0
6541,0
6544,0
6545,0
6546,1
6550,0
6551,0
6552,0
6555,0
6556,0
6559,0
6560,0
6561,0
6565,0
6570,0
6571,0
6572,0
6573,0
6574,1
6576,0
6578,0
6579,0
6585,0
6586,1
6587,0
6588,0
6590,1
6591,0
6593,1
6595,0
6596,0
6597,0
6599,0
6603,0
6604,0
6605,0
6606,0
6607,0
6609,0
6611,0
6612,1
6613,0
6623,0
6626,0
6627,0
6631,0
6634,0
6635,0
6636,0
6637,0
6638,0
6641,0
6642,0
6644,0
6647,0
6649,0
6651,0
6653,0
6654,0
6655,0
6657,0
6659,0
6660,0
6662,0
6663,0
6664,0
6665,0
6667,0
6668,0
6672,0
6673,0
6674,0
6676,0
6678,0
6679,0
6683,0
6684,0
6686,0
6688,1
6689,0
6693,0
6694,0
6695,0
6696,0
6697,0
6698,0
6699,0
6700,0
6701,0
6702,0
6706,0
6707,0
6709,0
6710,0
6711,1
6713,0
6714,0
6715,0
6717,0
6719,0
6721,0
6724,0
6726,0
6728,0
6729,0
6731,0
6733,0
6734,0
6735,0
6736,0
6737,0
6741,0
6743,0
6745,0
6747,1
6749,0
6750,0
6751,0
6752,0
6755,0
6758,0
6759,0
6760,0
6761,0
6763,0
6765,0
6766,0
6768,0
6770,0
6771,0
6772,0
6773,0
6774,0
6776,0
6778,0
6779,0
6780,0
6783,0
6784,0
6785,0
6786,0
6787,1
6789,0
6791,0
6795,0
6796,0
6798,0
6799,0
6800,0
6801,0
6803,0
6806,0
6808,0
6811,0
6812,0
6813,0
6815,0
6816,0
6817,0
6819,0
6820,0
6822,1
6824,0
6826,0
6827,0
6829,0
6830,0
6832,0
6834,0
6839,1
6840,0
6841,0
6842,0
6844,0
6847,0
6849,0
6851,0
6857,0
6859,0
6862,0
6863,0
6865,0
6866,0
6867,0
6868,0
6870,1
6871,0
6872,0
6873,0
6874,0
6875,0
6876,0
6878,1
6879,0
6882,0
6885,0
6888,0
6890,0
6892,0
6893,0
6894,0
6895,0
6896,0
6901,0
6903,0
6905,0
6906,0
6907,0
6908,0
6910,0
6911,0
6913,0
6914,0
6916,0
6918,0
6919,0
6922,0
6924,0
6925,1
6927,0
6928,0
6930,1
6931,0
6932,0
6933,0
6935,0
6936,0
6937,0
6938,0
6941,0
6944,0
6945,0
6947,0
6948,0
6951,0
6954,0
6955,0
6957,0
6958,0
6959,0
6965,0
6967,1
6968,0
6969,0
6971,0
6973,1
6974,1
6975,0
6977,1
6978,0
6979,0
6982,0
6985,0
6990,0
6992,0
6993,0
6994,0
6995,0
6996,0
6997,0
7002,0
7003,0
7005,0
7007,0
7008,0
7009,0
7010,0
7011,0
7014,0
7015,0
7016,0
7017,0
7018,0
7019,1
7020,0
7022,0
7023,1
7026,0
7029,0
7031,1
7034,1
7035,0
7037,1
7038,0
7042,0
7043,0
7046,0
7048,0
7049,0
7051,0
7053,0
7054,0
7057,0
7059,0
7060,0
7061,1
7062,0
7063,0
7064,0
7066,0
7069,0
7070,0
7071,0
7073,0
7074,0
7075,0
7076,0
7077,0
7078,0
7079,1
7080,0
7081,0
7083,0
7089,0
7091,0
7093,0
7094,0
7095,0
7097,0
7098,0
7100,0
7102,0
7105,0
7106,0
7107,0
7108,0
7111,0
7113,0
7115,0
7118,0
7119,0
7121,1
7125,1
7129,0
7132,0
7134,0
7135,0
7141,0
7143,0
7144,0
7147,0
7148,0
7151,0
7152,1
7153,0
7155,1
7156,0
7157,1
7158,0
7160,0
7163,0
7164,0
7165,0
7166,0
7168,1
7170,0
7173,0
7174,0
7175,1
7178,0
7179,0
7180,0
7184,1
7185,0
7186,0
7187,0
7190,0
7194,1
7195,0
7196,0
7197,1
7198,1
7201,0
7202,0
7204,0
7205,0
7206,0
7207,0
7209,0
7212,0
7214,1
7215,0
7218,0
7220,0
7222,0
7223,0
7224,0
7225,0
7226,0
7227,0
7228,0
7232,0
7235,1
7236,1
7237,0
7238,0
7240,1
7241,0
7242,1
7245,0
7246,0
7249,0
7250,0
7254,0
7255,0
7257,0
7259,0
7260,1
7261,0
7262,1
7263,0
7264,0
7271,0
7272,0
7274,0
7276,0
7277,0
7278,0
7280,0
7281,0
7283,0
7285,0
7286,0
7287,0
7288,0
7289,0
7290,0
7293,0
7294,0
7296,0
7297,1
7298,1
7300,0
7301,0
7302,0
7303,0
7304,0
7308,0
7310,0
7311,0
7312,0
7313,0
7314,0
7315,1
7316,0
7317,0
7318,0
7319,1
7322,0
7323,0
7325,0
7327,0
7329,0
7330,0
7332,0
7333,0
7334,0
7337,0
7338,0
7339,0
7340,0
7342,1
7344,0
7345,0
7347,0
7348,0
7349,0
7351,0
7352,0
7353,0
7355,0
7357,1
7361,0
7362,0
7363,0
7364,0
7365,0
7367,0
7368,0
7369,0
7370,0
7371,0
7372,0
7373,0
7374,0
7375,0
7376,0
7377,0
7378,0
7381,0
7385,0
7388,0
7390,0
7391,1
7392,0
7393,0
7395,0
7396,0
7397,0
7398,0
7399,0
7400,1
7402,0
7406,0
7408,0
7410,0
7411,0
7413,0
7415,0
7416,0
7418,0
7419,0
7423,0
7425,0
7426,0
7428,0
7430,1
7431,0
7432,0
7433,0
7434,0
7435,0
7439,0
7440,0
7441,0
7442,0
7447,0
7448,1
7449,1
7451,0
7452,0
7453,0
7454,0
7455,0
7456,0
7457,0
7458,0
7459,1
7460,0
7461,0
7462,0
7465,0
7466,0
7467,0
7471,0
7472,0
7473,0
7475,0
7477,0
7478,0
7479,0
7480,0
7481,0
7482,0
7483,0
7484,0
7485,0
7486,0
7488,0
7492,0
7493,0
7494,0
7495,0
7498,0
7500,0
7502,0
7503,0
7504,0
7509,0
7510,1
7512,1
7514,0
7515,0
7516,0
7517,0
7518,0
7519,0
7520,0
7521,0
7522,1
7523,0
7526,0
7529,0
7530,0
7531,0
7533,0
7537,0
7538,0
7539,0
7542,0
7543,0
7544,0
7545,0
7546,1
7548,1
7550,0
7551,1
7555,0
7557,0
7559,0
7560,0
7561,0
7562,0
7565,0
7567,0
7571,0
7572,0
7574,0
7575,0
7577,0
7578,0
7581,0
7582,0
7583,1
7586,0
7587,0
7588,0
7591,0
7592,0
7594,0
7596,0
7598,0
7599,0
7600,0
7601,0
7603,0
7604,0
7606,0
7607,0
7610,0
7611,0
7612,0
7614,0
7616,0
7619,0
7620,0
7621,0
7628,0
7631,0
7632,0
7635,0
7638,0
7639,0
7641,0
7643,0
7644,0
7647,0
7649,1
7651,1
7652,0
7656,0
7660,0
7661,0
7662,1
7663,0
7665,1
7667,0
7670,0
7672,0
7673,1
7674,0
7675,0
7677,0
7678,0
7679,0
7680,0
7682,0
7683,1
7684,0
7686,0
7687,0
7689,0
7690,0
7693,0
7694,0
7695,0
7696,0
7697,0
7701,1
7706,0
7707,1
7708,0
7711,0
7713,0
7716,0
7717,0
7719,0
7724,0
7726,0
7727,0
7730,0
7732,0
7733,0
7735,0
7736,0
7737,0
7741,0
7742,0
7743,0
7744,0
7745,0
7746,0
7749,0
7751,0
7752,0
7753,0
7754,0
7755,0
7756,0
7760,0
7761,0
7762,0
7763,0
7764,0
7765,0
7766,1
7768,0
7769,0
7772,0
7773,0
7774,1
7775,0
7776,0
7778,0
7780,0
7781,0
7782,0
7784,0
7786,0
7787,0
7789,0
7790,0
7792,0
7794,0
7796,0
7797,0
7799,0
7800,0
7801,0
7802,0
7803,0
7810,0
7811,0
7812,0
7815,0
7817,1
7819,1
7820,0
7822,0
7823,0
7824,0
7825,0
7827,0
7828,0
7829,0
7833,0
7835,0
7836,0
7839,0
7843,0
7844,0
7845,0
7847,0
7848,0
7849,0
7850,0
7854,0
7855,0
7859,0
7860,0
7862,0
7863,0
7865,0
7867,0
7868,1
7872,0
7873,0
7875,0
7876,0
7877,0
7879,0
7880,1
7881,0
7882,0
7884,1
7885,0
7887,0
7888,0
7889,0
7892,0
7893,0
7894,0
7896,0
7897,0
7898,0
7899,0
7900,0
7903,0
7904,0
7905,0
7908,0
7912,0
7913,0
7914,0
7915,0
7916,0
7917,0
7923,1
7924,1
7925,0
7927,0
7928,0
7930,0
7931,1
7933,0
7934,0
7936,0
7937,0
7939,0
7940,0
7944,0
7947,1
7948,0
7949,0
7950,0
7951,0
7953,0
7954,0
7955,1
7956,0
7957,0
7958,0
7960,0
7965,0
7967,0
7969,1
7970,0
7971,0
7973,0
7974,0
7976,0
7977,1
7978,0
7979,1
7980,0
7983,0
7984,1
7986,0
7987,0
7989,1
7990,0
7991,0
7992,0
7994,0
7995,0
7999,0
8000,0
8001,0
8005,0
8007,0
8009,0
8010,0
8011,0
8015,0
8016,0
8017,0
8018,1
8019,0
8021,0
8022,0
8025,0
8026,0
8027,0
8029,0
8031,0
8033,0
8035,0
8036,0
8038,0
8041,0
8042,0
8047,0
8052,0
8056,0
8059,0
8060,1
8064,0
8065,0
8067,0
8070,1
8071,0
8075,0
8076,0
8077,1
8078,0
8080,0
8082,0
8085,0
8086,0
8089,0
8090,0
8091,0
8093,0
8095,0
8096,0
8097,0
8101,0
8102,0
8103,0
8105,0
8106,0
8107,0
8108,0
8109,0
8112,0
8113,0
8114,0
8116,0
8117,1
8118,0
8119,0
8121,0
8122,0
8124,0
8126,0
8127,0
8131,0
8132,0
8133,1
8134,0
8136,1
8137,0
8143,0
8145,0
8148,0
8150,0
8151,0
8154,0
8157,0
8159,0
8160,0
8161,0
8163,0
8164,0
8165,0
8167,0
8170,0
8172,1
8175,0
8179,0
8184,0
8185,0
8187,0
8188,0
8190,0
8192,0
8194,0
8195,0
8197,0
8198,0
8199,0
8200,0
8201,0
8202,0
8204,0
8205,0
8206,0
8207,0
8210,0
8212,0
8213,1
8214,0
8216,1
8218,0
8219,0
8220,0
8221,0
8222,0
8223,0
8225,0
8227,0
8228,1
8229,0
8230,0
8231,0
8232,0
8234,0
8237,0
8241,0
8242,0
8243,0
8246,0
8247,0
8248,0
8249,0
8253,0
8258,0
8259,0
8262,0
8263,0
8265,0
8267,0
8269,0
8270,0
8272,0
8273,0
8274,1
8278,1
8279,0
8281,1
8287,0
8288,0
8289,0
8290,0
8291,0
8292,0
8294,1
8295,0
8297,0
8298,0
8300,1
8302,0
8304,0
8305,0
8308,0
8309,0
8310,0
8311,0
8312,0
8313,0
8314,0
8315,1
8320,0
8323,0
8325,0
8329,0
8330,0
8334,0
8337,0
8338,0
8339,0
8340,0
8341,1
8342,0
8345,0
8352,0
8354,0
8355,0
8356,0
8357,0
8358,0
8360,0
8361,0
8362,0
8363,0
8366,0
8368,0
8369,0
8370,0
8371,1
8372,0
8373,1
8374,0
8375,0
8376,0
8377,1
8381,0
8382,0
8383,0
8385,0
8386,0
8387,0
8388,0
8391,0
8392,1
8394,0
8395,0
8396,0
8397,0
8400,0
8402,0
8404,0
8406,0
8407,0
8408,0
8409,1
8410,0
8411,1
8415,0
8416,0
8421,0
8422,0
8423,0
8425,1
8427,0
8431,0
8432,0
8433,0
8434,0
8435,0
8436,1
8440,0
8441,0
8443,0
8445,0
8446,0
8447,0
8451,0
8452,0
8453,0
8455,0
8457,0
8458,0
8461,0
8462,0
8463,0
8464,0
8466,0
8467,0
8470,0
8471,0
8472,0
8475,0
8478,0
8480,0
8485,0
8486,0
8487,0
8488,0
8489,0
8490,0
8491,0
8492,0
8493,0
8496,0
8497,0
8500,1
8501,0
8502,0
8503,0
8504,0
8505,0
8506,0
8507,1
8509,0
8511,0
8514,0
8515,1
8516,0
8517,0
8518,0
8520,0
8523,0
8524,0
8526,0
8527,1
8528,0
8530,0
8531,1
8533,0
8534,0
8535,0
8536,0
8537,0
8538,0
8539,0
8540,0
8542,0
8543,0
8544,0
8545,0
8547,0
8548,0
8549,0
8550,0
8551,0
8555,0
8558,0
8559,0
8560,0
8562,0
8563,0
8564,0
8565,0
8566,0
8568,1
8570,0
8571,0
8574,0
8575,0
8576,1
8577,0
8579,0
8585,0
8590,0
8591,0
8592,0
8593,0
8595,0
8596,0
8600,0
8601,0
8602,0
8603,0
8604,0
8605,1
8606,0
8607,0
8611,0
8612,0
8615,0
8617,0
8618,0
8619,1
8620,0
8624,0
8625,0
8628,0
8631,0
8633,0
8634,0
8636,0
8637,0
8638,0
8641,0
8645,0
8646,0
8650,0
8651,1
8654,0
8655,0
8656,0
8658,0
8660,0
8661,0
8665,0
8666,0
8667,0
8669,0
8670,0
8671,0
8672,0
8673,0
8676,0
8677,0
8678,0
8679,0
8681,0
8683,0
8684,0
8685,0
8687,0
8688,0
8689,0
8690,0
8692,1
8693,0
8694,0
8697,0
8699,0
8700,0
8701,0
8702,0
8705,1
8706,0
8708,0
8711,0
8713,0
8716,0
8717,0
8719,0
8720,0
8721,0
8722,1
8724,0
8725,0
8727,0
8728,0
8729,0
8732,0
8734,0
8735,0
8737,0
8738,0
8739,0
8740,0
8741,0
8742,0
8745,0
8746,0
8748,0
8749,0
8751,0
8752,0
8754,0
8755,0
8756,0
8758,0
8759,0
8760,0
8761,0
8762,1
8763,0
8765,0
8766,0
8767,0
8768,0
8770,0
8771,0
8774,0
8778,0
8780,1
8781,1
8782,0
8783,1
8784,0
8786,0
8787,0
8789,0
8791,0
8794,0
8795,0
8797,0
8798,0
8799,0
8800,0
8801,0
8802,0
8803,0
8805,0
8806,0
8807,0
8808,0
8810,0
8812,0
8813,0
8814,0
8817,0
8818,0
8819,0
8820,0
8821,0
8824,0
8826,1
8832,0
8833,0
8834,0
8835,0
8836,0
8837,0
8839,1
8843,0
8844,0
8845,1
8847,0
8851,0
8852,0
8853,0
8854,0
8855,0
8856,0
8857,0
8858,0
8859,0
8862,0
8863,0
8865,0
8871,0
8874,0
8878,0
8880,0
8883,0
8884,0
8889,0
8890,0
8891,0
8893,0
8895,0
8896,0
8899,0
8902,0
8903,0
8904,0
8905,0
8906,0
8907,0
8909,0
8910,0
8912,1
8914,0
8915,0
8916,0
8918,0
8919,0
8921,0
8923,0
8924,0
8926,0
8927,0
8929,0
8931,0
8932,0
8933,0
8934,0
8936,0
8937,0
8938,0
8939,0
8940,0
8942,0
8943,0
8944,0
8945,0
8946,0
8947,1
8948,0
8949,1
8951,0
8952,0
8953,0
8954,1
8955,1
8956,0
8959,0
8960,1
8961,0
8964,0
8965,0
8968,0
8970,0
8972,0
8974,0
8977,0
8979,0
8980,0
8981,0
8982,0
8984,0
8986,0
8991,0
8992,0
8993,0
8994,0
8997,0
8999,0
9000,0
9001,0
9005,0
9008,0
9009,0
9010,0
9014,0
9016,0
9021,0
9022,0
9023,0
9025,0
9026,0
9030,0
9031,0
9035,0
9039,0
9040,0
9042,0
9043,0
9044,0
9045,0
9046,0
9047,0
9048,0
9049,0
9050,0
9052,0
9053,0
9054,0
9055,0
9056,0
9058,0
9061,0
9063,0
9064,0
9067,0
9068,0
9069,0
9071,0
9074,0
9077,0
9079,0
9080,0
9081,0
9082,0
9083,1
9085,0
9086,0
9087,0
9089,0
9091,0
9092,0
9094,0
9099,0
9101,0
9102,0
9104,0
9105,0
9106,1
9107,0
9109,0
9110,0
9111,0
9112,0
9120,0
9121,0
9122,0
9126,0
9127,1
9128,0
9130,1
9131,0
9133,0
9136,0
9137,0
9138,0
9139,0
9142,0
9143,0
9146,0
9147,0
9148,0
9149,0
9150,0
9151,0
9152,0
9156,0
9157,0
9158,0
9159,0
9162,0
9164,0
9166,0
9167,0
9168,0
9170,0
9171,0
9174,0
9175,0
9176,0
9177,0
9178,0
9179,0
9183,0
9184,0
9185,1
9186,0
9187,0
9190,0
9192,0
9194,0
9195,0
9196,0
9197,0
9199,0
9200,0
9203,0
9204,0
9206,0
9208,0
9209,0
9210,0
9211,1
9212,0
9213,0
9214,1
9216,0
9217,0
9218,0
9220,0
9221,0
9222,0
9225,0
9226,0
9227,0
9229,0
9233,0
9234,0
9235,0
9237,0
9238,0
9239,0
9241,1
9242,0
9243,0
9245,0
9246,1
9249,0
9250,0
9251,1
9252,0
9253,0
9254,0
9256,0
9258,1
9262,0
9263,0
9264,0
9266,0
9267,0
9268,0
9270,1
9272,0
9274,0
9275,0
9279,1
9280,0
9281,0
9285,0
9286,0
9287,0
9289,0
9293,0
9294,0
9296,0
9297,0
9299,0
9300,0
9301,0
9302,0
9304,0
9305,0
9307,0
9309,0
9310,0
9313,0
9314,0
9315,0
9316,0
9317,0
9318,0
9319,0
9320,0
9322,0
9326,0
9327,0
9330,0
9333,1
9335,0
9337,0
9338,0
9339,0
9340,0
9343,0
9344,0
9345,0
9348,0
9351,0
9354,0
9357,1
9358,0
9362,0
9363,0
9364,0
9365,0
9366,0
9367,0
9369,1
9370,0
9371,0
9373,0
9375,0
9378,0
9379,0
9380,0
9381,0
9382,0
9383,1
9384,0
9385,0
9386,0
9388,0
9389,0
9390,0
9392,0
9395,0
9396,0
9397,0
9398,0
9401,0
9402,0
9403,0
9404,0
9406,0
9407,1
9408,0
9409,0
9412,0
9415,0
9416,0
9417,0
9418,0
9419,0
9421,0
9422,0
9423,0
9425,0
9427,0
9429,0
9430,0
9432,0
9437,0
9438,1
9439,0
9441,0
9444,0
9445,0
9447,0
9448,0
9452,0
9454,0
9456,0
9457,0
9458,0
9462,0
9463,0
9464,1
9465,1
9466,0
9467,0
9468,0
9470,0
9471,0
9472,1
9476,0
9477,0
9479,0
9480,0
9481,0
9483,0
9487,0
9488,0
9489,0
9491,0
9492,0
9493,0
9495,0
9496,0
9497,0
9498,0
9499,1
9500,0
9502,0
9505,0
9506,0
9508,0
9509,0
9510,0
9511,0
9512,0
9514,0
9515,0
9516,0
9518,0
9519,0
9520,0
9522,1
9523,0
9525,0
9526,0
9528,0
9530,0
9531,0
9533,0
9534,1
9540,0
9541,0
9542,0
9543,0
9545,0
9546,0
9547,0
9548,0
9551,0
9552,0
9554,0
9555,0
9559,0
9561,0
9562,0
9564,0
9565,0
9567,0
9570,0
9572,0
9577,0
9579,0
9580,0
9581,0
9583,0
9584,0
9585,0
9586,0
9588,0
9589,0
9590,0
9593,0
9595,0
9597,0
9599,1
9600,0
9604,0
9607,0
9611,0
9612,0
9614,0
9615,0
9616,0
9618,0
9619,0
9620,0
9621,0
9622,0
9623,0
9624,0
9625,1
9626,0
9627,0
9628,0
9629,0
9630,0
9631,0
9632,0
9633,0
9637,0
9639,0
9640,0
9641,0
9644,0
9645,0
9646,0
9649,0
9650,0
9651,0
9652,0
9653,0
9654,0
9657,0
9658,0
9659,0
9661,0
9662,0
9664,0
9665,0
9666,0
9667,0
9670,0
9672,0
9674,0
9675,0
9676,0
9678,0
9683,0
9685,0
9686,0
9691,0
9693,0
9697,0
9699,0
9700,0
9701,0
9703,0
9704,0
9705,0
9707,0
9708,1
9709,0
9710,0
9712,0
9714,0
9717,0
9718,0
9724,1
9726,0
9729,0
9731,0
9733,0
9735,0
9736,0
9738,0
9739,0
9740,0
9742,0
9747,0
9749,0
9751,0
9753,0
9754,1
9755,0
9756,0
9758,0
9760,0
9761,0
9762,0
9763,0
9765,0
9769,0
9770,0
9771,0
9773,0
9776,0
9777,0
9780,0
9781,0
9785,1
9787,0
9788,0
9789,0
9790,0
9791,0
9792,0
9794,0
9795,0
9796,0
9798,0
9799,0
9800,1
9801,0
9802,0
9804,0
9807,0
9809,0
9818,0
9821,1
9822,0
9823,0
9825,0
9827,0
9829,0
9831,0
9832,0
9833,0
9834,0
9837,0
9841,0
9842,0
9843,0
9844,0
9847,0
9849,0
9850,0
9851,0
9852,0
9853,0
9860,0
9861,0
9864,0
9866,0
9868,0
9873,0
9876,0
9877,0
9879,0
9880,0
9883,0
9885,0
9886,0
9888,0
9889,0
9891,0
9892,0
9893,0
9895,0
9897,1
9898,0
9899,0
9900,1
9902,0
9903,0
9905,0
9906,0
9909,1
9910,0
9911,0
9912,0
9913,0
9914,1
9916,0
9917,0
9918,1
9919,0
9920,1
9921,0
9922,0
9924,0
9925,0
9926,0
9927,0
9929,0
9931,0
9933,0
9934,0
9938,0
9941,0
9943,0
9945,0
9948,0
9949,0
9950,0
9951,0
9952,0
9953,0
9954,0
9955,0
9956,0
9958,0
9959,0
9961,0
9963,0
9967,0
9969,0
9970,0
9971,0
9973,0
9974,0
9978,0
9979,0
9980,0
9981,0
9982,0
9984,0
9985,1
9986,0
9988,0
9990,0
9991,0
9993,0
9994,0
9996,1
9997,1
9999,0
10000,0
10001,0
10002,0
10004,0
10006,0
10008,0
10012,0
10013,0
10015,0
10017,0
10019,0
10020,0
10021,0
10022,0
10023,0
10024,0
10025,0
10026,0
10028,0
10029,0
10031,0
10034,0
10036,0
10042,0
10043,0
10044,0
10046,1
10047,0
10048,0
10049,0
10051,0
10053,0
10056,0
10057,0
10060,0
10065,0
10068,0
10069,0
10070,0
10071,0
10073,0
10074,0
10075,0
10076,0
10081,1
10085,0
10087,0
10089,0
10096,0
10098,0
10100,0
10101,0
10102,0
10104,0
10105,0
10106,0
10108,0
10111,0
10112,0
10114,0
10115,0
10116,0
10118,0
10120,0
10121,0
10125,0
10126,0
10127,0
10130,0
10133,0
10134,0
10136,0
10139,0
10141,0
10142,0
10145,1
10148,0
10151,1
10152,0
10154,0
10155,1
10156,0
10157,0
10159,0
10160,0
10162,0
10165,0
10166,0
10167,0
10169,0
10175,0
10176,0
10177,0
10178,0
10179,0
10180,0
10181,0
10182,0
10183,0
10185,0
10186,0
10188,0
10190,1
10193,0
10194,0
10196,0
10197,0
10199,0
10201,0
10202,0
10203,0
10204,0
10206,0
10207,0
10212,0
10213,0
10216,0
10218,0
10219,0
10220,0
10221,0
10222,0
10224,0
10227,0
10228,0
10229,0
10230,1
10232,0
10233,0
10234,0
10236,0
10237,0
10238,0
10239,0
10241,0
10242,0
10243,0
10246,0
10248,0
10249,0
10250,0
10251,0
10252,0
10253,0
10255,0
10258,0
10259,1
10262,0
10263,0
10264,0
10266,0
10269,0
10270,0
10272,0
10273,1
10274,0
10275,0
10278,0
10280,1
10282,0
10283,0
10284,0
10285,0
10286,0
10287,0
10288,1
10289,0
10290,0
10291,0
10292,1
10293,0
10295,0
10296,0
10297,0
10299,0
10300,0
10303,0
10304,0
10305,0
10308,0
10310,1
10311,0
10317,0
10318,0
10328,0
10331,0
10332,0
10334,0
10335,0
10342,0
10343,1
10348,0
10351,0
10352,0
10354,0
10356,0
10357,0
10358,0
10361,0
10367,0
10371,0
10372,0
10373,0
10375,0
10376,1
10377,1
10379,1
10381,0
10383,0
10384,0
10385,0
10388,0
10389,0
10391,1
10392,0
10393,0
10394,1
10395,0
10398,1
10399,0
10400,0
10402,0
10405,0
10408,0
10410,0
10411,0
10413,0
10414,0
10415,0
10416,0
10420,0
10422,0
10423,0
10426,0
10430,0
10431,0
10432,0
10434,0
10435,0
10440,0
10441,0
10442,0
10443,0
10445,0
10446,1
10447,0
10448,0
10450,0
10453,0
10454,0
10455,0
10456,0
10458,0
10461,0
10462,0
10466,0
10467,0
10469,1
10471,0
10474,1
10475,0
10476,0
10478,0
10481,0
10482,0
10483,0
10484,0
10486,0
10487,1
10490,0
10491,1
10492,0
10493,0
10495,0
10497,0
10499,0
10501,0
10504,0
10505,0
10507,0
10508,0
10509,0
10510,0
10511,0
10512,0
10513,0
10514,0
10515,0
10516,0
10518,0
10520,0
10524,1
10526,0
10528,0
10531,0
10534,0
10536,0
10537,0
10539,0
10544,0
10545,0
10546,0
10548,0
10549,0
10550,0
10551,0
10552,0
10554,1
10555,0
10556,0
10558,0
10559,0
10560,0
10561,0
10562,0
10563,0
10564,0
10567,0
10568,0
10569,0
10570,1
10571,0
10575,0
10576,0
10577,0
10578,0
10579,0
10580,0
10582,1
10587,0
10588,0
10591,0
10593,1
10594,0
10595,1
10596,0
10597,0
10599,0
10600,1
10601,0
10602,0
10603,0
10604,0
10607,0
10608,0
10609,0
10612,0
10614,1
10617,0
10619,0
10620,0
10621,0
10622,0
10625,0
10626,0
10629,0
10630,0
10634,0
10635,0
10638,0
10640,0
10641,0
10642,0
10643,0
10651,0
10652,0
10653,0
10654,0
10655,0
10657,0
10661,0
10662,0
10663,0
10664,0
10666,0
10667,0
10668,0
10669,0
10670,1
10672,0
10673,0
10678,0
10679,0
10682,0
10683,0
10686,0
10687,0
10689,0
10691,0
10694,0
10696,0
10697,0
10698,1
10703,0
10704,0
10707,0
10709,0
10710,0
10711,0
10712,0
10714,0
10715,0
10716,0
10719,0
10721,0
10723,0
10725,0
10726,0
10728,0
10729,0
10730,1
10731,1
10732,0
10735,0
10737,0
10738,0
10742,0
10744,0
10746,0
10747,1
10749,0
10751,0
10752,0
10753,0
10755,0
10756,0
10757,0
10758,0
10759,0
10760,0
10761,0
10762,0
10763,0
10764,1
10765,1
10766,0
10767,0
10772,0
10774,0
10775,0
10776,0
10777,0
10780,0
10782,0
10784,0
10786,0
10789,1
10790,0
10791,0
10795,0
10798,0
10799,0
10800,0
10801,0
10802,0
10803,0
10805,0
10807,0
10808,0
10809,0
10811,0
10812,0
10813,0
10814,0
10815,0
10816,0
10819,0
10821,0
10822,0
10823,1
10825,0
10827,0
10828,0
10829,1
10830,0
10833,0
10834,0
10837,0
10838,0
10839,0
10840,0
10845,0
10849,0
10850,0
10854,0
10856,0
10857,0
10859,0
10861,0
10862,0
10866,1
10867,1
10868,0
10870,0
10871,0
10873,0
10874,0
10875,0
10876,0
10877,0
10880,0
10883,0
10884,0
10885,0
10886,0
10887,0
10890,0
10892,0
10893,0
10895,0
10896,0
10897,0
10898,0
10901,0
10904,0
10905,0
10906,0
10909,0
10910,0
10912,0
10916,1
10917,0
10923,0
10925,0
10926,0
10929,0
10931,1
10933,0
10934,1
10935,0
10942,0
10944,0
10945,1
10947,0
10948,0
10951,0
10952,0
10953,0
10954,0
10956,0
10957,0
10958,0
10959,0
10965,0
10966,1
10967,0
10969,0
10971,0
10972,0
10973,0
10975,0
10976,0
10978,0
10979,0
10982,0
10983,0
10984,0
10985,0
10986,0
10987,0
10988,0
10989,0
10991,0
10992,0
10994,0
10997,0
10998,1
11000,0
11003,0
11004,0
11005,0
11007,0
11009,1
11010,0
11012,0
11013,0
11014,0
11017,0
11019,1
11021,0
11025,0
11026,0
11028,0
11029,0
11030,0
11032,0
11033,0
11034,0
11037,0
11038,0
11039,0
11041,0
11042,0
11045,0
11046,0
11047,0
11048,0
11050,0
11051,0
11054,1
11055,0
11059,0
11060,1
11061,0
11062,0
11063,0
11064,0
11065,0
11066,0
11067,0
11068,0
11069,0
11072,1
11073,0
11075,0
11079,0
11081,1
11082,0
11083,0
11084,1
11085,0
11087,0
11088,0
11089,0
11091,0
11093,0
11095,0
11096,0
11097,0
11101,0
11103,1
11105,0
11109,1
11110,0
11113,0
11117,0
11119,0
11120,0
11123,0
11124,0
11127,0
11128,0
11130,1
11131,0
11133,0
11135,0
11137,0
11139,0
11142,0
11144,0
11145,1
11146,0
11147,0
11148,0
11149,0
11150,0
11152,0
11153,0
11154,0
11155,0
11157,0
11160,0
11161,0
11163,0
11164,0
11167,0
11170,0
11171,0
11172,0
11173,0
11175,0
11177,0
11178,0
11179,0
11181,0
11182,0
11183,0
11186,0
11189,0
11190,0
11192,0
11193,0
11195,0
11196,0
11197,0
11198,0
11199,0
11200,0
11202,0
11203,0
11204,0
11206,1
11209,0
11211,0
11212,0
11213,0
11214,0
11216,0
11219,0
11222,0
11223,0
11224,0
11228,0
11234,0
11235,0
11237,0
11238,0
11240,0
11242,1
11243,0
11244,0
11251,1
11255,0
11256,0
11257,1
11258,0
11261,0
11262,0
11263,0
11264,0
11266,0
11267,0
11269,0
11270,0
11273,0
11275,0
11278,0
11279,0
11281,0
11283,0
11284,0
11285,0
11286,0
11287,0
11289,0
11290,0
11291,0
11292,0
11294,0
11298,0
11299,0
11301,0
11304,0
11305,0
11307,0
11309,0
11311,0
11314,0
11315,0
11317,0
11318,0
11319,0
11321,0
11322,0
11324,0
11326,0
11327,0
11330,0
11332,0
11336,0
11337,0
11339,1
11340,0
11342,0
11345,0
11346,0
11348,0
11349,0
11351,0
11355,0
11356,0
11357,0
11358,0
11359,0
11360,0
11362,0
11363,0
11364,0
11365,0
11367,0
11369,0
11371,0
11376,0
11377,0
11379,0
11380,0
11382,0
11383,0
11384,0
11385,0
11387,0
11389,0
11390,0
11391,0
11393,0
11394,0
11395,1
11400,0
11401,0
11402,0
11407,0
11408,1
11409,0
11411,0
11413,0
11415,0
11416,0
11417,1
11418,0
11419,0
11424,1
11425,0
11427,0
11429,0
11430,0
11433,0
11434,0
11436,0
11437,0
11439,0
11440,0
11443,0
11444,0
11445,0
11446,0
11447,0
11449,0
11451,0
11452,0
11454,0
11455,0
11457,0
11459,0
11461,0
11462,0
11463,0
11464,0
11470,0
11471,0
11472,0
11473,0
11474,1
11476,0
11477,0
11478,0
11480,0
11481,0
11482,0
11486,0
11488,0
11489,0
11490,0
11494,0
11495,0
11496,0
11499,0
11502,0
11503,1
11504,0
11506,0
11507,0
11509,0
11510,0
11511,0
11513,0
11516,0
11517,0
11518,0
11519,0
11520,0
11521,0
11523,0
11524,0
11527,0
11528,0
11529,0
11531,0
11535,0
11536,0
11539,0
11541,0
11542,1
11543,0
11545,0
11546,0
11547,0
11549,0
11550,0
11551,0
11552,0
11554,0
11558,0
11560,0
11562,0
11563,0
11566,0
11567,0
11569,0
11574,1
11575,0
11579,0
11580,0
11582,0
11583,0
11588,0
11589,0
11590,0
11591,0
11593,1
11594,0
11595,0
11597,0
11598,0
11604,0
11605,1
11606,0
11607,0
11608,0
11610,0
11611,0
11613,0
11622,1
11623,0
11624,0
11625,0
11627,0
11628,0
11631,1
11633,0
11634,0
11636,0
11637,0
11638,0
11640,1
11641,0
11642,0
11643,0
11644,0
11645,0
11646,0
11648,0
11652,0
11653,0
11654,0
11655,0
11656,0
11657,0
11658,0
11659,0
11660,0
11661,0
11662,0
11663,0
11664,0
11666,0
11667,0
11669,0
11670,0
11672,0
11675,0
11679,0
11681,0
11682,0
11683,0
11685,0
11688,0
11689,0
11690,0
11693,1
11695,0
11696,0
11698,0
11699,0
11700,0
11702,0
11704,0
11705,0
11706,0
11708,0
11709,0
11710,0
11712,1
11713,0
11714,0
11715,0
11716,0
11719,0
11721,0
11723,0
11727,0
11729,1
11730,0
11733,0
11734,0
11735,0
11738,0
11740,0
11744,0
11745,0
11750,1
11751,0
11752,0
11755,0
11758,0
11759,0
11760,0
11761,0
11762,0
11763,0
11764,0
11767,0
11769,0
11772,0
11774,0
11775,0
11776,0
11778,0
11779,0
11781,0
11782,1
11783,0
11784,0
11785,0
11787,0
11789,0
11792,1
11794,0
11798,0
11799,0
11800,0
11801,0
11802,0
11804,0
11806,0
11807,0
11808,0
11810,0
11811,0
11812,0
11815,0
11816,1
11818,0
11819,0
11820,0
11821,0
11822,0
11824,0
11825,0
11826,0
11827,0
11828,0
11829,1
11834,0
11838,0
11839,0
11841,0
11842,0
11843,0
11844,0
11845,1
11847,0
11851,0
11852,0
11853,0
11855,0
11858,0
11859,1
11860,0
11861,0
11862,0
11863,0
11864,0
11865,0
11869,0
11875,0
11876,0
11879,0
11880,0
11882,0
11883,0
11884,0
11886,1
11887,0
11893,0
11894,0
11895,0
11896,0
11898,0
11899,0
11901,0
11904,0
11905,0
11906,0
11907,0
11908,0
11915,0
11917,0
11918,1
11919,0
11922,0
11923,1
11926,0
11928,1
11930,0
11933,1
11934,0
11935,1
11936,0
11937,1
11938,0
11939,0
11942,0
11943,0
11944,0
11946,0
11947,0
11948,0
11950,0
11952,0
11953,1
11955,0
11958,0
11960,0
11961,0
11962,0
11966,0
11968,0
11969,0
11972,0
11974,1
11975,1
11976,0
11977,0
11978,0
11979,0
11980,1
11981,0
11982,1
11983,0
11986,0
11988,0
11991,0
11992,0
11993,0
11994,0
11995,0
11996,0
11997,0
11999,0
12000,0
12001,0
12002,1
12003,0
12004,1
12005,0
12009,1
12010,0
12015,0
12016,0
12017,0
12022,0
12028,0
12029,0
12030,1
12032,0
12034,0
12035,0
12038,0
12039,0
12040,0
12041,0
12042,0
12043,0
12044,0
12045,0
12046,0
12048,0
12050,0
12052,0
12057,0
12058,0
12060,0
12061,0
12063,0
12064,0
12065,0
12067,0
12068,0
12069,0
12070,0
12073,0
12074,0
12075,0
12076,0
12081,0
12082,0
12083,0
12084,0
12085,0
12089,0
12090,0
12091,1
12092,0
12093,0
12095,0
12096,0
12097,1
12103,0
12108,0
12109,0
12110,0
12112,0
12115,0
12117,0
12118,1
12120,0
12121,0
12124,0
12125,0
12127,0
12130,0
12132,0
12135,0
12136,0
12137,0
12138,1
12140,0
12141,0
12142,0
12143,0
12144,1
12148,0
12149,0
12150,0
12151,0
12152,1
12154,0
12156,0
12157,0
12160,0
12161,0
12163,0
12164,0
12166,0
12170,0
12173,0
12175,1
12176,0
12179,0
12180,0
12182,0
12184,0
12187,0
12188,0
12193,0
12194,0
12196,0
12198,0
12200,0
12201,0
12202,0
12203,0
12204,1
12205,0
12206,1
12207,0
12208,0
12211,0
12217,1
12219,0
12220,0
12222,0
12223,0
12225,0
12229,0
12231,0
12233,0
12234,0
12235,0
12236,1
12238,0
12241,1
12244,0
12247,0
12250,0
12251,1
12252,0
12256,0
12257,0
12261,0
12263,0
12264,0
12265,0
12267,0
12269,0
12270,0
12277,0
12278,0
12279,0
12280,0
12281,0
12282,0
12283,0
12284,0
12285,0
12286,0
12287,0
12289,0
12291,0
12292,1
12296,0
12298,0
12300,0
12301,0
12302,0
12303,0
12305,0
12309,0
12312,1
12313,0
12314,0
12316,1
12318,0
12319,0
12320,0
12321,0
12322,0
12323,0
12325,0
12326,0
12327,0
12329,0
12330,0
12331,0
12333,0
12339,0
12340,0
12345,0
12346,0
12347,0
12348,0
12350,1
12352,0
12354,0
12356,0
12357,0
12358,0
12359,0
12360,0
12361,0
12362,0
12365,0
12366,0
12368,0
12369,0
12373,1
12377,0
12378,0
12381,0
12383,0
12384,0
12386,0
12388,0
12389,0
12391,0
12392,0
12393,0
12394,0
12395,0
12397,1
12399,0
12400,1
12401,0
12402,0
12403,0
12405,0
12406,0
12408,0
12410,0
12420,0
12421,0
12423,0
12425,0
12428,0
12430,0
12432,0
12434,0
12435,0
12436,0
12437,0
12439,0
12441,0
12443,0
12444,0
12446,0
12449,0
12450,0
12452,0
12453,0
12455,1
12456,0
12457,0
12461,0
12463,0
12465,0
12466,0
12467,0
12468,1
12469,0
12473,1
12474,0
12476,0
12478,0
12481,0
12482,0
12484,0
12486,0
12487,0
12488,0
12491,0
12496,0
12497,0
12498,0
12499,0
12501,0
12502,0
12503,0
12504,0
12505,0
12509,0
12510,1
12511,0
12512,0
12513,0
12515,0
12517,0
12518,0
12520,1
12521,0
12523,0
12524,1
12525,0
12526,0
12534,0
12536,0
12537,0
12538,0
12539,0
12541,0
12542,0
12543,0
12545,0
12547,0
12548,0
12549,0
12550,0
12551,0
12554,1
12555,0
12557,0
12560,0
12561,0
12564,0
12566,0
12567,0
12568,0
12569,0
12570,0
12572,0
12573,0
12576,0
12581,0
12582,0
12583,0
12584,0
12586,0
12587,0
12589,1
12591,0
12592,0
12594,1
12597,0
12598,1
12599,0
12601,0
12603,1
12605,0
12606,1
12608,0
12612,1
12613,0
12616,0
12620,0
12622,0
12623,0
12624,0
12625,0
12626,0
12628,1
12629,0
12632,0
12633,0
12634,1
12635,0
12636,0
12639,0
12641,0
12643,0
12647,0
12649,0
12651,0
12652,0
12653,1
12656,0
12659,0
12661,1
12663,0
12664,1
12665,0
12666,0
12668,0
12669,0
12670,0
12672,0
12673,0
12674,0
12675,0
12686,0
12687,0
12689,0
12692,0
12693,0
12694,0
12695,1
12696,0
12697,0
12698,0
12699,0
12700,0
12701,0
12702,0
12705,0
12707,0
12710,0
12711,0
12715,0
12716,1
12719,1
12720,0
12726,0
12728,0
12729,0
12730,0
12732,0
12733,0
12734,1
12735,0
12739,0
12740,0
12741,0
12742,0
12746,0
12747,0
12748,0
12750,0
12751,0
12754,0
12755,0
12757,0
12758,0
12759,0
12761,0
12764,0
12765,0
12766,0
12767,1
12768,0
12769,0
12772,1
12773,0
12774,0
12775,0
12776,0
12777,0
12778,0
12782,0
12783,0
12784,0
12785,0
12787,0
12788,0
12789,0
12791,0
12792,0
12795,1
12797,0
12798,0
12799,0
12800,0
12801,0
12802,1
12803,0
12804,0
12805,1
12806,0
12807,0
12808,0
12809,0
12810,0
12811,0
12815,0
12816,0
12818,0
12820,0
12821,0
12822,0
12823,0
12824,0
12826,1
12827,1
12828,0
12830,0
12831,0
12832,0
12833,0
12835,0
12836,0
12837,0
12838,1
12841,0
12845,0
12847,0
12849,0
12850,0
12851,0
12852,0
12854,0
12855,0
12856,0
12857,0
12858,1
12861,0
12862,0
12865,0
12866,0
12867,0
12868,0
12869,0
12870,0
12872,0
12873,0
12875,0
12876,0
12878,0
12880,0
12881,0
12884,0
12886,0
12888,0
12889,0
12891,0
12893,0
12894,0
12895,0
12896,0
12899,0
12901,0
12902,0
12903,0
12905,1
12907,0
12908,1
12913,0
12914,0
12915,0
12917,0
12919,0
12920,0
12923,0
12927,1
12928,0
12930,0
12931,0
12933,0
12935,0
12941,0
12942,0
12943,0
12950,0
12951,0
12952,0
12956,0
12958,0
12959,0
12960,0
12961,0
12962,0
12963,1
12964,0
12965,0
12969,0
12970,0
12971,0
12975,1
12976,0
12977,0
12979,0
12980,0
12981,1
12982,0
12984,0
12986,0
12991,0
12995,0
12998,0
13001,0
13002,0
13003,0
13004,0
13005,0
13006,0
13007,0
13008,0
13009,0
13010,0
13014,0
13017,0
13018,0
13019,0
13020,0
13023,0
13025,0
13026,1
13027,0
13029,0
13031,0
13032,0
13034,1
13039,0
13040,1
13041,0
13042,0
13043,0
13045,0
13047,0
13048,0
13050,0
13051,0
13052,0
13053,0
13054,0
13055,0
13060,0
13063,0
13066,0
13069,0
13070,0
13071,0
13072,1
13075,0
13077,1
13078,0
13079,0
13080,0
13081,0
13085,0
13086,0
13088,1
13089,0
13090,0
13091,0
13095,0
13096,0
13098,0
13099,0
13102,0
13103,0
13104,0
13105,0
13106,0
13109,0
13112,0
13114,1
13115,0
13116,0
13118,1
13119,0
13120,0
13122,0
13123,0
13125,0
13126,0
13130,1
13131,0
13132,0
13136,0
13137,0
13139,0
13141,0
13142,0
13143,1
13144,0
13147,0
13149,0
13152,0
13159,0
13160,0
13161,0
13162,0
13170,0
13173,0
13174,0
13177,0
13181,0
13183,0
13184,0
13186,0
13187,0
13188,0
13189,0
13193,0
13197,1
13199,0
13201,0
13202,0
13203,0
13204,0
13205,0
13206,0
13208,0
13209,0
13211,1
13212,0
13216,0
13217,0
13218,0
13219,0
13220,0
13223,0
13224,0
13225,0
13227,0
13230,0
13231,0
13232,0
13234,0
13236,0
13239,0
13241,1
13244,0
13245,1
13248,0
13250,0
13258,0
13261,1
13262,0
13263,0
13264,0
13266,0
13267,1
13268,0
13269,0
13270,0
13274,0
13275,0
13277,0
13278,0
13279,0
13281,0
13283,0
13284,0
13286,0
13287,0
13288,0
13289,0
13290,0
13291,0
13292,0
13293,0
13295,0
13296,0
13298,0
13300,0
13301,0
13303,0
13308,0
13309,0
13310,0
13311,0
13314,0
13315,0
13320,0
13322,0
13324,0
13325,0
13327,0
13328,0
13330,0
13331,0
13332,0
13335,0
13338,0
13339,0
13340,0
13342,0
13345,0
13346,0
13349,0
13350,0
13351,0
13353,0
13355,0
13358,0
13359,0
13360,0
13362,0
13364,0
13365,0
13366,0
13368,0
13370,0
13371,0
13373,0
13374,0
13376,0
13378,1
13379,0
13380,0
13382,0
13384,0
13386,0
13387,0
13388,0
13389,0
13391,0
13392,0
13393,0
13394,0
13396,0
13404,0
13406,0
13407,0
13408,0
13409,1
13412,0
13417,0
13418,0
13419,0
13421,0
13422,0
13423,0
13424,0
13425,0
13426,0
13427,0
13428,0
13429,0
13431,0
13432,0
13434,0
13435,0
13436,0
13437,0
13441,0
13444,0
13446,0
13449,0
13450,0
13451,0
13456,0
13458,0
13460,0
13461,0
13462,0
13463,0
13464,0
13466,0
13468,0
13470,0
13471,1
13472,1
13473,0
13474,0
13475,1
13476,0
13478,0
13479,0
13480,0
13481,0
13490,0
13492,0
13495,0
13501,0
13502,0
13504,0
13505,0
13506,0
13507,0
13509,0
13513,0
13514,0
13515,0
13516,1
13519,0
13520,0
13522,0
13523,0
13525,0
13526,0
13527,0
13528,0
13529,0
13530,1
13533,0
13534,1
13535,0
13536,0
13537,1
13542,0
13543,0
13547,0
13549,0
13550,0
13552,0
13555,0
13556,1
13557,0
13558,0
13559,0
13560,0
13563,0
13564,0
13566,0
13568,0
13569,1
13570,0
13571,0
13573,0
13575,0
13576,0
13577,0
13578,0
13579,1
13581,0
13582,0
13584,0
13585,0
13586,0
13588,0
13591,0
13595,0
13596,0
13598,0
13599,0
13600,1
13603,0
13604,0
13606,0
13608,0
13612,0
13613,0
13614,0
13618,0
13620,0
13621,0
13622,0
13623,1
13632,1
13636,0
13640,0
13642,0
13643,0
13644,1
13646,0
13647,0
13648,0
13649,0
13653,0
13656,0
13658,0
13659,0
13660,0
13666,0
13667,0
13669,0
13670,1
13671,0
13672,0
13673,1
13675,0
13677,0
13679,0
13682,0
13684,0
13688,1
13690,0
13691,0
13692,0
13693,0
13695,0
13697,0
13698,0
13703,0
13704,0
13705,0
13706,0
13707,0
13708,0
13709,0
13711,1
13713,0
13714,0
13715,0
13718,0
13719,0
13720,0
13721,0
13722,0
13723,0
13724,0
13725,0
13727,0
13728,0
13729,0
13732,1
13733,0
13737,0
13738,0
13739,0
13741,0
13742,0
13743,0
13745,0
13747,0
13748,0
13749,0
13751,0
13752,0
13756,0
13757,0
13762,0
13764,0
13766,0
13767,0
13768,0
13770,0
13771,0
13772,0
13775,0
13776,0
13778,1
13779,0
13781,1
13785,0
13787,1
13788,1
13791,0
13794,0
13795,1
13798,0
13799,0
13800,0
13801,0
13804,0
13805,0
13806,0
13808,0
13811,0
13813,0
13816,0
13817,0
13818,0
13820,1
13821,0
13823,0
13824,0
13826,0
13827,0
13828,0
13831,0
13832,0
13840,0
13841,0
13842,1
13846,1
13849,1
13852,0
13854,0
13856,0
13858,0
13859,0
13862,0
13863,0
13864,0
13865,1
13868,1
13869,0
13871,0
13873,0
13876,0
13877,0
13884,0
13886,0
13889,0
13890,0
13891,0
13892,1
13893,0
13895,0
13897,0
13898,0
13899,0
13900,1
13901,0
13903,0
13905,0
13906,0
13912,0
13914,0
13916,0
13918,0
13919,0
13922,0
13924,0
13925,0
13927,0
13928,0
13930,0
13932,1
13933,0
13934,0
13938,0
13940,0
13943,0
13944,0
13947,0
13949,0
13950,0
13951,1
13952,0
13953,0
13956,0
13958,0
13959,1
13960,0
13961,0
13963,0
13965,0
13968,0
13970,0
13972,0
13973,0
13974,0
13977,0
13980,1
13981,0
13982,0
13984,0
13985,0
13989,0
13990,0
13992,0
13993,0
13994,0
13999,0
14000,0
14001,0
14002,1
14003,0
14004,0
14007,0
14008,0
14011,0
14012,0
14013,0
14017,0
14018,0
14020,0
14025,0
14027,0
14029,0
14030,0
14031,1
14033,0
14035,0
14038,0
14039,0
14040,0
14042,1
14045,0
14046,0
14053,0
14055,1
14056,0
14058,0
14060,0
14061,0
14063,0
14066,1
14068,0
14070,0
14071,0
14073,0
14074,0
14075,0
14077,1
14078,0
14079,0
14082,0
14084,0
14085,0
14088,0
14089,0
14093,0
14095,0
14096,0
14099,0
14100,1
14101,1
14103,0
14104,0
14105,0
14107,0
14109,1
14111,0
14112,0
14115,1
14116,1
14117,0
14118,1
14119,0
14121,1
14125,0
14126,0
14129,1
14131,0
14133,0
14136,0
14137,0
14139,0
14140,0
14141,0
14142,0
14144,0
14145,0
14147,0
14148,0
14149,0
14153,0
14155,1
14156,0
14157,0
14159,0
14160,0
14161,0
14162,0
14163,0
14164,0
14165,0
14166,0
14167,1
14168,0
14169,0
14170,0
14171,0
14174,0
14175,0
14176,0
14177,0
14179,0
14183,0
14186,0
14187,0
14188,0
14189,0
14191,0
14192,0
14194,0
14196,0
14198,0
14199,1
14200,0
14201,0
14202,0
14203,0
14204,0
14207,0
14208,0
14209,0
14210,0
14211,0
14214,0
14215,0
14216,0
14219,0
14220,0
14222,0
14227,0
14228,0
14230,0
14232,0
14235,0
14236,0
14238,1
14239,0
14241,0
14244,0
14245,0
14246,0
14248,0
14251,0
14253,0
14254,0
14256,0
14257,0
14258,0
14259,0
14260,0
14262,0
14263,1
14265,0
14267,0
14268,0
14269,0
14270,0
14271,0
14273,0
14274,0
14275,0
14276,0
14280,0
14281,1
14283,0
14285,0
14286,0
14291,0
14292,0
14293,0
14294,0
14295,1
14297,0
14300,0
14301,0
14302,0
14303,0
14304,0
14305,0
14306,0
14307,0
14309,0
14310,0
14311,0
14312,0
14315,0
14316,0
14318,1
14319,0
14324,0
14327,0
14329,0
14331,0
14332,0
14335,1
14336,0
14338,0
14340,1
14342,0
14343,0
14345,0
14346,0
14348,0
14349,0
14350,0
14351,0
14352,1
14353,0
14355,0
14356,0
14357,0
14361,0
14364,0
14365,0
14367,0
14368,0
14369,0
14370,0
14374,0
14375,1
14376,0
14378,0
14381,0
14382,0
14383,0
14385,0
14386,0
14387,0
14388,0
14394,0
14395,0
14398,0
14399,0
14404,0
14405,0
14406,0
14410,0
14411,0
14413,0
14415,0
14416,0
14417,0
14418,0
14420,0
14421,0
14422,0
14423,0
14425,0
14428,0
14429,0
14430,0
14432,1
14436,0
14437,0
14438,0
14439,0
14440,0
14445,0
14447,0
14448,0
14450,0
14453,0
14455,0
14456,0
14457,0
14458,0
14459,0
14460,0
14461,0
14462,0
14463,0
14464,0
14466,0
14468,1
14471,0
14472,0
14474,0
14475,0
14477,0
14478,1
14479,0
14480,0
14481,0
14482,1
14483,0
14484,0
14486,0
14487,0
14489,0
14491,0
14492,0
14493,0
14495,1
14497,1
14498,0
14500,0
14501,0
14502,0
14503,1
14504,0
14505,0
14508,0
14509,0
14510,0
14511,0
14513,0
14514,0
14516,0
14517,0
14518,1
14521,0
14523,1
14525,0
14527,0
14528,1
14529,0
14530,0
14532,0
14533,0
14534,0
14537,0
14538,0
14539,0
14542,0
14544,0
14545,0
14546,0
14548,0
14549,0
14550,0
14551,0
14556,0
14559,0
14562,0
14563,0
14564,0
14566,0
14569,1
14571,0
14573,0
14574,0
14575,0
14577,0
14580,0
14582,0
14584,0
14585,0
14588,0
14590,0
14593,0
14594,0
14595,0
14597,0
14598,0
14599,0
14601,0
14602,0
14605,0
14606,0
14609,0
14610,0
14613,0
14616,0
14618,0
14619,0
14620,0
14621,0
14622,0
14623,0
14624,0
14626,0
14627,0
14628,0
14629,0
14630,1
14631,0
14633,0
14634,0
14635,0
14637,0
14640,0
14641,0
14642,0
14644,0
14645,0
14646,0
14648,0
14649,0
14650,0
14652,0
14653,1
14655,0
14662,0
14663,0
14666,0
14667,0
14668,0
14669,0
14671,0
14672,0
14673,0
14675,0
14677,0
14678,0
14679,0
14680,0
14681,0
14682,0
14685,0
14686,0
14687,0
14688,0
14689,0
14690,0
14691,0
14693,0
14696,0
14698,0
14700,0
14702,0
14704,1
14705,0
14706,0
14708,0
14711,0
14712,0
14714,0
14716,0
14717,1
14719,0
14720,0
14721,0
14722,0
14724,0
14725,1
14729,0
14730,0
14731,1
14732,0
14734,0
14735,1
14736,0
14739,0
14742,0
14743,0
14744,0
14745,0
14747,0
14749,0
14750,0
14752,0
14754,0
14755,0
14758,0
14760,1
14761,0
14762,0
14764,0
14765,0
14766,0
14767,0
14772,1
14774,0
14775,0
14777,0
14778,0
14781,0
14782,0
14783,0
14784,0
14785,0
14786,0
14788,0
14789,1
14790,0
14793,0
14795,0
14796,0
14798,0
14800,0
14801,1
14802,0
14805,0
14806,0
14807,0
14814,0
14815,0
14816,0
14817,0
14818,0
14824,0
14826,0
14828,0
14829,0
14832,0
14833,0
14834,0
14836,0
14838,0
14841,0
14842,0
14843,1
14844,0
14845,0
14846,0
14847,1
14848,0
14850,0
14851,0
14852,0
14854,0
14855,0
14856,0
14857,0
14858,0
14859,0
14861,0
14862,0
14863,0
14865,0
14866,0
14870,0
14871,0
14874,0
14875,0
14876,0
14878,0
14879,0
14880,0
14883,0
14884,0
14885,0
14886,0
14887,0
14889,0
14893,0
14894,0
14895,0
14896,0
14897,0
14899,0
14902,0
14904,0
14905,0
14906,0
14909,1
14912,0
14917,0
14918,0
14919,0
14922,0
14923,0
14924,0
14928,0
14929,0
14932,0
14933,1
14936,0
14937,0
14939,0
14942,0
14943,0
14944,0
14946,0
14947,1
14948,1
14950,0
14955,0
14957,0
14959,0
14960,0
14961,0
14964,0
14969,0
14970,0
14971,0
14972,1
14973,0
14974,0
14975,1
14976,0
14977,0
14978,0
14979,0
14980,0
14981,0
14982,1
14983,0
14984,1
14985,0
14986,0
14987,1
14988,0
14989,0
14992,0
14993,0
14994,1
14996,0
15000,1
15001,0
15003,0
15004,0
15006,0
15011,0
15013,0
15015,0
15016,0
15019,0
15020,0
15021,0
15023,1
15024,1
15025,0
15026,1
15029,0
15030,0
15034,0
15035,0
15036,0
15037,1
15039,0
15042,0
15044,1
15052,0
15058,0
15060,0
15062,0
15063,0
15065,0
15066,0
15067,0
15069,0
15072,0
15075,0
15077,0
15078,0
15080,0
15081,1
15082,0
15083,0
15084,0
15085,1
15086,0
15089,0
15090,0
15095,0
15097,0
15105,0
15107,0
15108,0
15109,0
15110,1
15111,0
15112,0
15113,1
15118,0
15119,0
15120,0
15121,0
15122,0
15123,0
15126,0
15127,0
15130,0
15131,0
15132,0
15136,0
15137,0
15140,1
15141,0
15143,0
15145,1
15147,1
15148,0
15149,0
15151,0
15154,0
15156,0
15157,0
15158,0
15159,0
15160,1
15161,0
15162,1
15163,0
15164,0
15171,1
15173,0
15174,0
15176,0
15177,0
15178,0
15180,1
15181,1
15183,0
15185,0
15186,0
15188,0
15192,0
15193,0
15194,0
15196,0
15197,0
15199,0
15202,0
15204,0
15206,0
15207,0
15209,0
15212,0
15213,0
15214,0
15217,0
15219,0
15220,0
15221,1
15223,0
15225,1
15227,0
15228,0
15230,0
15234,0
15235,0
15236,0
15238,0
15239,0
15241,0
15246,0
15247,0
15248,0
15252,1
15253,0
15254,0
15255,0
15256,0
15257,0
15258,0
15260,0
15263,0
15264,0
15269,0
15272,0
15273,0
15274,0
15278,0
15279,0
15281,0
15283,0
15284,0
15285,0
15288,0
15289,1
15291,0
15292,0
15294,0
15296,1
15297,0
15299,0
15300,0
15301,0
15302,0
15309,0
15312,1
15314,0
15315,0
15316,0
15319,0
15320,1
15322,0
15323,0
15324,0
15327,0
15328,0
15330,0
15332,0
15334,0
15337,0
15340,0
15341,0
15343,0
15344,0
15345,0
15347,0
15348,0
15350,0
15351,0
15353,0
15354,0
15355,0
15356,0
15357,0
15358,0
15359,0
15360,0
15362,1
15363,0
15365,0
15367,0
15368,0
15370,0
15372,0
15373,0
15374,0
15376,0
15377,1
15378,1
15379,0
15380,1
15382,0
15383,1
15387,0
15388,0
15389,0
15392,0
15394,0
15396,1
15399,0
15405,0
15408,0
15410,0
15412,0
15416,0
15419,0
15421,0
15422,0
15423,0
15425,0
15428,0
15430,0
15434,0
15435,0
15436,0
15437,0
15443,1
15444,1
15446,0
15447,0
15448,0
15450,0
15451,0
15454,0
15457,0
15459,0
15460,0
15465,0
15471,0
15473,1
15474,0
15476,0
15477,0
15478,0
15480,0
15482,1
15483,0
15484,0
15486,0
15487,0
15490,0
15491,0
15492,0
15493,0
15494,0
15495,0
15496,0
15497,0
15499,0
15500,0
15501,0
15502,1
15504,0
15505,0
15508,1
15509,0
15510,0
15512,0
15514,0
15515,0
15516,0
15517,1
15518,0
15519,0
15520,0
15521,0
15523,0
15525,0
15526,0
15529,0
15530,0
15531,1
15532,0
15533,0
15534,1
15536,0
15541,1
15542,0
15543,0
15544,0
15545,0
15546,0
15547,0
15550,0
15553,0
15557,0
15558,0
15560,0
15562,0
15563,0
15564,0
15566,0
15567,0
15569,0
15571,0
15572,1
15576,0
15578,0
15579,0
15580,0
15581,0
15583,0
15587,0
15588,0
15592,0
15595,0
15596,0
15597,0
15598,0
15599,1
15601,0
15602,1
15605,0
15607,0
15609,0
15610,0
15611,1
15612,1
15615,0
15618,0
15619,0
15620,0
15621,0
15622,0
15623,0
15625,0
15627,0
15628,1
15630,0
15632,0
15633,0
15634,0
15635,1
15638,0
15640,0
15641,0
15642,0
15644,0
15645,0
15646,0
15647,0
15648,0
15649,0
15652,0
15653,0
15655,0
15657,0
15658,0
15659,0
15665,1
15667,0
15668,0
15675,0
15676,0
15677,0
15680,0
15681,1
15682,0
15683,0
15684,0
15686,0
15689,0
15690,0
15691,0
15692,0
15694,0
15695,0
15696,0
15697,0
15698,0
15701,0
15704,0
15706,1
15710,0
15711,0
15712,0
15713,0
15716,0
15717,0
15719,0
15722,0
15723,0
15725,0
15726,0
15727,0
15730,0
15732,0
15733,0
15734,0
15736,1
15739,0
15741,0
15742,0
15744,0
15750,0
15751,0
15752,0
15753,0
15754,0
15755,0
15756,1
15757,0
15758,0
15764,0
15767,0
15769,0
15770,0
15771,0
15774,0
15775,0
15778,0
15779,0
15782,0
15783,1
15785,0
15786,0
15792,0
15793,0
15794,0
15795,0
15799,0
15801,0
15802,0
15803,0
15805,0
15806,0
15807,0
15808,0
15810,0
15816,0
15817,0
15819,0
15820,0
15824,0
15825,0
15826,0
15829,0
15830,0
15831,0
15833,0
15835,0
15836,0
15837,0
15838,0
15847,0
15852,0
15853,0
15856,0
15857,0
15858,0
15859,0
15861,0
15863,0
15865,0
15866,1
15867,0
15870,0
15873,0
15874,1
15875,0
15876,0
15878,0
15879,0
15880,0
15883,0
15887,0
15893,1
15895,0
15899,0
15901,1
15902,0
15904,0
15906,0
15907,0
15909,1
15913,0
15914,1
15915,0
15916,0
15919,0
15920,0
15921,0
15923,0
15924,0
15925,0
15926,1
15928,0
15929,0
15930,0
15933,0
15934,0
15935,0
15936,0
15938,1
15939,1
15943,0
15944,0
15945,0
15947,0
15948,0
15949,0
15950,1
15952,0
15953,0
15955,0
15956,0
15957,0
15958,0
15959,0
15960,0
15961,0
15962,0
15963,0
15964,0
15966,0
15968,0
15969,0
15970,0
15972,0
15973,0
15976,0
15977,0
15979,0
15980,0
15982,0
15983,0
15984,0
15987,0
15988,0
15990,0
15993,0
15994,0
15997,0
15998,0
15999,0
16001,0
16002,0
16004,0
16005,0
16008,0
16010,0
16011,0
16012,0
16015,0
16016,1
16018,0
16019,0
16020,0
16021,0
16023,0
16024,0
16026,0
16028,0
16029,0
16030,0
16033,0
16034,0
16035,0
16036,0
16038,0
16040,0
16042,0
16043,1
16045,0
16047,0
16049,0
16050,0
16052,0
16055,1
16057,0
16059,0
16060,0
16062,0
16063,0
16065,0
16068,0
16069,1
16070,0
16074,0
16075,0
16076,0
16079,0
16080,0
16081,0
16082,0
16084,0
16085,0
16086,0
16087,0
16088,0
16092,0
16096,0
16097,0
16098,0
16100,1
16101,0
16102,0
16105,0
16107,0
16109,0
16112,0
16113,0
16114,0
16115,0
16116,0
16117,0
16118,0
16119,1
16120,0
16123,1
16124,0
16125,1
16126,0
16128,1
16130,0
16131,0
16133,0
16134,0
16139,0
16141,0
16142,0
16144,0
16145,1
16146,0
16147,0
16149,0
16150,0
16154,1
16155,0
16157,1
16159,0
16160,0
16167,0
16169,0
16170,0
16171,0
16173,0
16174,0
16175,0
16178,0
16179,0
16180,0
16181,0
16183,1
16187,0
16189,0
16190,0
16192,1
16194,0
16195,0
16196,0
16200,0
16204,0
16207,0
16209,0
16210,0
16211,0
16214,0
16216,0
16217,0
16218,0
16223,0
16224,0
16226,0
16227,0
16228,0
16233,0
16234,0
16235,0
16237,0
16238,0
16241,0
16242,1
16243,0
16244,0
16246,0
16249,1
16251,0
16253,0
16255,0
16256,1
16257,0
16258,0
16261,0
16263,0
16264,0
16265,0
16266,0
16267,0
16268,0
16269,1
16272,0
16273,0
16275,1
16276,1
16277,0
16279,0
16280,0
16281,0
16283,0
16285,0
16286,0
16287,0
16289,0
16291,0
16293,0
16295,0
16296,0
16297,0
16298,1
16299,1
16301,0
16304,0
16305,0
16308,0
16309,1
16310,0
16311,0
16314,0
16315,0
16316,0
16317,0
16318,1
16322,0
16323,0
16324,1
16325,0
16326,0
16329,0
16330,0
16331,0
16334,0
16335,0
16336,0
16337,1
16338,0
16341,0
16342,0
16343,1
16344,0
16346,0
16348,0
16349,0
16350,0
16352,0
16353,0
16355,0
16356,0
16357,0
16358,0
16360,0
16362,0
16364,0
16369,0
16370,0
16372,0
16373,0
16379,0
16383,0
16385,0
16386,0
16387,0
16388,0
16389,0
16390,0
16391,0
16392,0
16394,0
16395,0
16396,1
16397,0
16399,0
16400,0
16401,0
16402,0
16403,0
16404,0
16406,0
16407,1
16409,0
16410,0
16412,0
16414,0
16415,0
16416,0
16417,0
16420,1
16421,0
16422,0
16423,0
16425,0
16426,0
16427,1
16428,0
16430,0
16431,0
16432,0
16434,0
16436,0
16438,0
16439,0
16440,0
16441,1
16445,0
16449,0
16453,0
16455,0
16456,0
16458,0
16459,0
16460,0
16462,0
16463,0
16464,0
16465,0
16466,1
16467,0
16470,0
16471,0
16473,0
16474,0
16476,0
16477,0
16478,0
16479,0
16482,0
16483,0
16484,0
16485,0
16488,1
16489,0
16494,0
16496,0
16502,0
16503,0
16504,1
16509,0
16511,0
16514,0
16515,1
16516,0
16517,0
16518,0
16520,0
16521,0
16522,0
16523,0
16524,0
16525,0
16526,1
16527,0
16528,1
16530,0
16531,0
16532,0
16533,0
16534,0
16535,0
16538,0
16540,0
16542,0
16543,0
16545,0
16547,0
16548,0
16550,0
16552,0
16553,0
16556,0
16557,0
16559,0
16561,0
16564,0
16565,0
16567,0
16568,0
16570,0
16571,1
16572,0
16575,0
16577,0
16578,0
16579,0
16580,0
16581,0
16582,0
16583,0
16584,1
16585,0
16587,0
16588,0
16589,0
16591,0
16592,0
16593,0
16595,0
16600,0
16601,0
16602,0
16603,1
16605,0
16606,0
16608,0
16609,1
16610,0
16611,0
16612,0
16614,0
16615,0
16616,0
16617,0
16619,0
16621,0
16622,0
16624,0
16626,0
16627,1
16629,1
16630,1
16632,0
16634,0
16635,0
16639,0
16640,0
16643,0
16644,0
16646,0
16647,0
16648,0
16652,0
16653,0
16657,0
16658,0
16659,0
16660,0
16661,1
16662,0
16663,0
16665,0
16667,0
16668,1
16670,0
16671,0
16674,0
16676,0
16677,0
16678,0
16680,1
16681,0
16683,0
16685,0
16686,0
16687,0
16690,1
16691,0
16692,0
16693,0
16699,0
16700,0
16702,0
16706,0
16709,1
16710,1
16712,0
16716,0
16718,0
16720,0
16721,0
16722,1
16723,0
16724,1
16728,0
16733,0
16734,0
16735,0
16739,0
16740,0
16744,0
16745,0
16747,0
16748,0
16750,0
16751,1
16752,0
16753,0
16755,0
16756,0
16758,0
16759,0
16762,0
16763,0
16765,0
16766,0
16767,0
16768,0
16769,0
16770,0
16774,0
16776,0
16778,0
16779,0
16780,0
16781,0
16782,0
16783,0
16784,0
16785,0
16788,0
16789,0
16790,0
16791,1
16793,0
16795,1
16796,1
16798,0
16800,0
16802,0
16804,0
16805,1
16808,0
16809,1
16810,1
16812,0
16813,0
16814,1
16815,1
16822,0
16823,0
16824,1
16827,0
16828,0
16829,0
16831,0
16834,0
16836,0
16837,1
16838,0
16839,0
16840,1
16843,0
16846,0
16849,0
16850,1
16854,0
16855,0
16857,0
16858,0
16859,0
16860,0
16861,0
16862,0
16863,0
16864,0
16865,0
16866,0
16868,0
16869,0
16871,0
16872,0
16878,0
16881,0
16883,0
16886,0
16888,0
16889,0
16891,0
16893,0
16897,0
16898,1
16899,0
16900,0
16903,1
16904,0
16905,0
16906,0
16907,0
16908,0
16911,0
16913,1
16914,0
16915,0
16921,0
16922,0
16923,0
16927,0
16928,0
16930,0
16932,0
16933,0
16934,0
16935,0
16936,0
16938,0
16939,0
16940,0
16944,0
16946,0
16949,0
16950,0
16951,0
16952,0
16953,0
16954,0
16955,0
16956,1
16958,0
16960,0
16965,0
16967,0
16968,0
16970,0
16972,0
16973,1
16974,0
16975,1
16976,0
16981,0
16984,0
16985,0
16987,0
16988,0
16989,0
16990,0
16992,0
16994,0
16997,0
16998,0
16999,0
17000,0
17002,0
17003,0
17004,0
17005,0
17006,0
17007,1
17008,0
17009,0
17010,0
17011,0
17012,0
17013,0
17017,0
17019,0
17021,1
17024,0
17025,0
17027,0
17030,1
17031,0
17032,0
17033,0
17034,0
17035,0
17038,0
17041,0
17043,0
17044,0
17045,0
17046,0
17047,0
17048,0
17050,0
17051,0
17052,0
17054,0
17055,0
17056,0
17058,1
17060,0
17061,0
17062,0
17064,0
17065,0
17068,0
17069,0
17071,0
17072,0
17076,0
17077,1
17078,0
17079,0
17080,0
17082,0
17083,0
17086,0
17087,1
17089,0
17090,0
17091,0
17093,1
17094,1
17095,0
17096,0
17097,0
17099,0
17100,0
17101,0
17103,1
17104,0
17105,0
17108,0
17110,0
17111,0
17112,0
17113,0
17115,0
17117,0
17118,0
17119,0
17120,0
17122,1
17123,0
17124,0
17125,0
17126,0
17127,1
17130,0
17131,0
17132,0
17133,0
17135,0
17138,0
17139,0
17141,1
17142,0
17143,0
17144,0
17146,0
17147,0
17150,0
17151,0
17153,0
17155,0
17156,0
17157,1
17159,0
17163,0
17165,0
17166,0
17168,0
17170,0
17171,0
17173,0
17174,0
17175,0
17178,0
17182,0
17185,0
17190,0
17194,0
17198,0
17199,0
17200,0
17201,0
17203,0
17204,0
17207,0
17208,0
17212,0
17213,0
17214,0
17215,0
17216,0
17217,0
17218,0
17220,0
17224,0
17225,0
17226,0
17227,1
17228,0
17229,1
17230,0
17233,0
17235,0
17237,0
17239,0
17240,0
17242,0
17245,0
17248,1
17249,0
17251,0
17254,0
17255,0
17257,0
17258,0
17260,0
17261,0
17262,1
17263,0
17264,0
17266,0
17267,0
17269,0
17270,0
17272,0
17273,0
17275,1
17276,0
17277,1
17278,0
17280,0
17284,0
17285,0
17286,0
17287,0
17291,0
17292,0
17294,0
17296,0
17297,0
17301,0
17302,0
17303,0
17304,0
17305,0
17306,0
17307,0
17308,0
17309,0
17310,0
17311,0
17312,0
17314,0
17315,0
17318,0
17319,0
17324,0
17325,0
17326,0
17327,0
17329,0
17330,0
17332,0
17334,0
17335,0
17339,1
17343,0
17348,0
17353,0
17354,0
17355,0
17359,0
17360,0
17361,0
17363,0
17369,0
17370,0
17371,1
17372,0
17373,0
17375,0
17376,0
17377,0
17380,0
17381,0
17387,0
17388,0
17390,1
17391,0
17394,0
17395,0
17400,0
17402,0
17404,0
17406,0
17408,0
17410,1
17411,0
17413,0
17414,0
17416,0
17418,0
17421,0
17422,0
17424,0
17425,0
17426,0
17427,0
17430,0
17433,0
17434,0
17435,0
17436,0
17437,0
17439,0
17440,0
17442,0
17443,0
17444,0
17445,0
17447,0
17449,0
17451,0
17452,0
17453,0
17454,0
17455,0
17457,0
17458,1
17459,1
17460,0
17461,0
17462,0
17463,0
17465,0
17466,0
17467,0
17468,0
17469,0
17470,0
17472,0
17473,0
17477,0
17478,1
17480,0
17481,0
17487,0
17488,1
17491,0
17492,0
17494,0
17495,0
17496,0
17498,0
17499,0
17502,0
17504,1
17505,0
17507,0
17509,0
17510,0
17511,0
17512,0
17514,0
17516,0
17519,0
17520,1
17522,0
17526,0
17527,0
17529,0
17531,0
17534,0
17535,1
17537,0
17541,0
17542,0
17543,0
17545,0
17547,0
17548,0
17552,0
17554,0
17555,0
17556,0
17557,0
17558,0
17559,0
17563,0
17564,0
17570,0
17572,0
17574,0
17576,0
17578,0
17580,0
17581,0
17582,0
17583,0
17584,1
17586,0
17587,1
17588,0
17589,0
17591,0
17592,0
17593,0
17595,0
17597,0
17599,1
17601,0
17606,0
17608,0
17609,1
17610,0
17613,0
17615,0
17617,0
17618,0
17619,0
17620,1
17621,1
17622,0
17624,0
17625,0
17626,0
17627,0
17629,0
17630,0
17632,0
17635,0
17636,0
17638,0
17640,0
17641,0
17642,0
17643,0
17645,0
17647,1
17648,0
17649,0
17650,0
17651,0
17655,0
17656,1
17657,0
17658,1
17659,1
17660,0
17663,1
17666,0
17667,0
17669,0
17670,0
17673,0
17674,0
17677,0
17679,0
17680,0
17683,0
17684,0
17687,0
17689,0
17690,0
17694,0
17696,0
17697,0
17701,0
17702,0
17705,0
17706,0
17710,0
17712,0
17713,0
17714,0
17716,0
17717,0
17718,0
17719,1
17720,0
17722,0
17724,0
17725,0
17726,0
17729,0
17730,0
17731,0
17733,0
17735,0
17736,1
17739,0
17742,0
17744,0
17746,0
17747,0
17748,0
17749,0
17750,1
17751,0
17752,1
17754,1
17755,0
17759,0
17760,0
17761,0
17763,0
17764,0
17767,0
17770,0
17771,1
17772,0
17774,0
17775,0
17778,0
17781,0
17782,0
17784,0
17788,0
17790,0
17791,0
17793,0
17794,0
17795,0
17796,0
17798,0
17800,0
17801,0
17803,0
17804,1
17805,0
17806,0
17807,0
17810,0
17811,0
17812,0
17813,0
17815,0
17816,0
17818,0
17821,0
17822,0
17824,0
17825,0
17826,0
17827,0
17829,0
17830,0
17831,0
17832,0
17833,0
17834,0
17836,0
17839,0
17842,0
17844,1
17845,0
17846,0
17848,0
17849,0
17851,0
17853,0
17854,0
17855,0
17856,0
17858,0
17860,0
17862,0
17865,0
17866,0
17867,1
17870,0
17871,0
17872,0
17873,0
17874,0
17876,0
17877,0
17878,0
17881,0
17882,0
17885,0
17886,1
17887,0
17890,0
17891,0
17893,0
17895,0
17898,0
17900,0
17902,0
17905,1
17906,0
17907,0
17908,0
17909,1
17910,0
17911,0
17912,0
17913,0
17914,0
17918,1
17921,0
17924,0
17925,1
17929,0
17930,1
17932,0
17934,0
17936,0
17937,0
17938,0
17940,0
17941,0
17943,0
17947,0
17949,0
17950,0
17951,0
17953,0
17954,0
17955,0
17956,0
17962,0
17965,0
17966,1
17967,0
17968,0
17969,0
17970,0
17971,1
17975,0
17978,0
17983,1
17984,0
17985,0
17986,0
17987,0
17989,0
17990,0
17991,0
17992,0
17993,0
17997,0
17998,0
18000,0
18001,1
18002,0
18003,0
18004,0
18005,1
18006,0
18007,0
18008,0
18012,0
18013,0
18014,0
18016,0
18017,0
18018,0
18021,0
18022,0
18023,0
18026,0
18027,0
18029,0
18030,0
18033,0
18034,0
18035,1
18039,1
18040,0
18042,0
18044,0
18045,1
18046,0
18048,0
18049,0
18053,0
18055,0
18057,0
18058,0
18059,0
18061,0
18063,0
18064,0
18066,0
18067,0
18070,1
18071,0
18072,0
18073,0
18076,0
18077,0
18079,0
18080,0
18081,0
18082,0
18083,0
18084,0
18085,0
18086,1
18087,0
18088,1
18091,0
18092,0
18093,0
18097,0
18098,0
18099,0
18102,0
18105,0
18107,0
18108,0
18110,0
18111,0
18115,0
18116,0
18117,0
18119,0
18122,0
18123,0
18124,0
18126,0
18128,0
18129,1
18133,0
18134,0
18135,0
18140,0
18142,0
18145,0
18146,0
18147,0
18148,0
18150,0
18152,0
18153,0
18155,0
18161,0
18163,1
18164,0
18166,0
18169,0
18170,0
18173,0
18174,0
18175,0
18176,0
18178,0
18180,0
18183,0
18184,0
18187,0
18188,0
18190,0
18191,0
18192,0
18195,0
18198,1
18199,0
18200,0
18203,0
18204,0
18205,0
18207,0
18208,0
18210,0
18211,0
18215,0
18217,0
18218,0
18219,0
18220,0
18222,0
18223,0
18225,0
18228,0
18229,0
18230,0
18231,0
18233,0
18237,0
18238,0
18239,0
18243,0
18244,0
18245,0
18248,0
18249,0
18250,0
18251,0
18253,0
18254,0
18256,0
18257,0
18259,0
18262,0
18265,0
18267,0
18268,0
18273,0
18274,0
18275,0
18278,0
18280,0
18281,0
18282,0
18283,0
18284,0
18285,1
18286,0
18287,0
18290,0
18291,0
18292,1
18293,0
18294,0
18298,0
18299,0
18302,0
18304,1
18306,0
18309,0
18310,0
18313,0
18314,0
18316,0
18318,0
18319,0
18320,0
18321,0
18322,0
18323,0
18324,0
18325,0
18326,0
18330,0
18333,0
18335,0
18336,0
18338,0
18339,0
18340,0
18342,0
18343,0
18345,0
18347,0
18348,0
18349,0
18350,0
18351,0
18355,0
18358,0
18359,0
18363,0
18366,0
18369,0
18370,0
18371,0
18372,0
18374,1
18375,0
18376,0
18377,0
18378,0
18380,0
18382,0
18383,0
18385,0
18387,0
18388,0
18389,0
18391,0
18392,0
18397,1
18398,0
18399,0
18400,0
18401,0
18403,0
18404,0
18406,0
18407,0
18408,0
18409,0
18412,1
18413,0
18414,0
18415,0
18417,0
18419,0
18420,0
18421,1
18422,0
18423,0
18424,0
18426,0
18428,0
18429,0
18430,0
18431,0
18432,0
18433,0
18434,0
18435,0
18437,0
18438,0
18439,0
18442,0
18445,0
18446,0
18447,0
18449,0
18450,0
18451,0
18452,0
18454,0
18455,0
18456,0
18457,0
18459,0
18461,0
18462,0
18466,0
18467,0
18470,0
18471,0
18473,0
18477,0
18478,0
18481,0
18482,0
18484,1
18485,0
18487,0
18488,0
18489,0
18490,0
18491,0
18494,0
18495,0
18496,0
18497,0
18499,0
18500,0
18502,0
18504,1
18505,0
18508,0
18512,0
18514,0
18516,0
18517,1
18518,0
18521,0
18522,0
18523,0
18524,0
18525,0
18527,0
18528,0
18529,0
18531,0
18533,0
18534,0
18536,0
18539,0
18541,0
18542,0
18543,0
18545,0
18546,0
18547,1
18549,0
18552,1
18554,1
18556,0
18557,0
18558,0
18559,0
18560,0
18562,0
18563,0
18564,0
18568,0
18571,0
18572,0
18573,0
18575,0
18576,0
18578,0
18580,0
18584,0
18585,0
18586,0
18589,0
18590,0
18593,0
18594,0
18600,0
18601,0
18604,0
18605,0
18606,0
18607,0
18609,0
18610,0
18612,0
18613,0
18615,0
18618,0
18619,0
18620,0
18622,0
18623,0
18624,0
18625,0
18626,1
18628,0
18630,0
18633,0
18635,0
18636,0
18637,0
18639,0
18640,0
18641,0
18643,0
18644,0
18645,1
18646,0
18649,0
18652,0
18653,0
18654,0
18655,1
18656,0
18659,0
18660,0
18662,1
18665,0
18668,0
18670,0
18671,0
18672,0
18673,0
18675,0
18676,0
18680,0
18682,1
18683,0
18684,0
18685,0
18686,0
18687,0
18688,0
18689,0
18690,0
18692,0
18693,0
18695,0
18696,0
18699,1
18701,0
18703,0
18704,0
18706,0
18707,0
18709,0
18712,0
18713,1
18714,0
18715,0
18716,0
18717,0
18718,0
18719,0
18721,0
18724,0
18725,0
18727,0
18732,0
18733,0
18734,1
18735,0
18737,0
18738,0
18740,0
18741,0
18742,0
18744,0
18745,0
18746,0
18748,0
18749,0
18754,0
18756,0
18761,0
18762,0
18763,1
18767,0
18768,0
18772,0
18773,0
18776,0
18777,0
18778,0
18779,0
18782,0
18783,0
18784,1
18785,0
18786,0
18788,0
18790,0
18792,0
18794,0
18795,0
18796,0
18797,0
18798,0
18799,0
18800,0
18803,0
18805,0
18807,0
18808,0
18809,0
18812,0
18814,0
18819,0
18826,0
18830,0
18831,0
18834,0
18835,0
18836,0
18837,0
18838,0
18839,0
18840,0
18842,0
18843,0
18846,0
18847,0
18849,0
18851,0
18852,0
18856,0
18857,0
18860,1
18861,0
18863,0
18864,0
18867,0
18868,1
18870,0
18874,0
18875,0
18876,0
18877,0
18878,0
18881,0
18882,1
18885,0
18890,0
18891,0
18892,1
18895,0
18896,0
18897,0
18898,0
18899,1
18900,0
18901,0
18903,0
18904,0
18905,0
18908,0
18911,0
18914,0
18915,0
18917,0
18920,0
18922,0
18924,0
18926,0
18931,0
18932,0
18933,0
18934,0
18935,0
18936,0
18937,0
18939,0
18940,0
18941,0
18943,0
18945,0
18946,0
18947,0
18948,1
18949,0
18950,0
18955,0
18956,0
18958,0
18959,0
18960,0
18961,0
18962,0
18963,0
18965,0
18967,0
18969,0
18971,0
18974,0
18975,0
18976,0
18977,0
18979,0
18981,0
18984,0
18988,0
18989,1
18990,0
18993,0
18994,1
18995,0
18996,0
19002,0
19003,0
19005,0
19007,0
19008,0
19010,0
19012,0
19015,0
19017,0
19018,0
19019,1
19020,0
19022,0
19026,0
19027,0
19031,0
19032,0
19033,0
19039,0
19040,0
19041,0
19042,0
19043,0
19047,0
19048,0
19050,0
19051,0
19052,0
19054,0
19057,0
19058,1
19061,0
19063,0
19064,0
19065,0
19067,0
19070,0
19072,0
19073,0
19074,0
19076,0
19079,1
19080,0
19082,0
19084,0
19086,0
19088,0
19089,1
19091,0
19095,0
19097,0
19099,0
19100,0
19101,1
19102,0
19103,0
19104,0
19107,0
19108,0
19111,0
19112,0
19115,0
19116,0
19118,0
19119,0
19122,0
19123,0
19125,1
19128,0
19130,0
19134,0
19135,0
19138,0
19140,0
19141,0
19143,0
19145,0
19147,0
19148,0
19149,0
19152,1
19154,1
19155,0
19157,0
19158,0
19160,0
19163,1
19166,0
19167,0
19169,1
19170,0
19171,0
19172,0
19173,0
19174,1
19175,0
19176,0
19177,0
19178,1
19182,0
19183,0
19185,0
19186,0
19189,0
19191,0
19192,0
19193,0
19194,0
19195,0
19196,0
19198,0
19199,0
19202,1
19203,0
19204,0
19206,0
19207,0
19209,0
19211,0
19214,0
19215,0
19218,0
19220,0
19221,0
19223,0
19225,0
19226,0
19228,0
19229,0
19232,1
19233,0
19236,0
19237,0
19239,0
19240,0
19242,0
19244,0
19245,0
19248,0
19249,0
19250,0
19251,0
19253,0
19254,0
19255,0
19256,0
19258,0
19259,0
19260,0
19263,0
19264,0
19265,0
19266,0
19267,0
19270,0
19271,0
19275,1
19276,0
19277,0
19278,0
19279,0
19281,0
19282,0
19283,0
19284,0
19288,0
19289,0
19290,0
19292,0
19293,0
19294,1
19298,0
19299,1
19300,0
19302,0
19303,0
19304,0
19305,0
19307,0
19309,0
19313,0
19314,0
19316,0
19317,0
19319,0
19320,0
19322,0
19323,0
19324,0
19325,0
19326,0
19327,0
19329,0
19330,0
19332,0
19333,0
19335,0
19340,0
19341,0
19342,1
19344,0
19346,0
19347,0
19349,0
19350,0
19352,0
19353,0
19354,0
19355,0
19356,0
19359,0
19361,0
19362,0
19364,0
19365,0
19366,0
19367,0
19368,0
19371,0
19372,0
19373,0
19374,0
19375,0
19377,0
19378,0
19379,1
19382,0
19383,0
19388,0
19390,0
19392,0
19394,1
19395,0
19397,0
19399,0
19400,0
19401,0
19402,0
19403,0
19404,0
19406,0
19413,0
19414,0
19415,0
19418,0
19420,0
19421,0
19423,0
19425,0
19427,0
19428,0
19433,0
19434,0
19436,0
19438,1
19440,0
19441,0
19445,0
19447,0
19449,0
19451,0
19452,0
19457,0
19458,0
19460,0
19461,0
19462,0
19463,0
19464,0
19465,1
19467,0
19468,0
19470,0
19472,0
19473,0
19476,0
19477,0
19478,0
19479,0
19482,0
19483,0
19484,1
19485,1
19487,0
19488,0
19489,0
19492,0
19494,0
19495,0
19496,0
19497,0
19498,0
19499,0
19501,0
19503,1
19504,0
19505,0
19506,0
19507,0
19508,0
19511,0
19512,0
19513,0
19514,0
19515,0
19518,0
19519,0
19520,0
19521,0
19522,0
19523,0
19526,0
19527,0
19529,0
19530,0
19532,0
19533,0
19534,1
19536,1
19537,0
19544,0
19545,0
19547,0
19548,0
19549,0
19550,0
19551,0
19552,0
19553,0
19556,0
19557,0
19560,0
19561,1
19565,0
19566,0
19567,0
19570,0
19574,0
19575,0
19576,0
19577,0
19578,0
19580,1
19583,0
19584,0
19585,0
19586,0
19587,1
19588,0
19590,0
19593,0
19594,1
19595,0
19596,0
19597,1
19598,0
19599,0
19602,0
19603,1
19604,0
19605,0
19606,0
19608,0
19609,0
19611,0
19613,0
19614,0
19615,0
19616,0
19617,0
19618,0
19619,0
19620,0
19623,1
19626,0
19628,0
19630,0
19631,0
19634,0
19635,0
19636,0
19637,0
19638,0
19640,0
19644,0
19646,0
19648,0
19649,0
19650,0
19652,0
19653,0
19659,0
19660,0
19661,0
19662,0
19666,0
19668,0
19669,0
19670,0
19671,0
19672,0
19673,0
19674,0
19675,0
19676,0
19677,0
19678,1
19679,0
19682,0
19683,0
19685,0
19686,0
19691,0
19692,0
19693,0
19694,0
19695,0
19698,1
19700,1
19702,0
19703,0
19706,0
19708,0
19709,0
19711,0
19712,0
19713,0
19714,0
19715,0
19722,0
19724,0
19726,0
19728,0
19730,0
19731,1
19732,0
19734,1
19735,0
19736,0
19737,0
19738,0
19740,0
19744,0
19747,0
19748,0
19750,0
19753,0
19757,0
19758,0
19761,0
19762,0
19763,0
19765,0
19766,0
19767,0
19768,0
19770,0
19772,0
19773,0
19775,0
19777,0
19778,0
19781,0
19782,0
19783,0
19784,0
19785,0
19786,0
19787,0
19789,0
19790,0
19792,0
19795,0
19796,0
19798,0
19799,0
19802,0
19804,0
19805,0
19806,0
19808,1
19811,0
19812,0
19813,0
19814,0
19817,0
19822,0
19823,0
19825,0
19826,0
19829,0
19830,1
19833,0
19834,0
19837,0
19843,0
19844,1
19845,0
19846,0
19850,0
19851,0
19854,0
19856,0
19857,0
19858,0
19859,0
19860,0
19861,0
19863,0
19864,0
19865,0
19866,0
19869,0
19870,0
19873,0
19874,1
19876,0
19877,0
19878,0
19879,0
19880,0
19881,1
19882,0
19883,0
19884,0
19887,0
19889,0
19891,0
19892,0
19893,0
19896,0
19897,0
19898,1
19901,0
19903,1
19906,0
19907,0
19910,0
19912,0
19913,0
19915,0
19917,0
19922,0
19924,0
19926,0
19927,0
19930,0
19932,0
19935,0
19937,0
19938,0
19940,0
19944,0
19946,0
19947,0
19950,0
19952,0
19953,0
19954,0
19956,0
19958,0
19961,0
19962,0
19964,0
19967,0
19969,1
19972,0
19974,0
19976,0
19978,0
19979,0
19987,0
19989,0
19990,0
19991,0
19992,1
19993,0
19995,0
19996,1
19997,0
19998,0
19999,0
20000,0
20003,0
20004,0
20006,0
20007,0
20008,0
20009,0
20010,0
20011,0
20012,0
20013,0
20016,0
20017,0
20019,0
20023,1
20028,0
20029,0
20034,0
20035,0
20037,0
20038,0
20040,0
20043,0
20045,1
20046,0
20047,1
20048,0
20049,0
20051,0
20054,0
20055,0
20058,0
20060,0
20061,0
20062,0
20063,0
20064,0
20065,0
20068,0
20073,1
20076,0
20078,0
20080,0
20081,0
20084,0
20085,0
20087,0
20088,0
20089,0
20090,0
20091,0
20092,0
20093,1
20094,1
20095,0
20104,0
20105,0
20106,0
20107,0
20109,0
20111,0
20115,0
20116,0
20118,0
20120,0
20121,1
20122,0
20123,0
20125,1
20126,1
20129,0
20130,0
20133,0
20136,0
20138,0
20142,0
20144,0
20145,0
20147,0
20148,0
20150,0
20151,0
20152,0
20155,0
20156,0
20157,0
20159,0
20163,0
20164,0
20169,0
20174,0
20175,0
20177,0
20178,0
20179,0
20180,0
20186,0
20188,0
20192,0
20193,0
20194,0
20195,1
20198,1
20199,0
20200,1
20202,0
20204,0
20208,0
20209,0
20210,0
20212,0
20213,0
20215,1
20216,0
20217,0
20218,0
20221,0
20230,0
20231,0
20233,0
20234,0
20235,0
20239,1
20240,0
20242,0
20243,0
20245,0
20247,0
20249,0
20250,0
20251,0
20253,0
20254,0
20255,0
20256,0
20259,0
20260,1
20261,0
20263,0
20264,0
20266,0
20267,0
20270,0
20272,1
20275,0
20280,0
20281,0
20285,0
20286,0
20290,1
20294,0
20295,0
20296,0
20297,0
20300,0
20301,0
20302,0
20303,0
20304,0
20305,1
20307,0
20308,0
20310,0
20311,0
20312,0
20315,0
20317,0
20318,0
20320,0
20321,0
20322,0
20323,1
20328,0
20331,0
20332,0
20333,0
20334,0
20335,0
20338,0
20339,0
20340,0
20341,0
20342,0
20344,0
20347,0
20354,0
20355,0
20356,0
20357,1
20358,0
20359,0
20360,0
20361,0
20362,0
20365,0
20366,1
20367,0
20368,1
20369,0
20370,0
20371,0
20372,0
20373,0
20377,0
20379,0
20381,0
20382,0
20384,0
20385,0
20387,0
20388,0
20389,0
20394,0
20395,0
20396,0
20397,0
20398,0
20400,0
20404,0
20405,0
20408,0
20409,0
20410,0
20411,0
20412,0
20413,0
20414,0
20415,0
20417,0
20419,0
20422,0
20423,0
20424,0
20426,0
20427,0
20429,0
20430,0
20431,0
20432,0
20434,0
20435,0
20437,0
20439,1
20445,0
20447,0
20448,0
20452,0
20455,0
20456,0
20457,0
20460,0
20462,0
20463,0
20464,0
20467,0
20471,1
20474,0
20477,0
20478,0
20479,0
20483,0
20484,0
20487,0
20489,0
20490,0
20491,0
20492,0
20493,0
20495,0
20496,0
20497,0
20499,0
20500,0
20501,0
20503,0
20507,0
20508,0
20510,0
20511,0
20512,0
20513,0
20515,0
20517,0
20518,0
20519,0
20520,0
20521,0
20523,0
20524,0
20525,0
20527,0
20528,0
20531,0
20532,0
20533,0
20534,0
20535,0
20537,0
20539,0
20540,0
20541,0
20542,0
20543,0
20544,0
20546,0
20548,0
20549,0
20550,0
20551,0
20552,0
20553,0
20554,1
20559,0
20560,0
20561,0
20564,0
20565,1
20567,0
20569,1
20570,0
20572,0
20575,0
20576,0
20577,0
20578,0
20579,0
20582,0
20583,0
20587,0
20589,0
20590,0
20591,0
20593,0
20595,0
20598,0
20599,0
20602,0
20603,0
20604,0
20608,0
20610,0
20611,0
20612,0
20613,0
20614,0
20615,1
20618,0
20619,0
20620,0
20621,0
20623,0
20625,0
20626,1
20627,0
20629,0
20631,0
20634,0
20635,0
20639,0
20641,0
20642,0
20646,0
20647,1
20648,0
20650,0
20652,0
20654,0
20658,0
20659,0
20661,0
20662,0
20664,0
20666,0
20667,0
20668,0
20669,0
20673,0
20674,0
20675,0
20676,0
20677,0
20678,0
20681,0
20685,0
20688,0
20691,0
20692,0
20694,0
20695,0
20696,0
20697,0
20698,0
20699,0
20702,0
20703,0
20705,0
20707,0
20710,0
20711,0
20712,0
20715,0
20717,1
20719,0
20720,0
20721,0
20722,0
20723,1
20727,0
20728,0
20729,0
20730,0
20733,0
20734,0
20735,0
20737,0
20738,0
20739,0
20740,0
20741,0
20743,0
20744,0
20745,1
20746,0
20747,0
20750,0
20752,0
20753,0
20754,0
20755,0
20756,0
20757,1
20758,0
20759,1
20760,0
20762,0
20763,0
20765,0
20766,0
20768,0
20770,0
20772,0
20774,0
20776,0
20777,1
20778,0
20779,0
20780,0
20788,0
20789,0
20790,0
20791,0
20794,0
20797,0
20801,0
20802,1
20807,1
20809,0
20812,0
20814,0
20816,0
20818,0
20819,0
20820,0
20821,0
20823,0
20824,0
20826,0
20828,0
20831,0
20832,1
20833,0
20836,0
20837,0
20838,1
20840,0
20843,0
20844,0
20845,0
20848,0
20849,0
20850,0
20851,0
20852,0
20853,0
20854,0
20856,0
20858,0
20859,0
20860,0
20861,1
20862,0
20863,0
20868,0
20872,0
20873,0
20876,0
20878,1
20879,0
20880,0
20882,0
20883,0
20886,1
20888,0
20890,0
20894,0
20895,0
20896,0
20898,1
20899,0
20902,0
20903,0
20904,0
20906,0
20907,0
20908,0
20909,0
20910,0
20913,0
20915,0
20917,0
20918,0
20919,0
20920,0
20921,0
20922,0
20923,0
20925,0
20926,0
20928,0
20929,0
20930,0
20931,0
20932,0
20937,0
20938,0
20942,0
20945,0
20946,0
20947,0
20948,0
20951,0
20953,0
20954,0
20956,0
20958,0
20961,0
20964,0
20965,0
20966,0
20967,0
20968,0
20969,0
20970,0
20971,0
20974,0
20976,1
20978,0
20979,0
20981,0
20983,0
20984,0
20985,0
20986,0
20987,0
20988,0
20989,0
20993,0
20996,0
20997,0
21002,0
21005,0
21007,0
21009,0
21010,0
21012,0
21013,0
21014,0
21015,0
21016,0
21017,0
21018,0
21019,0
21021,0
21023,0
21025,0
21027,0
21028,0
21029,0
21030,0
21031,0
21032,0
21036,0
21037,0
21039,0
21040,0
21041,0
21043,0
21044,0
21045,0
21048,0
21049,0
21050,0
21051,1
21053,0
21054,0
21055,0
21057,0
21062,0
21072,0
21075,0
21076,0
21077,0
21078,1
21079,0
21081,0
21082,0
21083,0
21086,0
21087,0
21088,0
21089,0
21092,0
21093,0
21094,1
21096,0
21098,0
21099,0
21100,0
21101,0
21102,1
21104,0
21105,0
21113,0
21117,0
21118,0
21119,0
21120,0
21122,0
21124,0
21125,0
21127,0
21128,0
21131,0
21132,0
21136,0
21137,0
21138,0
21142,0
21143,0
21144,1
21145,0
21147,0
21148,0
21150,0
21152,0
21153,0
21154,0
21156,0
21157,1
21158,0
21159,0
21162,0
21163,0
21165,0
21166,0
21167,0
21171,0
21173,0
21174,0
21175,0
21177,0
21180,0
21181,0
21183,0
21186,0
21187,0
21188,0
21189,0
21192,0
21194,1
21198,0
21200,0
21201,0
21206,0
21207,0
21208,0
21209,1
21210,0
21211,0
21212,0
21213,0
21215,0
21217,0
21218,0
21219,0
21221,0
21222,0
21224,0
21225,0
21226,0
21231,0
21232,0
21234,0
21235,0
21236,0
21237,0
21239,1
21242,0
21245,0
21246,0
21248,0
21251,0
21252,1
21253,0
21254,0
21259,0
21260,0
21264,0
21265,0
21266,1
21267,0
21270,0
21272,1
21273,0
21274,0
21277,1
21278,0
21280,0
21281,0
21284,0
21285,0
21287,0
21288,0
21289,0
21290,0
21292,0
21293,0
21294,0
21297,0
21298,0
21299,0
21302,0
21305,0
21307,0
21309,0
21310,0
21311,0
21312,0
21315,0
21316,1
21318,0
21320,0
21323,0
21325,1
21327,0
21328,0
21329,0
21331,0
21333,0
21334,0
21336,0
21337,0
21339,0
21340,1
21341,0
21342,0
21343,0
21344,0
21347,0
21348,0
21350,0
21351,0
21353,0
21354,0
21355,0
21356,0
21358,0
21359,0
21362,0
21363,0
21364,0
21366,0
21367,0
21368,0
21369,0
21372,1
21377,0
21378,0
21381,0
21382,0
21384,0
21385,0
21386,0
21387,0
21388,0
21390,0
21391,0
21396,0
21397,0
21399,0
21400,0
21401,0
21403,0
21404,0
21405,1
21407,0
21408,0
21409,0
21415,0
21418,0
21419,0
21421,0
21422,0
21424,0
21425,0
21427,0
21430,0
21432,0
21433,0
21434,0
21435,1
21436,0
21437,0
21438,1
21439,0
21440,0
21441,0
21442,0
21444,0
21445,0
21446,0
21450,0
21452,0
21453,0
21454,0
21455,0
21456,0
21458,0
21459,0
21460,0
21462,1
21464,0
21465,0
21467,0
21471,0
21475,0
21476,0
21478,0
21479,0
21481,0
21482,0
21483,0
21484,0
21486,0
21487,0
21488,0
21489,0
21491,0
21492,0
21495,0
21496,0
21497,0
21498,0
21501,0
21502,0
21503,0
21504,1
21505,0
21507,0
21510,0
21511,0
21513,0
21514,0
21515,0
21516,0
21517,0
21518,0
21524,0
21526,0
21527,0
21532,0
21535,1
21538,0
21540,1
21541,0
21545,0
21546,0
21547,0
21548,1
21549,0
21550,0
21551,0
21556,0
21557,0
21560,0
21562,0
21563,0
21566,0
21567,0
21569,0
21571,0
21574,1
21576,0
21577,0
21578,0
21579,0
21586,0
21587,0
21588,0
21589,1
21591,0
21592,0
21594,0
21595,0
21596,0
21597,0
21598,0
21600,0
21602,0
21603,0
21605,1
21610,0
21611,0
21612,0
21613,0
21618,0
21625,1
21626,0
21627,0
21628,0
21629,0
21631,0
21634,0
21635,0
21636,0
21637,1
21638,0
21639,1
21640,0
21641,0
21642,0
21643,0
21646,0
21647,0
21648,0
21651,0
21654,0
21656,0
21660,0
21662,0
21663,0
21665,0
21667,0
21669,1
21672,0
21673,0
21674,0
21678,0
21679,0
21681,0
21682,0
21684,0
21688,0
21690,0
21691,0
21692,0
21693,0
21694,0
21698,0
21699,1
21700,0
21701,0
21702,0
21703,0
21706,0
21707,0
21708,0
21709,0
21711,1
21712,0
21714,1
21715,0
21716,0
21717,0
21719,1
21720,1
21722,0
21726,0
21730,0
21732,0
21733,0
21734,0
21735,0
21736,0
21738,0
21740,0
21741,0
21742,0
21743,1
21744,1
21745,0
21746,0
21748,0
21749,0
21750,0
21754,0
21756,0
21758,0
21759,0
21760,0
21761,0
21762,0
21763,0
21764,0
21766,0
21768,1
21769,0
21771,1
21773,0
21774,0
21775,0
21776,0
21778,0
21781,0
21782,0
21783,0
21784,0
21785,0
21786,0
21788,0
21791,0
21792,0
21797,0
21799,0
21800,0
21801,0
21802,1
21803,0
21806,0
21809,0
21812,0
21815,1
21816,0
21817,0
21821,0
21822,0
21823,0
21824,0
21825,0
21827,0
21828,0
21829,0
21830,0
21831,0
21832,0
21834,0
21836,0
21838,0
21840,0
21841,0
21842,0
21843,1
21845,0
21847,0
21849,0
21852,0
21857,0
21858,0
21859,0
21862,0
21863,1
21864,1
21865,0
21866,0
21867,0
21868,0
21869,0
21872,0
21877,0
21878,0
21879,0
21880,0
21882,0
21883,0
21885,1
21886,0
21887,0
21888,1
21889,0
21890,0
21891,0
21892,0
21893,0
21894,0
21897,0
21898,0
21899,0
21901,0
21902,0
21905,0
21907,0
21909,1
21912,0
21913,0
21914,0
21915,1
21916,0
21918,0
21919,0
21922,0
21923,0
21924,0
21925,0
21926,0
21928,0
21929,0
21930,0
21935,0
21937,0
21938,0
21939,0
21940,0
21941,0
21942,0
21944,0
21946,0
21949,0
21950,0
21951,0
21954,0
21955,0
21956,0
21959,0
21960,0
21961,0
21963,0
21964,0
21965,0
21966,0
21967,0
21968,0
21969,0
21972,0
21974,1
21975,0
21978,0
21983,0
21984,0
21985,0
21987,0
21988,0
21989,0
21992,0
21993,0
21994,0
21996,0
21999,1
22000,0
22001,0
22003,0
22004,0
22006,0
22007,1
22008,1
22010,0
22012,0
22013,0
22016,0
22018,1
22019,1
22021,0
22022,1
22024,0
22025,0
22027,0
22028,0
22031,1
22032,0
22034,0
22036,0
22038,1
22041,0
22042,0
22044,1
22045,0
22046,0
22047,0
22050,0
22051,0
22054,0
22056,0
22058,0
22062,0
22063,0
22066,0
22071,0
22075,0
22077,0
22078,0
22079,0
22081,0
22083,1
22084,0
22085,1
22088,1
22090,1
22091,1
22093,0
22094,0
22097,0
22100,0
22102,0
22103,0
22104,0
22105,0
22107,0
22108,0
22109,0
22110,0
22112,0
22113,0
22117,0
22118,0
22119,0
22120,1
22121,0
22122,0
22123,0
22124,1
22128,1
22129,0
22131,0
22132,0
22134,1
22136,0
22138,0
22139,0
22140,0
22142,0
22143,0
22144,0
22145,0
22147,0
22148,0
22149,0
22150,0
22153,0
22156,0
22157,1
22158,0
22159,0
22160,1
22161,0
22162,0
22163,0
22165,0
22166,0
22167,0
22171,0
22172,0
22173,0
22177,0
22179,0
22184,0
22185,0
22186,0
22188,1
22189,0
22190,0
22191,0
22192,0
22193,0
22197,0
22198,0
22200,0
22201,0
22202,0
22205,0
22206,0
22208,0
22209,0
22210,0
22211,0
22212,0
22213,0
22215,0
22216,0
22217,0
22218,0
22219,0
22222,0
22223,0
22226,0
22228,0
22230,0
22231,0
22233,0
22236,0
22239,0
22241,0
22242,0
22244,0
22245,0
22250,0
22252,0
22254,1
22255,0
22256,0
22257,0
22261,0
22262,0
22265,0
22266,0
22268,1
22270,0
22272,0
22273,0
22274,0
22275,0
22278,0
22280,0
22283,0
22285,0
22287,0
22288,1
22295,0
22297,0
22299,0
22300,0
22302,0
22303,0
22304,1
22305,0
22306,0
22308,0
22310,0
22311,0
22312,0
22313,0
22315,0
22317,0
22318,0
22320,0
22324,1
22327,0
22328,0
22329,0
22330,0
22332,1
22333,0
22334,0
22335,0
22336,1
22337,0
22338,0
22339,0
22340,0
22341,0
22342,0
22344,0
22345,0
22349,0
22351,0
22353,0
22355,0
22358,0
22359,0
22361,0
22362,0
22363,0
22364,0
22366,1
22369,0
22370,1
22371,0
22372,0
22374,0
22375,0
22376,0
22377,0
22379,0
22380,1
22381,0
22382,1
22383,0
22385,0
22386,0
22392,0
22393,0
22395,0
22398,0
22399,0
22400,0
22405,1
22406,0
22408,0
22409,0
22413,0
22414,0
22416,1
22417,0
22420,0
22422,1
22423,0
22424,0
22427,0
22430,0
22431,0
22434,0
22435,0
22440,0
22443,0
22444,0
22445,0
22446,0
22449,0
22450,1
22452,0
22455,0
22456,0
22457,0
22459,0
22460,0
22461,0
22462,0
22464,0
22465,0
22466,0
22467,0
22468,0
22471,0
22472,0
22474,0
22477,0
22478,1
22479,0
22480,0
22483,0
22484,0
22487,1
22488,0
22489,1
22490,0
22491,0
22492,0
22493,0
22494,0
22495,1
22498,1
22501,1
22504,0
22505,1
22508,0
22512,0
22513,0
22514,0
22515,0
22517,0
22518,0
22519,0
22521,0
22522,0
22524,0
22525,0
22527,1
22532,0
22533,0
22537,0
22538,0
22541,0
22543,0
22546,0
22548,0
22551,0
22552,0
22554,0
22557,0
22559,0
22560,0
22561,1
22562,1
22564,0
22567,0
22568,0
22569,0
22571,0
22573,0
22575,0
22576,0
22577,0
22579,0
22580,1
22581,0
22582,0
22583,0
22584,0
22585,0
22586,0
22587,0
22588,0
22591,0
22592,0
22593,0
22594,0
22595,0
22601,0
22603,0
22604,0
22605,0
22606,0
22607,1
22608,0
22609,0
22610,1
22611,0
22612,0
22613,0
22617,0
22620,1
22623,0
22625,0
22626,0
22627,0
22628,0
22629,0
22630,0
22632,0
22633,1
22635,1
22637,0
22639,0
22640,0
22641,1
22642,0
22643,0
22644,0
22645,0
22647,0
22648,0
22649,0
22651,0
22654,0
22656,1
22658,0
22659,0
22663,0
22665,0
22667,0
22668,0
22669,0
22671,0
22672,0
22673,1
22677,0
22678,0
22679,0
22680,0
22681,0
22682,0
22685,0
22687,0
22688,0
22689,0
22690,0
22695,0
22698,0
22699,0
22702,0
22704,0
22705,0
22706,0
22707,0
22709,0
22714,0
22717,0
22719,0
22721,0
22723,0
22725,0
22726,0
22727,0
22728,0
22731,0
22732,0
22733,0
22734,0
22743,0
22744,0
22747,0
22748,0
22751,0
22752,0
22753,0
22755,0
22756,0
22759,0
22762,0
22763,1
22765,0
22766,0
22771,0
22772,0
22775,0
22776,1
22777,0
22778,0
22779,0
22781,0
22782,0
22788,0
22789,0
22791,0
22793,0
22794,0
22795,0
22796,1
22798,0
22800,0
22801,0
22803,0
22804,0
22805,0
22806,0
22809,0
22810,0
22813,0
22814,0
22815,0
22816,0
22818,0
22822,0
22825,0
22828,0
22829,0
22831,0
22832,0
22833,0
22834,0
22835,1
22837,0
22838,0
22840,0
22841,1
22842,1
22844,1
22845,0
22849,0
22851,0
22852,0
22853,0
22855,0
22856,1
22857,0
22859,0
22860,0
22861,0
22862,0
22863,0
22866,0
22868,1
22870,0
22871,0
22874,0
22875,0
22876,0
22877,0
22881,0
22882,0
22883,0
22884,1
22885,0
22887,0
22890,0
22892,0
22894,0
22896,0
22897,0
22904,0
22905,0
22908,0
22910,0
22911,0
22912,0
22913,0
22914,0
22918,0
22921,0
22925,1
22927,0
22930,0
22932,0
22933,0
22936,0
22938,0
22940,0
22942,0
22946,0
22947,0
22949,0
22950,0
22951,0
22955,0
22956,0
22957,0
22959,0
22960,0
22962,0
22964,1
22965,0
22966,1
22970,0
22971,0
22973,0
22974,0
22975,0
22976,0
22979,0
22980,0
22983,0
22984,0
22986,0
22988,0
22993,0
22994,0
22998,0
22999,0
23001,0
23002,0
23003,0
23004,0
23007,0
23008,0
23009,0
23010,0
23012,0
23013,1
23014,1
23016,1
23017,0
23018,0
23020,0
23021,0
23023,0
23024,0
23026,0
23027,1
23028,1
23029,0
23031,0
23034,0
23036,0
23037,0
23040,0
23041,0
23042,0
23045,0
23046,0
23047,0
23049,0
23050,0
23052,1
23053,0
23054,0
23055,0
23056,1
23058,0
23061,0
23062,0
23063,0
23064,0
23065,0
23066,1
23067,0
23070,0
23072,0
23073,0
23077,0
23079,0
23081,0
23082,0
23083,0
23085,0
23086,0
23087,0
23089,0
23091,0
23092,0
23093,0
23094,0
23095,1
23096,0
23097,0
23098,0
23099,0
23101,0
23102,0
23104,0
23107,0
23112,0
23114,0
23115,0
23121,0
23122,1
23123,0
23127,0
23128,0
23130,0
23131,0
23134,0
23135,0
23136,0
23138,1
23141,0
23143,0
23145,0
23146,0
23148,0
23153,0
23154,0
23155,0
23156,0
23159,0
23161,1
23162,0
23163,0
23164,0
23165,0
23167,0
23173,0
23174,0
23176,0
23177,0
23178,0
23179,0
23180,0
23184,0
23185,0
23186,0
23187,0
23190,0
23191,0
23192,0
23195,0
23201,0
23203,0
23204,0
23205,0
23206,0
23208,0
23210,0
23211,0
23213,0
23214,0
23215,0
23217,0
23220,0
23222,0
23225,0
23226,1
23227,0
23228,0
23229,0
23230,0
23231,0
23232,0
23233,0
23234,0
23236,0
23237,0
23239,0
23242,0
23243,1
23244,0
23245,0
23246,0
23248,0
23250,0
23252,0
23253,0
23255,0
23257,0
23260,0
23261,0
23262,0
23266,0
23268,0
23269,0
23272,0
23276,1
23277,0
23278,0
23279,0
23283,0
23285,0
23286,0
23287,0
23289,0
23290,1
23291,0
23292,0
23293,0
23294,0
23296,0
23297,0
23298,0
23299,0
23300,0
23304,0
23307,0
23308,0
23309,0
23310,0
23311,1
23312,0
23316,0
23317,0
23319,0
23320,0
23322,0
23323,0
23327,0
23328,0
23331,0
23332,0
23333,0
23337,0
23338,0
23339,0
23343,0
23344,0
23345,0
23346,0
23347,0
23350,0
23354,0
23356,0
23358,0
23359,0
23360,0
23361,0
23363,0
23367,0
23369,0
23370,0
23373,0
23374,0
23375,0
23376,0
23378,0
23379,0
23383,0
23385,0
23387,0
23389,0
23393,0
23394,0
23396,1
23397,1
23398,0
23399,0
23400,0
23401,0
23406,0
23407,0
23408,0
23409,0
23410,0
23411,1
23412,0
23413,0
23417,0
23418,0
23420,0
23423,0
23424,0
23425,0
23426,0
23432,0
23433,0
23434,0
23435,0
23437,0
23440,0
23441,0
23442,0
23443,0
23445,0
23446,0
23447,0
23450,0
23452,0
23454,0
23456,0
23457,0
23458,1
23459,0
23461,0
23463,0
23464,0
23465,0
23467,0
23468,0
23470,1
23471,0
23472,0
23474,0
23476,0
23478,0
23480,0
23481,0
23483,0
23484,1
23487,1
23488,0
23489,0
23497,0
23498,0
23499,0
23501,0
23502,0
23503,0
23505,0
23506,0
23511,0
23512,0
23515,0
23517,0
23519,0
23520,0
23521,0
23522,0
23523,0
23524,0
23525,1
23527,0
23528,0
23529,0
23530,0
23532,0
23534,0
23537,0
23538,0
23539,0
23546,0
23549,0
23552,0
23553,0
23555,0
23556,0
23557,0
23558,0
23559,0
23560,0
23562,0
23563,0
23564,0
23565,0
23566,0
23568,0
23569,0
23571,0
23573,0
23574,0
23578,0
23579,0
23581,0
23582,0
23585,0
23589,0
23590,0
23591,0
23592,0
23593,1
23594,0
23595,0
23596,0
23601,0
23603,0
23604,0
23606,0
23607,0
23608,0
23610,0
23612,0
23613,0
23614,0
23615,0
23618,0
23619,0
23622,1
23623,0
23628,0
23631,0
23632,0
23633,1
23637,0
23638,0
23640,0
23645,0
23647,0
23649,0
23650,0
23655,0
23657,0
23658,0
23661,0
23663,0
23664,0
23666,0
23669,0
23670,0
23673,0
23674,0
23676,0
23678,0
23683,0
23685,0
23686,0
23688,0
23690,1
23692,0
23694,0
23695,0
23700,0
23701,0
23702,0
23703,0
23704,0
23705,0
23708,0
23710,0
23711,0
23714,0
23715,0
23716,0
23717,0
23718,1
23719,0
23720,0
23721,0
23723,0
23724,0
23726,0
23727,0
23728,0
23729,0
23730,1
23731,0
23732,0
23737,0
23739,0
23741,0
23743,1
23744,0
23745,0
23746,1
23748,1
23749,0
23751,0
23753,0
23754,0
23755,0
23756,0
23757,0
23758,0
23762,0
23767,0
23771,0
23772,0
23773,0
23774,0
23775,1
23776,0
23778,0
23779,0
23780,0
23781,0
23785,0
23786,0
23789,0
23790,0
23791,0
23793,0
23794,1
23797,0
23798,0
23799,0
23801,0
23804,0
23805,0
23806,0
23807,0
23808,0
23810,0
23811,0
23812,1
23813,0
23816,0
23818,0
23819,0
23821,0
23822,0
23823,0
23825,0
23828,0
23835,1
23839,0
23840,0
23841,0
23844,0
23845,0
23847,0
23848,0
23849,0
23851,0
23852,0
23853,0
23854,1
23856,0
23857,1
23858,0
23859,0
23860,0
23862,0
23863,0
23865,0
23866,0
23867,0
23868,0
23870,0
23871,0
23872,0
23875,0
23876,0
23877,0
23878,0
23880,0
23881,0
23883,0
23884,0
23885,0
23886,0
23889,0
23891,0
23892,0
23893,0
23894,0
23896,0
23897,0
23899,0
23900,0
23902,1
23903,0
23904,0
23905,1
23906,0
23909,0
23911,0
23913,0
23914,0
23915,0
23917,0
23918,0
23920,0
23922,0
23924,0
23925,0
23926,0
23928,0
23930,0
23931,0
23934,0
23935,0
23937,0
23938,0
23939,0
23945,0
23946,0
23949,0
23951,1
23952,0
23953,1
23954,0
23955,0
23958,0
23959,0
23960,0
23962,0
23964,0
23965,0
23966,0
23967,0
23970,1
23971,0
23972,0
23975,0
23976,1
23977,0
23978,0
23980,0
23981,0
23982,0
23983,0
23987,0
23993,0
23994,0
23996,0
23998,1
23999,0
24006,0
24011,0
24013,1
24015,1
24018,0
24019,0
24023,0
24024,0
24026,0
24027,0
24029,0
24030,0
24031,0
24032,0
24033,0
24035,0
24036,0
24037,0
24038,0
24040,0
24041,0
24044,0
24045,0
24046,1
24049,0
24051,0
24054,0
24055,0
24059,0
24060,0
24061,0
24064,0
24065,0
24068,0
24069,0
24070,0
24071,0
24073,0
24074,0
24077,0
24078,1
24079,0
24080,0
24081,0
24082,0
24084,0
24085,0
24089,0
24090,0
24092,1
24093,0
24094,0
24095,0
24096,1
24099,0
24100,1
24101,0
24103,0
24104,0
24106,1
24107,0
24109,0
24112,0
24116,0
24117,0
24118,0
24121,0
24123,0
24126,0
24130,0
24131,0
24132,0
24133,0
24134,0
24135,0
24137,0
24138,0
24139,0
24140,0
24141,0
24143,0
24144,1
24145,0
24146,0
24148,0
24149,0
24152,0
24153,0
24154,0
24157,0
24158,0
24159,0
24160,1
24162,0
24163,0
24166,0
24168,0
24169,0
24172,0
24174,0
24178,0
24182,0
24184,0
24188,0
24189,0
24190,0
24191,0
24192,0
24193,0
24194,0
24196,0
24197,0
24199,0
24200,0
24201,0
24202,0
24204,0
24206,0
24208,0
24213,0
24214,0
24215,0
24216,0
24217,0
24219,0
24220,0
24221,0
24222,0
24223,0
24225,0
24227,0
24228,0
24231,0
24233,0
24234,0
24235,0
24236,0
24239,0
24245,0
24246,0
24248,0
24251,0
24252,0
24253,0
24256,0
24258,0
24259,0
24260,0
24262,0
24264,0
24266,0
24268,0
24269,0
24270,0
24272,0
24273,0
24275,0
24276,0
24277,1
24278,0
24279,0
24280,0
24283,0
24284,0
24287,0
24288,0
24289,1
24290,0
24293,0
24296,0
24299,0
24301,0
24304,0
24308,0
24312,1
24314,0
24315,0
24316,0
24317,0
24319,0
24321,0
24324,0
24325,0
24326,0
24327,0
24329,0
24330,0
24331,0
24332,0
24334,0
24335,0
24336,0
24338,0
24339,0
24341,0
24343,0
24344,0
24346,0
24347,0
24350,0
24356,0
24359,0
24361,1
24362,0
24363,0
24364,0
24366,1
24368,0
24370,0
24375,0
24378,0
24379,0
24380,0
24381,0
24382,1
24388,0
24389,0
24391,0
24392,0
24393,0
24398,0
24399,0
24404,0
24405,0
24406,0
24407,0
24408,0
24410,1
24412,0
24414,0
24416,1
24422,0
24423,0
24425,0
24427,0
24429,0
24430,1
24433,0
24436,0
24437,0
24439,0
24440,0
24444,0
24445,1
24447,0
24448,0
24451,1
24453,0
24454,0
24456,1
24457,0
24458,0
24459,1
24460,0
24462,0
24463,0
24467,0
24468,0
24471,0
24472,0
24473,0
24475,0
24477,0
24478,0
24479,0
24481,1
24482,0
24483,0
24484,1
24485,0
24486,0
24489,0
24490,0
24491,0
24493,0
24494,0
24496,0
24497,0
24498,0
24499,0
24501,0
24504,0
24505,0
24506,0
24507,0
24509,0
24512,0
24514,0
24515,0
24520,0
24522,1
24523,0
24524,0
24526,0
24527,0
24528,0
24530,1
24531,0
24533,1
24534,1
24535,0
24536,0
24538,0
24540,0
24541,0
24542,0
24543,0
24544,0
24546,0
24548,0
24550,0
24554,1
24555,0
24556,0
24561,0
24564,0
24565,0
24566,0
24568,0
24569,0
24570,0
24571,0
24575,0
24577,0
24579,0
24580,0
24584,0
24586,0
24588,1
24589,0
24592,0
24595,0
24596,0
24597,0
24600,0
24605,0
24607,0
24608,0
24609,0
24614,0
24617,0
24620,1
24626,0
24628,1
24629,0
24630,0
24631,1
24633,0
24634,0
24636,0
24639,1
24641,0
24642,1
24643,0
24644,0
24647,0
24648,0
24649,0
24650,0
24651,0
24653,0
24654,0
24655,0
24656,1
24657,0
24658,0
24663,0
24664,1
24665,0
24666,1
24667,0
24668,0
24671,0
24673,0
24675,0
24680,0
24683,0
24685,0
24686,0
24687,0
24688,0
24689,0
24690,0
24691,0
24693,0
24694,0
24695,0
24696,0
24697,0
24698,0
24699,0
24701,0
24702,1
24704,0
24707,1
24708,0
24711,0
24712,0
24715,0
24716,1
24717,0
24718,0
24721,1
24722,0
24726,0
24727,0
24728,0
24729,1
24733,0
24734,0
24735,0
24736,0
24737,1
24738,0
24739,1
24740,1
24742,0
24744,0
24747,0
24749,1
24750,0
24751,0
24752,0
24753,0
24754,0
24757,0
24759,0
24761,0
24763,0
24766,0
24767,0
24768,0
24769,0
24770,1
24771,0
24774,0
24776,0
24777,0
24778,1
24785,0
24786,0
24787,0
24788,0
24789,0
24791,0
24792,0
24793,0
24796,0
24797,0
24800,0
24803,0
24804,0
24807,0
24808,1
24811,0
24812,0
24817,0
24818,0
24820,0
24821,0
24824,0
24825,0
24826,0
24828,0
24829,0
24830,0
24831,0
24837,0
24840,1
24842,0
24843,0
24844,0
24845,0
24846,0
24849,0
24855,0
24856,0
24859,0
24860,0
24862,0
24863,0
24866,0
24868,0
24869,1
24870,0
24871,0
24872,0
24873,0
24874,0
24876,0
24877,0
24878,0
24879,0
24883,0
24884,0
24886,0
24887,0
24890,0
24891,0
24893,0
24894,0
24895,0
24897,0
24901,0
24903,0
24904,0
24905,0
24906,0
24907,0
24912,0
24914,0
24916,0
24918,0
24919,0
24922,0
24923,0
24924,0
24927,0
24928,0
24930,0
24933,0
24934,1
24935,0
24936,0
24937,0
24939,0
24940,0
24942,0
24943,0
24944,0
24946,0
24947,0
24949,0
24953,0
24954,0
24955,0
24956,0
24958,0
24959,0
24960,0
24961,0
24962,0
24963,0
24964,0
24966,0
24967,1
24968,1
24969,0
24971,0
24975,0
24976,0
24977,0
24978,0
24979,0
24981,0
24983,0
24987,0
24989,0
24991,0
24992,0
24993,0
24994,0
24995,0
24996,0
24999,0
25000,0
25005,0
25006,0
25008,0
25012,0
25013,0
25016,0
25018,0
25019,0
25020,0
25021,0
25024,0
25026,0
25028,0
25029,0
25030,0
25031,0
25032,1
25034,0
25035,0
25037,0
25039,0
25040,0
25043,0
25045,0
25046,0
25047,0
25048,1
25049,0
25052,0
25053,0
25057,0
25061,0
25063,0
25065,0
25066,0
25070,0
25072,0
25073,0
25074,0
25076,1
25077,0
25080,0
25081,0
25082,0
25086,1
25087,0
25088,0
25089,0
25091,0
25093,1
25094,0
25095,0
25096,0
25097,0
25099,0
25101,0
25102,0
25105,0
25106,0
25110,0
25111,0
25112,0
25113,0
25114,0
25117,0
25118,0
25119,0
25123,0
25125,0
25126,0
25127,0
25131,0
25132,0
25134,0
25135,0
25139,0
25140,0
25142,0
25143,0
25144,0
25145,0
25146,0
25147,0
25150,0
25151,1
25153,0
25154,0
25155,0
25156,0
25157,0
25158,0
25161,0
25163,0
25166,0
25167,0
25168,0
25169,0
25171,0
25172,0
25174,0
25175,0
25177,0
25178,0
25179,0
25180,1
25181,0
25183,0
25184,0
25185,0
25186,0
25187,0
25190,0
25191,0
25192,1
25194,0
25196,1
25198,1
25199,0
25201,0
25203,1
25205,0
25207,0
25208,0
25209,0
25211,0
25213,0
25214,0
25215,0
25217,0
25218,0
25219,0
25221,0
25222,0
25223,0
25224,0
25227,0
25228,0
25230,0
25231,0
25232,0
25234,0
25235,0
25236,0
25237,0
25239,0
25240,0
25242,0
25243,0
25244,0
25245,0
25246,0
25248,0
25249,0
25250,0
25251,0
25253,0
25255,0
25258,0
25259,0
25260,0
25261,0
25262,0
25264,0
25269,0
25272,1
25274,0
25276,0
25279,0
25280,0
25282,0
25283,1
25288,0
25291,0
25292,0
25293,0
25294,0
25295,0
25296,0
25299,0
25301,0
25302,0
25304,0
25305,0
25306,0
25307,0
25308,0
25309,0
25310,0
25315,0
25316,0
25317,1
25319,0
25320,0
25321,0
25322,0
25323,0
25324,0
25326,0
25327,0
25328,0
25330,0
25333,0
25334,0
25335,1
25337,0
25339,0
25343,0
25345,0
25346,0
25347,0
25348,0
25349,0
25350,0
25352,0
25354,0
25356,0
25358,0
25361,0
25362,0
25363,0
25365,0
25367,0
25369,0
25370,0
25371,0
25373,0
25374,0
25376,0
25378,0
25381,0
25382,0
25383,0
25384,0
25385,0
25386,0
25387,0
25388,0
25389,0
25391,0
25392,0
25393,0
25394,0
25395,0
25396,0
25397,1
25400,0
25401,0
25402,0
25404,0
25405,1
25406,0
25408,0
25409,0
25413,0
25416,0
25417,0
25421,0
25422,0
25427,1
25432,0
25433,0
25435,0
25437,0
25441,0
25442,0
25443,0
25446,0
25452,0
25455,0
25456,0
25458,1
25459,0
25460,0
25464,0
25468,0
25470,0
25472,0
25473,0
25476,0
25479,0
25481,0
25482,0
25483,0
25484,0
25485,0
25486,0
25487,0
25489,0
25490,0
25492,0
25494,0
25495,0
25497,0
25498,0
25499,0
25501,1
25502,0
25504,0
25505,0
25506,0
25508,0
25511,0
25512,0
25517,0
25518,0
25523,0
25524,0
25526,0
25529,0
25530,0
25535,0
25537,0
25538,0
25541,1
25542,0
25545,0
25546,0
25547,0
25550,0
25552,0
25553,1
25555,1
25556,0
25557,0
25559,0
25560,0
25562,0
25563,1
25564,0
25566,0
25567,0
25568,0
25569,0
25570,0
25571,0
25572,0
25575,0
25577,0
25578,0
25579,0
25580,0
25581,0
25583,0
25584,0
25585,1
25586,0
25587,0
25589,0
25590,0
25591,0
25592,0
25594,0
25596,0
25599,0
25601,0
25603,0
25604,1
25605,0
25606,0
25607,0
25608,0
25609,0
25611,0
25612,0
25613,0
25614,0
25618,0
25619,0
25621,0
25622,0
25623,0
25624,0
25625,0
25626,0
25627,0
25628,0
25632,0
25635,0
25637,0
25638,0
25639,0
25640,0
25641,0
25642,0
25647,0
25648,0
25649,0
25650,0
25652,0
25655,0
25657,0
25659,0
25661,0
25663,1
25664,0
25670,0
25672,0
25673,0
25675,0
25676,0
25677,0
25678,0
25679,0
25682,0
25686,1
25687,0
25688,0
25690,0
25691,0
25692,0
25693,0
25694,0
25696,0
25699,0
25700,0
25701,0
25702,0
25703,0
25704,0
25705,0
25706,0
25708,0
25711,0
25712,0
25714,0
25715,0
25716,0
25717,0
25719,0
25720,0
25721,0
25724,0
25725,0
25728,1
25729,0
25731,0
25732,0
25733,1
25734,0
25735,0
25738,0
25740,1
25741,0
25745,0
25746,0
25747,1
25749,1
25754,0
25759,0
25761,0
25762,0
25766,0
25768,0
25771,0
25773,0
25775,0
25777,0
25778,0
25782,0
25783,0
25785,1
25786,0
25787,1
25788,0
25790,0
25791,0
25795,0
25802,0
25803,0
25804,0
25806,0
25807,0
25808,0
25810,1
25812,0
25813,0
25816,0
25817,0
25818,0
25819,0
25821,0
25825,1
25828,1
25830,0
25831,0
25834,0
25835,0
25836,0
25838,0
25840,1
25848,0
25849,0
25850,0
25851,0
25852,0
25853,0
25857,0
25859,0
25860,0
25861,0
25862,0
25863,0
25865,0
25867,0
25868,0
25869,0
25870,0
25871,0
25873,0
25874,0
25875,0
25879,0
25883,1
25884,0
25886,1
25887,0
25888,1
25889,0
25890,0
25891,1
25893,0
25895,0
25896,0
25898,0
25899,0
25900,0
25901,0
25903,0
25904,0
25905,0
25907,0
25908,0
25909,0
25911,0
25912,0
25913,0
25914,0
25916,0
25917,0
25919,0
25920,0
25921,0
25922,0
25923,0
25924,0
25925,0
25927,0
25928,0
25929,0
25930,0
25932,0
25933,1
25934,0
25935,0
25937,0
25941,0
25943,0
25946,0
25948,0
25950,0
25951,0
25960,0
25961,0
25962,0
25966,0
25968,0
25969,0
25973,0
25974,0
25976,0
25977,0
25978,0
25979,0
25982,0
25985,1
25986,0
25989,0
25992,1
25993,0
25994,0
25996,0
25998,0
25999,1
26001,1
26004,0
26006,0
26007,0
26008,0
26009,0
26012,0
26013,0
26015,0
26017,0
26018,1
26020,0
26021,0
26022,0
26023,0
26025,1
26027,0
26028,0
26030,0
26031,0
26033,0
26034,0
26035,1
26037,0
26038,0
26040,0
26043,0
26044,0
26045,0
26047,0
26049,0
26051,1
26052,0
26055,0
26056,0
26057,0
26058,0
26059,0
26060,0
26061,0
26062,0
26063,0
26064,0
26066,0
26067,0
26068,0
26070,1
26071,0
26072,0
26073,0
26075,0
26077,0
26079,0
26080,1
26084,0
26085,0
26087,0
26088,0
26089,0
26091,0
26092,0
26093,0
26095,0
26097,0
26098,1
26099,1
26100,0
26102,1
26106,1
26111,0
26113,0
26115,0
26118,0
26120,0
26121,1
26122,0
26123,0
26126,0
26127,0
26128,0
26129,0
26131,0
26132,0
26134,0
26137,1
26141,0
26142,1
26146,0
26148,0
26151,0
26152,0
26155,0
26156,0
26157,0
26158,0
26162,0
26163,0
26165,0
26166,0
26167,0
26169,0
26170,0
26172,0
26173,0
26175,0
26176,0
26178,0
26179,0
26181,0
26182,0
26184,1
26187,0
26188,0
26189,0
26192,0
26193,0
26195,0
26196,0
26197,0
26198,0
26199,0
26200,0
26201,0
26203,0
26205,1
26206,0
26209,0
26210,0
26211,0
26216,0
26217,0
26218,0
26219,0
26222,0
26223,0
26224,0
26225,0
26230,0
26233,0
26234,0
26235,0
26236,0
26238,1
26239,0
26241,1
26246,0
26247,0
26248,0
26249,0
26251,0
26253,0
26256,0
26261,0
26262,0
26265,0
26266,0
26270,0
26273,0
26274,0
26277,0
26279,0
26281,0
26286,0
26289,1
26298,0
26299,0
26301,0
26303,0
26304,0
26309,0
26310,0
26313,0
26314,0
26315,1
26319,0
26320,0
26322,0
26323,0
26325,0
26326,1
26327,0
26331,0
26336,0
26337,0
26338,0
26340,0
26341,0
26342,0
26343,0
26344,0
26345,0
26346,0
26350,0
26351,0
26352,0
26353,0
26359,0
26364,0
26366,0
26367,0
26371,0
26372,1
26373,0
26376,0
26379,0
26381,0
26385,1
26386,0
26387,0
26391,0
26392,0
26394,0
26397,1
26399,0
26401,0
26403,0
26404,1
26407,0
26409,0
26412,0
26414,0
26419,0
26421,0
26424,0
26425,0
26426,0
26428,0
26430,0
26433,0
26436,0
26437,0
26438,0
26439,0
26440,0
26441,0
26442,0
26443,0
26444,0
26445,0
26446,0
26447,0
26448,0
26451,0
26452,0
26453,0
26454,0
26457,0
26458,1
26459,0
26460,0
26461,0
26462,0
26463,0
26464,0
26466,0
26467,0
26468,0
26469,0
26470,0
26471,1
26473,0
26474,0
26475,0
26480,1
26481,0
26482,0
26485,0
26487,0
26488,0
26489,0
26491,0
26493,0
26495,0
26497,0
26499,0
26500,0
26503,0
26504,0
26506,0
26507,0
26509,0
26514,1
26515,0
26516,1
26517,0
26518,0
26520,0
26522,0
26525,0
26526,0
26527,0
26528,1
26529,0
26531,0
26532,0
26533,0
26536,0
26538,0
26540,0
26541,0
26543,0
26544,0
26546,0
26547,0
26548,0
26550,0
26553,0
26554,0
26555,0
26559,0
26560,0
26564,1
26565,0
26567,0
26568,0
26569,0
26577,0
26580,0
26581,0
26582,0
26583,0
26586,0
26587,0
26588,0
26591,0
26593,0
26595,0
26596,0
26597,1
26598,0
26600,0
26602,0
26604,0
26609,0
26610,0
26611,0
26613,0
26614,1
26615,0
26619,0
26621,0
26622,0
26624,0
26627,0
26628,0
26630,0
26632,1
26633,0
26636,0
26637,0
26638,0
26640,0
26641,0
26645,0
26646,0
26648,0
26649,0
26652,0
26653,0
26655,0
26657,0
26658,0
26659,0
26663,0
26665,1
26666,0
26667,0
26668,0
26669,0
26670,0
26674,0
26675,0
26676,0
26677,0
26678,0
26679,1
26680,0
26682,0
26685,0
26687,0
26688,0
26689,0
26690,1
26694,1
26695,0
26700,0
26701,1
26702,0
26705,0
26708,0
26709,0
26710,0
26711,0
26714,0
26715,0
26716,1
26717,0
26718,0
26719,0
26725,0
26727,0
26733,0
26735,0
26738,0
26739,1
26741,0
26747,0
26749,0
26750,1
26751,0
26753,0
26755,0
26756,0
26758,0
26761,0
26764,0
26769,0
26770,0
26771,0
26772,0
26773,0
26775,0
26779,0
26780,0
26781,0
26782,0
26783,0
26784,0
26788,0
26789,0
26790,0
26791,0
26792,0
26793,0
26795,0
26796,0
26797,0
26799,0
26801,0
26802,0
26803,0
26805,0
26808,0
26809,0
26810,0
26812,1
26814,0
26818,0
26819,0
26821,0
26823,0
26825,0
26826,0
26827,0
26828,1
26829,0
26830,0
26831,0
26833,0
26834,0
26836,0
26837,0
26839,0
26840,0
26841,0
26843,0
26844,0
26846,1
26847,0
26849,0
26850,0
26852,0
26853,0
26854,1
26855,0
26856,0
26859,0
26860,0
26861,0
26862,0
26864,0
26865,0
26866,0
26868,0
26870,0
26871,0
26872,1
26874,1
26875,0
26876,0
26879,1
26881,0
26883,0
26884,0
26885,0
26886,0
26887,0
26888,0
26889,0
26890,0
26891,0
26892,1
26893,0
26895,0
26896,0
26897,0
26898,1
26899,0
26900,0
26902,0
26904,0
26905,0
26906,0
26907,1
26910,1
26911,0
26912,0
26915,0
26916,0
26917,0
26923,0
26924,0
26925,1
26926,0
26927,0
26928,0
26929,0
26930,0
26933,0
26935,0
26938,0
26942,0
26947,0
26949,0
26950,0
26954,0
26956,0
26958,0
26959,0
26962,0
26966,0
26969,0
26970,0
26971,0
26972,0
26974,0
26975,0
26976,0
26979,0
26980,0
26981,1
26983,0
26984,0
26985,0
26988,0
26992,0
26995,0
26997,0
26999,0
27001,0
27002,0
27003,0
27004,0
27008,0
27011,0
27012,0
27013,1
27018,0
27019,0
27020,1
27021,0
27025,0
27028,0
27029,1
27030,0
27033,0
27035,0
27036,0
27037,1
27038,0
27039,0
27042,0
27043,1
27044,0
27046,0
27047,0
27050,0
27053,0
27054,0
27056,0
27059,0
27060,0
27061,0
27062,0
27064,0
27065,0
27067,0
27068,0
27069,0
27070,0
27071,0
27075,0
27076,0
27078,0
27081,0
27083,0
27084,0
27087,0
27088,0
27090,0
27091,0
27092,0
27093,0
27095,0
27096,0
27097,1
27098,0
27100,0
27101,0
27102,0
27104,0
27106,0
27107,0
27108,0
27114,0
27115,0
27118,0
27119,0
27120,0
27122,0
27123,0
27124,0
27125,1
27126,0
27128,0
27129,0
27131,0
27132,0
27133,0
27134,0
27135,1
27138,0
27139,0
27142,0
27143,1
27146,0
27147,0
27149,0
27150,0
27151,0
27152,1
27153,0
27154,0
27155,0
27156,0
27157,0
27160,0
27162,0
27164,0
27165,0
27166,0
27167,0
27169,0
27171,0
27172,0
27173,0
27176,0
27177,0
27179,0
27180,1
27182,0
27185,0
27193,0
27194,0
27195,0
27200,0
27202,0
27203,1
27204,0
27205,0
27210,0
27212,0
27213,0
27214,1
27217,0
27218,0
27220,0
27223,0
27225,0
27226,0
27228,0
27230,0
27233,0
27235,0
27236,0
27237,0
27238,0
27239,0
27241,0
27244,0
27247,0
27248,1
27251,0
27252,0
27255,0
27257,0
27259,0
27261,0
27262,1
27263,0
27264,0
27266,0
27267,0
27270,0
27271,0
27272,0
27274,0
27276,0
27277,0
27278,0
27279,0
27280,0
27281,0
27283,0
27285,0
27287,0
27288,0
27289,0
27290,0
27291,0
27292,0
27294,0
27295,0
27296,0
27297,1
27298,0
27301,0
27302,1
27303,0
27304,0
27306,0
27307,0
27308,0
27309,0
27310,0
27311,0
27313,0
27315,0
27316,0
27319,0
27321,0
27325,1
27328,0
27330,1
27331,0
27334,0
27339,0
27340,0
27341,0
27342,0
27346,0
27349,0
27350,1
27354,1
27356,0
27358,0
27360,0
27361,1
27365,0
27367,0
27370,0
27372,0
27373,0
27379,0
27381,0
27382,0
27383,0
27385,0
27388,0
27389,0
27390,1
27392,1
27393,0
27394,0
27396,0
27397,1
27402,0
27403,1
27404,0
27410,0
27412,0
27413,1
27415,0
27416,0
27417,0
27419,0
27420,0
27421,0
27422,0
27429,0
27430,0
27431,1
27433,0
27436,0
27437,0
27439,0
27440,0
27443,0
27447,0
27449,0
27450,0
27451,0
27453,0
27455,0
27456,0
27458,0
27459,0
27460,0
27462,0
27463,0
27464,1
27465,0
27466,0
27471,0
27475,0
27476,0
27477,0
27478,0
27479,0
27482,0
27484,1
27485,0
27486,0
27487,0
27489,0
27490,1
27492,0
27494,0
27498,0
27502,0
27503,0
27508,0
27509,0
27510,0
27513,0
27516,0
27520,0
27521,0
27522,0
27523,0
27527,0
27528,0
27529,0
27531,0
27532,0
27533,0
27536,0
27537,0
27539,0
27540,0
27541,0
27543,0
27544,0
27546,0
27547,0
27549,0
27550,0
27557,1
27558,0
27561,0
27563,0
27564,1
27565,0
27566,0
27567,0
27569,0
27572,1
27573,0
27575,0
27576,0
27577,0
27578,0
27584,1
27586,0
27587,0
27588,1
27589,0
27592,0
27594,0
27595,0
27597,1
27598,0
27601,1
27602,0
27603,0
27606,0
27608,0
27611,0
27612,0
27613,0
27616,0
27617,0
27621,0
27622,0
27623,0
27624,0
27628,0
27633,0
27636,0
27637,0
27638,0
27640,1
27641,0
27642,0
27643,0
27645,0
27647,0
27649,0
27651,0
27652,0
27654,0
27656,0
27657,0
27658,0
27659,0
27660,0
27665,0
27666,0
27671,1
27672,0
27673,0
27675,0
27677,0
27678,0
27679,0
27680,0
27681,0
27682,0
27683,0
27684,0
27685,0
27686,0
27689,0
27691,0
27694,0
27695,0
27696,1
27698,0
27699,0
27700,0
27703,1
27704,0
27706,0
27707,0
27708,0
27709,0
27710,0
27711,0
27713,0
27714,1
27715,0
27718,0
27721,0
27724,0
27725,0
27726,0
27728,0
27729,0
27730,0
27731,0
27733,0
27737,0
27738,0
27740,0
27741,1
27744,0
27746,0
27749,0
27750,0
27751,0
27752,0
27755,0
27756,0
27760,0
27762,0
27763,0
27764,0
27765,0
27768,0
27771,0
27772,0
27775,0
27776,0
27777,0
27784,0
27785,0
27787,0
27789,1
27796,0
27797,0
27798,0
27799,0
27800,0
27801,0
27802,0
27804,0
27805,0
27806,0
27807,0
27810,1
27811,0
27812,0
27813,0
27817,0
27820,0
27821,1
27824,0
27828,0
27830,0
27832,0
27833,0
27834,0
27836,0
27837,0
27838,1
27839,0
27841,0
27842,0
27843,0
27844,0
27846,0
27850,0
27851,0
27852,0
27856,1
27857,0
27858,0
27859,0
27860,0
27861,0
27863,0
27866,0
27867,0
27870,0
27872,0
27874,0
27875,1
27884,0
27885,0
27887,0
27889,1
27890,0
27891,0
27893,0
27896,0
27899,0
27900,0
27901,1
27907,0
27909,0
27910,0
27913,1
27914,1
27915,0
27919,0
27921,0
27922,0
27923,0
27926,0
27927,0
27928,0
27929,0
27932,0
27933,0
27934,0
27935,0
27936,0
27937,0
27938,0
27942,0
27943,0
27944,0
27946,0
27947,0
27948,0
27949,0
27950,0
27951,0
27953,0
27957,0
27958,0
27959,0
27960,0
27964,0
27965,0
27966,0
27968,0
27969,0
27970,0
27972,0
27973,0
27975,0
27981,0
27982,0
27984,0
27985,0
27986,1
27988,0
27989,0
27990,0
27991,0
27992,0
27993,0
27994,0
27995,0
27998,0
28000,0
28001,0
28003,0
28006,0
28009,0
28012,0
28013,0
28014,0
28016,0
28017,0
28019,0
28020,0
28021,0
28022,0
28024,0
28025,0
28028,0
28029,0
28030,0
28031,0
28032,0
28034,0
28035,0
28036,0
28038,0
28039,0
28040,0
28041,0
28045,0
28046,0
28047,0
28048,0
28049,1
28050,0
28051,0
28053,0
28054,0
28056,0
28057,0
28060,0
28061,0
28063,0
28064,0
28065,0
28066,0
28069,1
28070,0
28072,0
28073,0
28074,0
28075,0
28079,1
28080,0
28081,0
28082,0
28083,0
28084,0
28085,0
28093,0
28095,0
28096,0
28097,0
28098,0
28099,0
28101,0
28102,0
28103,0
28104,1
28106,0
28108,0
28109,0
28110,0
28112,0
28114,0
28115,0
28116,0
28117,0
28118,0
28119,1
28121,0
28122,0
28127,0
28128,0
28129,0
28130,0
28131,0
28134,0
28135,0
28136,0
28138,1
28139,0
28143,0
28144,0
28146,0
28147,0
28150,1
28151,0
28152,0
28153,0
28157,0
28158,0
28159,0
28160,0
28161,0
28162,0
28165,0
28166,0
28167,0
28168,0
28169,0
28174,0
28175,0
28176,0
28178,0
28181,0
28182,0
28183,0
28186,0
28190,0
28192,0
28193,0
28195,0
28196,0
28199,0
28200,0
28202,0
28204,0
28205,0
28211,0
28212,0
28216,1
28217,0
28220,0
28221,0
28222,0
28224,0
28225,0
28227,0
28229,0
28230,0
28231,0
28234,0
28235,0
28237,0
28239,0
28240,0
28241,0
28242,1
28245,0
28246,0
28249,0
28250,0
28251,0
28253,1
28254,0
28256,0
28257,0
28258,0
28260,0
28263,1
28264,0
28266,0
28267,1
28269,0
28270,0
28271,0
28272,0
28275,0
28277,0
28278,0
28279,0
28280,0
28281,0
28288,0
28292,0
28293,0
28294,0
28301,1
28302,0
28303,0
28305,0
28306,0
28307,0
28308,0
28309,0
28310,0
28311,0
28312,0
28314,1
28315,0
28317,0
28318,0
28319,0
28321,1
28322,1
28324,0
28326,0
28327,0
28328,0
28329,0
28331,0
28332,0
28335,0
28336,0
28338,0
28340,0
28342,0
28343,0
28344,0
28345,0
28347,0
28348,0
28349,0
28350,0
28351,0
28352,0
28353,1
28354,0
28356,0
28357,1
28362,0
28364,0
28365,0
28367,0
28368,0
28369,0
28370,0
28372,0
28374,0
28377,1
28378,0
28382,0
28383,0
28384,0
28386,0
28388,0
28390,1
28392,0
28393,0
28395,0
28399,0
28401,0
28405,0
28406,0
28410,0
28413,0
28414,0
28417,0
28418,0
28423,0
28424,0
28425,0
28426,0
28428,0
28429,0
28430,1
28433,0
28437,1
28438,0
28441,0
28442,0
28443,0
28446,0
28452,0
28454,0
28457,0
28461,1
28462,0
28463,0
28466,0
28467,0
28469,0
28470,0
28472,0
28473,0
28475,0
28476,1
28477,0
28478,0
28480,0
28481,0
28484,0
28487,1
28490,0
28491,0
28492,0
28494,0
28495,0
28496,0
28497,0
28498,0
28499,0
28500,0
28501,0
28502,0
28504,0
28505,1
28506,0
28507,0
28510,0
28511,1
28514,0
28518,0
28524,0
28525,0
28527,0
28528,1
28530,0
28531,0
28532,0
28534,1
28535,0
28536,0
28537,0
28541,0
28542,0
28543,0
28545,0
28546,0
28553,1
28554,0
28555,0
28557,0
28558,0
28559,0
28560,0
28566,0
28567,0
28568,0
28569,0
28571,0
28573,0
28575,0
28576,0
28577,0
28578,0
28579,0
28581,0
28584,0
28585,0
28586,0
28587,0
28588,1
28590,0
28591,0
28592,0
28595,0
28596,0
28598,1
28599,0
28600,0
28601,0
28603,0
28604,0
28606,0
28607,0
28611,0
28613,0
28615,0
28616,0
28618,0
28619,0
28621,0
28624,0
28626,0
28627,0
28630,0
28631,0
28632,0
28634,0
28635,0
28636,0
28641,0
28642,0
28643,0
28644,0
28645,0
28646,0
28647,0
28648,0
28649,0
28651,0
28652,1
28655,0
28658,0
28659,0
28664,0
28665,0
28668,0
28670,0
28671,0
28673,0
28674,0
28675,0
28679,0
28680,0
28683,0
28684,1
28686,0
28687,1
28689,0
28690,0
28691,0
28693,0
28694,0
28695,0
28697,0
28698,0
28699,0
28700,0
28701,0
28702,0
28704,0
28706,0
28709,0
28710,1
28711,0
28712,0
28713,0
28716,0
28718,0
28719,0
28723,0
28724,0
28728,0
28730,1
28731,0
28734,0
28736,0
28740,0
28742,0
28746,0
28747,0
28748,0
28749,0
28752,0
28753,0
28754,0
28755,0
28757,0
28759,0
28761,0
28762,0
28764,0
28765,0
28767,0
28769,0
28770,0
28772,0
28778,0
28779,0
28780,0
28781,0
28783,0
28788,0
28789,0
28791,0
28792,0
28794,0
28795,0
28796,0
28799,0
28801,0
28802,0
28803,1
28805,0
28806,0
28807,0
28809,0
28812,0
28813,0
28814,0
28815,0
28816,0
28817,0
28818,0
28820,0
28824,0
28826,0
28828,1
28830,0
28832,0
28833,0
28835,0
28837,0
28838,0
28839,0
28841,0
28842,0
28848,0
28850,0
28851,1
28852,0
28854,0
28855,0
28858,0
28859,0
28861,0
28862,0
28863,0
28865,0
28866,0
28868,0
28871,1
28873,0
28875,0
28876,0
28877,0
28878,0
28879,1
28880,0
28883,0
28893,0
28894,0
28897,1
28899,0
28902,0
28903,0
28904,1
28905,0
28906,0
28908,0
28909,1
28910,0
28911,0
28915,0
28916,0
28917,0
28922,0
28924,0
28925,0
28926,0
28927,0
28928,0
28929,0
28930,0
28931,1
28933,0
28934,0
28936,1
28937,0
28938,0
28939,1
28941,0
28942,0
28943,0
28945,0
28946,0
28947,0
28949,1
28950,1
28953,0
28954,0
28955,0
28956,0
28958,1
28959,0
28960,0
28961,0
28962,1
28963,0
28965,0
28966,0
28967,0
28970,0
28971,0
28973,0
28974,0
28975,0
28976,0
28977,0
28978,0
28983,0
28986,0
28987,0
28988,0
28990,0
28991,0
28994,0
28996,0
29000,0
29002,0
29004,0
29005,0
29006,0
29008,0
29010,0
29011,0
29012,0
29016,0
29017,0
29018,0
29020,0
29022,0
29023,0
29024,0
29026,0
29031,0
29032,1
29033,0
29034,0
29037,0
29039,0
29041,0
29042,0
29045,0
29046,1
29047,0
29049,0
29050,0
29051,0
29053,1
29057,1
29063,1
29064,0
29066,0
29067,0
29068,0
29070,0
29071,0
29073,1
29076,0
29079,0
29081,0
29083,0
29084,0
29087,0
29089,0
29090,0
29091,0
29092,0
29093,0
29094,0
29096,0
29097,0
29099,0
29100,0
29102,0
29103,0
29105,0
29107,0
29111,0
29113,0
29119,0
29121,0
29122,0
29124,0
29126,0
29127,0
29128,0
29129,0
29131,0
29132,0
29133,0
29135,1
29136,0
29137,1
29139,0
29140,0
29141,0
29142,0
29144,0
29145,0
29153,0
29154,0
29157,0
29158,1
29159,0
29161,0
29162,0
29163,0
29164,0
29166,0
29170,1
29174,0
29176,0
29178,0
29180,0
29181,1
29183,1
29185,1
29186,0
29187,0
29188,0
29189,0
29190,0
29193,0
29195,0
29198,1
29199,0
29202,0
29204,0
29205,0
29207,0
29209,0
29210,0
29212,0
29213,0
29217,0
29218,0
29221,0
29222,0
29224,0
29225,0
29226,1
29229,0
29230,0
29231,0
29232,0
29233,0
29234,0
29236,0
29237,0
29238,0
29240,0
29243,0
29244,0
29245,0
29246,0
29247,0
29248,1
29249,0
29250,0
29252,0
29254,0
29256,1
29257,0
29260,0
29262,0
29263,0
29264,0
29266,0
29268,0
29271,0
29273,0
29275,0
29276,0
29279,0
29280,0
29282,0
29283,0
29285,0
29287,0
29288,0
29289,0
29292,0
29293,0
29299,0
29301,0
29302,0
29304,0
29306,1
29307,0
29308,0
29309,0
29310,0
29312,0
29315,0
29316,1
29321,0
29322,0
29324,0
29325,0
29328,1
29329,0
29331,1
29333,0
29334,0
29336,0
29337,0
29338,1
29340,0
29341,0
29343,0
29347,0
29348,0
29350,0
29354,0
29355,0
29356,0
29357,0
29362,0
29363,0
29364,0
29365,0
29367,1
29369,0
29371,0
29372,0
29374,0
29375,0
29377,1
29378,0
29379,0
29380,0
29381,0
29382,0
29383,1
29386,1
29387,0
29388,0
29392,0
29395,0
29399,0
29401,1
29402,1
29403,0
29404,0
29405,0
29407,0
29411,0
29412,0
29413,0
29414,0
29415,1
29416,0
29417,0
29419,0
29420,0
29421,0
29424,0
29426,0
29429,0
29431,0
29432,0
29433,0
29434,0
29435,0
29436,0
29439,0
29440,0
29441,0
29445,0
29446,0
29449,0
29450,1
29451,0
29452,0
29454,1
29456,1
29457,0
29458,0
29461,0
29466,0
29467,0
29470,0
29473,0
29474,0
29475,0
29477,0
29479,0
29481,0
29483,0
29485,1
29491,1
29495,0
29496,0
29498,0
29499,0
29501,0
29503,0
29504,0
29505,0
29506,0
29508,1
29513,0
29514,0
29515,0
29516,0
29517,0
29519,0
29520,0
29521,0
29522,0
29523,0
29527,0
29528,0
29529,0
29532,0
29533,1
29535,0
29538,0
29539,0
29540,0
29541,0
29542,0
29543,0
29544,0
29545,0
29547,0
29548,0
29550,0
29551,0
29553,0
29554,0
29561,0
29563,0
29564,0
29565,0
29574,0
29577,0
29578,0
29579,0
29580,0
29582,0
29583,0
29585,0
29586,0
29588,0
29591,0
29592,0
29593,0
29594,0
29595,0
29596,0
29598,0
29600,0
29602,0
29604,0
29606,0
29608,0
29609,0
29612,0
29615,0
29616,0
29617,0
29618,0
29620,0
29621,1
29625,0
29626,0
29628,0
29630,0
29631,0
29632,0
29633,1
29635,0
29638,0
29639,0
29641,0
29642,0
29643,0
29644,0
29645,0
29646,0
29647,0
29648,0
29650,0
29653,0
29654,0
29655,0
29658,0
29659,0
29660,0
29662,0
29663,0
29665,0
29666,0
29667,0
29668,0
29672,0
29674,0
29675,0
29676,0
29678,0
29679,0
29681,0
29682,0
29683,0
29687,0
29688,0
29689,0
29691,1
29692,0
29693,0
29694,0
29695,0
29696,0
29697,0
29700,0
29701,0
29702,0
29703,0
29704,0
29705,0
29707,1
29708,0
29709,0
29711,0
29714,0
29716,0
29717,0
29719,0
29723,1
29724,0
29725,0
29726,0
29727,0
29728,0
29730,0
29731,0
29732,0
29733,1
29734,0
29735,0
29739,0
29740,0
29742,0
29743,0
29744,0
29745,0
29746,1
29747,0
29749,0
29750,0
29752,0
29754,0
29755,0
29761,0
29762,0
29763,0
29766,0
29767,0
29768,0
29770,0
29772,1
29773,0
29774,0
29775,0
29776,0
29777,0
29779,0
29785,0
29787,0
29790,0
29792,0
29795,0
29796,0
29797,0
29799,0
29800,0
29801,1
29803,1
29804,0
29808,0
29810,0
29813,0
29814,0
29815,0
29816,0
29817,0
29819,0
29820,0
29822,0
29823,0
29825,0
29827,0
29833,1
29834,0
29835,1
29837,0
29838,0
29839,0
29840,0
29841,0
29842,0
29843,0
29844,0
29846,0
29848,0
29850,0
29853,0
29856,0
29857,0
29861,0
29862,0
29863,0
29864,0
29866,0
29867,0
29868,0
29869,0
29870,0
29871,0
29875,1
29878,1
29880,0
29881,0
29883,0
29885,0
29888,0
29890,0
29891,0
29893,0
29894,0
29895,0
29904,0
29905,0
29906,0
29908,0
29911,0
29914,0
29919,0
29920,0
29921,0
29924,0
29925,0
29927,0
29929,0
29930,0
29932,0
29933,0
29934,0
29935,0
29936,0
29938,0
29939,0
29940,0
29941,0
29942,0
29944,0
29946,0
29947,0
29948,0
29949,1
29950,0
29951,0
29955,0
29956,0
29958,0
29962,0
29965,0
29967,0
29973,0
29974,1
29975,0
29976,0
29978,0
29979,0
29980,1
29983,0
29985,0
29986,0
29988,0
29990,0
29993,0
29997,0
29998,0
29999,0
30002,0
30003,0
30005,0
30006,1
30011,0
30012,1
30014,0
30018,0
30019,0
30021,0
30022,0
30023,0
30024,0
30025,0
30026,0
30028,0
30029,0
30030,0
30031,0
30034,0
30036,0
30037,0
30042,0
30043,0
30045,0
30046,0
30047,1
30052,0
30055,0
30056,0
30057,0
30059,0
30062,0
30064,0
30065,0
30068,0
30069,0
30070,0
30071,0
30072,0
30074,0
30075,0
30076,0
30079,0
30081,0
30083,1
30084,0
30085,0
30086,0
30087,0
30088,0
30089,0
30091,0
30093,1
30094,0
30095,0
30096,0
30099,0
30100,1
30104,1
30107,0
30109,0
30110,1
30111,0
30112,0
30113,0
30115,0
30117,0
30118,0
30120,0
30121,0
30123,0
30125,0
30128,0
30130,0
30131,0
30132,0
30133,0
30134,0
30138,0
30140,0
30141,0
30147,0
30148,0
30149,0
30151,0
30152,0
30155,0
30156,0
30157,0
30158,1
30159,0
30160,0
30161,0
30162,0
30163,0
30164,0
30166,0
30167,0
30168,0
30169,0
30170,0
30172,0
30173,0
30175,0
30179,0
30180,1
30181,0
30183,0
30184,0
30185,0
30186,0
30187,0
30188,0
30189,0
30190,1
30191,0
30194,0
30195,0
30196,0
30197,0
30198,0
30199,0
30200,1
30201,0
30203,0
30204,0
30206,0
30207,0
30208,0
30209,0
30211,1
30214,0
30217,0
30218,0
30219,0
30221,0
30226,0
30227,0
30228,0
30231,0
30232,0
30233,0
30234,0
30236,0
30237,0
30238,0
30239,0
30241,0
30242,0
30245,0
30246,0
30248,0
30249,0
30251,0
30253,1
30256,0
30258,0
30259,0
30261,0
30263,1
30264,0
30265,0
30268,0
30270,1
30274,0
30275,0
30276,0
30277,0
30278,0
30280,0
30281,0
30282,1
30283,0
30284,0
30285,0
30288,0
30292,1
30298,0
30300,0
30301,0
30302,0
30303,0
30305,0
30306,0
30307,0
30308,0
30310,0
30311,1
30312,0
30314,0
30315,0
30316,0
30317,1
30318,0
30321,0
30322,0
30328,0
30330,0
30331,0
30334,0
30335,0
30336,0
30338,0
30339,0
30343,0
30345,0
30346,0
30347,0
30349,0
30350,0
30352,0
30354,0
30356,0
30358,0
30359,0
30361,0
30362,0
30363,0
30364,0
30365,0
30366,1
30368,1
30369,1
30370,0
30372,0
30373,0
30375,0
30376,0
30378,0
30381,0
30382,0
30383,0
30385,0
30386,0
30388,0
30389,0
30390,0
30391,0
30392,0
30393,0
30396,0
30397,0
30399,0
30401,0
30404,0
30405,0
30409,0
30410,0
30411,0
30413,0
30414,0
30415,0
30419,0
30420,0
30421,0
30422,0
30423,0
30425,0
30427,1
30429,0
30431,0
30432,0
30436,0
30437,0
30438,0
30440,0
30441,0
30442,0
30443,0
30444,0
30445,0
30448,1
30449,0
30450,0
30451,0
30453,0
30454,1
30455,0
30457,0
30458,0
30459,0
30460,0
30461,0
30462,0
30464,0
30466,0
30467,0
30468,0
30469,0
30470,1
30476,0
30478,0
30479,0
30482,0
30483,0
30484,0
30486,0
30494,1
30495,0
30496,0
30498,0
30499,0
30500,0
30501,0
30502,0
30505,0
30506,0
30507,0
30508,1
30511,0
30512,0
30513,1
30514,0
30515,0
30516,0
30518,0
30520,0
30521,1
30522,0
30523,1
30527,0
30528,0
30529,0
30530,0
30532,0
30536,0
30540,0
30541,0
30542,0
30544,0
30545,0
30547,0
30548,0
30549,1
30551,0
30552,0
30553,0
30555,0
30557,0
30558,0
30559,0
30560,1
30561,0
30562,0
30563,0
30566,0
30567,0
30569,0
30570,0
30572,1
30573,0
30574,0
30576,0
30577,0
30578,0
30580,0
30583,0
30584,0
30585,0
30588,0
30589,0
30590,0
30591,0
30593,0
30596,0
30597,1
30598,0
30599,0
30600,0
30602,0
30604,0
30605,0
30606,0
30608,0
30609,0
30610,0
30612,0
30613,0
30614,0
30618,0
30619,0
30620,0
30621,0
30622,0
30624,0
30626,0
30627,0
30628,0
30629,0
30632,0
30633,0
30634,0
30636,0
30638,0
30639,0
30640,0
30641,0
30643,0
30648,0
30650,1
30652,0
30656,1
30657,0
30658,0
30659,0
30661,0
30662,0
30663,0
30665,0
30667,0
30670,0
30672,0
30673,0
30676,0
30678,0
30680,0
30683,0
30686,1
30687,1
30688,0
30689,0
30690,0
30691,0
30695,0
30696,0
30697,0
30700,0
30702,1
30703,0
30705,0
30706,0
30707,0
30712,0
30713,0
30715,0
30716,1
30718,0
30721,0
30722,0
30723,0
30725,0
30726,0
30727,1
30728,0
30730,0
30731,0
30732,0
30733,0
30734,0
30738,0
30739,0
30741,0
30748,0
30750,0
30751,0
30752,0
30753,0
30754,1
30755,0
30756,0
30757,0
30758,0
30759,0
30762,0
30764,0
30765,0
30766,0
30767,0
30768,0
30770,0
30771,0
30772,0
30775,0
30776,0
30777,1
30778,0
30780,0
30781,0
30782,0
30783,0
30786,0
30787,0
30789,0
30792,0
30796,0
30797,0
30799,0
30800,0
30802,0
30805,0
30808,0
30810,0
30811,0
30812,0
30813,0
30814,0
30815,0
30816,0
30822,0
30824,0
30827,0
30828,0
30829,0
30830,0
30831,0
30832,0
30834,0
30835,0
30836,1
30837,0
30840,0
30848,0
30849,0
30851,0
30852,0
30855,1
30856,0
30857,0
30858,1
30859,0
30861,0
30862,0
30864,0
30865,0
30866,0
30867,0
30868,0
30871,1
30873,0
30876,0
30877,0
30878,0
30881,0
30882,0
30883,1
30888,0
30889,0
30890,0
30892,1
30893,0
30894,0
30896,0
30897,0
30898,0
30899,0
30900,0
30901,0
30903,0
30904,0
30906,0
30907,0
30908,0
30910,1
30912,0
30913,0
30915,0
30916,0
30917,0
30919,1
30920,0
30921,1
30922,0
30923,0
30924,0
30925,0
30926,0
30927,0
30929,0
30931,0
30932,0
30933,0
30935,0
30936,0
30939,0
30941,0
30943,0
30945,0
30947,0
30948,0
30949,0
30951,0
30952,0
30953,0
30956,0
30957,0
30962,0
30963,0
30967,0
30968,0
30969,0
30970,0
30971,1
30972,0
30974,0
30975,0
30977,0
30979,0
30982,1
30987,0
30991,0
30992,0
30993,0
30995,1
30996,0
30997,1
30998,0
31001,0
31003,0
31006,0
31008,0
31010,0
31013,0
31014,0
31016,0
31017,0
31018,0
31020,0
31024,0
31026,0
31027,0
31030,1
31031,0
31032,0
31033,0
31034,1
31035,0
31037,0
31039,0
31040,0
31044,0
31045,0
31046,0
31048,0
31050,0
31051,0
31052,0
31053,0
31054,0
31055,0
31057,0
31060,1
31061,0
31064,0
31067,0
31068,0
31069,0
31070,0
31073,0
31074,0
31075,0
31077,0
31079,0
31080,0
31081,1
31083,0
31085,0
31086,0
31089,0
31090,0
31091,0
31092,0
31093,0
31097,0
31098,0
31099,0
31100,1
31101,0
31102,0
31103,0
31104,0
31114,0
31116,0
31118,0
31120,0
31122,0
31123,0
31124,0
31127,0
31128,0
31131,0
31132,0
31134,0
31137,0
31138,0
31139,0
31140,0
31141,0
31142,0
31143,0
31144,0
31145,0
31146,1
31149,0
31151,0
31152,0
31153,1
31155,0
31157,0
31159,0
31160,0
31161,1
31163,0
31165,0
31166,0
31167,0
31168,0
31169,0
31170,0
31173,0
31174,0
31175,0
31176,0
31178,1
31179,0
31180,0
31183,0
31186,0
31187,0
31188,0
31192,0
31193,0
31194,0
31197,0
31198,0
31199,0
31200,1
31201,0
31203,0
31204,0
31206,0
31207,0
31208,0
31210,0
31211,0
31212,0
31213,0
31214,0
31215,1
31217,0
31218,0
31221,0
31222,0
31226,0
31227,0
31228,0
31229,0
31230,0
31231,0
31233,0
31234,0
31236,0
31238,0
31246,0
31247,0
31249,0
31250,0
31252,0
31253,0
31254,0
31255,0
31260,0
31261,1
31266,0
31268,0
31269,0
31270,0
31271,0
31273,0
31274,0
31276,0
31278,0
31279,0
31283,0
31286,0
31289,0
31290,0
31291,0
31293,0
31295,0
31297,0
31299,0
31300,0
31301,0
31302,0
31303,0
31306,0
31307,0
31308,0
31309,0
31310,0
31312,0
31315,0
31317,0
31319,0
31320,0
31324,0
31325,0
31328,0
31331,1
31332,0
31334,0
31335,0
31340,0
31342,0
31343,0
31344,0
31345,0
31346,0
31347,0
31351,0
31352,0
31354,0
31355,0
31356,0
31360,0
31363,0
31365,0
31366,0
31367,0
31370,0
31371,1
31373,0
31374,0
31378,0
31379,1
31381,0
31382,0
31384,0
31386,0
31392,0
31394,1
31399,0
31400,0
31402,0
31405,0
31409,0
31410,0
31412,0
31413,0
31414,0
31416,0
31417,0
31420,0
31421,0
31422,0
31423,0
31426,0
31427,0
31428,0
31430,0
31432,0
31433,0
31434,0
31436,0
31438,0
31440,0
31444,0
31445,0
31447,0
31448,0
31449,0
31450,0
31451,0
31452,0
31453,0
31455,1
31456,0
31458,0
31459,0
31461,0
31462,0
31466,1
31467,1
31469,0
31470,0
31471,0
31472,0
31477,0
31479,0
31480,0
31481,0
31485,0
31488,0
31489,0
31490,0
31492,0
31493,0
31495,0
31496,0
31497,0
31498,0
31500,0
31501,0
31502,0
31503,0
31506,0
31510,0
31511,1
31512,0
31513,0
31514,0
31515,0
31517,0
31518,0
31519,0
31520,0
31522,0
31526,0
31527,0
31530,0
31531,0
31533,0
31535,0
31536,0
31537,0
31538,0
31543,0
31545,0
31547,1
31549,0
31552,0
31553,0
31554,0
31556,0
31557,0
31560,0
31562,0
31563,0
31564,1
31567,0
31569,0
31571,0
31577,0
31578,1
31580,0
31581,0
31582,0
31585,0
31586,0
31587,0
31588,0
31590,1
31591,0
31592,0
31593,1
31594,0
31597,0
31598,0
31599,0
31600,0
31601,0
31602,0
31606,0
31608,0
31609,0
31610,0
31615,1
31617,0
31619,0
31620,0
31624,0
31625,0
31628,0
31629,0
31631,0
31632,0
31633,0
31634,0
31635,0
31637,0
31639,0
31640,0
31643,1
31646,0
31647,0
31648,0
31649,0
31650,0
31651,0
31652,0
31653,0
31654,0
31655,0
31656,0
31657,0
31658,0
31659,0
31660,0
31663,1
31666,1
31668,0
31669,0
31670,0
31672,0
31673,0
31676,0
31677,0
31679,0
31681,0
31683,0
31684,0
31685,0
31687,0
31688,0
31689,0
31690,0
31691,0
31692,0
31695,0
31696,0
31697,0
31698,0
31699,0
31701,1
31703,0
31704,1
31706,0
31707,0
31709,0
31712,0
31714,0
31715,0
31716,1
31720,0
31723,0
31726,0
31727,0
31728,0
31730,0
31731,0
31732,0
31733,0
31735,0
31737,0
31738,0
31739,0
31740,0
31741,0
31743,0
31745,0
31747,0
31749,0
31750,0
31754,0
31759,0
31760,0
31761,0
31763,1
31766,0
31768,0
31770,0
31772,0
31773,0
31776,0
31777,1
31778,0
31779,0
31780,0
31781,0
31782,0
31783,0
31784,0
31785,0
31787,0
31788,0
31790,0
31793,0
31798,0
31799,0
31800,0
31804,0
31805,0
31806,0
31807,0
31808,0
31809,1
31810,0
31811,0
31812,0
31813,0
31815,0
31816,0
31817,0
31818,0
31824,0
31826,0
31827,0
31828,0
31829,1
31832,0
31833,0
31834,0
31835,1
31836,0
31839,0
31840,0
31841,0
31842,0
31843,0
31844,1
31846,0
31847,0
31851,0
31852,0
31853,0
31857,1
31860,0
31862,0
31863,1
31866,0
31867,1
31868,0
31869,0
31870,0
31871,0
31872,0
31873,0
31876,0
31879,0
31880,0
31881,0
31882,0
31883,0
31890,0
31891,0
31892,0
31894,0
31895,0
31896,0
31898,0
31899,1
31902,0
31903,0
31904,0
31905,0
31908,0
31909,0
31910,0
31911,0
31912,0
31914,0
31915,0
31917,1
31918,0
31920,0
31922,0
31923,0
31925,0
31926,0
31928,1
31929,0
31931,0
31932,0
31933,0
31934,0
31935,0
31940,0
31942,0
31944,0
31945,0
31947,0
31948,0
31949,0
31950,1
31952,0
31957,0
31958,0
31959,0
31961,0
31963,0
31964,0
31965,0
31966,0
31967,0
31968,0
31970,0
31972,0
31973,0
31974,0
31975,0
31979,0
31980,1
31983,0
31985,0
31986,0
31988,0
31989,0
31990,0
31992,0
31993,0
31995,0
31997,1
31999,0
32000,0
32003,0
32004,0
32006,0
32009,1
32016,0
32018,0
32021,0
32022,0
32024,0
32026,0
32030,0
32031,0
32035,0
32036,0
32037,0
32042,0
32044,0
32046,0
32048,0
32051,0
32054,0
32056,0
32057,0
32059,0
32060,0
32061,0
32062,0
32066,0
32067,1
32073,0
32075,0
32076,0
32079,0
32080,0
32081,0
32082,0
32085,0
32092,0
32093,0
32095,0
32096,0
32097,0
32099,0
32100,0
32101,1
32102,0
32103,0
32104,0
32105,1
32106,1
32107,0
32108,0
32109,0
32110,0
32111,0
32112,0
32113,0
32114,0
32118,0
32119,0
32121,0
32124,0
32126,1
32127,0
32129,0
32130,0
32131,1
32132,0
32134,0
32135,0
32137,0
32138,0
32139,0
32141,0
32143,0
32144,0
32150,0
32151,0
32155,1
32158,0
32159,1
32161,0
32162,1
32163,0
32164,0
32167,0
32168,0
32169,0
32170,0
32171,0
32172,0
32173,0
32178,0
32179,0
32182,0
32189,0
32190,1
32192,0
32193,0
32198,0
32199,0
32201,0
32204,0
32205,0
32206,0
32208,0
32209,0
32210,0
32212,0
32213,0
32215,0
32216,0
32218,0
32220,0
32223,0
32224,0
32225,0
32226,0
32227,0
32229,0
32232,0
32233,0
32235,0
32237,0
32238,0
32241,1
32242,0
32244,0
32245,0
32246,1
32247,0
32248,0
32249,0
32250,0
32253,0
32254,0
32256,1
32259,0
32260,0
32261,0
32263,0
32264,0
32266,0
32267,0
32268,0
32269,0
32270,0
32271,1
32272,0
32276,0
32279,0
32280,0
32286,0
32287,0
32292,1
32295,0
32297,0
32299,0
32301,0
32303,0
32304,0
32305,0
32306,0
32307,0
32310,0
32311,0
32314,0
32316,1
32317,0
32318,0
32322,0
32327,0
32329,0
32332,0
32334,0
32335,0
32338,0
32339,0
32340,0
32343,0
32345,0
32348,0
32349,0
32351,0
32354,0
32355,0
32358,0
32359,0
32360,0
32362,0
32364,0
32366,0
32368,0
32369,0
32374,0
32375,0
32376,0
32377,0
32378,0
32380,0
32381,0
32382,0
32386,0
32388,0
32389,0
32391,0
32393,0
32402,0
32406,0
32408,0
32410,1
32413,1
32414,0
32415,0
32416,0
32420,0
32423,0
32424,0
32425,1
32426,0
32429,1
32431,0
32433,0
32434,1
32436,0
32437,0
32439,0
32440,0
32441,0
32442,0
32444,0
32445,0
32449,0
32450,0
32451,1
32452,0
32453,0
32454,0
32455,0
32458,1
32459,0
32460,0
32461,0
32462,0
32463,0
32464,0
32465,1
32466,0
32468,0
32469,0
32471,0
32472,0
32473,0
32474,0
32475,0
32477,0
32478,0
32479,0
32480,0
32481,1
32482,0
32484,0
32485,0
32486,0
32487,0
32488,1
32491,0
32492,0
32493,0
32495,0
32496,0
32500,0
32501,0
32502,0
32503,0
32505,0
32506,0
32508,0
32509,0
32510,0
32511,0
32512,0
32513,0
32515,0
32516,0
32518,0
32521,0
32524,0
32525,0
32526,0
32529,0
32530,0
32531,0
32533,0
32536,0
32537,0
32538,0
32542,0
32543,0
32545,0
32546,0
32549,0
32552,0
32554,0
32556,0
32557,0
32558,0
32559,0
32561,0
32562,0
32563,0
32566,0
32567,0
32568,0
32569,0
32570,0
32577,0
32578,0
32579,0
32580,0
32582,1
32584,0
32585,0
32587,0
32588,1
32589,0
32599,0
32600,0
32602,0
32604,0
32606,0
32608,0
32609,1
32613,0
32614,0
32618,1
32621,0
32623,0
32624,0
32625,0
32628,1
32629,0
32631,0
32632,0
32633,0
32634,0
32635,0
32636,0
32638,0
32639,0
32640,0
32643,1
32648,0
32650,0
32651,0
32652,0
32653,0
32654,1
32655,0
32656,0
32657,0
32658,0
32662,0
32663,0
32664,0
32665,0
32666,0
32668,0
32670,0
32671,0
32674,0
32676,0
32680,0
32682,0
32683,0
32684,0
32685,0
32686,0
32688,1
32689,0
32690,0
32691,1
32693,0
32694,0
32695,0
32696,0
32699,0
32700,0
32701,0
32704,0
32705,0
32706,0
32708,0
32710,0
32711,0
32712,0
32713,0
32714,0
32715,0
32716,1
32719,0
32721,0
32725,0
32726,0
32729,0
32731,0
32734,0
32739,0
32743,0
32744,0
32745,0
32747,0
32749,0
32750,0
32751,0
32756,0
32758,0
32759,0
32763,0
32765,0
32767,0
32768,0
32772,0
32773,0
32777,0
32779,0
32780,0
32782,0
32784,1
32787,0
32788,0
32789,1
32790,0
32791,0
32792,0
32794,0
32795,0
32796,0
32797,0
32798,0
32799,0
32800,0
32802,0
32804,0
32806,0
32808,0
32809,0
32811,0
32816,0
32818,0
32820,1
32824,1
32826,0
32828,0
32830,0
32831,0
32832,0
32836,0
32838,0
32841,0
32844,0
32845,0
32849,0
32851,0
32853,1
32854,0
32855,0
32857,0
32859,1
32860,0
32863,0
32864,0
32867,0
32869,0
32871,0
32872,0
32873,1
32874,0
32876,0
32877,0
32878,0
32879,0
32881,0
32883,0
32885,0
32888,0
32889,0
32890,0
32891,1
32892,0
32893,1
32894,0
32895,0
32896,0
32901,0
32902,0
32903,0
32905,0
32906,1
32907,0
32908,0
32912,0
32913,0
32914,0
32917,0
32919,0
32922,0
32925,0
32926,0
32927,0
32928,0
32931,0
32932,0
32937,0
32938,0
32939,0
32940,0
32946,0
32947,0
32949,0
32950,0
32952,0
32953,0
32955,0
32958,0
32959,1
32960,0
32961,0
32962,1
32963,1
32964,0
32965,0
32966,0
32967,0
32969,0
32971,1
32973,0
32974,0
32975,0
32976,0
32977,0
32978,0
32979,0
32981,0
32982,0
32985,0
32986,0
32987,1
32988,0
32989,0
32992,0
32993,0
33000,0
33004,0
33007,0
33008,0
33010,1
33011,0
33012,0
33013,0
33014,0
33015,0
33016,1
33017,0
33023,0
33024,0
33032,0
33034,0
33037,0
33038,0
33041,0
33042,0
33043,0
33045,0
33046,0
33048,0
33049,0
33050,1
33051,0
33052,0
33054,0
33055,0
33057,0
33058,1
33060,0
33062,1
33064,0
33065,0
33066,0
33067,0
33068,0
33069,0
33071,1
33072,0
33074,0
33075,0
33076,0
33080,0
33082,0
33083,0
33084,1
33086,0
33089,0
33091,0
33092,0
33094,0
33095,0
33097,0
33098,0
33099,0
33100,0
33102,0
33103,0
33104,1
33105,0
33106,0
33107,0
33108,0
33110,1
33112,0
33117,0
33119,0
33120,0
33122,0
33123,1
33125,0
33126,1
33127,0
33128,0
33131,0
33132,0
33134,1
33135,1
33136,0
33138,0
33139,1
33140,0
33141,0
33142,0
33146,1
33147,0
33148,0
33149,0
33151,0
33152,0
33153,0
33156,0
33157,0
33158,0
33159,0
33162,0
33165,0
33166,1
33167,0
33168,0
33169,1
33173,0
33174,0
33175,0
33178,0
33179,0
33180,0
33181,0
33182,0
33183,0
33184,0
33186,0
33187,0
33190,0
33192,0
33193,0
33194,0
33195,0
33197,0
33201,0
33202,1
33203,0
33205,0
33206,0
33207,0
33209,1
33212,0
33213,0
33214,0
33216,0
33217,0
33221,1
33222,0
33225,0
33226,0
33228,0
33232,0
33235,0
33236,0
33238,0
33240,1
33243,0
33244,0
33245,0
33246,1
33247,0
33250,0
33256,0
33259,0
33261,0
33262,0
33263,0
33264,0
33266,0
33267,0
33270,0
33271,0
33272,0
33273,0
33274,0
33275,0
33283,0
33284,0
33285,1
33286,0
33289,0
33290,0
33295,0
33297,0
33298,0
33299,0
33300,0
33301,1
33302,0
33305,0
33306,0
33307,0
33308,0
33309,0
33310,0
33311,1
33312,0
33313,0
33315,0
33317,0
33318,0
33319,0
33320,0
33321,0
33323,0
33324,0
33326,0
33327,0
33328,0
33330,0
33332,0
33334,0
33340,1
33341,0
33344,0
33347,0
33349,1
33350,0
33352,0
33353,0
33354,0
33356,1
33357,0
33358,0
33359,0
33360,1
33362,0
33363,0
33364,0
33367,0
33368,0
33373,0
33375,0
33376,0
33377,0
33378,0
33383,0
33384,0
33385,1
33386,0
33388,0
33389,1
33394,0
33395,0
33396,0
33401,0
33402,0
33405,0
33409,0
33410,0
33411,0
33414,0
33415,0
33417,0
33420,0
33422,0
33423,0
33424,0
33426,0
33427,0
33428,0
33430,0
33432,0
33433,0
33435,0
33436,0
33437,0
33441,0
33448,0
33449,0
33450,0
33451,0
33452,0
33454,0
33455,0
33456,0
33458,1
33460,0
33461,0
33466,0
33467,0
33472,0
33473,1
33474,0
33476,0
33477,0
33479,0
33483,0
33484,0
33485,0
33486,0
33487,0
33489,0
33492,1
33493,0
33495,0
33497,0
33500,0
33501,0
33503,0
33504,0
33508,1
33509,0
33510,0
33511,0
33512,1
33517,0
33518,0
33519,0
33525,0
33526,0
33527,0
33529,1
33530,1
33531,0
33533,0
33534,0
33536,0
33539,0
33541,0
33543,0
33544,0
33547,0
33549,0
33551,0
33555,0
33556,0
33557,0
33560,0
33561,0
33562,0
33564,0
33565,0
33567,0
33568,0
33569,0
33570,0
33573,0
33578,0
33581,0
33582,0
33583,0
33586,0
33590,0
33593,0
33595,0
33596,0
33597,0
33598,0
33599,0
33600,0
33602,0
33603,0
33604,0
33605,0
33606,0
33608,0
33609,1
33610,0
33616,0
33617,0
33618,0
33619,0
33621,0
33625,0
33631,0
33632,0
33633,0
33635,0
33636,0
33638,0
33643,0
33644,0
33645,0
33647,0
33648,0
33649,0
33650,0
33653,0
33655,0
33656,0
33660,0
33662,0
33665,0
33666,0
33667,0
33669,0
33671,0
33676,0
33678,0
33682,1
33683,1
33686,0
33687,0
33688,0
33689,0
33690,0
33691,0
33692,0
33695,0
33699,1
33700,0
33702,1
33703,0
33705,0
33708,1
33709,1
33712,1
33714,1
33716,0
33718,0
33722,0
33724,0
33727,0
33731,0
33732,0
33737,0
33739,0
33740,0
33741,0
33742,0
33743,0
33745,0
33747,0
33748,0
33750,1
33753,1
33755,0
33757,0
33758,0
33760,0
33761,1
33762,0
33763,0
33770,0
33772,0
33773,0
33777,0
33778,0
33780,0
33782,0
33783,0
33785,0
33787,0
33788,0
33790,0
33792,0
33793,0
33794,0
33795,0
33796,0
33797,0
33798,0
33801,0
33803,0
33804,1
33807,0
33809,0
33810,0
33812,0
33813,0
33814,0
33815,0
33817,0
33819,1
33820,0
33822,0
33823,0
33824,1
33825,0
33826,0
33828,0
33831,0
33832,0
33833,0
33834,0
33835,0
33836,0
33838,0
33839,1
33842,1
33848,0
33849,1
33850,0
33853,0
33855,0
33856,0
33857,1
33859,0
33860,0
33863,0
33865,0
33866,0
33867,0
33869,1
33872,0
33874,0
33875,0
33879,0
33886,0
33887,0
33890,0
33892,0
33895,0
33896,0
33897,0
33898,0
33899,0
33902,0
33905,0
33908,0
33909,0
33910,0
33911,0
33912,0
33913,0
33915,0
33916,0
33919,0
33921,0
33922,0
33923,0
33924,0
33925,0
33927,0
33928,0
33937,0
33939,0
33940,0
33941,0
33943,0
33944,0
33945,0
33946,0
33947,0
33949,0
33950,0
33951,0
33952,0
33953,0
33955,0
33956,0
33957,0
33958,0
33960,0
33961,0
33962,0
33963,0
33964,0
33966,0
33974,0
33976,0
33977,0
33979,1
33980,0
33981,0
33983,0
33987,0
33988,0
33992,0
33994,0
33995,0
33996,0
33997,0
33998,0
34000,0
34001,0
34002,0
34003,1
34004,1
34006,0
34007,0
34009,0
34010,0
34013,0
34014,0
34015,0
34016,1
34017,0
34018,0
34020,0
34021,0
34022,0
34024,0
34026,0
34027,0
34028,0
34029,0
34030,0
34031,0
34032,0
34033,0
34034,1
34035,0
34036,1
34038,0
34039,0
34046,0
34047,0
34048,0
34049,0
34050,0
34052,0
34057,0
34059,0
34062,1
34065,0
34066,0
34067,0
34070,0
34072,0
34074,0
34075,0
34076,0
34077,0
34078,0
34079,0
34080,0
34081,1
34082,0
34083,0
34084,0
34085,0
34086,0
34088,0
34091,0
34097,0
34098,0
34099,0
34100,0
34101,0
34103,1
34104,0
34105,0
34108,0
34109,0
34115,0
34116,0
34117,0
34118,1
34119,0
34120,1
34121,0
34122,0
34123,0
34124,0
34125,0
34127,0
34129,1
34130,0
34132,0
34135,0
34136,0
34137,0
34139,0
34140,0
34141,0
34142,0
34144,0
34147,0
34148,0
34151,0
34153,1
34154,0
34156,0
34158,0
34159,0
34161,0
34162,0
34164,0
34165,0
34166,0
34168,0
34169,0
34170,1
34172,1
34173,0
34177,1
34178,0
34182,0
34184,0
34185,0
34188,0
34191,0
34194,0
34196,0
34199,0
34200,0
34201,0
34205,0
34206,0
34208,0
34211,0
34214,0
34216,0
34217,0
34218,0
34219,0
34222,0
34224,0
34225,0
34227,0
34228,0
34230,0
34231,1
34232,0
34233,0
34235,0
34236,0
34237,0
34240,0
34241,0
34243,0
34250,0
34252,0
34253,0
34255,1
34260,0
34261,0
34263,0
34264,1
34266,0
34267,0
34271,0
34272,0
34273,0
34274,0
34276,0
34277,0
34278,0
34282,0
34283,0
34284,0
34285,0
34287,0
34289,0
34292,1
34293,0
34296,0
34300,0
34302,0
34304,0
34306,0
34307,1
34308,1
34311,0
34312,1
34317,1
34318,0
34319,0
34322,0
34323,0
34324,0
34327,0
34331,0
34334,0
34335,0
34336,0
34341,0
34342,0
34343,0
34345,0
34348,0
34350,1
34351,0
34352,0
34353,0
34355,0
34357,0
34360,0
34364,0
34365,1
34367,0
34371,0
34372,0
34374,0
34378,0
34380,0
34381,1
34384,0
34385,0
34388,0
34389,1
34391,0
34392,0
34394,0
34395,0
34396,0
34397,1
34398,0
34400,0
34403,0
34404,0
34405,0
34406,0
34407,0
34408,1
34409,0
34410,0
34411,1
34412,1
34416,0
34421,0
34422,0
34423,0
34425,0
34426,0
34427,0
34431,0
34433,0
34434,0
34436,0
34438,1
34439,0
34443,0
34446,0
34447,0
34448,0
34449,0
34450,0
34452,0
34453,0
34454,0
34455,0
34456,0
34457,0
34458,0
34459,0
34460,0
34461,0
34462,0
34463,0
34464,0
34466,0
34467,1
34468,0
34469,1
34470,0
34474,0
34476,0
34477,0
34478,0
34479,0
34483,0
34484,0
34485,0
34487,0
34488,0
34489,0
34491,0
34494,0
34496,0
34500,0
34502,0
34504,0
34506,0
34507,1
34508,0
34510,0
34511,0
34512,0
34515,0
34518,0
34519,0
34521,0
34529,0
34531,0
34536,0
34538,0
34539,0
34544,0
34546,1
34547,1
34550,0
34551,0
34552,0
34555,0
34557,0
34558,0
34560,0
34561,0
34563,0
34564,0
34565,0
34566,0
34570,0
34572,0
34573,0
34578,1
34581,0
34583,0
34585,0
34586,0
34587,0
34588,0
34590,0
34591,0
34594,0
34596,0
34600,0
34601,0
34602,0
34603,0
34604,0
34605,0
34608,0
34609,0
34612,0
34614,0
34616,1
34618,0
34619,0
34620,0
34622,0
34624,0
34625,0
34628,0
34630,0
34631,0
34632,0
34633,1
34637,0
34638,0
34639,0
34640,0
34642,0
34643,0
34645,0
34647,0
34648,0
34649,0
34652,0
34654,0
34655,0
34656,0
34657,0
34658,0
34660,0
34662,0
34666,0
34667,0
34669,0
34671,0
34672,0
34673,0
34674,0
34676,0
34677,0
34681,0
34682,0
34683,0
34684,0
34685,0
34686,0
34687,0
34688,0
34689,0
34691,1
34692,0
34693,0
34694,0
34696,0
34704,0
34705,1
34706,0
34707,1
34708,0
34709,0
34712,0
34713,0
34714,0
34718,0
34719,0
34721,0
34723,0
34724,0
34725,0
34727,0
34728,0
34731,0
34733,0
34734,0
34735,0
34737,0
34738,0
34739,0
34741,0
34742,0
34746,0
34747,0
34748,0
34749,0
34751,0
34752,0
34753,0
34754,0
34755,0
34756,0
34759,0
34760,0
34761,1
34762,0
34766,0
34767,1
34769,0
34770,0
34772,0
34773,0
34775,0
34780,0
34781,0
34782,0
34783,0
34785,0
34788,1
34790,0
34795,0
34797,0
34798,0
34799,0
34800,1
34801,0
34803,0
34804,0
34806,0
34809,0
34810,0
34812,0
34814,0
34815,0
34816,1
34817,0
34819,0
34820,0
34821,0
34822,0
34823,0
34824,1
34829,0
34830,0
34831,0
34832,0
34833,0
34834,0
34835,0
34836,0
34838,0
34843,0
34844,1
34846,0
34847,0
34850,0
34852,0
34853,0
34854,0
34855,0
34856,0
34857,0
34860,0
34862,1
34863,0
34864,1
34866,0
34868,0
34869,0
34870,0
34871,0
34874,0
34875,0
34877,0
34879,0
34880,0
34882,0
34886,0
34888,0
34889,0
34890,0
34891,0
34892,0
34893,0
34895,0
34896,1
34897,0
34898,1
34899,0
34900,0
34901,0
34902,0
34907,1
34909,0
34910,0
34914,0
34915,0
34916,0
34918,0
34920,0
34921,0
34923,0
34924,1
34925,0
34926,0
34927,0
34929,0
34930,0
34933,0
34934,0
34935,0
34936,1
34937,0
34938,0
34940,0
34941,0
34943,1
34944,0
34945,0
34949,0
34951,0
34952,0
34955,0
34957,0
34959,0
34963,0
34968,0
34969,0
34970,0
34972,0
34973,0
34979,0
34980,0
34981,0
34982,0
34987,1
34988,0
34989,0
34991,0
34992,0
34993,0
34995,0
34996,0
34998,0
34999,0
35000,0
35001,0
35002,1
35004,0
35005,1
35006,0
35007,0
35009,0
35011,0
35016,0
35017,0
35018,0
35021,0
35023,0
35031,0
35032,0
35034,0
35035,0
35036,0
35037,0
35039,0
35040,0
35044,0
35045,0
35047,0
35048,0
35049,0
35050,0
35051,0
35053,0
35055,0
35058,0
35060,0
35061,0
35062,0
35064,0
35065,1
35066,0
35072,0
35073,0
35074,0
35075,0
35077,1
35078,0
35079,0
35084,0
35085,0
35087,0
35089,0
35090,0
35092,0
35094,0
35098,0
35100,0
35101,0
35102,0
35103,0
35105,0
35106,0
35107,0
35108,0
35113,0
35115,0
35117,0
35118,0
35119,1
35121,0
35122,0
35123,0
35124,0
35130,0
35132,0
35134,0
35136,0
35137,0
35138,1
35141,1
35142,0
35145,0
35146,0
35147,0
35149,0
35150,0
35151,0
35152,0
35153,0
35154,0
35155,1
35156,1
35160,0
35161,0
35162,0
35163,0
35164,1
35165,1
35166,0
35167,0
35168,0
35170,0
35173,0
35174,1
35176,0
35178,0
35180,0
35181,1
35182,0
35183,0
35185,0
35186,0
35189,0
35191,0
35193,0
35198,0
35199,1
35200,0
35202,0
35204,0
35205,0
35206,0
35207,0
35209,0
35211,0
35213,0
35214,0
35216,0
35217,0
35218,1
35219,0
35223,0
35225,0
35226,0
35227,0
35229,0
35231,0
35232,0
35234,0
35235,0
35237,0
35238,0
35239,0
35240,1
35242,0
35244,0
35245,0
35246,0
35248,0
35249,0
35253,0
35254,0
35255,1
35258,0
35263,0
35264,0
35265,0
35268,0
35269,0
35273,0
35274,0
35275,0
35276,0
35277,0
35278,0
35279,1
35281,0
35285,1
35286,0
35287,0
35289,0
35290,0
35292,0
35294,0
35296,0
35298,0
35300,1
35301,0
35302,0
35304,0
35306,0
35307,0
35308,0
35309,0
35310,0
35311,0
35312,0
35313,0
35317,0
35320,0
35321,0
35323,0
35324,0
35325,1
35326,0
35327,0
35328,0
35330,0
35331,0
35332,0
35333,0
35334,0
35335,0
35336,1
35337,1
35338,0
35340,0
35342,0
35343,0
35344,0
35345,0
35347,0
35348,0
35349,1
35351,0
35354,0
35355,0
35356,0
35358,0
35360,0
35361,1
35362,1
35363,0
35366,0
35367,0
35368,0
35370,0
35372,0
35374,0
35376,0
35382,0
35385,0
35386,0
35388,0
35389,1
35391,0
35392,0
35393,1
35394,0
35396,0
35398,0
35399,0
35401,0
35402,0
35403,0
35405,0
35406,0
35407,0
35408,0
35409,0
35410,0
35411,1
35412,0
35413,0
35415,0
35416,0
35420,0
35421,0
35424,0
35426,0
35432,0
35433,0
35435,0
35438,0
35441,0
35442,1
35443,0
35444,0
35447,0
35448,0
35449,0
35450,0
35451,0
35453,0
35454,0
35459,0
35460,1
35461,0
35462,0
35465,0
35466,0
35468,1
35470,0
35471,0
35478,0
35481,0
35482,0
35484,0
35485,0
35487,0
35490,0
35491,0
35492,1
35493,0
35494,0
35496,0
35499,0
35500,0
35501,1
35502,0
35504,0
35506,0
35508,0
35509,0
35512,0
35513,0
35514,0
35516,0
35519,0
35520,0
35521,0
35522,0
35523,0
35526,0
35528,0
35531,0
35533,0
35536,0
35537,0
35538,1
35539,0
35541,0
35542,0
35543,0
35544,0
35545,0
35546,0
35548,0
35551,1
35552,0
35555,0
35556,1
35557,0
35558,0
35559,0
35560,0
35561,0
35562,0
35563,0
35567,0
35568,0
35569,0
35572,0
35573,1
35574,0
35575,0
35576,0
35579,0
35580,0
35581,0
35582,0
35583,0
35584,1
35585,0
35588,0
35590,0
35591,0
35593,0
35594,0
35595,0
35596,0
35597,0
35598,0
35599,0
35600,0
35601,0
35602,0
35604,0
35605,0
35606,0
35607,0
35608,0
35609,0
35610,0
35611,0
35612,0
35613,0
35614,0
35615,0
35617,0
35618,0
35619,1
35620,0
35622,0
35626,0
35627,0
35628,0
35629,0
35630,0
35638,1
35639,1
35641,0
35642,0
35644,0
35646,0
35648,0
35649,0
35650,0
35653,0
35655,1
35656,0
35657,0
35658,0
35660,0
35661,0
35663,0
35664,0
35665,0
35666,0
35667,0
35668,0
35669,0
35671,0
35672,0
35674,0
35677,0
35678,0
35679,0
35680,0
35684,0
35685,0
35686,0
35687,0
35688,0
35691,0
35693,0
35697,0
35698,0
35701,0
35703,1
35705,0
35706,0
35707,0
35714,0
35715,0
35716,0
35717,0
35721,0
35725,0
35728,0
35729,0
35732,0
35733,0
35736,0
35737,0
35744,0
35745,0
35746,0
35747,0
35749,0
35750,0
35753,0
35754,0
35755,0
35756,0
35758,0
35763,0
35764,0
35765,0
35766,0
35771,0
35772,0
35773,0
35774,1
35776,0
35777,0
35780,1
35781,0
35783,0
35785,0
35786,1
35788,0
35789,0
35790,1
35791,0
35792,0
35794,0
35795,0
35796,0
35797,0
35798,0
35799,1
35801,0
35802,1
35804,0
35807,1
35808,0
35810,1
35811,0
35812,0
35814,0
35815,0
35818,0
35819,0
35820,0
35827,1
35829,0
35834,0
35837,0
35839,0
35840,0
35841,0
35843,0
35846,1
35849,0
35852,0
35855,0
35857,0
35858,0
35859,0
35860,0
35864,0
35865,0
35867,0
35869,0
35873,1
35874,0
35875,0
35876,0
35879,0
35880,0
35881,1
35882,0
35883,0
35884,0
35885,1
35886,0
35887,0
35888,0
35891,0
35901,0
35905,0
35906,0
35909,0
35912,0
35915,0
35916,0
35917,0
35918,0
35919,0
35920,0
35922,0
35923,0
35924,1
35925,0
35927,0
35929,0
35931,0
35932,0
35933,0
35934,0
35935,0
35939,0
35940,0
35941,0
35943,0
35944,0
35945,0
35946,0
35947,1
35948,0
35950,0
35952,0
35955,0
35956,0
35957,0
35958,0
35959,0
35960,0
35961,0
35963,0
35964,1
35965,0
35969,0
35970,1
35971,0
35972,1
35973,0
35974,0
35975,0
35976,0
35978,0
35979,0
35981,0
35983,0
35984,0
35985,0
35986,0
35990,0
35991,0
35992,0
35995,0
35997,0
35998,0
35999,0
36000,0
36001,0
36002,0
36003,0
36004,0
36008,0
36009,0
36011,0
36012,0
36013,0
36014,0
36017,0
36019,0
36020,0
36021,0
36023,0
36024,0
36027,0
36034,0
36035,0
36037,0
36038,0
36041,0
36042,0
36044,0
36045,0
36046,0
36049,0
36052,0
36053,0
36057,0
36058,0
36059,0
36062,0
36063,1
36064,1
36065,0
36066,1
36069,0
36071,1
36072,0
36073,1
36074,0
36075,0
36076,0
36078,0
36079,1
36081,0
36085,0
36087,0
36089,0
36090,0
36093,0
36096,1
36098,0
36099,0
36102,0
36103,0
36104,0
36105,0
36108,0
36110,0
36112,0
36113,0
36114,0
36115,0
36116,1
36120,0
36123,0
36124,0
36127,0
36129,0
36132,0
36133,0
36134,0
36136,0
36137,0
36138,0
36140,0
36142,0
36144,0
36145,0
36147,0
36151,1
36154,0
36158,0
36159,0
36161,0
36164,0
36165,0
36167,0
36168,1
36169,1
36172,0
36173,0
36175,0
36176,0
36182,0
36183,0
36185,0
36187,0
36188,0
36189,0
36190,0
36191,0
36192,0
36197,0
36198,0
36199,0
36200,1
36202,0
36203,1
36204,1
36205,0
36206,0
36207,0
36210,0
36213,0
36215,1
36219,0
36220,1
36221,0
36222,0
36223,0
36224,0
36225,0
36227,1
36228,0
36229,0
36230,1
36231,0
36232,0
36234,0
36238,0
36241,0
36244,0
36247,0
36248,0
36250,0
36253,0
36254,0
36257,0
36258,0
36259,0
36260,0
36261,0
36262,0
36263,0
36264,0
36265,0
36266,0
36268,0
36271,0
36272,1
36273,0
36274,0
36275,0
36277,0
36278,0
36280,1
36283,0
36285,0
36286,0
36287,0
36288,1
36289,0
36290,0
36291,1
36293,0
36294,0
36296,0
36300,0
36302,0
36303,0
36304,0
36308,0
36309,0
36310,0
36311,0
36312,0
36315,0
36316,0
36318,0
36319,0
36321,0
36322,0
36323,0
36326,0
36328,1
36331,0
36332,0
36333,0
36335,0
36336,0
36339,0
36340,0
36343,0
36344,0
36347,0
36349,0
36353,0
36354,0
36356,0
36357,0
36358,0
36362,0
36363,1
36364,0
36365,0
36367,0
36368,0
36370,0
36371,0
36372,0
36373,0
36374,0
36376,0
36377,0
36378,0
36380,0
36381,1
36384,0
36385,0
36386,0
36388,0
36390,0
36394,0
36395,0
36396,0
36397,0
36398,0
36399,0
36401,0
36404,0
36407,1
36408,0
36412,0
36415,0
36416,0
36417,0
36418,0
36421,0
36422,0
36424,0
36425,0
36426,0
36430,0
36434,0
36436,0
36440,0
36441,0
36443,0
36444,0
36445,0
36449,0
36450,0
36451,1
36454,0
36456,0
36457,0
36458,0
36459,0
36460,0
36462,0
36463,0
36471,0
36474,0
36477,0
36478,1
36479,0
36485,0
36486,0
36487,0
36488,1
36490,0
36495,0
36496,0
36503,0
36506,1
36507,0
36510,0
36512,0
36513,1
36515,0
36516,0
36517,1
36518,0
36521,0
36531,0
36533,0
36536,0
36538,0
36542,0
36543,0
36544,0
36546,0
36549,0
36550,0
36551,0
36552,0
36553,0
36556,0
36557,0
36558,0
36566,1
36570,0
36571,0
36572,0
36576,0
36577,1
36580,0
36581,0
36582,0
36583,0
36584,0
36586,1
36587,0
36588,0
36591,1
36592,0
36593,0
36595,1
36598,0
36601,0
36602,0
36603,0
36604,0
36605,0
36606,0
36608,0
36609,0
36611,0
36612,0
36613,0
36615,0
36616,1
36617,0
36618,0
36621,0
36623,0
36624,0
36626,0
36627,0
36628,0
36630,0
36631,0
36633,0
36635,0
36636,1
36637,0
36639,0
36641,0
36642,0
36645,0
36646,0
36647,0
36649,0
36650,0
36651,1
36652,0
36653,0
36654,0
36655,0
36656,0
36657,0
36658,1
36659,0
36661,0
36664,0
36666,0
36667,0
36668,0
36670,0
36671,0
36672,0
36673,0
36675,0
36680,0
36683,0
36685,0
36687,0
36688,0
36689,0
36691,0
36693,0
36694,0
36697,0
36698,0
36703,0
36705,0
36707,0
36708,0
36712,0
36713,0
36714,1
36717,0
36718,0
36719,0
36720,0
36722,0
36723,0
36724,0
36726,0
36727,0
36728,0
36733,0
36736,0
36737,0
36739,0
36742,0
36743,0
36744,1
36749,0
36752,1
36753,0
36754,0
36755,0
36757,0
36758,0
36759,0
36760,0
36762,0
36764,0
36767,0
36770,0
36771,0
36773,0
36774,0
36775,0
36776,0
36777,0
36779,0
36784,0
36785,0
36786,1
36787,0
36788,0
36789,0
36790,0
36791,0
36792,1
36793,0
36794,0
36797,0
36800,0
36801,0
36805,0
36806,0
36807,0
36808,0
36809,0
36810,0
36811,0
36812,0
36814,0
36815,0
36817,0
36818,1
36819,0
36820,0
36821,1
36824,0
36825,0
36831,0
36832,0
36834,0
36835,0
36836,0
36837,0
36838,0
36839,1
36840,0
36841,1
36844,0
36845,0
36846,0
36847,0
36849,0
36850,1
36852,0
36853,0
36854,0
36858,0
36862,0
36863,0
36867,0
36868,0
36870,1
36871,0
36872,0
36875,0
36879,0
36880,0
36881,0
36882,0
36885,1
36886,0
36888,0
36890,0
36892,0
36893,0
36894,0
36895,0
36898,0
36902,0
36906,0
36910,0
36912,0
36913,0
36914,0
36916,0
36917,0
36919,1
36920,0
36924,0
36925,0
36926,0
36927,1
36928,1
36929,0
36930,0
36932,0
36933,0
36934,1
36935,0
36937,0
36938,0
36940,0
36946,0
36947,0
36949,0
36950,0
36952,1
36954,0
36957,0
36958,0
36959,0
36960,0
36961,0
36962,0
36963,0
36965,0
36966,0
36967,0
36968,0
36969,0
36971,0
36972,0
36974,0
36975,0
36978,0
36979,0
36980,0
36981,0
36983,0
36984,0
36985,0
36988,0
36989,0
36991,0
36994,0
36996,0
36999,0
37001,0
37003,0
37004,0
37005,0
37009,0
37011,0
37012,0
37013,0
37015,0
37018,0
37019,0
37020,0
37025,0
37028,0
37029,0
37030,1
37031,0
37033,0
37035,0
37036,0
37037,0
37041,0
37043,0
37048,0
37051,0
37052,0
37053,0
37054,0
37055,0
37056,0
37057,0
37059,0
37060,0
37061,0
37066,0
37067,0
37068,0
37070,0
37071,0
37074,0
37075,0
37079,0
37080,0
37081,0
37082,1
37084,1
37085,0
37087,0
37089,0
37090,0
37091,0
37092,0
37093,0
37097,0
37098,0
37099,0
37100,0
37102,0
37104,0
37109,0
37110,0
37114,0
37118,0
37119,0
37120,0
37123,0
37124,0
37126,0
37129,0
37130,0
37131,0
37132,0
37133,0
37134,0
37135,0
37136,0
37137,0
37138,0
37140,0
37145,0
37147,0
37150,0
37151,0
37152,0
37153,0
37155,0
37156,0
37157,0
37158,0
37159,0
37160,0
37161,0
37162,0
37164,0
37166,1
37168,0
37174,0
37175,0
37176,0
37177,0
37178,0
37179,0
37180,0
37181,0
37183,0
37184,0
37187,0
37188,0
37190,0
37191,0
37194,0
37195,0
37196,0
37201,0
37204,0
37205,0
37206,0
37207,0
37208,0
37209,0
37210,0
37211,0
37212,0
37214,0
37215,0
37216,0
37221,0
37222,1
37223,0
37224,0
37225,0
37227,1
37228,0
37229,0
37232,0
37234,0
37235,0
37237,0
37238,1
37239,0
37243,0
37244,0
37247,0
37248,0
37249,0
37251,0
37254,0
37255,0
37258,0
37261,0
37262,0
37263,0
37264,0
37266,1
37268,1
37270,1
37272,0
37273,0
37274,0
37275,1
37276,0
37277,0
37278,0
37279,0
37280,0
37285,1
37289,0
37290,0
37291,0
37294,0
37295,0
37296,0
37297,0
37298,0
37299,0
37301,0
37302,1
37303,0
37307,0
37309,0
37310,0
37311,0
37312,0
37313,0
37317,1
37318,0
37319,0
37321,0
37322,0
37323,0
37325,0
37326,0
37328,0
37331,1
37334,0
37335,0
37336,0
37337,0
37338,0
37339,0
37340,0
37341,0
37344,0
37345,0
37346,0
37347,0
37348,0
37349,0
37351,0
37352,0
37353,0
37354,0
37356,0
37357,0
37358,0
37360,0
37361,1
37362,0
37364,0
37365,0
37366,0
37369,0
37371,0
37372,0
37373,0
37375,0
37377,0
37381,0
37382,0
37383,0
37384,0
37385,0
37387,0
37388,0
37390,0
37391,1
37393,0
37398,0
37399,0
37400,0
37402,0
37404,0
37407,0
37409,0
37411,0
37412,0
37413,0
37414,0
37415,0
37416,0
37417,0
37419,0
37422,0
37423,1
37424,0
37426,0
37429,0
37430,0
37432,0
37434,0
37437,0
37438,0
37444,0
37445,0
37446,0
37449,0
37450,0
37451,0
37453,0
37456,0
37457,0
37459,0
37460,0
37461,0
37462,0
37463,0
37465,0
37466,0
37470,0
37471,0
37472,0
37473,0
37474,0
37475,0
37481,0
37483,0
37484,0
37485,0
37486,0
37487,0
37488,1
37489,0
37492,0
37495,0
37497,0
37499,0
37504,0
37506,0
37509,0
37511,0
37512,0
37513,0
37514,0
37515,0
37517,0
37518,0
37522,0
37525,0
37526,0
37527,0
37528,0
37531,0
37532,0
37533,0
37535,0
37536,0
37537,1
37538,0
37539,0
37540,0
37541,0
37542,0
37543,0
37544,0
37545,1
37547,0
37549,0
37550,0
37551,0
37552,0
37554,1
37555,0
37559,0
37561,0
37562,0
37563,0
37564,0
37565,0
37566,0
37567,0
37569,0
37573,0
37575,0
37576,0
37577,0
37578,0
37580,0
37581,1
37585,0
37586,0
37587,0
37588,1
37589,1
37592,0
37594,0
37597,0
37598,0
37599,0
37601,0
37602,0
37603,0
37604,0
37605,0
37606,0
37609,1
37610,1
37611,0
37612,0
37613,0
37615,0
37616,0
37617,0
37618,0
37619,0
37620,0
37621,0
37628,0
37630,0
37631,0
37634,0
37636,0
37638,0
37639,1
37644,0
37647,0
37648,0
37652,0
37653,0
37654,0
37655,0
37657,0
37658,0
37660,0
37661,0
37663,0
37667,0
37668,1
37669,0
37670,0
37671,0
37674,1
37675,0
37677,0
37678,1
37679,0
37680,0
37686,0
37687,0
37688,0
37690,0
37693,0
37696,0
37697,0
37699,0
37700,0
37702,0
37703,0
37704,0
37706,1
37707,0
37708,1
37710,1
37712,0
37713,0
37714,0
37717,0
37720,0
37721,1
37722,0
37723,0
37724,0
37727,0
37728,0
37729,0
37731,0
37732,0
37733,0
37734,0
37736,0
37737,0
37738,0
37739,0
37740,1
37741,0
37743,0
37748,1
37750,0
37751,0
37752,0
37755,0
37756,0
37759,0
37761,0
37762,1
37768,0
37769,0
37771,1
37772,0
37773,0
37775,0
37776,0
37777,0
37778,0
37780,0
37782,0
37785,0
37788,0
37791,0
37792,0
37793,0
37796,0
37798,0
37799,0
37801,0
37802,0
37803,0
37804,0
37805,0
37806,0
37807,0
37808,0
37809,0
37810,0
37811,0
37812,0
37813,0
37817,0
37818,0
37819,0
37823,0
37824,0
37826,0
37830,0
37831,0
37832,0
37833,0
37836,0
37839,0
37841,1
37844,1
37845,0
37847,0
37849,1
37852,0
37853,0
37855,0
37859,0
37860,0
37861,0
37862,0
37863,0
37864,0
37865,0
37866,0
37867,0
37870,0
37873,0
37874,0
37877,1
37878,0
37880,0
37881,0
37882,0
37884,0
37886,0
37887,0
37888,0
37889,0
37890,0
37891,0
37893,0
37894,0
37895,0
37896,0
37898,0
37899,0
37900,0
37901,0
37905,0
37906,0
37907,1
37909,0
37911,0
37914,0
37915,0
37922,0
37923,0
37924,0
37925,0
37926,0
37927,0
37928,0
37929,0
37930,0
37931,0
37934,0
37938,0
37939,1
37941,1
37943,0
37945,0
37948,0
37949,0
37950,0
37952,0
37954,0
37955,0
37958,0
37959,0
37961,0
37962,0
37964,1
37966,0
37967,0
37969,0
37970,0
37972,0
37973,0
37974,1
37977,0
37978,0
37982,0
37984,0
37985,1
37986,1
37990,0
37994,1
37995,0
37996,0
37997,0
37998,1
37999,0
38004,0
38005,0
38006,0
38007,0
38008,0
38012,0
38013,1
38014,0
38015,0
38018,0
38019,0
38020,0
38021,0
38022,0
38024,0
38027,0
38028,0
38029,0
38031,0
38034,0
38035,0
38036,0
38037,1
38038,0
38039,0
38040,0
38043,0
38046,0
38048,0
38049,1
38054,0
38055,0
38056,0
38058,0
38059,0
38064,1
38067,0
38073,0
38074,0
38075,0
38078,0
38081,0
38082,0
38083,0
38085,0
38086,0
38088,1
38090,0
38092,0
38093,0
38095,0
38096,0
38097,0
38099,0
38101,0
38103,1
38105,0
38107,0
38109,0
38110,0
38112,0
38116,0
38117,0
38119,0
38120,0
38121,0
38122,0
38123,0
38124,0
38126,0
38127,0
38128,0
38130,0
38132,0
38133,0
38134,0
38140,0
38141,0
38142,0
38145,0
38146,0
38148,0
38149,0
38150,0
38151,0
38153,0
38156,0
38157,0
38159,0
38161,0
38166,0
38167,0
38168,0
38169,0
38171,0
38172,0
38173,0
38174,0
38177,0
38178,0
38180,0
38183,0
38184,0
38186,0
38188,0
38191,0
38192,0
38193,0
38196,1
38198,0
38200,0
38203,0
38206,1
38208,1
38211,0
38212,1
38215,0
38218,1
38219,0
38220,0
38224,0
38226,0
38230,0
38232,0
38233,0
38237,0
38239,0
38240,0
38241,0
38242,1
38245,0
38246,1
38248,0
38249,0
38250,0
38254,0
38255,0
38256,0
38257,0
38258,0
38260,0
38261,0
38262,0
38263,0
38264,0
38268,0
38269,0
38276,1
38277,0
38279,0
38281,0
38283,0
38284,0
38285,0
38287,0
38288,0
38289,0
38291,0
38292,0
38293,0
38295,0
38298,0
38299,0
38300,0
38301,0
38302,0
38303,0
38306,0
38307,0
38309,0
38311,0
38313,0
38318,0
38319,0
38321,0
38322,1
38323,1
38324,0
38325,0
38326,1
38327,0
38328,0
38329,0
38330,0
38332,0
38334,0
38335,0
38336,0
38339,0
38340,0
38341,0
38344,0
38345,0
38346,1
38348,0
38349,0
38350,0
38351,0
38352,0
38354,0
38355,0
38357,0
38358,0
38359,1
38360,0
38364,0
38365,0
38367,0
38368,1
38370,0
38373,0
38374,0
38376,0
38380,0
38381,0
38387,0
38389,0
38391,0
38393,0
38394,0
38396,0
38397,1
38398,0
38399,0
38401,0
38404,0
38406,0
38407,0
38409,0
38410,1
38411,0
38412,0
38413,0
38414,0
38415,0
38419,0
38421,0
38422,0
38424,0
38425,0
38428,0
38429,0
38434,1
38443,0
38444,0
38445,0
38447,0
38448,0
38449,0
38452,0
38453,0
38459,0
38461,0
38462,0
38463,0
38464,0
38466,0
38468,1
38469,0
38470,0
38471,0
38472,0
38473,0
38474,0
38475,0
38477,0
38479,0
38481,0
38482,0
38483,0
38489,0
38490,0
38493,0
38496,0
38499,0
38500,0
38501,0
38502,1
38505,0
38506,1
38507,1
38508,0
38511,0
38512,0
38513,0
38515,1
38516,0
38518,0
38521,0
38522,0
38525,0
38526,0
38528,0
38530,0
38531,0
38533,0
38534,0
38535,0
38537,0
38538,0
38540,0
38541,0
38542,0
38543,1
38546,0
38548,0
38551,0
38552,0
38555,0
38556,0
38558,1
38559,0
38561,0
38562,0
38563,1
38564,0
38567,0
38568,0
38569,0
38571,0
38574,0
38575,0
38576,0
38582,0
38584,0
38585,0
38587,0
38589,0
38592,1
38593,0
38594,0
38595,0
38598,0
38601,0
38603,0
38605,0
38607,0
38608,0
38609,0
38610,0
38611,1
38613,0
38615,0
38616,0
38617,0
38618,0
38621,0
38624,0
38626,0
38627,1
38628,0
38632,0
38634,1
38636,0
38637,0
38641,0
38642,0
38646,0
38648,0
38652,0
38653,0
38654,0
38657,0
38659,0
38660,0
38661,0
38662,0
38663,0
38665,0
38666,0
38669,0
38670,0
38671,1
38672,0
38675,0
38676,0
38679,0
38681,0
38682,0
38684,0
38686,0
38687,0
38692,0
38693,1
38695,1
38696,1
38697,0
38699,0
38700,0
38701,0
38704,0
38709,0
38710,1
38711,0
38715,0
38716,0
38720,0
38721,0
38722,0
38723,0
38724,0
38725,0
38726,0
38728,0
38729,1
38731,0
38733,0
38734,0
38735,1
38739,1
38740,0
38741,0
38743,0
38746,0
38747,0
38748,0
38749,0
38752,0
38755,0
38756,1
38759,0
38762,0
38764,0
38771,0
38772,0
38775,0
38783,0
38784,0
38785,0
38786,0
38787,0
38789,0
38790,0
38792,0
38795,0
38796,0
38797,0
38799,0
38801,0
38803,1
38805,0
38809,0
38811,0
38812,1
38813,0
38817,0
38820,0
38821,0
38822,0
38823,0
38824,0
38826,0
38827,0
38829,0
38831,1
38834,1
38835,0
38838,0
38840,0
38842,0
38843,0
38845,0
38847,0
38848,0
38850,0
38851,0
38852,0
38853,0
38857,0
38858,0
38860,0
38868,0
38874,0
38875,0
38876,1
38879,1
38882,0
38886,0
38888,0
38889,0
38891,0
38892,0
38897,0
38898,0
38903,0
38904,0
38905,0
38906,0
38911,0
38912,0
38913,0
38914,0
38917,0
38920,0
38921,0
38922,1
38923,0
38925,0
38926,0
38927,0
38928,0
38929,0
38930,0
38931,0
38933,0
38935,0
38936,0
38937,0
38940,0
38941,0
38942,0
38946,0
38948,0
38950,0
38951,0
38952,1
38955,0
38959,1
38960,0
38961,0
38964,0
38965,0
38967,0
38968,1
38969,0
38970,0
38972,0
38973,1
38978,0
38980,0
38981,0
38983,0
38985,0
38987,0
38988,0
38989,0
38990,0
38991,0
38996,0
38997,0
38998,0
39001,0
39002,0
39003,0
39004,0
39005,0
39006,0
39007,0
39008,0
39009,1
39010,1
39011,0
39013,0
39017,0
39018,0
39020,0
39022,1
39024,0
39025,0
39030,0
39031,0
39034,1
39036,0
39038,0
39039,0
39040,0
39041,0
39043,0
39044,0
39047,0
39049,0
39051,0
39052,0
39054,0
39055,0
39057,0
39058,0
39059,0
39063,0
39065,0
39068,0
39070,1
39071,0
39072,0
39073,0
39075,0
39079,0
39082,1
39084,0
39085,0
39087,0
39088,0
39089,0
39090,0
39091,0
39092,1
39093,0
39094,0
39095,0
39096,0
39100,0
39103,0
39104,0
39105,0
39107,0
39108,0
39109,0
39110,0
39111,0
39112,0
39113,0
39115,0
39116,0
39117,0
39119,0
39121,0
39124,0
39125,0
39127,0
39128,0
39129,0
39132,0
39133,0
39135,0
39136,0
39139,0
39142,0
39144,0
39145,0
39147,0
39148,0
39151,0
39153,0
39154,0
39155,0
39159,0
39160,0
39163,1
39166,0
39168,0
39169,0
39171,0
39173,0
39174,0
39175,0
39179,0
39180,0
39184,0
39185,0
39187,0
39188,0
39189,0
39190,0
39194,0
39201,0
39202,0
39204,0
39206,1
39207,1
39208,1
39209,0
39210,0
39213,1
39214,0
39215,1
39217,0
39218,0
39221,0
39222,0
39223,0
39225,0
39226,0
39231,0
39232,0
39233,0
39234,0
39236,0
39237,0
39238,0
39242,0
39244,0
39246,0
39247,0
39248,0
39250,1
39251,0
39252,0
39253,0
39254,0
39256,1
39258,0
39262,0
39265,0
39267,0
39268,0
39269,0
39271,1
39273,0
39274,0
39276,0
39277,0
39278,0
39279,0
39281,0
39282,0
39285,0
39286,0
39287,0
39288,0
39290,0
39291,0
39292,0
39295,0
39296,0
39297,0
39298,0
39303,0
39304,0
39305,0
39306,0
39308,0
39316,0
39318,0
39322,0
39323,0
39324,0
39325,0
39327,0
39330,0
39331,0
39332,0
39336,0
39337,0
39338,0
39339,0
39341,0
39342,0
39344,0
39346,0
39347,0
39348,0
39349,0
39350,0
39351,0
39358,0
39363,0
39366,0
39367,0
39373,0
39380,0
39382,0
39383,0
39384,0
39386,0
39387,0
39389,0
39391,0
39394,0
39395,1
39396,1
39397,0
39398,0
39402,0
39404,0
39406,0
39407,0
39408,0
39411,0
39414,1
39417,0
39418,0
39419,0
39423,0
39424,0
39425,0
39426,0
39427,0
39428,0
39429,0
39430,1
39431,0
39432,0
39435,0
39436,0
39437,0
39439,0
39440,1
39442,0
39445,0
39447,0
39451,0
39452,0
39453,0
39456,0
39457,0
39459,0
39461,1
39462,0
39464,0
39465,0
39466,1
39468,0
39469,0
39470,1
39472,0
39474,0
39476,0
39477,0
39481,0
39482,0
39483,0
39486,0
39489,0
39491,1
39492,0
39493,0
39494,0
39497,0
39498,0
39500,1
39501,0
39504,1
39506,0
39509,0
39515,0
39517,0
39520,0
39523,0
39525,0
39528,0
39529,0
39530,0
39531,0
39535,0
39536,0
39537,0
39538,0
39539,0
39540,0
39543,0
39544,1
39546,0
39547,1
39551,0
39553,0
39554,1
39557,0
39560,0
39562,0
39567,0
39570,0
39571,0
39572,1
39573,0
39574,0
39577,0
39578,0
39580,0
39581,1
39584,0
39586,0
39589,0
39590,0
39591,0
39594,0
39595,0
39598,0
39599,0
39602,0
39604,1
39605,0
39606,0
39607,0
39611,0
39613,0
39614,0
39616,0
39618,0
39620,0
39626,0
39627,0
39628,0
39632,0
39634,1
39635,1
39636,0
39640,0
39641,1
39643,0
39644,1
39646,0
39647,0
39649,0
39650,0
39653,0
39655,0
39656,0
39660,0
39662,0
39664,1
39666,0
39669,0
39672,0
39673,0
39675,0
39676,0
39678,0
39679,0
39682,0
39686,1
39690,0
39691,0
39692,0
39693,0
39694,0
39695,0
39698,0
39701,0
39702,0
39705,0
39706,0
39707,0
39709,0
39710,0
39711,1
39713,0
39715,0
39716,0
39717,0
39718,0
39720,0
39721,0
39722,0
39723,0
39726,0
39728,0
39729,0
39732,0
39733,0
39734,0
39735,0
39736,0
39737,0
39738,0
39740,0
39742,0
39743,0
39744,0
39745,0
39746,0
39748,0
39749,0
39750,0
39753,0
39755,0
39758,0
39759,0
39763,0
39764,0
39765,0
39766,0
39767,0
39768,1
39769,0
39772,0
39775,0
39776,0
39777,0
39778,0
39781,0
39782,0
39783,0
39785,0
39789,0
39791,0
39792,0
39794,0
39795,0
39801,1
39802,0
39803,0
39804,0
39805,0
39809,1
39810,0
39811,1
39812,0
39813,0
39815,0
39816,0
39818,0
39820,0
39823,0
39824,0
39827,0
39828,0
39830,1
39832,0
39833,0
39840,0
39841,0
39842,0
39847,0
39848,0
39851,0
39854,0
39856,0
39858,0
39862,0
39863,1
39865,0
39867,0
39869,0
39870,0
39871,0
39872,0
39874,0
39875,0
39876,0
39877,0
39878,1
39879,1
39880,0
39885,0
39886,1
39890,0
39892,0
39894,0
39896,0
39897,0
39898,0
39901,0
39903,0
39904,0
39905,0
39907,0
39908,0
39909,0
39910,0
39912,0
39915,1
39916,0
39917,1
39919,0
39921,0
39922,0
39923,0
39924,0
39925,0
39928,0
39929,1
39930,0
39931,0
39932,0
39935,0
39937,1
39938,0
39939,1
39940,0
39945,0
39947,1
39949,0
39950,0
39951,0
39952,0
39953,0
39954,0
39956,1
39957,0
39958,0
39960,0
39961,0
39962,0
39964,0
39965,0
39967,0
39969,0
39970,0
39971,0
39976,0
39979,0
39980,0
39981,0
39982,0
39985,0
39993,0
39994,0
39995,0
39996,0
39997,0
39998,1
40001,1
40002,0
40004,0
40006,0
40007,0
40008,0
40009,0
40010,0
40011,0
40012,0
40013,0
40014,0
40015,1
40017,0
40021,0
40023,0
40025,0
40026,0
40028,0
40030,0
40032,0
40036,0
40040,0
40041,0
40044,0
40046,0
40047,1
40048,1
40049,0
40051,0
40052,0
40053,0
40054,0
40056,0
40059,0
40062,0
40065,0
40066,0
40067,0
40070,0
40073,0
40077,0
40080,0
40081,1
40082,0
40083,0
40084,0
40086,0
40091,0
40092,0
40093,0
40094,0
40095,0
40099,0
40100,0
40101,0
40102,1
40105,0
40106,0
40109,0
40111,0
40112,0
40113,0
40115,0
40117,0
40118,0
40119,1
40120,0
40122,0
40123,1
40124,1
40125,0
40126,0
40127,0
40128,0
40129,0
40131,0
40132,0
40133,0
40135,0
40136,0
40137,0
40141,0
40142,0
40143,0
40144,0
40145,0
40146,0
40147,0
40148,1
40149,0
40151,0
40152,0
40153,0
40155,0
40156,0
40157,0
40158,0
40160,0
40162,0
40163,0
40164,0
40165,0
40166,0
40167,0
40168,0
40169,1
40170,0
40172,0
40173,0
40177,0
40178,0
40179,0
40180,0
40182,0
40186,0
40187,0
40188,1
40191,0
40192,0
40193,0
40194,0
40195,0
40196,0
40197,0
40198,0
40199,0
40201,0
40202,0
40203,1
40204,0
40205,0
40206,0
40207,0
40209,1
40210,0
40214,0
40215,0
40216,0
40220,0
40221,0
40224,0
40225,0
40228,1
40231,0
40232,0
40235,0
40236,0
40237,0
40238,1
40247,0
40248,0
40249,0
40250,0
40251,0
40255,1
40256,0
40257,0
40258,0
40261,0
40266,0
40269,0
40270,0
40272,0
40273,0
40275,0
40278,0
40279,0
40281,0
40282,0
40283,0
40285,0
40286,0
40290,0
40291,0
40292,0
40293,0
40296,0
40297,1
40300,0
40304,0
40305,0
40306,0
40308,0
40309,0
40310,1
40312,0
40314,0
40315,0
40317,0
40320,0
40321,0
40322,0
40324,0
40325,1
40326,0
40327,0
40328,0
40329,0
40332,0
40333,0
40335,0
40336,0
40337,0
40338,0
40340,0
40341,0
40342,0
40344,0
40345,0
40347,0
40348,0
40349,0
40350,1
40351,0
40352,0
40356,0
40357,0
40358,0
40359,0
40360,0
40361,0
40362,0
40363,0
40364,0
40365,0
40369,0
40370,0
40372,0
40373,0
40376,0
40377,0
40379,0
40381,0
40382,0
40383,0
40384,0
40386,0
40387,0
40388,0
40393,0
40395,0
40396,0
40397,0
40398,0
40399,0
40400,0
40401,0
40402,1
40404,0
40405,0
40406,0
40408,0
40410,1
40413,0
40415,1
40417,0
40418,0
40419,0
40422,0
40423,0
40424,0
40425,0
40426,0
40427,0
40429,0
40431,0
40432,0
40435,0
40438,0
40439,0
40441,0
40443,0
40445,0
40447,0
40448,1
40449,1
40451,0
40452,0
40454,0
40455,0
40457,0
40458,0
40461,0
40463,0
40466,0
40467,0
40469,0
40471,0
40472,0
40474,0
40475,0
40477,0
40479,1
40480,0
40483,0
40485,0
40486,0
40487,0
40488,1
40489,0
40491,0
40492,0
40493,0
40494,0
40497,0
40498,0
40499,1
40500,0
40501,0
40504,0
40506,0
40507,1
40508,1
40510,0
40511,0
40513,0
40514,0
40515,0
40517,0
40520,0
40522,1
40524,0
40525,1
40526,1
40529,0
40531,0
40532,0
40533,0
40534,0
40535,0
40536,0
40537,0
40540,1
40541,0
40542,0
40544,0
40547,0
40548,0
40549,0
40550,0
40552,0
40554,0
40559,0
40561,0
40563,0
40565,0
40566,0
40568,0
40571,1
40577,0
40579,0
40584,0
40585,0
40586,0
40588,0
40590,0
40593,0
40595,0
40597,0
40598,0
40599,0
40600,0
40602,0
40604,0
40606,0
40607,0
40609,0
40611,0
40613,0
40614,0
40615,0
40616,0
40617,0
40620,0
40621,0
40624,0
40627,0
40628,0
40629,0
40632,0
40633,0
40635,0
40636,0
40639,0
40642,1
40643,0
40644,0
40646,0
40649,0
40652,0
40653,1
40654,0
40655,1
40657,0
40658,0
40659,0
40660,0
40663,0
40664,0
40665,0
40666,0
40668,0
40670,0
40672,0
40673,0
40675,0
40676,0
40678,0
40679,0
40680,0
40681,0
40683,0
40684,0
40686,1
40687,0
40688,1
40689,0
40690,0
40691,0
40693,0
40695,0
40697,0
40699,0
40701,0
40702,0
40703,0
40704,0
40705,0
40706,0
40707,0
40708,0
40709,0
40710,0
40714,0
40715,0
40716,0
40717,0
40718,0
40719,0
40720,0
40721,0
40722,0
40725,0
40726,0
40727,0
40730,0
40731,0
40732,1
40733,1
40734,0
40735,0
40737,0
40738,0
40740,0
40741,0
40743,0
40744,0
40746,0
40747,0
40750,0
40751,0
40752,0
40754,0
40756,1
40758,0
40761,0
40762,1
40763,0
40765,0
40769,0
40771,0
40772,0
40774,0
40775,0
40776,0
40777,0
40778,0
40779,0
40781,0
40783,0
40787,1
40789,0
40790,1
40792,1
40794,0
40795,0
40796,0
40800,0
40801,0
40803,0
40805,0
40809,0
40811,0
40813,0
40815,1
40816,0
40819,0
40822,0
40823,0
40825,0
40826,1
40828,0
40829,0
40830,0
40831,1
40832,0
40833,0
40835,0
40836,0
40837,0
40840,0
40842,0
40844,0
40845,0
40848,0
40850,0
40851,0
40852,0
40854,0
40856,0
40857,0
40858,0
40862,0
40863,0
40864,0
40865,0
40866,0
40868,0
40869,0
40870,0
40873,0
40876,0
40877,0
40878,0
40879,1
40881,0
40884,0
40885,0
40886,0
40887,1
40889,0
40890,0
40892,1
40893,1
40895,0
40897,0
40899,0
40903,0
40904,0
40906,0
40907,1
40909,1
40910,0
40912,0
40913,1
40914,1
40915,0
40917,0
40918,0
40919,0
40921,0
40925,0
40927,0
40930,1
40931,1
40932,0
40933,0
40934,0
40937,0
40938,0
40939,0
40945,0
40946,0
40949,0
40953,0
40955,0
40958,0
40959,0
40962,0
40966,0
40967,0
40969,0
40971,0
40972,0
40975,0
40976,0
40977,0
40983,0
40984,0
40985,0
40988,0
40990,1
40992,0
40993,0
40995,0
40996,0
40997,0
40998,0
41002,0
41003,0
41004,0
41006,0
41007,0
41009,0
41010,1
41011,0
41013,1
41014,1
41017,0
41020,0
41021,1
41023,0
41025,0
41026,0
41028,0
41029,0
41031,0
41035,0
41037,0
41039,0
41041,0
41042,1
41043,0
41044,0
41046,0
41047,0
41048,0
41049,1
41050,0
41057,0
41060,0
41061,0
41064,1
41067,1
41068,0
41073,0
41074,0
41075,0
41076,0
41079,0
41080,0
41081,0
41082,0
41083,0
41085,0
41087,0
41088,0
41089,0
41090,1
41091,0
41095,0
41096,0
41097,1
41098,0
41100,0
41103,0
41105,0
41107,0
41108,0
41109,0
41112,1
41113,0
41114,0
41115,0
41117,0
41120,0
41121,0
41122,0
41123,0
41124,0
41129,0
41131,0
41132,0
41137,0
41142,0
41143,0
41147,0
41150,0
41153,0
41154,0
41158,0
41161,0
41162,0
41164,0
41167,0
41170,0
41171,0
41172,0
41173,0
41176,0
41178,1
41180,0
41181,0
41182,0
41183,0
41185,0
41186,0
41188,0
41190,0
41192,0
41193,0
41194,1
41196,0
41197,0
41199,0
41201,0
41202,0
41203,0
41204,0
41206,0
41211,0
41212,0
41213,0
41214,0
41215,0
41216,0
41217,1
41218,0
41219,0
41221,0
41225,0
41226,0
41229,0
41230,0
41231,0
41232,0
41233,0
41235,1
41236,1
41240,0
41242,1
41246,0
41248,1
41252,1
41253,0
41254,0
41255,0
41256,0
41257,0
41258,0
41259,0
41261,0
41262,0
41266,0
41267,0
41269,0
41271,0
41272,0
41273,0
41276,1
41277,0
41278,0
41279,0
41281,0
41283,0
41284,0
41287,0
41289,0
41291,0
41293,0
41294,0
41295,0
41298,0
41301,0
41302,0
41303,0
41304,0
41305,1
41306,0
41307,0
41308,1
41309,0
41311,0
41314,0
41319,0
41320,0
41321,0
41326,0
41327,0
41328,0
41331,0
41336,0
41337,0
41338,0
41341,0
41345,0
41347,0
41349,0
41350,0
41353,0
41354,0
41362,0
41363,0
41364,0
41366,0
41368,0
41369,0
41371,0
41372,0
41373,0
41374,1
41375,1
41376,0
41377,0
41378,0
41379,0
41381,0
41382,0
41384,0
41386,0
41387,0
41391,0
41392,0
41393,0
41397,0
41398,0
41399,0
41404,0
41407,0
41408,0
41409,1
41410,0
41412,0
41416,0
41417,0
41418,0
41419,0
41420,1
41421,0
41422,0
41423,1
41426,0
41427,0
41428,0
41431,0
41433,0
41436,0
41438,0
41439,0
41440,0
41441,0
41444,0
41446,0
41447,0
41448,0
41452,0
41453,0
41454,0
41457,0
41458,0
41460,0
41461,1
41463,0
41464,0
41466,0
41467,0
41469,0
41470,0
41471,0
41472,0
41478,0
41479,0
41482,0
41484,0
41487,0
41489,0
41490,0
41492,0
41494,0
41495,0
41496,0
41498,0
41499,0
41500,0
41501,1
41502,0
41503,0
41504,1
41505,0
41507,0
41510,0
41511,0
41512,0
41514,0
41515,0
41520,0
41521,0
41522,0
41523,0
41527,0
41528,0
41529,0
41530,0
41531,0
41532,0
41533,0
41534,1
41535,0
41536,0
41537,0
41538,0
41540,0
41541,0
41542,0
41543,0
41544,0
41545,0
41546,0
41548,0
41549,0
41552,0
41554,0
41556,0
41557,0
41563,0
41566,0
41567,0
41568,0
41570,0
41572,0
41573,0
41574,0
41576,0
41578,0
41579,0
41582,0
41584,0
41587,0
41591,0
41592,0
41593,0
41595,0
41596,1
41597,0
41600,0
41602,0
41603,0
41604,0
41605,0
41606,0
41609,0
41610,0
41611,0
41612,0
41613,0
41614,0
41616,0
41617,1
41618,0
41621,1
41624,0
41625,0
41626,1
41627,0
41628,0
41630,0
41633,0
41635,0
41636,0
41637,0
41638,0
41639,0
41640,0
41641,0
41643,0
41645,0
41646,0
41647,0
41648,0
41651,0
41653,0
41655,0
41656,0
41658,0
41659,0
41661,0
41662,0
41665,0
41666,0
41667,0
41669,0
41670,0
41673,0
41674,0
41676,0
41678,0
41679,1
41680,0
41682,0
41683,1
41687,0
41688,0
41689,0
41690,0
41691,0
41692,0
41694,0
41695,0
41697,0
41698,0
41700,0
41704,0
41706,0
41707,0
41709,1
41712,0
41714,0
41715,0
41716,0
41718,1
41719,0
41721,0
41722,0
41723,0
41727,0
41730,0
41735,0
41737,0
41743,0
41744,0
41745,0
41746,0
41748,0
41749,0
41750,0
41752,0
41753,0
41754,0
41760,0
41761,0
41762,0
41763,0
41764,0
41766,0
41768,0
41774,0
41777,0
41778,0
41779,0
41780,0
41782,0
41783,0
41785,0
41786,0
41788,1
41790,0
41792,0
41793,1
41797,1
41799,0
41800,0
41801,0
41803,0
41804,0
41805,0
41806,0
41807,1
41809,0
41810,0
41812,0
41813,0
41815,0
41816,1
41817,0
41818,0
41819,1
41820,1
41821,0
41822,0
41825,0
41828,0
41829,0
41830,0
41831,0
41833,0
41834,0
41836,0
41838,0
41841,0
41842,0
41845,1
41846,0
41847,0
41848,0
41849,0
41850,0
41851,0
41855,0
41856,1
41858,0
41859,0
41860,0
41861,0
41862,0
41863,0
41864,0
41866,0
41867,0
41868,1
41872,0
41873,0
41877,0
41878,0
41879,0
41881,0
41886,0
41887,0
41888,0
41889,0
41891,0
41892,0
41894,0
41895,1
41897,0
41900,0
41901,0
41904,0
41905,0
41906,0
41909,0
41912,0
41913,0
41916,0
41919,0
41924,0
41927,0
41928,0
41929,0
41930,1
41932,0
41937,0
41938,0
41939,0
41948,0
41949,0
41950,0
41951,0
41952,0
41953,0
41954,0
41955,0
41960,0
41961,0
41964,0
41965,0
41966,0
41968,0
41976,1
41977,0
41978,0
41979,0
41980,0
41981,0
41985,0
41986,0
41987,0
41989,0
41990,0
41992,0
41993,0
41994,0
41996,0
41997,0
41998,0
42000,0
42001,1
42002,0
42003,0
42005,0
42006,0
42007,0
42008,0
42010,0
42011,0
42012,0
42014,0
42015,0
42016,1
42018,0
42021,0
42022,0
42029,0
42030,0
42031,0
42032,0
42035,1
42037,0
42038,0
42039,0
42040,0
42041,0
42042,0
42043,0
42045,0
42047,0
42048,0
42049,0
42050,1
42052,0
42054,0
42055,0
42062,1
42063,0
42066,1
42068,0
42069,0
42070,1
42073,0
42074,0
42079,0
42080,0
42082,0
42084,0
42085,0
42086,0
42087,0
42088,0
42093,0
42094,0
42095,0
42097,0
42098,0
42099,0
42100,0
42102,0
42104,0
42105,0
42106,0
42107,0
42109,0
42110,0
42113,0
42114,0
42118,0
42121,0
42122,0
42124,0
42125,0
42127,0
42128,0
42129,1
42132,0
42134,0
42135,0
42137,0
42138,0
42140,0
42141,0
42142,0
42144,0
42146,0
42147,0
42149,0
42154,0
42155,0
42158,1
42159,0
42162,0
42166,0
42169,0
42171,0
42175,0
42176,0
42177,0
42178,0
42180,0
42185,0
42188,0
42191,0
42192,0
42193,0
42194,0
42196,0
42197,0
42198,0
42200,0
42201,0
42202,0
42204,0
42205,0
42208,0
42210,0
42212,0
42216,0
42217,1
42218,0
42220,0
42222,0
42223,0
42224,1
42226,1
42228,1
42229,0
42230,1
42231,0
42233,0
42235,0
42236,1
42240,0
42241,0
42242,0
42243,0
42244,1
42246,0
42247,0
42248,0
42249,1
42254,0
42255,0
42256,0
42261,0
42263,0
42264,0
42265,1
42267,0
42268,0
42270,0
42273,0
42275,0
42277,0
42279,0
42280,0
42281,0
42282,0
42283,0
42285,0
42286,0
42287,0
42288,0
42289,0
42290,0
42292,0
42296,0
42297,0
42299,0
42304,0
42306,0
42307,0
42308,0
42309,0
42311,0
42313,0
42317,0
42319,0
42322,0
42323,0
42325,0
42326,0
42327,0
42329,0
42330,0
42331,0
42332,0
42333,0
42335,0
42336,0
42337,0
42339,0
42340,0
42341,0
42343,0
42345,0
42348,0
42351,0
42353,0
42354,0
42355,0
42359,0
42360,0
42363,0
42367,0
42368,0
42369,1
42370,1
42374,0
42375,0
42378,1
42379,0
42380,0
42383,0
42384,1
42385,0
42389,0
42390,0
42391,0
42395,0
42399,1
42400,0
42402,0
42404,1
42405,0
42410,0
42411,0
42412,0
42413,0
42414,0
42415,0
42416,0
42419,0
42421,0
42423,1
42424,0
42425,0
42427,0
42428,0
42433,0
42434,0
42435,0
42438,0
42440,0
42441,0
42444,0
42446,0
42447,0
42448,0
42450,0
42452,0
42454,0
42455,1
42456,0
42457,0
42459,0
42460,0
42463,0
42464,0
42466,0
42467,0
42468,0
42471,0
42472,0
42473,0
42474,0
42479,0
42480,0
42481,0
42482,0
42484,0
42485,0
42487,0
42488,1
42489,0
42490,0
42491,1
42493,0
42494,0
42495,0
42498,0
42501,0
42502,0
42506,0
42507,0
42509,0
42510,0
42513,1
42514,0
42515,0
42517,0
42519,0
42520,0
42521,0
42523,0
42524,0
42525,0
42526,0
42528,0
42530,0
42531,0
42534,1
42536,0
42537,0
42538,0
42539,0
42540,0
42541,0
42542,1
42545,0
42546,0
42547,0
42548,0
42549,0
42550,0
42551,0
42554,0
42558,0
42562,0
42563,0
42564,0
42567,0
42569,0
42570,0
42572,0
42573,0
42574,1
42575,1
42576,0
42577,0
42578,0
42580,0
42581,0
42582,0
42584,0
42586,0
42588,0
42594,0
42597,0
42598,1
42601,0
42602,0
42603,0
42604,1
42606,0
42607,0
42608,1
42609,0
42611,0
42613,0
42615,0
42617,0
42619,0
42621,0
42623,0
42625,0
42626,0
42627,0
42629,0
42630,1
42634,0
42635,0
42636,0
42640,0
42641,0
42643,0
42644,1
42645,0
42646,0
42647,0
42648,1
42652,0
42654,0
42658,0
42659,0
42660,0
42662,0
42664,0
42666,0
42669,0
42670,0
42671,0
42673,0
42675,0
42678,0
42679,0
42681,0
42682,0
42683,0
42685,0
42687,0
42688,0
42689,0
42691,0
42693,0
42694,0
42695,0
42696,0
42698,0
42699,0
42700,0
42703,0
42704,0
42705,0
42706,0
42707,0
42708,0
42710,0
42711,0
42713,0
42715,0
42716,0
42717,0
42720,1
42721,0
42722,0
42723,0
42724,0
42725,0
42727,0
42729,0
42730,0
42731,0
42733,0
42734,0
42735,0
42736,0
42738,0
42739,0
42743,0
42744,0
42746,0
42747,0
42748,0
42749,0
42750,1
42752,0
42754,0
42757,0
42758,0
42759,0
42761,0
42762,0
42765,0
42766,0
42767,0
42770,0
42772,0
42774,0
42775,0
42777,0
42778,0
42779,0
42780,0
42785,0
42786,0
42787,1
42789,0
42791,0
42794,0
42795,0
42798,1
42803,0
42804,0
42805,0
42806,0
42807,0
42808,0
42810,0
42811,0
42812,1
42814,0
42815,0
42817,0
42819,0
42820,0
42823,0
42824,1
42827,0
42830,0
42831,0
42832,0
42833,1
42835,1
42837,0
42839,0
42841,0
42842,0
42844,0
42845,0
42849,0
42850,0
42851,0
42853,0
42855,0
42857,0
42860,0
42863,0
42864,0
42865,1
42869,0
42871,0
42872,0
42876,0
42877,0
42878,0
42885,0
42886,1
42887,0
42888,0
42889,0
42894,0
42895,0
42896,0
42898,0
42899,0
42900,0
42901,0
42903,0
42904,0
42906,0
42908,0
42910,0
42914,0
42915,0
42916,0
42917,0
42918,0
42919,1
42920,0
42922,0
42923,0
42926,0
42927,0
42928,0
42929,0
42930,1
42932,0
42933,0
42934,0
42935,0
42937,1
42938,0
42939,0
42941,0
42942,0
42943,0
42945,0
42947,0
42948,0
42954,0
42955,0
42957,0
42959,0
42960,0
42962,0
42963,0
42964,0
42965,0
42967,0
42968,0
42970,0
42971,0
42972,0
42976,0
42982,0
42984,0
42985,0
42988,0
42989,0
42990,0
42992,0
42997,0
42998,0
42999,1
43002,0
43003,0
43005,1
43006,0
43009,0
43010,0
43012,1
43013,0
43014,0
43017,0
43018,0
43019,0
43021,0
43022,0
43023,0
43024,1
43025,0
43027,0
43028,0
43030,0
43032,1
43033,0
43035,0
43037,0
43038,0
43040,0
43042,0
43043,0
43044,0
43046,0
43051,0
43052,0
43053,0
43054,0
43055,0
43056,0
43059,0
43060,0
43061,0
43062,0
43063,0
43064,0
43066,0
43067,0
43068,0
43069,0
43072,0
43073,0
43074,0
43075,0
43076,0
43077,0
43081,0
43082,0
43083,0
43084,0
43085,0
43086,0
43087,0
43088,0
43089,0
43091,0
43092,1
43093,0
43094,0
43096,0
43098,0
43102,0
43103,1
43104,0
43105,0
43106,0
43107,0
43109,0
43110,0
43111,0
43112,0
43113,1
43114,0
43115,0
43122,0
43124,0
43125,0
43128,0
43129,0
43133,0
43135,0
43139,0
43140,0
43141,0
43143,0
43144,0
43148,0
43149,0
43150,0
43153,0
43154,0
43155,0
43156,0
43158,0
43159,0
43161,0
43162,0
43163,0
43168,0
43169,0
43170,1
43172,1
43173,0
43174,1
43175,0
43176,0
43177,0
43179,0
43180,0
43181,0
43182,0
43183,1
43184,0
43185,0
43188,0
43189,0
43191,0
43192,0
43193,0
43194,0
43196,0
43198,0
43200,0
43201,0
43202,0
43203,0
43205,0
43206,0
43207,0
43208,0
43210,0
43213,0
43217,0
43218,0
43219,0
43220,0
43221,0
43223,0
43224,0
43225,0
43227,1
43228,0
43229,0
43230,0
43231,0
43235,0
43236,0
43237,0
43238,0
43239,0
43240,0
43241,0
43243,0
43244,0
43246,0
43247,0
43249,0
43251,0
43253,0
43255,0
43258,0
43263,0
43264,0
43265,0
43266,0
43267,0
43268,0
43269,0
43270,0
43273,1
43274,0
43275,0
43276,0
43277,0
43278,0
43279,1
43284,0
43285,0
43286,0
43287,1
43288,0
43290,0
43292,0
43296,0
43297,0
43299,0
43301,0
43302,0
43303,0
43305,0
43307,0
43308,0
43309,1
43311,1
43312,1
43314,0
43315,0
43316,0
43317,0
43318,0
43319,0
43322,0
43325,0
43326,0
43327,0
43328,0
43330,0
43331,0
43335,0
43336,0
43339,0
43341,0
43343,0
43347,0
43348,0
43354,0
43355,0
43357,0
43359,0
43360,0
43361,0
43365,0
43367,0
43368,0
43372,0
43374,0
43375,0
43376,0
43377,0
43378,0
43379,0
43380,0
43381,0
43383,0
43385,1
43386,0
43388,0
43389,0
43390,0
43391,0
43392,0
43395,1
43396,0
43397,0
43399,0
43400,0
43401,0
43403,1
43404,0
43406,0
43407,0
43410,0
43411,0
43413,0
43415,0
43416,0
43418,0
43419,0
43421,0
43424,1
43427,0
43428,0
43429,0
43430,0
43431,0
43434,0
43435,0
43436,1
43437,0
43438,0
43440,0
43442,0
43444,0
43448,0
43449,0
43450,0
43453,0
43454,0
43456,0
43457,1
43463,0
43464,1
43466,0
43468,1
43469,0
43471,0
43473,0
43475,0
43476,0
43477,0
43480,0
43481,0
43482,0
43487,0
43488,0
43491,0
43492,0
43494,0
43495,0
43496,0
43500,0
43507,0
43510,0
43512,0
43513,0
43514,0
43515,0
43517,0
43518,0
43521,0
43522,0
43523,0
43526,0
43527,0
43530,0
43531,0
43532,0
43537,0
43538,0
43542,0
43543,0
43544,0
43545,0
43546,0
43547,0
43549,0
43551,0
43554,0
43557,0
43560,0
43561,0
43562,0
43563,0
43565,0
43566,0
43567,0
43568,0
43572,0
43574,0
43575,0
43577,0
43578,0
43580,0
43581,1
43582,0
43583,0
43584,0
43585,0
43586,0
43588,0
43589,1
43590,0
43591,1
43592,0
43593,0
43594,0
43595,0
43599,0
43600,1
43601,0
43602,0
43603,0
43604,1
43606,0
43607,0
43608,0
43612,0
43613,0
43614,0
43616,0
43617,0
43619,1
43622,0
43623,0
43624,0
43625,0
43627,0
43628,0
43632,0
43633,0
43635,0
43637,0
43638,0
43639,1
43641,0
43642,0
43643,0
43644,0
43645,0
43646,0
43647,0
43648,0
43651,0
43652,0
43653,0
43654,0
43655,0
43656,0
43657,0
43658,0
43659,1
43661,0
43664,0
43665,0
43668,0
43669,0
43670,1
43671,0
43672,0
43673,0
43674,0
43675,0
43676,0
43677,0
43678,0
43681,0
43684,0
43685,0
43689,0
43690,0
43692,0
43695,0
43697,0
43700,0
43701,1
43703,0
43704,0
43705,0
43708,0
43709,0
43711,0
43713,0
43714,0
43716,0
43719,0
43722,0
43723,0
43725,1
43728,0
43729,0
43730,0
43733,0
43734,0
43737,1
43738,0
43739,0
43741,0
43742,0
43744,0
43748,1
43749,0
43751,0
43756,0
43758,0
43760,0
43762,0
43763,0
43765,0
43766,0
43768,0
43773,0
43774,0
43776,1
43777,0
43778,1
43779,0
43781,0
43783,1
43784,0
43786,0
43788,0
43789,0
43790,1
43792,0
43793,0
43796,1
43797,0
43798,1
43799,1
43800,0
43802,0
43804,0
43806,0
43807,0
43808,1
43810,0
43811,0
43816,0
43817,0
43818,0
43819,0
43820,0
43822,0
43823,1
43826,0
43828,0
43829,0
43832,1
43833,0
43835,0
43837,0
43842,0
43843,0
43845,0
43846,0
43847,0
43848,0
43853,0
43854,0
43855,0
43856,0
43859,1
43860,0
43863,0
43865,0
43868,0
43869,0
43870,0
43875,0
43878,0
43880,0
43881,0
43882,0
43883,0
43885,0
43886,1
43889,1
43890,0
43892,1
43893,0
43894,0
43895,0
43896,0
43899,0
43900,0
43903,0
43907,0
43909,0
43911,0
43912,0
43913,0
43914,0
43915,0
43918,0
43922,0
43925,0
43926,0
43928,0
43929,1
43930,0
43932,0
43933,0
43934,0
43938,1
43939,0
43942,0
43944,0
43945,1
43947,0
43948,0
43949,1
43952,1
43954,0
43956,0
43957,0
43958,0
43959,1
43960,0
43961,0
43962,0
43963,0
43964,0
43967,0
43968,1
43970,0
43972,0
43974,1
43977,0
43978,0
43979,0
43980,0
43983,1
43985,1
43986,0
43988,0
43990,0
43991,0
43992,0
43993,0
43994,0
43995,1
43997,1
43998,0
44001,0
44007,0
44008,0
44012,0
44014,0
44015,0
44016,0
44019,0
44025,0
44026,0
44027,0
44028,0
44029,0
44030,0
44033,0
44034,1
44036,0
44037,0
44038,0
44041,0
44042,0
44043,1
44045,0
44050,0
44051,0
44054,0
44055,0
44057,0
44058,0
44060,0
44064,0
44068,0
44070,0
44071,1
44073,0
44074,0
44075,0
44078,0
44079,1
44080,0
44082,0
44083,0
44084,0
44086,0
44088,0
44089,0
44090,0
44092,0
44094,0
44096,0
44098,0
44102,0
44103,0
44104,0
44106,0
44109,0
44111,0
44112,0
44113,0
44114,0
44115,0
44118,0
44119,0
44120,0
44122,0
44123,0
44125,0
44126,0
44127,1
44128,0
44129,0
44131,0
44133,0
44136,0
44137,0
44139,0
44143,1
44146,0
44147,0
44151,0
44153,0
44156,0
44157,0
44159,0
44162,0
44163,0
44165,0
44166,0
44167,1
44168,0
44169,0
44170,0
44172,0
44173,1
44176,0
44178,0
44184,0
44185,0
44187,0
44188,1
44189,0
44190,0
44192,0
44193,1
44194,1
44195,1
44196,0
44199,0
44200,0
44202,0
44204,0
44205,0
44206,1
44207,0
44208,0
44213,0
44214,0
44217,0
44218,1
44219,1
44221,0
44223,1
44224,0
44226,0
44227,0
44228,0
44229,0
44230,0
44231,0
44232,0
44235,0
44236,0
44237,0
44238,0
44239,0
44240,1
44242,0
44243,0
44245,0
44247,0
44249,0
44250,1
44251,0
44252,0
44253,0
44254,0
44255,0
44256,0
44263,0
44264,0
44266,0
44268,0
44269,1
44270,0
44273,0
44274,1
44278,0
44282,0
44284,0
44287,0
44289,0
44290,0
44291,0
44293,0
44295,0
44296,0
44297,1
44299,1
44301,1
44302,0
44304,0
44306,0
44307,0
44308,0
44310,0
44311,0
44312,0
44313,0
44315,1
44316,0
44318,0
44319,0
44320,0
44321,0
44322,0
44323,0
44324,0
44325,0
44326,0
44327,1
44328,0
44329,0
44332,0
44333,0
44334,0
44338,0
44339,0
44341,0
44343,0
44350,0
44353,0
44354,0
44355,0
44356,0
44358,1
44359,1
44360,0
44361,0
44362,0
44363,0
44364,1
44366,0
44367,0
44368,0
44369,0
44371,0
44373,0
44374,0
44375,0
44376,0
44377,0
44378,0
44379,0
44381,1
44382,0
44383,0
44384,0
44386,0
44389,0
44391,0
44392,0
44393,0
44394,0
44398,0
44399,1
44405,0
44406,0
44409,0
44411,0
44413,0
44414,0
44416,0
44417,0
44418,1
44420,0
44423,0
44424,0
44426,0
44429,0
44430,0
44431,0
44433,0
44436,0
44437,0
44438,0
44440,0
44441,0
44443,1
44444,0
44445,0
44448,0
44449,0
44450,0
44451,0
44453,0
44455,0
44457,0
44458,0
44460,0
44461,1
44465,0
44467,0
44468,0
44469,0
44471,0
44472,0
44474,0
44475,0
44476,0
44478,0
44479,0
44480,1
44481,0
44482,1
44484,0
44486,0
44490,0
44492,0
44493,0
44496,0
44499,0
44502,0
44504,0
44505,0
44507,0
44510,0
44511,0
44512,0
44514,0
44515,0
44516,0
44517,0
44518,0
44519,0
44521,0
44523,0
44524,0
44525,0
44526,0
44527,1
44528,0
44529,0
44530,0
44531,0
44532,0
44534,0
44535,0
44536,1
44538,0
44539,0
44540,0
44542,0
44543,0
44544,0
44547,0
44550,0
44551,0
44554,0
44558,0
44561,0
44562,0
44565,0
44567,0
44568,0
44569,0
44570,0
44572,0
44575,0
44577,0
44579,0
44580,0
44581,0
44583,0
44584,1
44586,0
44591,0
44592,0
44593,0
44596,1
44597,0
44599,0
44600,0
44602,0
44605,0
44606,0
44607,0
44608,0
44609,1
44610,0
44611,0
44613,0
44614,0
44616,0
44618,0
44619,0
44620,0
44622,1
44623,0
44624,0
44626,0
44627,0
44631,0
44632,0
44635,1
44636,0
44639,0
44640,0
44641,0
44642,0
44643,0
44646,0
44647,0
44648,0
44650,1
44653,0
44654,0
44655,0
44657,0
44658,0
44660,0
44665,0
44667,0
44668,0
44670,0
44672,0
44673,0
44674,0
44677,0
44680,0
44682,0
44683,0
44686,0
44688,0
44689,0
44691,0
44692,0
44693,0
44695,0
44697,0
44699,0
44700,0
44705,0
44706,0
44708,0
44709,0
44710,0
44714,0
44715,0
44716,1
44717,0
44718,0
44719,0
44721,0
44723,0
44724,1
44725,0
44729,1
44730,0
44731,0
44732,0
44733,1
44734,0
44737,0
44738,0
44739,1
44740,0
44741,0
44742,0
44743,0
44745,0
44746,0
44749,0
44750,0
44751,0
44753,0
44756,0
44758,0
44760,0
44761,0
44762,0
44766,0
44767,0
44770,0
44771,0
44772,0
44773,0
44774,0
44775,0
44776,0
44778,0
44779,0
44780,0
44782,0
44784,1
44785,0
44786,0
44787,0
44788,0
44789,0
44790,0
44792,1
44793,1
44794,0
44795,0
44796,0
44797,0
44798,0
44799,0
44802,0
44803,0
44804,0
44806,0
44808,0
44813,0
44814,0
44815,1
44816,0
44820,0
44821,0
44824,0
44826,0
44827,0
44828,0
44829,1
44831,0
44832,0
44833,0
44836,0
44837,0
44840,0
44841,0
44843,0
44844,0
44845,0
44849,0
44850,1
44851,0
44853,0
44856,0
44858,0
44859,0
44860,0
44863,0
44864,0
44865,0
44867,0
44868,0
44869,0
44870,0
44871,1
44872,0
44873,0
44874,0
44876,0
44877,0
44880,0
44881,0
44882,0
44884,0
44887,0
44889,1
44890,0
44891,0
44895,0
44897,0
44898,0
44899,0
44900,0
44901,1
44903,0
44905,0
44906,0
44907,0
44908,0
44910,0
44912,0
44913,1
44915,0
44917,0
44919,0
44921,0
44925,0
44926,0
44927,0
44928,0
44929,0
44930,0
44936,0
44937,0
44938,0
44939,0
44940,0
44944,0
44946,0
44948,0
44952,0
44954,0
44956,0
44957,0
44958,0
44963,0
44964,0
44965,0
44966,0
44967,0
44969,0
44971,1
44972,0
44974,0
44978,0
44980,0
44981,0
44984,0
44985,0
44986,0
44987,0
44988,0
44989,0
44990,0
44995,0
44996,0
44999,0
45002,0
45005,0
45008,0
45009,0
45013,0
45015,0
45016,0
45017,0
45018,1
45023,0
45024,0
45025,0
45026,0
45027,0
45028,0
45029,0
45030,0
45031,0
45032,0
45033,0
45037,1
45038,0
45039,1
45040,0
45041,0
45043,0
45044,0
45046,0
45048,0
45049,0
45050,0
45052,0
45053,0
45054,0
45060,0
45063,0
45066,1
45067,1
45068,0
45071,0
45073,0
45075,0
45076,0
45079,1
45080,0
45081,0
45082,1
45084,0
45086,0
45087,0
45088,1
45089,0
45090,0
45091,0
45092,0
45095,0
45096,0
45097,0
45100,0
45101,0
45103,0
45107,0
45108,0
45109,0
45110,0
45112,0
45113,0
45115,0
45116,0
45117,0
45119,0
45121,0
45122,0
45124,0
45125,0
45126,0
45127,0
45128,0
45130,0
45131,0
45132,0
45134,1
45135,1
45136,0
45137,0
45139,1
45141,0
45142,0
45143,0
45147,0
45148,1
45151,0
45154,0
45156,0
45158,0
45162,0
45163,0
45164,0
45166,1
45167,0
45168,0
45170,0
45171,0
45172,0
45174,0
45179,0
45180,0
45181,0
45184,0
45185,1
45186,0
45187,1
45188,0
45189,0
45191,0
45196,0
45199,0
45202,0
45203,0
45205,0
45211,0
45215,0
45216,0
45217,0
45219,0
45221,0
45222,1
45223,0
45224,0
45225,0
45230,0
45231,0
45232,0
45234,0
45235,0
45237,1
45239,0
45241,0
45243,0
45244,0
45248,0
45249,0
45250,0
45251,1
45252,1
45256,0
45257,0
45259,0
45261,0
45262,0
45264,0
45265,0
45267,0
45268,0
45269,0
45270,0
45271,0
45272,0
45274,0
45275,0
45277,0
45278,1
45280,1
45282,0
45285,0
45289,1
45290,0
45292,1
45293,0
45295,0
45296,0
45297,0
45298,0
45299,0
45300,0
45301,0
45305,0
45306,1
45307,0
45308,0
45309,1
45311,0
45312,0
45314,1
45316,0
45317,0
45318,0
45319,0
45321,0
45322,0
45323,0
45324,0
45325,0
45326,0
45327,0
45328,0
45330,0
45333,1
45334,0
45335,0
45336,0
45337,0
45338,0
45340,0
45341,0
45342,0
45344,0
45345,0
45348,0
45349,0
45351,0
45352,0
45354,0
45355,0
45356,0
45357,0
45358,0
45361,0
45363,0
45365,0
45366,0
45367,0
45371,0
45372,0
45373,0
45375,0
45376,0
45377,0
45380,0
45383,0
45385,0
45386,0
45387,0
45388,0
45392,0
45395,0
45396,0
45397,0
45398,0
45401,0
45402,0
45404,0
45406,0
45407,1
45408,0
45411,0
45412,0
45413,0
45415,0
45417,0
45419,0
45420,0
45423,0
45424,0
45425,0
45426,0
45427,0
45428,0
45429,0
45431,0
45432,0
45438,0
45439,0
45440,0
45444,0
45448,0
45449,1
45451,1
45452,0
45454,1
45456,0
45460,1
45462,0
45463,0
45464,0
45466,0
45467,0
45468,0
45470,0
45472,0
45473,0
45475,0
45476,0
45478,0
45482,0
45484,0
45485,0
45486,0
45487,0
45488,0
45489,0
45493,0
45499,1
45500,0
45503,0
45506,0
45508,0
45509,0
45510,1
45512,0
45513,0
45514,0
45516,1
45517,0
45518,0
45520,1
45521,0
45522,0
45523,0
45525,0
45526,0
45528,0
45529,0
45530,0
45533,0
45535,0
45538,0
45539,0
45540,0
45544,0
45545,0
45547,0
45550,0
45551,0
45552,0
45553,0
45555,0
45557,0
45558,0
45561,0
45563,0
45564,0
45565,0
45566,0
45568,1
45569,0
45571,0
45572,0
45573,0
45575,1
45576,0
45577,0
45578,0
45580,0
45581,0
45582,0
45585,0
45588,0
45589,0
45590,0
45591,0
45596,0
45597,0
45598,0
45601,1
45602,0
45603,0
45604,0
45608,1
45610,0
45613,1
45614,1
45615,0
45616,0
45617,0
45620,0
45622,0
45625,0
45629,0
45630,0
45631,0
45633,0
45639,1
45640,0
45641,1
45645,0
45646,0
45649,0
45650,0
45651,1
45652,0
45653,0
45654,0
45655,0
45657,0
45660,0
45661,0
45662,0
45663,0
45664,0
45669,0
45671,0
45673,1
45675,0
45677,0
45678,0
45679,0
45680,0
45683,0
45685,0
45689,0
45690,0
45692,0
45693,0
45698,0
45699,0
45701,1
45702,0
45703,0
45704,0
45706,1
45707,0
45708,0
45709,0
45710,0
45711,0
45719,0
45720,0
45722,0
45725,1
45727,0
45728,0
45729,0
45731,0
45733,1
45735,0
45736,0
45737,0
45740,0
45741,0
45742,0
45744,0
45745,0
45747,0
45748,1
45750,0
45751,0
45752,0
45753,0
45754,0
45755,0
45762,0
45763,0
45765,0
45768,0
45771,0
45772,0
45774,1
45776,0
45777,0
45778,1
45779,0
45784,0
45789,0
45792,0
45793,0
45794,0
45799,0
45800,0
45801,1
45802,0
45803,0
45806,0
45807,0
45808,0
45810,0
45811,0
45812,0
45813,0
45814,0
45816,1
45820,0
45822,1
45823,0
45824,0
45825,0
45828,0
45829,0
45830,0
45832,0
45835,0
45838,0
45839,1
45840,0
45841,0
45844,0
45845,0
45846,1
45848,0
45853,0
45854,0
45855,0
45856,0
45858,0
45859,0
45860,0
45861,0
45863,1
45864,0
45865,0
45866,0
45867,0
45868,0
45869,0
45871,0
45873,0
45876,0
45878,0
45879,1
45881,0
45882,0
45883,0
45884,0
45885,0
45886,0
45889,1
45891,1
45892,0
45895,0
45896,0
45898,0
45901,0
45902,0
45905,0
45906,1
45907,0
45910,0
45912,0
45916,0
45919,1
45922,0
45925,0
45926,0
45928,0
45929,0
45930,0
45933,0
45934,1
45936,0
45938,0
45939,1
45941,0
45943,0
45944,0
45945,0
45946,0
45947,0
45948,0
45949,0
45951,0
45952,0
45953,0
45955,0
45956,0
45959,0
45961,0
45962,0
45963,0
45967,0
45969,0
45972,0
45973,0
45975,0
45980,0
45982,0
45985,0
45989,0
45991,0
45992,0
45999,0
46001,0
46003,1
46004,1
46006,0
46007,0
46008,0
46009,0
46010,1
46011,0
46013,0
46014,0
46016,0
46018,0
46022,0
46024,1
46026,0
46027,0
46028,0
46029,0
46030,0
46031,0
46032,0
46034,0
46035,0
46041,0
46042,0
46044,0
46045,0
46051,0
46053,1
46054,1
46055,0
46060,0
46061,0
46064,0
46066,0
46068,0
46069,0
46072,0
46075,0
46076,0
46077,1
46078,0
46079,0
46081,0
46082,0
46084,1
46085,0
46086,0
46087,0
46088,0
46089,0
46090,0
46091,0
46094,0
46097,0
46098,0
46099,0
46100,0
46101,0
46103,0
46104,0
46105,0
46111,0
46113,0
46114,0
46117,0
46118,0
46119,0
46122,1
46123,0
46127,1
46128,0
46129,0
46130,0
46134,0
46135,0
46136,0
46141,0
46142,0
46143,0
46144,0
46146,0
46147,1
46148,0
46149,0
46151,0
46154,0
46155,0
46157,0
46158,0
46161,0
46163,0
46164,0
46166,0
46167,0
46168,0
46169,0
46170,0
46171,0
46178,1
46179,0
46180,0
46182,0
46183,0
46185,0
46186,0
46188,0
46193,0
46194,0
46197,0
46204,0
46206,0
46209,0
46210,0
46213,0
46216,0
46217,0
46220,0
46223,0
46226,0
46227,0
46228,0
46229,0
46232,0
46233,1
46235,0
46237,0
46239,0
46241,0
46243,0
46244,0
46245,0
46248,0
46249,0
46250,0
46252,0
46254,0
46255,0
46256,0
46257,0
46258,0
46259,0
46264,0
46265,0
46271,0
46272,0
46273,0
46274,0
46275,0
46276,0
46278,0
46279,0
46280,0
46281,0
46282,0
46284,0
46285,0
46286,0
46287,0
46288,0
46290,0
46291,0
46292,0
46294,0
46296,0
46299,0
46301,0
46303,0
46304,1
46306,0
46310,0
46312,0
46314,0
46316,1
46317,0
46319,0
46321,0
46322,0
46326,0
46328,0
46330,0
46331,0
46332,0
46334,0
46335,0
46336,0
46337,0
46338,0
46340,0
46343,0
46344,0
46345,0
46346,0
46349,0
46350,0
46352,0
46353,0
46355,0
46356,0
46360,0
46361,1
46364,0
46365,0
46368,1
46370,0
46371,0
46372,0
46373,0
46374,1
46376,0
46377,0
46380,0
46381,0
46382,0
46383,0
46384,0
46386,0
46387,0
46388,0
46389,0
46390,1
46391,1
46392,0
46393,0
46394,0
46395,0
46396,0
46397,0
46399,0
46400,0
46405,0
46408,0
46409,0
46412,0
46414,0
46415,0
46421,0
46422,0
46426,0
46428,0
46429,0
46430,0
46431,1
46434,1
46436,0
46437,0
46440,0
46441,0
46442,0
46443,0
46444,0
46445,0
46446,0
46447,0
46448,1
46449,1
46450,0
46451,0
46456,0
46457,1
46458,1
46460,0
46463,0
46464,0
46465,0
46468,0
46470,0
46472,0
46475,0
46478,0
46479,0
46481,0
46482,0
46483,1
46485,0
46490,0
46491,0
46492,0
46493,0
46494,0
46495,0
46496,0
46497,0
46499,0
46507,0
46510,0
46511,0
46512,0
46514,1
46515,0
46516,0
46517,0
46520,0
46521,0
46522,0
46523,0
46525,0
46526,1
46527,0
46528,0
46529,0
46531,0
46534,0
46535,0
46536,0
46537,0
46538,0
46539,0
46540,0
46541,0
46542,0
46544,0
46545,0
46546,0
46551,0
46552,0
46556,1
46558,0
46559,1
46561,0
46563,0
46568,1
46569,1
46570,0
46571,0
46572,0
46573,0
46576,1
46577,0
46578,1
46579,0
46580,0
46581,0
46583,1
46586,0
46587,0
46588,0
46590,0
46591,0
46592,0
46593,0
46595,1
46596,0
46600,1
46602,0
46603,0
46606,0
46610,0
46615,0
46616,0
46618,0
46619,0
46620,1
46621,0
46624,0
46625,0
46627,0
46628,0
46633,0
46635,0
46639,0
46640,0
46644,0
46645,0
46646,0
46647,0
46648,0
46651,0
46653,0
46655,0
46658,0
46659,0
46660,0
46661,0
46662,1
46663,0
46665,0
46666,0
46670,0
46671,0
46672,0
46673,0
46675,0
46676,0
46678,0
46679,0
46681,0
46682,0
46683,1
46687,0
46690,0
46694,0
46695,0
46696,1
46698,0
46700,0
46701,0
46702,1
46703,0
46704,0
46705,0
46706,0
46708,0
46712,0
46713,0
46715,0
46725,0
46729,0
46731,0
46735,0
46736,0
46737,1
46738,0
46739,0
46741,0
46743,1
46744,0
46745,0
46746,0
46753,0
46754,0
46756,0
46757,1
46759,1
46760,0
46761,0
46762,0
46763,1
46765,0
46766,0
46767,0
46769,0
46770,0
46771,0
46773,0
46775,1
46779,0
46782,0
46784,0
46785,0
46789,0
46791,0
46792,0
46794,0
46795,0
46796,0
46797,0
46801,0
46802,0
46803,0
46804,0
46806,0
46808,0
46809,0
46811,0
46812,0
46813,0
46815,0
46817,0
46819,0
46820,0
46821,0
46822,0
46823,0
46824,0
46826,0
46829,0
46830,0
46831,0
46833,0
46835,0
46836,0
46837,0
46838,0
46840,0
46841,0
46843,0
46847,0
46848,0
46849,0
46853,0
46856,0
46859,0
46862,0
46868,0
46869,0
46872,0
46873,0
46878,0
46879,0
46880,0
46881,0
46882,1
46883,0
46887,0
46889,0
46890,0
46892,0
46893,1
46894,0
46895,0
46897,0
46898,0
46899,0
46900,0
46901,0
46903,0
46904,0
46907,0
46909,0
46910,0
46911,0
46912,0
46913,0
46914,1
46915,0
46917,1
46918,0
46919,0
46921,0
46925,0
46928,0
46930,0
46931,0
46932,0
46934,0
46936,0
46937,0
46938,0
46940,0
46941,0
46942,0
46943,0
46945,0
46947,0
46948,0
46949,0
46951,0
46954,0
46955,0
46956,0
46959,0
46960,0
46962,0
46964,0
46965,0
46969,0
46970,0
46971,0
46972,0
46973,0
46974,0
46975,1
46977,0
46979,0
46980,0
46982,1
46986,0
46987,1
46988,0
46989,0
46990,0
46991,0
46992,0
46996,0
46997,0
46999,0
47000,0
47002,0
47003,0
47007,0
47008,0
47009,0
47010,0
47015,0
47016,0
47017,0
47018,0
47019,0
47022,0
47023,0
47026,1
47027,0
47029,0
47031,0
47034,0
47035,0
47036,0
47038,0
47039,0
47041,0
47042,0
47043,0
47044,0
47045,0
47047,0
47048,0
47050,0
47052,0
47054,0
47055,0
47056,0
47058,0
47059,0
47061,0
47064,0
47068,0
47069,0
47070,0
47073,0
47074,0
47075,0
47076,0
47078,0
47079,0
47081,0
47083,0
47084,0
47086,0
47088,0
47091,0
47096,0
47098,0
47100,0
47101,0
47103,0
47105,0
47106,0
47107,0
47109,0
47111,0
47112,1
47113,0
47114,0
47117,0
47118,0
47121,1
47124,1
47125,1
47127,1
47134,0
47135,0
47136,0
47137,0
47146,0
47147,0
47150,0
47151,0
47155,0
47156,0
47157,0
47159,0
47161,0
47162,0
47163,0
47165,0
47166,0
47167,0
47168,0
47170,1
47172,0
47173,0
47174,0
47176,0
47177,0
47180,0
47181,0
47182,0
47185,0
47187,0
47190,0
47191,1
47192,0
47193,0
47195,1
47200,0
47203,0
47204,0
47205,0
47206,0
47208,0
47209,0
47211,0
47212,0
47215,0
47216,0
47219,0
47220,1
47222,0
47224,0
47225,0
47226,0
47227,0
47229,0
47234,0
47240,1
47241,0
47242,0
47244,0
47245,0
47246,0
47247,0
47248,0
47249,0
47252,0
47255,0
47256,0
47258,1
47261,0
47262,0
47264,0
47267,0
47268,0
47269,0
47271,1
47273,0
47275,0
47276,0
47277,0
47280,0
47282,0
47283,0
47284,1
47287,0
47289,0
47290,0
47292,0
47293,0
47296,0
47298,0
47299,0
47301,0
47303,0
47304,0
47305,0
47306,0
47307,0
47309,0
47311,0
47314,0
47315,0
47318,0
47319,0
47320,0
47321,0
47322,1
47324,0
47325,0
47326,0
47327,0
47330,0
47332,0
47333,0
47335,0
47336,0
47337,0
47339,0
47340,0
47341,0
47342,0
47343,1
47345,0
47346,0
47347,0
47348,0
47349,0
47350,0
47352,0
47353,0
47354,0
47358,0
47359,0
47360,0
47361,0
47362,0
47363,1
47364,0
47365,1
47366,0
47369,0
47370,0
47371,0
47372,0
47374,0
47375,0
47379,0
47380,0
47381,0
47382,0
47383,0
47384,0
47388,0
47390,0
47391,0
47392,0
47393,0
47394,0
47397,0
47399,0
47402,0
47405,0
47406,0
47408,0
47410,0
47411,0
47416,0
47418,0
47419,0
47421,0
47422,0
47425,0
47426,0
47427,0
47428,0
47429,0
47430,0
47431,0
47433,0
47437,1
47438,0
47439,0
47440,0
47441,1
47442,0
47443,0
47444,0
47445,0
47450,0
47451,0
47452,0
47453,0
47457,1
47460,0
47463,0
47464,0
47466,0
47468,0
47470,0
47472,0
47474,1
47476,1
47478,0
47481,0
47484,0
47485,0
47487,0
47488,0
47495,0
47496,0
47498,0
47499,1
47501,0
47502,0
47504,0
47505,0
47506,1
47509,0
47516,0
47517,0
47518,0
47519,1
47520,0
47521,0
47522,0
47526,0
47529,0
47530,0
47531,0
47532,0
47535,0
47536,0
47537,0
47538,0
47539,0
47540,0
47542,0
47544,0
47545,0
47546,0
47549,0
47550,0
47551,0
47553,0
47555,0
47557,0
47558,0
47560,0
47562,0
47565,0
47567,1
47568,0
47569,0
47572,0
47574,0
47575,0
47576,0
47577,0
47578,0
47579,0
47580,0
47581,0
47582,0
47583,0
47584,0
47590,0
47591,0
47593,0
47595,0
47596,0
47599,0
47605,0
47607,0
47609,0
47611,0
47612,0
47613,0
47615,0
47619,0
47620,0
47623,0
47625,0
47626,0
47631,0
47635,0
47636,1
47638,0
47639,0
47640,0
47641,0
47643,0
47645,0
47646,1
47648,0
47649,1
47650,0
47651,0
47652,0
47653,0
47657,0
47659,1
47660,1
47662,0
47663,1
47667,0
47668,1
47669,0
47670,0
47672,0
47673,0
47676,0
47678,1
47679,0
47680,0
47683,0
47685,1
47687,0
47688,0
47689,0
47691,1
47692,0
47695,0
47699,0
47700,1
47701,0
47702,0
47703,1
47704,0
47706,0
47708,1
47709,0
47710,0
47712,0
47713,0
47714,0
47715,0
47721,0
47722,1
47724,0
47725,0
47727,0
47730,0
47731,0
47733,0
47734,0
47735,0
47736,0
47740,0
47742,0
47743,0
47745,0
47748,0
47750,0
47751,0
47753,0
47755,1
47756,0
47757,1
47760,0
47761,0
47764,0
47765,0
47767,0
47769,0
47770,0
47771,0
47773,0
47775,0
47776,0
47778,0
47780,0
47781,1
47785,0
47786,0
47788,0
47789,0
47790,0
47791,0
47793,0
47796,0
47797,0
47798,0
47799,0
47800,0
47802,0
47803,0
47805,0
47806,1
47808,0
47810,1
47811,0
47812,0
47813,0
47814,0
47815,0
47819,0
47820,0
47821,0
47822,0
47823,0
47824,0
47826,0
47829,1
47830,0
47831,0
47833,0
47835,0
47836,0
47837,0
47838,0
47839,0
47842,0
47844,0
47845,0
47846,0
47849,0
47850,0
47853,0
47856,0
47859,0
47866,0
47867,0
47868,0
47869,0
47871,0
47875,0
47876,0
47877,0
47879,1
47881,0
47882,0
47883,0
47886,0
47887,1
47888,0
47889,0
47893,0
47894,0
47895,1
47896,0
47897,0
47898,0
47899,0
47901,0
47902,1
47903,0
47904,0
47905,0
47906,0
47908,0
47910,0
47911,0
47912,1
47913,0
47914,0
47916,0
47917,0
47918,0
47920,0
47922,0
47923,0
47924,0
47925,0
47926,0
47927,0
47928,1
47930,1
47933,0
47934,0
47935,0
47936,0
47937,0
47939,0
47940,0
47944,0
47945,0
47948,0
47949,0
47953,1
47954,0
47960,0
47961,0
47962,0
47963,0
47964,0
47965,1
47966,0
47968,0
47969,0
47970,0
47971,1
47975,0
47976,0
47977,0
47979,0
47982,0
47983,0
47990,0
47991,0
47996,0
47997,0
47999,1
48000,0
48001,0
48002,0
48003,0
48005,0
48008,0
48010,0
48014,0
48016,0
48019,0
48023,0
48024,0
48029,0
48030,0
48031,0
48034,1
48036,1
48037,0
48039,0
48041,0
48042,0
48043,0
48044,0
48045,0
48048,0
48049,0
48051,0
48052,0
48054,0
48055,0
48058,0
48059,0
48061,0
48063,0
48064,1
48069,0
48074,1
48076,0
48078,0
48080,0
48082,0
48083,0
48085,1
48086,1
48087,0
48088,0
48090,0
48091,0
48094,0
48095,0
48096,0
48098,1
48100,0
48102,0
48104,0
48105,0
48108,0
48109,0
48114,0
48115,0
48116,0
48117,0
48118,0
48119,0
48120,0
48121,0
48122,0
48123,0
48126,0
48127,0
48129,0
48130,0
48131,0
48134,1
48135,1
48136,1
48137,0
48139,0
48140,0
48141,0
48142,0
48144,0
48145,0
48147,0
48150,0
48151,0
48152,0
48153,0
48154,0
48155,0
48160,0
48163,0
48165,1
48167,0
48168,0
48169,0
48171,0
48174,0
48176,0
48179,0
48181,0
48184,0
48186,0
48187,0
48189,0
48190,0
48193,1
48194,0
48195,1
48197,0
48199,0
48201,0
48208,0
48211,0
48212,0
48214,0
48215,0
48216,0
48217,1
48218,0
48219,0
48220,0
48222,0
48223,0
48224,0
48227,0
48229,0
48230,0
48233,0
48239,0
48240,0
48241,0
48242,0
48247,0
48248,0
48250,0
48251,0
48252,0
48253,0
48258,0
48263,0
48270,0
48271,0
48272,1
48276,0
48282,0
48283,0
48284,0
48286,0
48287,1
48289,1
48290,0
48291,0
48292,0
48294,0
48295,0
48296,0
48297,0
48300,0
48301,0
48302,0
48303,0
48306,0
48307,0
48309,0
48312,0
48314,0
48315,0
48317,0
48318,0
48321,0
48322,0
48323,0
48324,0
48328,0
48329,0
48330,0
48331,0
48332,0
48333,1
48335,0
48337,0
48338,0
48339,0
48340,0
48341,0
48342,0
48343,0
48344,0
48345,0
48347,0
48358,0
48360,1
48361,1
48364,0
48368,0
48371,0
48374,0
48375,0
48378,0
48380,0
48381,0
48383,0
48385,1
48386,0
48389,0
48390,1
48391,0
48392,0
48393,0
48394,0
48396,0
48397,0
48398,1
48400,1
48401,0
48402,0
48404,0
48410,0
48411,0
48412,1
48419,1
48421,0
48422,1
48424,0
48425,0
48427,0
48428,0
48429,0
48432,0
48433,0
48435,1
48445,0
48447,0
48448,0
48449,1
48450,0
48451,1
48452,0
48454,0
48455,0
48457,0
48458,0
48460,0
48461,0
48462,0
48463,1
48465,0
48466,0
48467,0
48468,0
48475,0
48477,1
48478,1
48479,0
48482,0
48484,0
48485,0
48486,0
48489,1
48490,1
48492,0
48493,0
48496,1
48498,0
48501,0
48503,0
48505,0
48506,0
48508,0
48509,0
48510,0
48511,0
48512,0
48513,0
48514,0
48515,0
48520,0
48525,0
48526,0
48527,0
48528,0
48530,0
48531,0
48532,0
48535,0
48536,0
48538,0
48540,0
48541,0
48542,0
48544,0
48545,0
48546,0
48549,0
48550,0
48553,0
48554,0
48555,0
48557,0
48559,0
48562,0
48564,1
48565,0
48566,0
48569,0
48570,0
48577,1
48578,0
48581,0
48582,0
48583,0
48584,0
48585,0
48587,0
48588,0
48589,0
48590,0
48591,0
48592,1
48595,0
48603,0
48604,0
48605,0
48607,0
48608,0
48609,0
48610,0
48613,0
48614,0
48615,1
48616,0
48622,0
48623,0
48624,0
48625,0
48627,0
48629,0
48631,0
48634,0
48635,0
48636,1
48637,0
48638,0
48639,0
48641,0
48643,0
48644,0
48646,0
48647,0
48648,1
48649,0
48651,0
48652,0
48654,0
48655,0
48656,0
48657,0
48658,0
48659,0
48662,0
48664,0
48666,0
48667,0
48668,0
48669,0
48670,0
48674,0
48675,0
48679,0
48680,0
48681,0
48682,0
48684,1
48686,0
48687,0
48690,0
48691,1
48692,0
48693,0
48696,0
48697,0
48698,0
48699,0
48700,0
48704,0
48706,0
48707,0
48708,0
48711,1
48712,0
48713,0
48715,0
48716,1
48721,0
48722,0
48723,0
48724,1
48725,0
48732,0
48736,0
48737,0
48739,0
48741,0
48742,0
48743,0
48745,0
48746,0
48749,0
48750,0
48751,0
48752,0
48753,0
48754,0
48756,1
48757,1
48758,0
48759,0
48760,0
48762,0
48764,0
48766,0
48770,0
48771,0
48772,0
48775,0
48777,0
48778,0
48779,0
48781,0
48782,0
48783,0
48784,0
48786,0
48789,0
48790,0
48793,1
48794,1
48795,0
48798,0
48800,1
48802,0
48809,0
48810,0
48812,0
48813,0
48814,0
48816,0
48817,1
48820,0
48821,0
48822,0
48826,0
48828,0
48831,0
48833,0
48835,0
48838,0
48839,0
48841,0
48844,0
48845,0
48847,0
48849,0
48850,0
48852,0
48853,0
48854,0
48855,0
48856,0
48858,0
48859,0
48862,0
48865,0
48868,0
48869,0
48872,0
48873,1
48874,0
48876,0
48877,0
48878,0
48880,0
48882,0
48883,0
48884,1
48885,0
48886,1
48887,0
48888,0
48890,0
48891,0
48892,0
48893,0
48894,0
48897,0
48899,1
48900,0
48902,0
48903,0
48904,0
48906,0
48908,0
48909,0
48910,1
48911,0
48912,0
48915,0
48917,1
48918,0
48919,0
48920,0
48923,0
48927,0
48929,0
48930,0
48931,0
48933,0
48934,0
48937,0
48939,0
48940,1
48945,0
48946,0
48947,1
48949,0
48950,0
48952,1
48953,0
48955,0
48956,0
48958,0
48959,0
48960,1
48961,0
48962,0
48965,1
48968,0
48972,0
48973,0
48974,0
48975,0
48976,0
48977,0
48980,0
48981,0
48983,0
48984,0
48985,0
48987,0
48990,0
48993,0
48994,0
48995,0
48997,0
48998,0
48999,0
49001,0
49003,0
49004,0
49005,0
49007,0
49008,1
49009,0
49010,0
49011,0
49012,1
49014,0
49017,0
49018,0
49019,0
49020,0
49021,0
49022,0
49025,0
49026,0
49028,0
49031,0
49033,0
49034,0
49035,0
49037,0
49038,0
49040,0
49041,0
49042,0
49043,0
49044,0
49046,0
49047,0
49052,0
49053,0
49054,0
49056,0
49057,0
49059,0
49060,0
49061,0
49062,0
49063,1
49072,0
49073,0
49074,0
49076,0
49079,1
49081,0
49085,0
49086,0
49088,0
49089,0
49092,0
49093,0
49095,0
49097,0
49100,0
49102,0
49104,1
49105,0
49106,0
49112,0
49113,0
49117,0
49118,0
49122,0
49124,0
49125,0
49127,0
49130,1
49132,0
49133,0
49137,0
49138,0
49139,0
49141,0
49143,0
49144,0
49145,0
49146,0
49147,0
49148,0
49149,0
49151,0
49152,0
49153,0
49156,0
49157,1
49158,0
49162,0
49163,0
49164,1
49167,0
49171,0
49172,0
49176,0
49177,0
49178,0
49179,0
49180,0
49181,0
49184,0
49187,0
49191,0
49194,0
49195,0
49196,1
49199,0
49200,0
49204,0
49205,0
49206,0
49208,0
49209,0
49212,1
49214,0
49219,0
49220,0
49222,0
49224,0
49226,0
49227,0
49228,0
49229,0
49230,0
49231,0
49232,0
49233,0
49237,0
49238,0
49239,0
49241,0
49242,0
49243,0
49244,0
49245,0
49246,0
49247,0
49251,0
49256,0
49257,0
49258,0
49259,0
49261,0
49262,0
49263,1
49264,0
49265,0
49266,0
49267,0
49268,0
49269,0
49270,0
49271,0
49274,0
49275,0
49279,0
49281,0
49282,0
49284,1
49287,1
49289,0
49293,0
49294,0
49296,0
49297,0
49298,0
49300,0
49302,0
49304,0
49305,0
49306,0
49307,0
49309,0
49312,0
49315,0
49316,0
49318,0
49320,0
49321,0
49323,0
49324,0
49325,0
49327,0
49329,0
49331,0
49333,0
49335,0
49337,0
49339,0
49341,0
49342,0
49344,0
49347,0
49348,0
49349,0
49350,0
49351,0
49352,0
49356,1
49359,0
49362,0
49363,0
49364,1
49369,0
49371,0
49372,0
49373,0
49376,0
49377,0
49384,0
49385,0
49386,0
49391,0
49392,0
49393,0
49397,0
49400,0
49401,0
49403,0
49406,0
49407,0
49408,0
49413,0
49414,0
49415,0
49418,0
49420,0
49421,0
49422,0
49424,0
49425,0
49426,0
49427,0
49429,0
49430,0
49432,0
49434,0
49435,0
49437,0
49440,0
49441,0
49443,0
49444,0
49445,0
49447,0
49448,0
49450,0
49451,0
49452,0
49454,0
49456,0
49458,0
49459,0
49460,0
49461,0
49463,0
49466,0
49467,1
49470,0
49472,0
49473,0
49474,0
49477,1
49481,1
49482,0
49485,0
49486,0
49487,0
49491,1
49492,0
49493,0
49494,0
49497,0
49498,0
49500,0
49502,0
49503,0
49504,0
49507,0
49509,1
49510,0
49511,0
49512,0
49513,1
49514,0
49515,0
49516,0
49517,0
49519,0
49520,0
49521,1
49524,0
49525,0
49526,0
49527,0
49528,0
49530,0
49531,0
49532,0
49534,0
49535,0
49537,0
49539,0
49540,0
49541,0
49543,0
49544,0
49549,0
49552,0
49555,0
49558,0
49560,0
49563,0
49565,0
49567,0
49568,0
49569,0
49570,0
49572,0
49573,0
49574,0
49577,0
49579,0
49582,0
49585,0
49586,0
49587,0
49588,0
49592,1
49594,0
49596,0
49597,0
49598,1
49599,1
49600,0
49601,0
49602,0
49604,0
49605,0
49606,0
49607,0
49609,0
49610,0
49612,0
49613,0
49614,0
49616,0
49618,0
49621,0
49623,0
49625,0
49626,0
49627,1
49628,0
49630,0
49634,0
49635,0
49637,0
49638,0
49639,0
49640,0
49644,0
49645,0
49646,0
49647,1
49650,0
49651,0
49652,0
49654,0
49655,0
49658,0
49659,0
49660,0
49661,0
49663,0
49664,0
49666,0
49667,1
49669,0
49670,1
49671,0
49672,0
49673,0
49674,1
49675,0
49679,0
49681,0
49683,0
49685,0
49686,0
49688,0
49689,0
49690,0
49692,0
49694,0
49695,0
49696,1
49697,0
49698,0
49699,0
49700,1
49701,1
49703,1
49704,0
49705,0
49706,1
49707,0
49708,0
49709,0
49710,0
49713,0
49714,1
49719,1
49720,0
49721,1
49722,0
49723,1
49724,0
49726,1
49728,0
49729,0
49730,0
49732,0
49734,0
49735,0
49737,0
49744,0
49746,0
49747,1
49748,0
49751,0
49753,0
49754,0
49755,1
49758,0
49759,0
49760,0
49761,0
49762,0
49765,0
49766,0
49767,0
49768,0
49770,1
49771,0
49773,0
49774,0
49776,0
49778,0
49781,0
49785,0
49787,0
49792,0
49794,1
49795,0
49798,0
49799,0
49800,0
49802,0
49803,0
49806,0
49809,0
49810,0
49811,1
49815,0
49816,0
49821,1
49823,0
49826,0
49827,0
49828,0
49834,0
49836,0
49838,0
49839,0
49843,0
49844,0
49845,0
49851,1
49853,0
49854,0
49855,0
49856,0
49858,0
49859,0
49862,0
49865,0
49866,0
49867,0
49868,0
49871,0
49874,1
49875,0
49878,0
49880,0
49881,0
49882,0
49886,0
49888,0
49890,0
49891,0
49893,0
49894,0
49895,0
49896,0
49898,0
49899,0
49901,0
49902,0
49903,0
49904,0
49905,0
49906,0
49908,0
49909,0
49911,0
49912,0
49913,0
49915,0
49918,0
49919,0
49920,0
49921,0
49922,0
49924,0
49925,0
49926,0
49931,0
49933,0
49936,0
49937,0
49939,1
49941,0
49943,0
49944,1
49945,0
49946,0
49947,0
49948,0
49949,0
49950,0
49954,0
49959,1
49960,0
49962,0
49964,0
49965,0
49967,0
49968,0
49969,0
49970,0
49972,0
49973,0
49974,0
49975,0
49976,0
49978,1
49979,0
49980,0
49981,0
49982,0
49983,0
49986,0
49987,1
49988,0
49990,1
49991,0
49992,0
49994,0
49995,0
49997,0
49998,0
49999,0
50000,1
50001,0
50002,1
50003,0
50004,0
50008,0
50009,0
50010,0
50012,0
50014,0
50020,0
50021,0
50022,0
50023,0
50026,0
50027,0
50028,0
50029,1
50030,0
50031,0
50032,0
50033,0
50034,0
50035,0
50036,0
50037,0
50040,0
50043,1
50044,0
50045,0
50048,0
50050,0
50051,1
50052,0
50053,0
50054,0
50055,0
50056,0
50058,0
50060,0
50061,0
50064,0
50066,0
50067,0
50068,0
50069,0
50071,0
50073,0
50075,0
50076,0
50077,0
50078,0
50080,0
50081,0
50082,0
50084,0
50086,0
50090,0
50092,0
50093,0
50095,0
50097,0
50099,0
50100,0
50103,0
50106,0
50109,0
50110,0
50111,0
50112,0
50115,0
50117,0
50119,0
50120,0
50121,0
50123,0
50124,0
50126,0
50128,0
50129,0
50130,0
50132,0
50133,0
50134,0
50135,0
50136,0
50137,0
50139,0
50141,0
50143,0
50148,1
50151,0
50152,0
50155,0
50157,0
50158,0
50159,0
50160,1
50161,0
50163,0
50166,0
50168,0
50170,0
50171,0
50173,0
50176,1
50177,0
50178,0
50179,0
50180,0
50181,0
50183,0
50186,0
50187,0
50188,0
50189,0
50190,0
50192,0
50194,1
50195,0
50196,0
50197,0
50198,0
50203,0
50204,0
50205,0
50208,0
50210,0
50211,0
50214,1
50215,0
50216,0
50217,0
50218,0
50219,0
50220,0
50221,0
50222,0
50226,0
50229,0
50231,0
50232,1
50234,0
50235,0
50236,0
50237,0
50238,0
50239,0
50240,0
50243,0
50244,1
50245,0
50249,0
50253,0
50256,1
50257,0
50258,0
50260,0
50261,0
50262,0
50263,0
50266,0
50268,1
50269,0
50270,0
50271,0
50272,0
50273,0
50274,0
50275,0
50276,0
50278,0
50279,1
50280,0
50282,0
50283,0
50284,0
50285,0
50289,0
50293,0
50294,0
50298,0
50302,0
50305,0
50308,0
50309,0
50310,0
50311,0
50317,0
50318,1
50319,0
50322,0
50324,0
50325,0
50329,0
50330,0
50332,0
50333,0
50335,0
50336,0
50337,0
50338,0
50340,0
50342,1
50344,0
50345,0
50346,0
50347,1
50350,0
50352,0
50353,0
50355,0
50356,0
50358,0
50360,0
50362,1
50363,0
50365,0
50367,0
50368,0
50369,0
50373,0
50374,0
50377,0
50378,0
50379,0
50382,0
50386,1
50387,0
50388,1
50389,0
50396,0
50397,0
50398,0
50399,0
50401,1
50402,0
50408,0
50410,0
50411,0
50412,0
50413,0
50414,0
50416,0
50418,1
50419,0
50422,0
50427,0
50429,0
50432,0
50433,0
50435,1
50438,0
50439,1
50440,0
50441,0
50442,0
50445,0
50446,0
50449,0
50452,0
50454,0
50456,1
50458,0
50459,0
50460,1
50461,0
50464,0
50466,0
50467,0
50473,0
50474,0
50475,0
50479,0
50480,0
50481,1
50482,0
50485,0
50490,0
50491,0
50492,0
50494,0
50495,0
50496,0
50497,0
50498,1
50499,0
50500,0
50503,0
50506,0
50508,0
50509,0
50512,0
50516,0
50518,0
50519,0
50522,0
50526,1
50527,0
50529,1
50534,0
50536,0
50539,1
50540,0
50542,1
50543,0
50545,0
50547,0
50549,0
50554,0
50555,1
50557,0
50558,0
50560,0
50561,0
50563,0
50564,0
50567,0
50573,0
50575,0
50576,0
50578,0
50581,0
50583,0
50585,0
50588,0
50589,1
50590,0
50594,0
50596,0
50597,0
50598,0
50599,0
50601,0
50602,0
50606,0
50607,0
50608,0
50609,1
50613,0
50615,0
50618,0
50620,0
50621,0
50622,0
50624,0
50628,0
50629,0
50631,0
50632,0
50634,0
50635,0
50636,0
50637,0
50638,0
50639,0
50641,0
50642,0
50644,0
50645,0
50646,0
50648,0
50651,0
50653,0
50655,0
50656,0
50657,0
50659,0
50660,0
50662,0
50663,0
50665,0
50666,0
50668,0
50670,0
50671,0
50673,0
50674,0
50675,0
50679,0
50685,0
50688,0
50689,0
50692,0
50700,1
50701,0
50708,0
50709,0
50710,0
50711,0
50712,0
50715,0
50716,0
50718,0
50722,0
50731,0
50732,0
50733,0
50735,0
50736,0
50737,0
50738,1
50739,0
50740,0
50744,0
50747,0
50748,0
50749,0
50752,0
50755,0
50756,0
50757,0
50758,0
50759,0
50760,0
50761,0
50765,0
50766,1
50767,0
50768,0
50770,0
50771,0
50772,0
50773,0
50774,0
50775,0
50779,0
50782,0
50784,0
50785,0
50787,0
50789,1
50790,0
50792,0
50794,0
50795,0
50800,0
50801,0
50802,0
50803,0
50805,0
50809,0
50810,0
50811,0
50812,0
50815,0
50817,0
50818,0
50821,0
50824,1
50825,0
50826,0
50828,0
50829,1
50830,0
50831,0
50832,0
50833,0
50834,0
50836,0
50837,0
50839,0
50840,0
50841,0
50844,0
50845,1
50846,0
50847,0
50849,0
50850,0
50852,0
50854,0
50859,0
50861,0
50862,0
50864,0
50866,0
50869,1
50870,0
50872,0
50874,0
50876,0
50878,0
50882,0
50884,0
50885,0
50887,0
50888,0
50889,0
50891,0
50899,0
50900,0
50901,0
50902,0
50903,0
50905,0
50908,0
50909,0
50910,0
50911,0
50915,0
50918,0
50919,1
50920,0
50921,1
50922,0
50923,0
50924,0
50927,0
50928,0
50929,0
50930,0
50931,0
50934,0
50935,0
50937,0
50938,0
50940,0
50941,0
50942,0
50943,1
50944,0
50945,0
50946,0
50947,0
50948,0
50949,0
50950,0
50951,0
50953,0
50954,0
50955,0
50956,0
50958,0
50959,0
50960,0
50962,0
50963,0
50964,0
50967,0
50968,0
50970,0
50971,0
50972,0
50973,0
50974,0
50975,0
50976,0
50978,0
50979,0
50980,1
50981,0
50987,0
50988,0
50990,0
50991,0
50994,0
50995,1
50998,0
50999,0
51003,1
51007,0
51008,0
51010,0
51012,0
51013,0
51014,0
51015,0
51021,0
51022,0
51025,0
51026,0
51028,0
51030,0
51031,0
51032,0
51034,0
51035,1
51036,0
51039,0
51040,0
51042,0
51043,0
51044,0
51045,0
51046,0
51047,0
51048,0
51049,0
51050,0
51052,1
51056,0
51063,0
51065,0
51069,0
51070,0
51072,0
51073,0
51074,0
51077,0
51078,0
51079,0
51081,0
51084,1
51085,0
51086,0
51087,0
51088,0
51090,0
51091,0
51092,0
51093,1
51094,0
51095,0
51097,0
51100,0
51101,0
51102,0
51103,0
51104,0
51105,0
51107,0
51108,0
51109,1
51110,0
51116,0
51117,0
51118,0
51120,0
51121,0
51123,0
51124,0
51125,0
51128,0
51129,0
51130,0
51131,0
51132,0
51133,0
51134,0
51135,0
51137,0
51138,0
51140,1
51142,0
51144,0
51146,0
51149,0
51150,0
51152,0
51153,0
51157,0
51158,0
51159,0
51162,0
51163,0
51164,0
51166,0
51167,0
51168,1
51169,1
51171,0
51173,0
51174,0
51177,0
51179,0
51180,0
51181,0
51182,0
51183,0
51191,0
51193,0
51194,0
51195,1
51198,0
51199,1
51201,0
51204,0
51205,0
51206,0
51207,0
51210,0
51214,0
51216,0
51218,0
51219,0
51221,0
51224,0
51226,0
51227,0
51228,0
51230,0
51231,0
51235,0
51237,0
51240,1
51243,0
51244,0
51247,0
51248,0
51249,0
51250,0
51251,0
51253,0
51255,0
51257,0
51258,0
51259,1
51263,1
51265,0
51268,0
51269,0
51272,0
51275,0
51278,0
51280,0
51282,0
51284,0
51288,1
51290,0
51291,1
51292,0
51293,0
51297,0
51299,0
51300,1
51302,0
51303,0
51309,0
51311,0
51313,0
51314,0
51315,0
51316,0
51317,1
51322,0
51323,0
51324,0
51325,0
51330,0
51331,0
51334,0
51335,0
51336,1
51338,0
51339,1
51341,0
51342,0
51343,0
51344,0
51345,0
51349,1
51350,0
51351,0
51352,0
51355,1
51357,1
51358,0
51359,0
51360,0
51362,0
51364,1
51366,0
51367,0
51369,0
51370,0
51371,0
51374,0
51377,0
51380,0
51381,1
51385,0
51386,0
51387,0
51388,0
51390,0
51391,0
51393,0
51396,0
51399,0
51402,0
51403,0
51405,0
51406,0
51409,0
51410,0
51411,0
51413,0
51415,0
51417,0
51419,0
51422,1
51424,0
51425,0
51426,0
51430,0
51431,0
51432,1
51433,0
51434,0
51435,0
51436,0
51437,0
51438,0
51441,0
51442,0
51443,0
51444,0
51446,0
51450,0
51451,0
51452,0
51454,0
51455,0
51456,0
51459,0
51461,1
51464,0
51466,0
51467,0
51470,1
51471,0
51472,0
51473,0
51476,0
51479,0
51482,0
51484,0
51485,0
51489,1
51490,0
51492,0
51494,0
51501,0
51502,0
51504,0
51505,1
51506,0
51507,0
51509,0
51510,0
51511,0
51517,0
51518,0
51519,0
51520,0
51521,1
51522,1
51523,1
51526,1
51529,0
51530,0
51534,0
51536,0
51540,0
51543,0
51545,0
51546,0
51547,1
51549,0
51550,0
51551,0
51552,0
51554,0
51556,0
51557,0
51561,0
51562,0
51563,0
51564,0
51565,0
51567,0
51570,0
51571,0
51572,0
51573,0
51577,0
51579,0
51580,0
51581,0
51583,0
51584,0
51587,0
51588,0
51589,0
51590,0
51591,0
51592,0
51594,0
51595,1
51598,0
51599,0
51600,0
51602,0
51604,1
51606,0
51611,0
51612,0
51614,0
51616,0
51618,0
51621,0
51622,0
51623,0
51626,0
51632,1
51634,0
51636,0
51637,0
51639,0
51642,0
51643,0
51644,0
51645,0
51646,1
51647,0
51648,1
51649,0
51651,0
51652,0
51653,0
51654,0
51656,0
51657,0
51658,0
51662,0
51663,0
51664,0
51665,0
51666,0
51668,0
51669,0
51670,0
51674,1
51675,0
51676,0
51677,0
51679,0
51680,0
51681,0
51682,0
51683,0
51684,0
51686,0
51693,0
51694,0
51695,0
51696,0
51698,0
51699,0
51702,0
51706,0
51707,0
51709,0
51714,0
51715,0
51718,0
51721,0
51727,0
51728,0
51731,0
51733,0
51734,0
51735,0
51736,0
51737,0
51739,0
51742,1
51744,1
51746,0
51747,0
51753,0
51754,0
51757,1
51758,1
51759,0
51762,0
51763,0
51764,0
51766,1
51767,0
51769,0
51770,0
51772,0
51773,0
51774,0
51775,0
51777,0
51778,0
51780,0
51783,0
51787,0
51788,0
51789,0
51791,0
51792,0
51796,0
51797,0
51798,0
51800,0
51801,0
51802,0
51804,0
51805,0
51806,0
51811,0
51812,1
51813,0
51816,0
51817,0
51818,1
51819,0
51821,0
51823,0
51825,0
51826,0
51827,0
51829,0
51831,0
51832,0
51834,0
51835,0
51836,0
51837,1
51838,0
51841,0
51842,0
51845,0
51846,0
51847,0
51849,0
51850,0
51851,0
51853,0
51856,0
51858,0
51859,0
51860,0
51861,0
51862,0
51864,0
51867,0
51870,0
51871,0
51873,0
51874,0
51875,0
51876,0
51877,0
51878,0
51879,0
51883,0
51884,0
51889,0
51890,0
51891,1
51895,0
51897,0
51901,0
51903,0
51905,0
51908,0
51909,0
51911,0
51914,0
51916,0
51917,0
51918,0
51922,0
51923,0
51924,0
51926,1
51927,0
51928,0
51929,0
51930,0
51931,0
51933,0
51934,0
51936,0
51939,0
51940,0
51941,0
51942,0
51943,0
51944,0
51946,0
51947,0
51948,0
51951,1
51952,0
51954,0
51955,0
51957,0
51958,0
51962,0
51963,0
51964,0
51966,1
51967,0
51968,0
51969,0
51973,0
51974,0
51977,0
51979,0
51980,0
51982,0
51983,0
51984,0
51986,0
51989,0
51990,0
51992,0
51993,0
51995,0
51996,0
51997,0
51998,0
51999,0
52002,0
52003,0
52005,0
52006,0
52008,0
52009,0
52010,0
52013,0
52014,0
52016,0
52019,0
52022,0
52025,0
52026,0
52028,0
52031,0
52032,0
52036,0
52038,1
52040,0
52043,0
52044,0
52045,1
52047,0
52048,0
52051,0
52052,0
52053,1
52054,0
52056,0
52057,1
52058,0
52059,0
52061,0
52063,0
52065,0
52066,0
52067,0
52069,0
52072,0
52073,0
52074,0
52075,0
52076,0
52078,0
52079,0
52080,0
52081,0
52084,1
52086,1
52089,0
52091,1
52092,0
52093,0
52094,0
52096,0
52097,0
52099,0
52103,0
52104,0
52105,0
52106,0
52107,0
52112,0
52116,0
52117,0
52122,0
52123,0
52124,0
52126,0
52130,0
52131,0
52132,0
52134,0
52135,0
52138,0
52139,0
52144,0
52145,0
52146,0
52149,0
52150,0
52151,0
52152,0
52156,0
52158,0
52159,0
52160,0
52161,0
52162,0
52164,0
52165,1
52166,1
52167,0
52168,0
52169,0
52170,0
52171,0
52172,0
52173,0
52176,0
52178,0
52179,0
52180,0
52181,0
52182,0
52183,0
52188,0
52191,0
52192,0
52193,0
52194,1
52196,0
52197,0
52198,1
52200,0
52201,0
52203,0
52204,1
52206,0
52207,0
52209,0
52210,0
52211,0
52212,0
52213,0
52217,1
52218,0
52219,0
52220,0
52223,0
52224,0
52225,0
52228,0
52232,0
52233,0
52234,0
52236,1
52237,0
52238,0
52240,0
52241,0
52242,0
52248,0
52249,0
52250,0
52251,0
52253,0
52255,0
52259,0
52260,1
52262,0
52263,0
52264,1
52266,0
52269,1
52271,0
52272,1
52273,0
52275,0
52276,1
52280,0
52281,0
52282,0
52284,1
52286,0
52288,0
52289,0
52290,0
52291,0
52292,0
52293,0
52294,0
52295,0
52296,0
52297,0
52298,0
52299,0
52301,0
52304,0
52306,0
52307,0
52311,0
52312,0
52313,0
52314,0
52316,0
52317,0
52318,0
52319,0
52320,0
52321,0
52322,0
52323,0
52324,0
52325,0
52326,0
52329,1
52330,0
52331,0
52332,0
52334,0
52336,0
52339,0
52340,0
52343,0
52346,1
52348,0
52351,0
52353,1
52354,0
52356,1
52357,0
52358,0
52359,0
52361,0
52362,0
52363,0
52364,1
52370,0
52371,1
52374,0
52375,0
52376,0
52377,0
52379,0
52381,0
52383,0
52391,0
52392,0
52393,0
52395,0
52397,0
52398,0
52401,0
52403,0
52404,0
52405,0
52406,0
52407,0
52409,0
52412,0
52413,0
52415,0
52416,0
52417,0
52419,0
52423,0
52425,1
52426,1
52428,0
52429,0
52430,0
52431,1
52433,0
52436,0
52438,0
52439,0
52441,0
52442,0
52445,0
52446,0
52447,0
52448,0
52449,0
52450,0
52451,0
52453,0
52454,0
52455,0
52460,1
52461,0
52463,0
52465,0
52469,0
52471,0
52472,0
52473,1
52476,0
52481,0
52482,0
52483,0
52484,0
52486,0
52489,0
52490,0
52491,0
52492,0
52493,0
52495,0
52496,1
52497,0
52498,0
52500,0
52501,0
52502,0
52503,0
52504,0
52506,0
52507,0
52512,1
52513,0
52514,0
52517,0
52518,0
52519,0
52520,0
52524,0
52525,0
52526,1
52528,1
52529,0
52530,0
52533,0
52534,0
52535,0
52540,0
52541,0
52542,0
52543,0
52544,0
52545,1
52546,0
52548,0
52550,0
52552,0
52561,1
52562,0
52563,0
52565,0
52566,0
52571,0
52572,0
52573,0
52579,0
52580,0
52581,0
52582,0
52584,0
52586,0
52588,0
52590,0
52591,0
52593,0
52595,0
52596,0
52597,0
52598,0
52599,0
52602,0
52603,1
52606,0
52607,0
52608,1
52609,0
52613,0
52614,0
52615,0
52616,0
52626,0
52628,0
52630,0
52631,0
52632,0
52633,0
52634,0
52637,0
52638,0
52639,0
52640,0
52643,1
52644,0
52646,0
52647,0
52648,0
52650,0
52651,0
52652,0
52653,0
52654,0
52655,0
52657,0
52658,0
52659,0
52662,0
52665,0
52667,0
52668,0
52669,0
52670,0
52673,0
52675,0
52676,0
52678,0
52679,0
52680,0
52681,0
52682,0
52683,0
52684,0
52686,0
52687,0
52690,0
52693,0
52694,0
52695,0
52696,0
52698,1
52700,0
52702,0
52705,0
52706,0
52708,0
52709,0
52711,0
52712,0
52716,0
52719,0
52721,0
52723,0
52726,0
52728,0
52729,0
52730,0
52733,0
52736,0
52739,0
52740,0
52741,0
52742,0
52744,0
52748,0
52749,0
52750,0
52752,0
52757,0
52759,0
52763,0
52765,0
52766,0
52768,0
52769,0
52770,0
52771,0
52772,0
52773,0
52774,0
52778,0
52779,0
52780,0
52781,0
52784,0
52785,0
52786,0
52789,0
52792,0
52796,0
52797,1
52798,0
52799,0
52802,0
52804,0
52805,0
52809,0
52812,1
52813,0
52815,0
52819,0
52821,0
52823,1
52825,0
52828,0
52829,0
52830,0
52832,0
52833,0
52834,0
52836,0
52838,0
52839,0
52840,0
52841,0
52842,0
52846,0
52851,0
52854,0
52855,0
52856,1
52857,0
52859,0
52860,1
52861,0
52862,0
52864,0
52867,0
52868,0
52872,0
52874,0
52875,1
52879,0
52881,0
52882,1
52885,0
52886,0
52887,0
52888,0
52889,0
52890,0
52891,0
52892,0
52893,0
52895,0
52896,0
52898,0
52899,0
52901,0
52903,0
52905,1
52906,0
52909,0
52911,0
52916,0
52917,0
52918,1
52923,0
52924,0
52926,0
52928,1
52929,0
52930,0
52931,0
52932,0
52933,0
52940,0
52941,1
52942,0
52943,0
52946,0
52950,0
52952,0
52954,1
52955,0
52956,0
52958,0
52960,0
52961,0
52962,0
52963,0
52964,0
52966,0
52967,0
52970,0
52973,0
52974,0
52976,0
52977,0
52978,0
52980,0
52982,0
52983,0
52984,1
52987,0
52988,1
52992,0
52993,0
52994,0
52996,0
52997,0
52998,0
53000,0
53001,0
53003,0
53005,0
53007,0
53009,0
53010,0
53011,0
53012,1
53013,1
53016,1
53019,0
53020,0
53022,0
53024,0
53025,0
53028,0
53029,0
53031,0
53032,0
53033,0
53034,0
53036,0
53037,0
53038,1
53041,0
53042,0
53043,0
53045,0
53047,0
53048,0
53049,0
53050,0
53051,0
53053,0
53054,0
53056,0
53057,0
53058,0
53059,0
53062,0
53063,0
53065,0
53069,0
53073,0
53074,0
53075,0
53077,0
53078,0
53079,0
53080,0
53082,1
53083,0
53084,1
53086,0
53087,0
53088,0
53089,0
53092,1
53094,0
53095,0
53096,0
53101,0
53105,0
53106,0
53108,0
53110,0
53114,0
53117,0
53118,0
53119,0
53121,0
53125,0
53127,0
53128,0
53129,0
53131,0
53132,0
53133,0
53134,0
53135,0
53136,0
53139,0
53141,0
53142,0
53143,1
53144,0
53146,1
53149,0
53150,0
53152,0
53154,0
53155,0
53156,0
53157,0
53158,0
53162,0
53163,0
53165,0
53166,0
53168,0
53171,0
53174,0
53176,0
53178,0
53182,0
53187,0
53189,0
53190,0
53191,0
53192,1
53193,1
53195,0
53196,0
53197,0
53200,0
53201,0
53202,0
53204,0
53205,0
53206,0
53210,0
53214,1
53215,0
53216,0
53217,0
53219,0
53220,0
53221,0
53222,0
53223,0
53224,0
53228,0
53229,0
53231,0
53232,0
53233,1
53236,0
53238,0
53239,0
53240,0
53241,0
53242,0
53244,0
53246,0
53247,0
53248,0
53249,0
53251,0
53254,0
53255,0
53256,0
53258,0
53260,0
53263,1
53265,1
53269,0
53271,0
53273,0
53274,0
53276,0
53277,0
53278,0
53279,0
53280,1
53286,0
53293,0
53294,0
53296,0
53297,0
53298,0
53300,0
53301,0
53304,0
53305,0
53308,0
53309,0
53310,0
53312,0
53313,0
53315,0
53318,1
53321,0
53322,1
53323,0
53325,0
53326,0
53329,0
53331,0
53332,0
53334,0
53336,0
53343,0
53344,0
53345,1
53349,0
53352,0
53354,0
53355,0
53358,0
53359,0
53360,0
53362,0
53363,1
53364,0
53365,0
53366,0
53367,1
53369,0
53371,0
53372,0
53373,0
53377,0
53378,0
53379,0
53380,0
53381,0
53382,0
53383,0
53386,0
53389,0
53390,0
53391,0
53393,0
53396,0
53398,0
53400,0
53401,0
53402,0
53403,0
53406,0
53407,0
53409,0
53410,0
53412,0
53413,1
53414,0
53416,1
53418,0
53419,0
53420,0
53421,1
53422,0
53424,0
53427,0
53428,0
53429,0
53432,1
53434,0
53435,0
53436,0
53439,0
53441,0
53442,0
53443,0
53444,0
53448,0
53449,0
53452,0
53454,1
53455,0
53456,0
53457,0
53458,0
53460,0
53461,0
53464,0
53469,0
53470,0
53472,0
53473,1
53476,0
53478,0
53479,0
53481,0
53482,0
53483,1
53486,0
53489,0
53490,0
53491,0
53492,0
53493,0
53494,0
53497,0
53498,0
53500,0
53502,0
53503,0
53505,0
53509,0
53510,0
53511,0
53515,0
53517,0
53519,0
53520,0
53521,0
53523,0
53526,0
53527,0
53533,0
53535,0
53536,0
53537,0
53539,0
53540,0
53543,0
53546,0
53547,0
53548,0
53549,0
53551,0
53555,0
53560,0
53561,0
53562,0
53563,0
53565,1
53567,0
53569,0
53570,0
53572,0
53574,0
53576,0
53577,0
53580,0
53581,0
53582,0
53585,0
53586,0
53587,0
53588,0
53589,0
53595,1
53596,0
53598,0
53600,0
53603,0
53605,0
53608,0
53609,0
53610,0
53614,0
53615,0
53616,0
53617,0
53618,0
53620,0
53621,0
53622,0
53627,0
53629,1
53630,0
53631,0
53632,0
53638,0
53639,1
53640,1
53641,0
53643,0
53648,0
53649,0
53652,1
53654,0
53655,0
53662,0
53663,1
53664,0
53668,0
53669,0
53673,0
53674,0
53675,0
53676,0
53679,0
53680,0
53681,0
53684,0
53686,0
53687,0
53689,1
53690,1
53697,0
53698,0
53701,0
53703,0
53705,0
53706,0
53711,0
53712,0
53713,0
53714,0
53715,0
53716,0
53720,0
53721,0
53722,0
53726,0
53727,0
53728,1
53729,0
53731,0
53732,0
53733,0
53734,0
53735,0
53736,0
53737,0
53740,0
53741,0
53742,0
53743,1
53745,0
53746,0
53747,0
53748,1
53749,0
53750,0
53751,0
53754,0
53755,0
53756,0
53758,0
53760,0
53762,0
53764,0
53765,0
53766,0
53767,0
53768,0
53769,0
53770,0
53771,0
53773,0
53775,0
53776,0
53779,0
53780,0
53781,0
53782,0
53783,0
53784,0
53786,0
53787,0
53789,1
53790,0
53796,1
53798,0
53805,0
53806,0
53809,0
53811,0
53815,0
53816,0
53817,0
53819,0
53821,0
53823,0
53824,0
53826,0
53827,0
53828,0
53829,0
53830,0
53835,1
53836,0
53840,0
53842,0
53843,0
53844,0
53847,0
53849,0
53850,0
53851,0
53852,0
53853,0
53854,0
53855,0
53856,0
53858,0
53859,0
53860,0
53861,0
53863,0
53865,0
53866,0
53867,0
53868,0
53876,0
53879,1
53880,0
53881,0
53882,0
53883,0
53884,0
53885,0
53887,1
53888,0
53890,0
53891,0
53892,0
53896,0
53898,0
53899,0
53900,0
53901,0
53902,1
53904,0
53905,0
53910,0
53911,0
53912,0
53914,0
53920,0
53921,0
53923,0
53924,0
53926,0
53927,0
53928,0
53931,0
53932,0
53934,0
53935,0
53936,1
53938,0
53939,0
53940,0
53942,0
53944,0
53945,0
53947,0
53948,0
53949,0
53952,0
53953,0
53954,0
53958,0
53960,0
53961,0
53962,0
53963,0
53964,0
53965,0
53966,0
53967,0
53968,0
53971,0
53972,1
53974,0
53976,0
53977,0
53978,0
53979,0
53980,0
53981,0
53982,1
53984,0
53986,0
53987,0
53994,0
53995,0
53997,0
53998,0
53999,0
54000,1
54001,0
54003,0
54005,0
54006,0
54007,0
54011,0
54012,0
54013,0
54014,0
54017,0
54018,0
54019,0
54026,0
54027,0
54028,0
54029,0
54031,0
54032,0
54033,0
54035,0
54036,0
54038,0
54039,0
54040,0
54041,0
54044,0
54046,0
54047,0
54048,0
54049,1
54052,0
54053,0
54056,0
54057,0
54059,0
54061,0
54066,0
54068,0
54069,0
54071,0
54078,0
54079,1
54080,0
54081,1
54082,0
54084,0
54085,0
54089,0
54090,0
54091,0
54092,1
54093,0
54094,0
54099,1
54100,0
54102,0
54106,0
54107,0
54108,0
54110,0
54111,0
54112,0
54113,0
54114,1
54115,0
54116,0
54118,0
54120,0
54122,0
54124,0
54125,0
54126,0
54130,0
54131,0
54133,0
54135,0
54138,0
54139,0
54141,0
54142,0
54143,0
54146,0
54147,0
54148,0
54149,0
54153,0
54154,0
54155,0
54156,0
54157,0
54158,0
54159,0
54161,0
54166,0
54167,0
54171,0
54172,0
54173,0
54175,0
54177,0
54182,0
54183,0
54185,0
54188,0
54189,0
54190,0
54191,0
54195,0
54196,0
54197,0
54199,0
54200,1
54203,0
54205,1
54206,0
54208,0
54212,0
54215,0
54217,0
54218,0
54219,0
54220,0
54221,0
54222,0
54224,0
54228,0
54231,0
54232,1
54234,0
54235,0
54236,0
54239,0
54241,0
54242,0
54245,0
54248,0
54249,1
54250,0
54256,0
54257,0
54258,0
54259,0
54260,0
54261,0
54265,0
54267,0
54269,0
54273,0
54277,0
54278,0
54279,0
54280,0
54285,0
54286,0
54287,0
54288,0
54291,0
54293,1
54294,0
54295,0
54296,0
54298,0
54299,0
54300,0
54303,0
54304,0
54305,0
54306,0
54308,0
54309,0
54311,0
54314,0
54315,0
54318,0
54319,0
54321,0
54322,0
54323,0
54325,0
54327,0
54328,0
54329,1
54331,0
54337,0
54338,1
54340,0
54341,0
54342,0
54344,0
54345,0
54349,0
54350,0
54351,0
54353,0
54354,0
54357,0
54360,0
54362,0
54363,1
54364,0
54365,0
54367,0
54368,0
54369,0
54370,0
54371,0
54374,0
54381,0
54382,0
54384,0
54385,0
54387,0
54389,0
54390,0
54393,0
54394,0
54395,1
54400,0
54401,0
54402,0
54403,0
54404,0
54405,0
54413,0
54417,0
54420,0
54425,0
54429,0
54432,1
54433,0
54434,0
54435,0
54443,0
54446,0
54448,0
54449,0
54451,0
54455,0
54456,0
54458,0
54459,0
54461,0
54463,0
54466,0
54468,0
54469,0
54470,0
54471,0
54472,0
54474,0
54475,0
54482,0
54483,0
54484,0
54487,1
54495,0
54498,0
54499,0
54500,0
54501,0
54503,0
54504,0
54505,0
54506,0
54509,0
54510,0
54513,1
54514,0
54515,0
54516,1
54517,0
54520,0
54522,0
54524,0
54527,0
54528,1
54529,0
54530,0
54532,0
54533,0
54534,0
54535,0
54537,0
54539,0
54541,0
54543,1
54544,0
54548,0
54549,0
54552,0
54553,0
54554,0
54555,0
54558,0
54559,0
54560,0
54562,0
54565,1
54566,0
54567,0
54570,0
54573,0
54577,0
54578,0
54579,0
54582,0
54585,0
54587,1
54589,0
54593,0
54595,0
54597,0
54598,0
54599,0
54600,0
54601,0
54603,0
54604,0
54605,0
54607,0
54611,0
54613,0
54614,0
54615,0
54619,1
54620,0
54622,0
54623,0
54624,0
54625,0
54626,0
54627,0
54628,1
54629,0
54630,0
54632,0
54634,0
54636,0
54638,0
54643,0
54644,0
54645,0
54646,0
54648,0
54649,0
54653,0
54654,0
54656,0
54657,0
54663,0
54665,0
54666,0
54667,0
54668,0
54670,0
54672,0
54673,0
54675,0
54677,0
54679,0
54680,0
54682,0
54684,0
54685,0
54686,0
54688,0
54690,0
54691,0
54692,0
54693,0
54694,0
54696,0
54697,0
54698,0
54699,0
54700,0
54704,0
54707,0
54708,0
54709,0
54713,0
54714,0
54715,0
54718,0
54720,0
54722,0
54723,0
54724,0
54725,0
54726,0
54728,0
54729,1
54731,0
54733,0
54737,0
54739,0
54743,0
54744,0
54745,0
54747,0
54751,0
54752,0
54753,0
54754,0
54755,1
54756,1
54757,0
54759,0
54760,0
54761,0
54763,0
54765,0
54766,0
54767,0
54768,0
54769,0
54772,1
54773,0
54774,1
54775,0
54777,0
54779,0
54780,1
54781,0
54783,0
54786,0
54788,0
54789,0
54790,0
54793,0
54794,0
54796,0
54797,0
54799,0
54801,0
54804,0
54805,1
54806,0
54807,0
54812,0
54813,0
54814,0
54820,0
54821,0
54824,0
54827,0
54830,0
54832,0
54836,1
54838,0
54839,0
54841,0
54842,0
54843,0
54844,0
54847,0
54848,1
54851,1
54852,0
54853,0
54855,1
54856,1
54862,0
54863,0
54866,0
54868,0
54869,0
54870,0
54871,0
54872,0
54875,0
54876,0
54877,0
54878,0
54879,0
54880,0
54881,1
54882,0
54883,0
54884,0
54885,0
54888,1
54890,0
54892,0
54893,0
54896,0
54898,0
54899,0
54900,0
54901,0
54902,0
54903,0
54904,0
54906,0
54908,0
54909,0
54910,0
54911,0
54912,0
54914,0
54915,0
54918,1
54921,1
54923,0
54925,0
54926,0
54927,0
54928,0
54930,0
54931,1
54932,0
54935,0
54936,0
54937,0
54939,0
54940,1
54941,0
54944,1
54945,0
54946,0
54947,0
54948,0
54949,0
54955,0
54956,0
54958,0
54959,0
54962,0
54963,0
54964,0
54965,0
54967,0
54968,0
54972,0
54973,1
54974,0
54975,0
54976,1
54977,0
54980,0
54981,1
54982,0
54986,0
54988,0
54990,0
54993,1
54995,0
54996,0
54997,0
54998,0
54999,0
55001,0
55003,0
55004,0
55006,0
55008,0
55009,0
55010,0
55011,0
55012,0
55014,0
55017,0
55018,1
55019,1
55020,0
55021,0
55023,0
55027,0
55028,0
55030,0
55031,0
55032,0
55033,0
55034,0
55036,1
55037,0
55038,0
55040,0
55041,0
55042,0
55044,0
55045,1
55046,0
55053,0
55054,0
55055,1
55056,0
55057,0
55059,0
55060,0
55066,0
55069,0
55071,0
55077,0
55078,0
55079,0
55080,0
55081,0
55082,0
55086,0
55089,0
55090,0
55091,0
55092,0
55094,0
55095,0
55096,0
55099,0
55100,0
55102,0
55105,0
55107,0
55108,0
55109,0
55110,0
55115,0
55122,0
55126,0
55132,1
55134,0
55138,0
55139,1
55141,0
55142,0
55143,0
55144,0
55146,0
55153,0
55159,0
55160,0
55161,0
55162,0
55163,0
55164,0
55165,0
55166,0
55169,0
55170,0
55172,0
55173,0
55175,0
55176,0
55177,0
55178,0
55184,0
55189,0
55190,0
55191,0
55193,0
55194,0
55195,0
55200,0
55204,0
55205,0
55206,1
55208,1
55212,0
55213,0
55214,0
55215,0
55216,0
55218,0
55220,0
55222,0
55223,1
55224,0
55225,0
55230,0
55231,0
55232,0
55235,0
55236,0
55238,0
55243,1
55244,0
55246,0
55251,0
55254,0
55255,0
55256,0
55257,1
55258,0
55264,0
55265,0
55267,1
55268,0
55269,0
55271,0
55272,0
55274,0
55276,0
55277,0
55278,1
55279,0
55280,0
55284,1
55288,0
55289,0
55290,0
55291,0
55292,1
55297,0
55298,0
55301,0
55304,0
55305,0
55306,0
55307,0
55308,0
55309,0
55312,0
55313,0
55314,1
55315,0
55317,0
55318,0
55319,0
55320,0
55322,0
55323,0
55326,0
55327,0
55328,0
55329,0
55331,1
55335,0
55336,0
55337,0
55338,0
55341,0
55342,0
55343,0
55344,0
55345,0
55346,0
55348,0
55351,0
55355,0
55356,1
55359,1
55361,0
55363,0
55366,0
55369,1
55370,0
55371,0
55372,0
55375,0
55376,0
55377,0
55379,0
55381,0
55382,0
55383,0
55384,0
55386,0
55389,0
55391,0
55394,1
55395,1
55397,0
55398,0
55399,0
55401,0
55402,0
55404,0
55405,0
55406,0
55407,0
55408,0
55410,0
55412,0
55413,0
55414,0
55416,0
55417,0
55419,0
55420,0
55423,0
55424,0
55425,0
55426,0
55427,0
55429,0
55430,0
55431,0
55433,0
55434,0
55436,0
55438,0
55439,0
55442,0
55443,0
55444,0
55445,0
55446,1
55447,0
55448,0
55449,0
55452,0
55453,0
55454,0
55455,0
55457,1
55459,0
55461,0
55463,0
55464,0
55465,0
55467,0
55468,1
55471,0
55472,0
55475,0
55479,0
55481,0
55482,0
55485,0
55486,0
55490,0
55491,0
55492,0
55494,0
55500,0
55508,0
55510,0
55514,0
55515,0
55516,0
55517,0
55518,0
55521,0
55522,0
55523,0
55527,0
55528,0
55531,0
55532,0
55534,0
55535,0
55536,1
55540,0
55544,0
55545,0
55546,0
55547,0
55548,0
55549,0
55550,1
55553,0
55555,0
55556,0
55557,0
55558,0
55559,0
55561,0
55563,0
55565,0
55567,0
55570,0
55571,0
55574,0
55575,0
55576,0
55579,0
55582,1
55583,0
55584,0
55586,0
55587,0
55588,0
55589,0
55590,0
55593,0
55596,0
55598,0
55600,0
55602,0
55603,0
55607,0
55610,1
55611,0
55612,0
55613,0
55615,0
55616,0
55618,0
55623,1
55625,0
55626,0
55627,0
55628,0
55629,0
55630,0
55631,0
55634,0
55638,1
55641,0
55645,0
55646,0
55648,0
55651,0
55652,0
55654,0
55655,0
55656,0
55660,0
55661,0
55662,0
55664,0
55665,0
55667,0
55668,0
55669,0
55671,0
55672,0
55673,0
55674,0
55675,0
55676,0
55677,0
55680,1
55681,0
55683,0
55685,0
55686,1
55687,0
55688,0
55689,0
55690,0
55691,0
55692,0
55693,1
55694,0
55695,0
55699,0
55702,1
55703,1
55704,0
55711,0
55715,0
55716,0
55717,0
55718,1
55720,0
55723,0
55724,1
55726,0
55727,0
55731,0
55733,0
55734,0
55735,0
55738,0
55739,0
55741,0
55744,0
55746,0
55748,0
55749,0
55750,0
55751,0
55753,0
55754,0
55756,0
55758,0
55760,0
55761,0
55762,0
55763,0
55766,0
55767,0
55768,0
55770,1
55771,0
55772,0
55774,0
55777,0
55778,0
55781,0
55782,0
55783,1
55784,1
55785,0
55786,0
55787,0
55788,0
55789,0
55790,0
55791,0
55792,0
55793,0
55794,0
55795,0
55796,0
55797,0
55798,0
55800,0
55801,0
55802,0
55803,0
55804,1
55806,0
55808,0
55809,1
55810,0
55811,0
55816,0
55817,0
55820,0
55821,0
55823,0
55824,0
55827,0
55828,1
55830,0
55831,1
55832,0
55833,0
55834,0
55836,0
55837,0
55838,0
55841,0
55842,0
55843,0
55844,0
55845,0
55848,0
55851,0
55852,0
55853,0
55854,0
55855,1
55857,0
55858,0
55861,0
55862,0
55863,0
55864,0
55865,0
55868,0
55869,0
55870,0
55871,0
55872,1
55875,0
55878,0
55879,0
55880,0
55883,0
55885,0
55886,0
55887,1
55888,0
55889,0
55890,0
55891,0
55894,0
55895,0
55899,0
55901,0
55902,0
55903,0
55904,0
55905,0
55906,0
55907,0
55908,0
55910,1
55912,0
55913,0
55916,0
55920,0
55921,0
55923,0
55924,0
55925,0
55926,0
55928,0
55929,0
55931,0
55933,0
55934,0
55935,0
55936,0
55937,0
55939,0
55940,0
55943,0
55945,0
55946,0
55947,0
55949,0
55951,1
55952,0
55953,0
55955,0
55956,0
55957,0
55960,1
55963,0
55964,0
55967,1
55969,0
55971,0
55972,0
55973,0
55974,0
55978,0
55980,0
55982,0
55983,0
55985,0
55986,0
55987,0
55988,0
55989,0
55992,0
55993,0
55994,0
55995,0
55996,0
55997,0
56001,0
56003,0
56004,0
56006,0
56007,0
56009,0
56011,0
56012,1
56013,0
56014,0
56015,0
56018,0
56021,0
56025,0
56026,1
56028,0
56030,0
56032,0
56033,0
56034,0
56035,0
56036,0
56037,0
56040,0
56041,0
56043,0
56044,0
56045,0
56047,0
56050,0
56051,0
56052,0
56053,0
56057,0
56058,1
56059,0
56061,0
56062,0
56063,0
56065,0
56066,0
56071,0
56072,0
56073,0
56074,0
56075,1
56084,0
56085,1
56088,0
56089,0
56090,0
56093,0
56094,0
56095,0
56096,0
56097,0
56102,0
56103,0
56104,0
56105,0
56106,0
56107,1
56108,0
56110,0
56113,0
56114,0
56115,0
56118,0
56121,0
56122,0
56123,0
56126,0
56127,0
56128,0
56129,0
56130,0
56133,0
56134,0
56135,0
56136,1
56137,0
56139,0
56142,1
56143,0
56147,0
56148,1
56149,0
56151,0
56154,0
56156,0
56157,1
56158,0
56159,0
56160,0
56161,0
56162,0
56163,0
56167,1
56171,0
56172,0
56174,0
56176,0
56177,0
56179,0
56180,0
56184,0
56188,0
56191,1
56192,0
56193,0
56194,0
56195,0
56196,0
56198,0
56199,0
56201,0
56202,0
56203,1
56205,0
56206,0
56207,0
56208,1
56210,0
56212,0
56213,0
56214,0
56215,0
56217,0
56218,0
56219,0
56221,0
56222,0
56223,0
56224,0
56225,0
56227,0
56228,0
56229,0
56231,0
56232,0
56233,1
56234,0
56239,0
56240,0
56241,0
56242,0
56243,0
56246,0
56247,0
56248,0
56249,0
56250,0
56252,0
56253,0
56254,0
56256,0
56258,0
56259,0
56260,0
56261,1
56265,0
56266,0
56267,0
56268,0
56270,0
56272,1
56273,0
56274,0
56275,0
56277,0
56278,0
56280,0
56283,0
56285,1
56286,0
56292,0
56295,0
56297,0
56298,0
56300,0
56302,0
56303,0
56305,0
56306,0
56308,0
56309,0
56310,0
56312,0
56313,0
56314,0
56315,0
56316,0
56317,0
56318,0
56319,0
56320,0
56321,0
56322,0
56323,0
56326,0
56327,0
56330,0
56331,0
56334,0
56335,0
56336,1
56337,0
56338,1
56341,0
56342,0
56343,0
56345,0
56346,0
56347,0
56348,0
56349,0
56350,0
56351,0
56352,0
56353,0
56354,0
56357,0
56358,0
56361,0
56364,0
56366,0
56367,0
56369,0
56371,0
56373,0
56374,0
56376,1
56379,0
56380,0
56381,0
56383,0
56384,0
56388,1
56389,0
56391,0
56392,0
56394,0
56395,0
56397,0
56398,0
56400,0
56401,0
56402,0
56407,0
56408,0
56409,1
56410,0
56411,1
56412,0
56413,0
56414,0
56415,0
56416,0
56417,0
56420,0
56423,0
56426,0
56428,0
56429,0
56430,1
56434,0
56435,0
56436,0
56438,0
56444,0
56446,0
56447,0
56450,0
56451,1
56452,0
56453,0
56456,0
56457,1
56460,0
56461,0
56462,0
56463,0
56464,0
56465,0
56466,0
56467,0
56469,1
56473,0
56476,0
56477,0
56479,0
56481,1
56482,0
56484,0
56485,0
56486,0
56487,0
56488,0
56492,0
56494,0
56495,0
56498,0
56499,1
56500,0
56501,0
56502,0
56503,0
56505,0
56509,0
56510,0
56512,0
56513,0
56514,0
56515,0
56516,0
56517,0
56519,1
56520,0
56521,0
56523,0
56524,0
56526,0
56528,1
56529,0
56531,0
56532,1
56533,0
56534,0
56535,0
56536,0
56537,0
56539,0
56540,0
56541,0
56543,0
56544,0
56545,0
56549,0
56552,0
56554,0
56555,0
56556,1
56558,0
56559,0
56560,0
56562,0
56563,0
56564,0
56565,0
56566,0
56567,0
56568,1
56569,0
56570,0
56571,0
56572,0
56574,0
56578,0
56581,0
56583,0
56585,0
56588,0
56591,0
56596,0
56598,0
56600,0
56604,0
56605,0
56607,0
56609,0
56612,0
56614,0
56616,1
56618,0
56619,0
56620,0
56622,0
56624,0
56626,0
56627,0
56628,0
56630,0
56631,0
56633,0
56634,0
56635,0
56636,0
56638,0
56639,0
56643,0
56644,0
56646,0
56647,0
56648,0
56651,0
56652,0
56653,0
56661,0
56662,0
56663,0
56665,1
56666,0
56667,0
56668,0
56670,0
56671,0
56672,1
56674,0
56678,0
56681,0
56684,0
56685,0
56686,0
56693,0
56696,0
56698,1
56699,0
56700,0
56701,0
56702,0
56704,0
56705,0
56706,0
56707,1
56709,0
56711,0
56712,0
56713,0
56714,0
56718,0
56719,0
56721,1
56722,0
56723,0
56724,0
56727,0
56731,1
56733,0
56734,0
56736,0
56737,0
56738,0
56741,0
56742,1
56743,0
56744,0
56746,0
56747,0
56748,1
56752,0
56755,0
56758,0
56760,0
56761,0
56762,0
56763,0
56764,0
56765,0
56766,0
56767,0
56768,0
56769,0
56770,0
56771,0
56773,0
56774,0
56775,0
56777,0
56780,0
56781,0
56782,1
56783,0
56784,0
56785,0
56786,0
56791,0
56792,0
56794,0
56800,0
56806,0
56808,1
56812,0
56813,0
56815,0
56816,0
56817,1
56818,0
56820,0
56821,0
56822,0
56824,0
56825,1
56826,0
56827,0
56830,0
56832,0
56833,0
56835,0
56837,0
56838,0
56839,0
56840,0
56842,0
56844,0
56845,0
56848,0
56849,0
56853,0
56854,1
56856,0
56857,0
56858,0
56861,0
56862,0
56864,1
56868,1
56870,0
56872,0
56873,0
56874,0
56875,0
56876,1
56877,0
56881,0
56883,0
56884,0
56890,0
56891,0
56892,0
56895,0
56896,0
56898,0
56900,0
56901,0
56902,0
56905,1
56906,0
56908,0
56909,0
56911,0
56913,0
56914,1
56915,0
56918,0
56923,0
56925,0
56926,0
56927,0
56928,0
56930,0
56931,0
56933,0
56934,0
56935,0
56938,0
56939,0
56940,1
56941,1
56943,1
56945,0
56949,0
56951,0
56953,0
56954,0
56955,0
56956,0
56958,0
56959,0
56960,0
56961,0
56962,0
56964,0
56966,0
56970,0
56975,0
56976,0
56977,0
56978,0
56979,0
56980,0
56981,0
56986,0
56988,1
56990,1
56991,1
56992,0
56994,0
56995,0
57003,0
57004,0
57005,0
57006,1
57007,0
57010,0
57011,0
57012,0
57014,0
57020,0
57021,0
57024,0
57025,0
57026,0
57028,0
57030,0
57031,0
57035,0
57039,0
57040,0
57043,0
57044,0
57045,0
57048,0
57049,0
57051,0
57052,0
57053,0
57054,0
57055,0
57057,0
57058,0
57061,0
57062,0
57063,0
57067,0
57068,0
57070,0
57073,0
57076,0
57077,0
57080,0
57082,0
57083,0
57084,0
57085,0
57086,0
57087,0
57089,0
57092,0
57094,0
57096,1
57099,0
57100,1
57102,0
57103,0
57104,0
57105,0
57109,0
57111,0
57112,0
57113,0
57117,0
57118,0
57121,0
57122,0
57125,0
57127,1
57128,0
57129,0
57130,0
57131,0
57133,0
57138,0
57139,1
57142,0
57143,0
57145,0
57148,0
57149,0
57151,0
57152,0
57153,0
57154,0
57155,0
57158,0
57161,1
57162,0
57164,1
57165,0
57166,0
57167,0
57168,0
57169,0
57170,0
57174,0
57177,0
57178,0
57179,1
57181,0
57183,0
57186,0
57187,0
57190,0
57191,0
57192,1
57193,0
57194,0
57195,0
57197,0
57198,0
57200,0
57202,0
57203,0
57204,0
57205,0
57206,0
57208,1
57210,0
57211,0
57212,0
57213,0
57216,0
57217,0
57218,1
57221,0
57223,0
57224,0
57226,0
57227,0
57230,0
57232,1
57233,0
57235,0
57239,0
57240,0
57241,0
57243,0
57247,0
57248,1
57250,0
57252,0
57254,0
57256,0
57257,0
57258,0
57259,0
57260,0
57262,0
57263,1
57266,1
57267,0
57268,0
57271,0
57274,0
57276,0
57281,0
57282,0
57283,0
57286,0
57287,0
57288,0
57289,0
57290,0
57292,0
57294,0
57297,0
57299,0
57300,0
57303,0
57304,0
57305,0
57306,0
57310,0
57311,0
57315,0
57317,0
57321,0
57322,0
57323,0
57325,0
57326,0
57329,0
57330,0
57332,0
57336,0
57340,1
57341,0
57344,1
57345,0
57353,0
57355,0
57357,0
57358,0
57359,0
57360,0
57361,0
57362,0
57363,0
57364,0
57365,0
57366,0
57370,0
57371,0
57373,1
57375,0
57377,0
57378,0
57379,0
57381,0
57382,0
57385,0
57386,0
57387,0
57391,0
57392,0
57393,0
57395,0
57396,0
57399,0
57404,0
57405,0
57406,0
57407,1
57408,0
57410,0
57411,0
57412,0
57413,0
57416,0
57418,0
57419,0
57420,0
57421,0
57422,0
57424,0
57426,0
57427,0
57428,0
57429,0
57430,0
57432,0
57433,0
57434,0
57438,0
57439,0
57440,0
57441,0
57443,0
57446,0
57448,0
57450,0
57451,1
57452,0
57455,0
57457,0
57458,0
57459,0
57460,0
57462,0
57466,0
57467,0
57468,0
57469,0
57476,0
57478,0
57479,0
57480,0
57481,0
57482,0
57483,0
57484,0
57485,1
57487,0
57488,0
57490,0
57491,0
57492,0
57493,0
57495,0
57496,0
57497,0
57498,0
57499,0
57501,0
57502,0
57503,0
57505,0
57506,0
57507,0
57510,0
57511,0
57514,0
57515,1
57516,0
57517,0
57518,0
57520,0
57521,0
57522,0
57524,1
57528,0
57529,0
57530,0
57532,1
57533,0
57534,0
57538,0
57539,0
57540,0
57543,0
57544,0
57546,0
57548,0
57549,1
57550,1
57551,0
57553,0
57554,0
57558,1
57559,1
57560,0
57563,0
57567,0
57568,0
57569,0
57570,0
57574,0
57575,0
57576,1
57578,0
57580,0
57581,0
57583,0
57584,0
57587,0
57588,0
57590,0
57592,0
57595,0
57596,0
57602,0
57605,0
57607,0
57610,0
57612,0
57613,0
57614,0
57615,0
57616,0
57617,0
57618,0
57619,1
57621,0
57622,0
57624,0
57626,0
57627,0
57630,0
57632,0
57634,0
57635,0
57636,0
57637,0
57639,0
57640,0
57642,0
57643,0
57644,0
57646,0
57653,0
57654,0
57656,0
57658,1
57663,0
57665,0
57667,0
57669,0
57670,0
57672,0
57673,0
57676,1
57678,0
57679,0
57680,0
57681,1
57682,0
57683,0
57685,0
57687,1
57688,0
57689,0
57690,0
57691,0
57692,0
57693,0
57699,0
57700,0
57701,0
57702,0
57703,0
57705,0
57706,0
57707,0
57709,0
57710,0
57711,1
57712,0
57713,0
57715,0
57716,1
57717,0
57718,0
57719,0
57720,0
57721,0
57722,0
57723,0
57724,0
57725,0
57727,0
57728,0
57731,0
57733,0
57734,0
57735,0
57736,0
57737,0
57739,0
57741,0
57743,1
57744,0
57746,0
57747,0
57748,0
57749,0
57751,0
57754,0
57755,0
57758,0
57759,0
57762,0
57763,0
57765,0
57766,0
57767,0
57768,0
57772,0
57773,0
57774,0
57775,0
57778,0
57781,1
57783,0
57784,0
57785,0
57786,1
57788,1
57789,0
57791,0
57792,0
57793,0
57797,0
57798,0
57799,0
57800,0
57802,0
57803,0
57806,0
57810,0
57811,1
57814,0
57815,0
57817,0
57818,0
57820,0
57822,0
57824,0
57825,0
57826,0
57827,0
57828,0
57830,0
57832,0
57833,0
57836,1
57837,0
57838,0
57840,0
57841,0
57842,0
57843,0
57844,0
57845,0
57846,0
57849,0
57853,0
57854,1
57856,0
57857,0
57861,0
57863,1
57864,0
57865,0
57866,0
57868,0
57872,1
57873,0
57876,0
57877,0
57878,0
57880,0
57881,0
57884,0
57887,0
57888,0
57891,1
57893,0
57895,0
57896,0
57897,0
57899,1
57901,0
57903,0
57905,1
57907,1
57910,0
57911,0
57914,0
57915,0
57916,0
57917,0
57918,0
57919,0
57920,0
57922,0
57923,0
57924,0
57925,0
57926,0
57927,0
57928,0
57929,0
57930,1
57931,0
57932,1
57935,0
57936,0
57937,0
57938,0
57942,0
57943,0
57944,0
57945,0
57946,0
57947,0
57948,0
57949,0
57950,0
57951,0
57953,1
57954,0
57955,0
57956,0
57959,0
57961,0
57963,0
57964,0
57965,0
57967,0
57969,0
57970,0
57971,1
57972,1
57974,0
57976,1
57977,0
57978,0
57979,0
57980,0
57981,1
57983,1
57984,0
57985,0
57986,0
57987,0
57989,0
57990,0
57991,0
57992,0
57993,0
57995,1
57996,0
57999,0
58000,0
58001,0
58002,0
58004,0
58005,0
58006,0
58008,0
58009,0
58010,0
58011,0
58012,1
58013,0
58015,1
58016,1
58017,0
58019,0
58020,0
58021,0
58022,0
58023,0
58025,0
58026,0
58027,0
58028,0
58031,0
58033,0
58036,0
58037,0
58039,0
58041,0
58042,1
58044,0
58045,0
58046,0
58048,0
58050,0
58051,0
58053,0
58054,0
58057,0
58058,0
58061,0
58063,0
58064,0
58065,0
58066,0
58069,0
58071,0
58073,0
58074,1
58076,1
58077,0
58078,0
58079,0
58083,0
58084,0
58085,0
58088,0
58089,0
58091,0
58093,0
58094,0
58095,0
58096,0
58097,1
58099,0
58100,0
58102,0
58103,0
58104,0
58105,0
58106,0
58108,0
58109,0
58114,1
58115,0
58116,1
58117,0
58119,0
58121,0
58122,0
58125,0
58126,0
58128,0
58129,1
58131,1
58132,0
58138,0
58139,0
58140,0
58142,0
58144,0
58147,1
58148,0
58149,0
58150,0
58153,0
58157,0
58158,0
58159,0
58160,0
58162,0
58165,0
58166,0
58169,0
58170,0
58174,0
58175,0
58176,0
58181,0
58182,0
58183,0
58185,0
58187,0
58189,0
58191,0
58192,0
58193,0
58194,0
58196,0
58197,0
58198,0
58199,0
58200,0
58201,0
58207,0
58210,0
58211,0
58214,0
58215,0
58220,0
58221,0
58222,0
58223,0
58224,0
58226,0
58228,0
58231,0
58233,0
58235,1
58236,0
58237,0
58238,0
58241,0
58242,0
58243,0
58245,0
58249,0
58250,0
58251,0
58252,0
58253,0
58255,0
58257,0
58259,0
58260,0
58261,0
58262,0
58267,0
58269,0
58270,0
58271,0
58273,0
58274,0
58275,0
58276,1
58277,0
58278,0
58279,0
58280,0
58282,0
58286,0
58289,0
58290,0
58292,0
58293,0
58294,0
58295,0
58296,0
58297,0
58299,0
58300,0
58302,1
58304,0
58309,0
58310,0
58311,0
58312,0
58313,0
58314,0
58316,0
58318,0
58320,1
58321,1
58323,1
58329,0
58330,0
58331,0
58332,0
58333,0
58335,0
58337,0
58340,0
58342,0
58345,0
58346,0
58347,0
58349,0
58352,0
58354,0
58356,0
58357,0
58358,0
58361,0
58362,0
58364,0
58365,1
58367,0
58368,0
58370,0
58371,0
58372,0
58373,0
58374,0
58376,0
58377,0
58378,0
58382,0
58384,0
58385,0
58386,1
58388,0
58391,1
58393,0
58394,1
58396,0
58400,0
58401,0
58403,0
58404,0
58407,0
58409,0
58410,1
58411,0
58414,0
58415,1
58416,0
58417,0
58418,0
58419,1
58422,0
58423,0
58425,0
58426,0
58430,0
58433,0
58434,0
58435,0
58436,1
58438,0
58439,0
58440,0
58441,0
58442,0
58444,0
58445,0
58446,0
58447,0
58449,0
58452,0
58453,0
58454,0
58455,1
58456,0
58457,0
58458,0
58460,1
58461,0
58463,0
58465,0
58467,0
58468,0
58472,1
58473,0
58476,0
58478,0
58479,0
58481,0
58484,0
58485,0
58487,0
58488,0
58492,0
58493,0
58496,0
58498,1
58507,0
58509,0
58511,1
58512,0
58513,1
58514,0
58515,0
58518,0
58525,0
58526,0
58527,0
58530,0
58533,0
58537,0
58541,0
58543,0
58545,0
58548,0
58550,0
58551,0
58552,0
58553,0
58556,0
58557,0
58558,0
58559,0
58561,0
58562,0
58563,0
58564,1
58566,1
58571,0
58572,0
58573,0
58574,0
58576,0
58577,0
58578,0
58579,0
58580,0
58581,0
58583,0
58585,0
58586,0
58587,0
58589,0
58593,1
58595,0
58596,0
58599,0
58601,0
58602,0
58603,0
58604,0
58606,0
58607,0
58609,0
58610,0
58611,0
58612,0
58614,0
58615,0
58617,0
58618,0
58619,1
58621,0
58624,0
58627,1
58628,0
58629,0
58630,0
58631,0
58632,0
58633,0
58634,1
58638,0
58639,0
58640,0
58641,0
58642,0
58646,0
58647,0
58648,1
58649,0
58650,0
58652,0
58654,0
58656,0
58657,0
58661,0
58663,0
58664,0
58669,0
58670,0
58671,0
58673,0
58674,0
58675,0
58678,0
58679,0
58680,0
58681,0
58683,0
58684,0
58691,0
58697,0
58698,0
58699,0
58700,0
58703,0
58704,1
58705,0
58708,0
58709,0
58710,1
58711,0
58712,0
58714,0
58715,0
58716,0
58722,1
58723,0
58724,0
58725,0
58726,0
58728,0
58729,0
58735,0
58736,0
58737,0
58738,0
58739,0
58740,0
58741,0
58743,0
58745,0
58747,0
58748,0
58749,0
58752,0
58756,1
58757,1
58758,0
58761,0
58762,0
58763,0
58764,0
58765,0
58768,0
58769,0
58771,0
58774,0
58775,0
58776,0
58777,0
58778,1
58779,0
58782,0
58786,0
58787,0
58789,0
58794,0
58795,0
58798,0
58799,0
58800,1
58802,0
58803,0
58808,0
58809,0
58815,0
58816,0
58817,0
58820,0
58821,0
58822,0
58823,0
58825,0
58826,0
58827,0
58828,0
58832,0
58833,0
58834,0
58835,0
58836,0
58838,0
58840,1
58842,0
58843,0
58844,1
58845,0
58848,0
58849,0
58850,1
58851,0
58852,0
58853,0
58854,0
58855,0
58856,1
58858,0
58859,0
58861,0
58862,0
58864,0
58865,0
58866,0
58867,0
58868,1
58870,0
58871,0
58873,0
58874,1
58875,0
58879,0
58880,0
58885,0
58886,0
58888,0
58889,0
58890,0
58891,0
58894,0
58895,0
58896,1
58897,1
58898,0
58899,0
58900,0
58901,1
58902,1
58903,0
58904,0
58905,0
58906,0
58907,0
58911,0
58913,0
58914,0
58917,0
58919,0
58923,0
58924,0
58926,0
58927,0
58929,0
58931,0
58932,0
58935,0
58936,0
58937,0
58939,0
58941,0
58942,0
58943,0
58945,0
58946,0
58951,0
58953,0
58954,0
58955,0
58957,0
58960,0
58961,0
58962,0
58963,0
58964,1
58965,0
58968,0
58969,0
58971,0
58972,0
58973,0
58975,0
58976,0
58977,0
58985,0
58987,0
58990,0
58994,0
58995,0
58997,0
59000,0
59001,1
59002,0
59003,0
59005,0
59006,0
59009,0
59010,0
59012,0
59017,0
59018,0
59019,0
59022,0
59024,0
59025,0
59028,0
59029,0
59030,0
59031,1
59032,0
59033,0
59036,0
59037,0
59038,0
59039,0
59041,1
59045,0
59046,0
59047,0
59048,0
59050,0
59051,1
59052,0
59053,0
59054,0
59055,0
59056,0
59059,1
59062,0
59063,0
59064,0
59066,0
59067,0
59069,0
59073,0
59076,0
59077,0
59078,0
59079,1
59081,0
59082,0
59083,0
59084,0
59085,1
59086,0
59087,0
59088,0
59089,0
59090,1
59091,0
59092,0
59093,0
59094,0
59095,0
59096,0
59098,1
59099,1
59100,0
59102,0
59106,1
59109,0
59111,0
59114,0
59115,0
59116,0
59117,0
59119,0
59121,0
59122,0
59124,0
59125,0
59127,0
59132,0
59135,0
59136,0
59137,1
59139,0
59144,0
59145,0
59146,0
59151,0
59154,0
59155,0
59156,0
59159,0
59160,0
59161,0
59162,0
59163,0
59164,0
59165,0
59168,0
59169,0
59170,0
59171,0
59172,0
59173,0
59174,0
59175,0
59177,0
59179,0
59180,0
59181,0
59182,0
59185,0
59186,0
59187,0
59189,0
59193,0
59197,0
59200,0
59201,0
59205,0
59206,0
59209,0
59211,0
59212,0
59213,0
59214,0
59215,1
59216,0
59219,0
59222,0
59224,0
59226,0
59229,0
59230,0
59231,0
59233,1
59235,0
59237,0
59238,1
59239,0
59243,0
59245,0
59247,0
59249,0
59251,0
59252,0
59253,0
59254,1
59255,0
59256,0
59263,0
59265,0
59266,0
59267,0
59270,0
59272,0
59274,0
59275,0
59276,0
59277,0
59279,0
59281,0
59282,0
59283,0
59284,1
59285,0
59286,0
59287,0
59288,0
59289,0
59290,0
59293,0
59294,0
59296,0
59297,0
59300,0
59301,0
59303,0
59305,0
59306,0
59307,0
59308,0
59311,1
59314,0
59318,0
59323,0
59325,0
59326,1
59328,0
59330,0
59331,0
59332,0
59335,0
59339,0
59341,0
59343,0
59345,0
59348,0
59349,0
59350,0
59352,0
59353,1
59355,0
59356,1
59357,0
59359,0
59360,0
59366,0
59368,0
59369,1
59370,0
59372,0
59373,0
59375,0
59377,0
59378,0
59381,0
59382,0
59384,0
59385,0
59387,0
59388,1
59389,0
59390,0
59391,0
59392,1
59396,1
59398,0
59399,1
59400,0
59401,0
59404,0
59407,0
59410,0
59412,0
59413,0
59415,0
59416,0
59417,0
59420,1
59423,0
59425,0
59428,1
59431,0
59432,0
59435,0
59436,0
59437,0
59438,0
59440,0
59442,0
59443,0
59445,0
59447,0
59448,0
59449,0
59450,0
59451,0
59452,0
59453,0
59454,0
59455,0
59457,0
59458,0
59462,0
59467,1
59470,0
59473,1
59474,0
59475,0
59477,0
59478,0
59480,0
59481,0
59482,0
59484,0
59486,0
59487,0
59488,0
59489,0
59490,0
59495,0
59500,0
59502,0
59503,0
59504,0
59506,0
59507,0
59508,0
59509,0
59510,0
59513,0
59514,0
59515,0
59516,0
59517,0
59518,0
59521,0
59526,0
59529,0
59530,0
59537,0
59539,0
59540,0
59541,0
59543,0
59546,0
59548,0
59549,0
59551,1
59552,0
59555,0
59557,0
59558,0
59560,0
59561,0
59562,0
59564,0
59566,0
59567,0
59571,0
59575,0
59576,0
59577,0
59578,0
59580,0
59582,0
59583,0
59585,0
59586,0
59587,1
59590,0
59591,0
59596,0
59597,0
59604,0
59608,0
59611,0
59614,0
59616,0
59618,0
59619,0
59620,0
59624,0
59628,0
59629,0
59630,1
59632,0
59635,0
59636,0
59638,1
59640,0
59641,0
59644,0
59645,0
59647,0
59648,1
59649,0
59651,1
59652,1
59653,0
59655,0
59656,0
59658,0
59661,0
59662,0
59663,0
59664,0
59668,0
59669,0
59670,0
59671,0
59672,1
59673,0
59674,0
59675,0
59677,0
59678,0
59679,0
59680,0
59681,0
59682,0
59684,0
59686,1
59690,1
59691,0
59692,0
59695,0
59697,0
59698,0
59699,0
59700,0
59702,0
59704,0
59705,0
59708,0
59710,0
59711,0
59712,0
59713,0
59715,0
59717,0
59719,0
59722,0
59723,0
59727,0
59728,0
59729,0
59730,0
59732,1
59733,0
59736,0
59737,0
59740,0
59743,0
59746,0
59747,0
59748,0
59749,0
59752,0
59753,0
59755,0
59756,0
59759,0
59761,0
59762,0
59763,0
59764,0
59765,0
59766,0
59767,0
59769,0
59775,1
59778,0
59779,0
59781,0
59783,0
59785,0
59788,0
59789,0
59792,0
59793,0
59795,0
59798,0
59799,0
59802,0
59803,0
59807,0
59810,0
59812,0
59816,0
59819,0
59820,0
59821,0
59822,0
59824,0
59826,1
59827,1
59829,0
59830,0
59831,0
59832,0
59833,1
59834,0
59837,0
59838,0
59839,0
59842,0
59843,0
59845,1
59846,0
59847,0
59848,0
59849,0
59850,0
59851,0
59853,0
59854,0
59855,0
59857,0
59858,0
59859,0
59860,0
59862,0
59863,0
59866,0
59867,0
59868,0
59874,0
59875,0
59876,0
59879,0
59880,0
59881,0
59882,0
59883,0
59887,0
59890,0
59891,0
59893,0
59894,1
59896,0
59897,0
59898,0
59899,0
59900,0
59901,0
59902,0
59903,0
59906,0
59907,0
59909,0
59910,0
59911,0
59912,0
59913,0
59916,0
59918,0
59920,0
59921,1
59922,0
59924,0
59926,0
59927,0
59928,0
59929,0
59930,0
59931,0
59932,0
59934,0
59935,0
59937,0
59938,0
59939,0
59941,0
59945,0
59946,0
59951,0
59954,1
59955,0
59958,0
59960,0
59963,0
59965,0
59967,0
59972,0
59974,0
59975,0
59976,0
59978,0
59979,0
59981,0
59982,0
59988,0
59989,0
59990,0
59993,0
59998,0
60000,1
60002,0
60004,0
60006,0
60008,0
60009,0
60013,0
60014,0
60016,0
60017,0
60020,0
60023,0
60024,0
60026,0
60027,0
60029,1
60031,0
60034,0
60035,0
60039,0
60042,0
60043,0
60044,0
60045,0
60047,0
60048,0
60052,0
60056,1
60059,0
60060,0
60062,0
60064,0
60066,0
60068,0
60069,0
60070,0
60075,0
60078,0
60080,0
60081,0
60082,0
60083,0
60088,0
60089,0
60090,0
60093,1
60096,0
60097,0
60103,0
60105,0
60106,1
60107,0
60111,0
60113,0
60117,0
60118,0
60119,0
60120,1
60122,0
60123,0
60125,0
60126,0
60127,0
60128,0
60129,0
60130,0
60131,0
60135,0
60137,0
60138,0
60139,0
60140,0
60141,1
60148,0
60149,0
60150,0
60152,0
60153,0
60158,0
60159,0
60160,0
60162,1
60163,0
60166,0
60169,0
60171,0
60172,0
60173,0
60175,0
60177,0
60178,0
60179,0
60181,0
60182,0
60183,0
60185,0
60186,0
60191,0
60192,0
60193,0
60194,0
60199,0
60201,0
60202,0
60203,0
60207,0
60209,0
60212,0
60214,0
60216,0
60219,0
60220,0
60223,0
60224,0
60227,0
60232,0
60233,0
60236,1
60237,0
60239,0
60240,1
60241,0
60242,0
60245,0
60246,0
60247,0
60249,0
60250,0
60252,0
60258,0
60259,0
60261,0
60262,0
60263,0
60264,0
60265,1
60266,0
60267,0
60268,0
60269,0
60271,0
60272,0
60273,0
60277,1
60278,0
60279,0
60281,0
60287,0
60290,0
60293,0
60294,0
60297,0
60300,0
60301,0
60302,0
60305,0
60308,0
60309,0
60310,0
60312,0
60314,0
60315,0
60318,0
60321,1
60322,0
60323,0
60325,0
60327,0
60329,0
60330,0
60331,0
60333,0
60334,0
60335,1
60337,0
60340,0
60342,0
60343,0
60345,0
60346,0
60348,0
60349,0
60350,0
60351,0
60352,0
60353,0
60357,1
60358,0
60359,0
60360,0
60361,0
60363,0
60364,0
60365,0
60367,1
60374,0
60376,0
60379,0
60382,0
60383,0
60384,0
60386,0
60387,1
60391,1
60392,0
60393,0
60394,0
60396,1
60397,0
60398,0
60401,0
60404,0
60406,0
60408,0
60409,0
60410,0
60413,0
60415,1
60416,0
60417,0
60420,0
60421,0
60422,0
60424,1
60425,0
60427,0
60428,0
60429,0
60435,0
60436,0
60437,0
60439,1
60442,1
60445,0
60446,0
60448,0
60449,0
60453,0
60455,0
60457,0
60461,0
60465,0
60466,0
60469,0
60471,0
60473,0
60474,0
60475,0
60477,0
60478,0
60479,0
60481,0
60482,0
60485,0
60486,0
60487,0
60490,0
60491,0
60493,0
60494,0
60495,0
60496,1
60500,0
60501,0
60502,0
60503,0
60504,0
60505,0
60506,0
60507,0
60509,0
60511,0
60512,0
60514,0
60515,0
60517,0
60518,0
60519,0
60521,0
60522,0
60524,0
60526,0
60527,0
60529,0
60530,0
60531,0
60532,0
60533,0
60535,0
60536,0
60537,0
60538,0
60539,0
60540,0
60541,0
60542,0
60543,0
60544,1
60545,0
60546,0
60547,0
60549,0
60550,0
60551,0
60552,0
60553,0
60558,0
60559,0
60561,0
60562,0
60563,1
60564,0
60565,0
60566,0
60567,0
60568,0
60570,0
60572,0
60576,0
60577,0
60578,0
60579,0
60580,0
60581,0
60585,1
60587,0
60589,0
60594,0
60596,0
60599,0
60600,0
60601,0
60603,1
60605,0
60609,0
60610,0
60611,0
60615,0
60616,0
60617,0
60619,0
60621,0
60623,1
60624,0
60628,0
60629,0
60631,0
60632,0
60634,1
60635,1
60636,0
60638,1
60639,0
60640,0
60641,0
60642,0
60645,0
60646,0
60647,1
60648,0
60650,0
60655,0
60657,1
60659,0
60661,0
60662,0
60664,0
60666,0
60667,0
60668,0
60670,0
60671,0
60673,0
60675,0
60677,1
60678,0
60680,0
60682,0
60685,0
60686,0
60687,0
60688,0
60689,0
60690,0
60694,0
60695,0
60698,1
60700,0
60703,0
60704,0
60706,0
60707,0
60708,0
60712,1
60714,0
60717,0
60718,0
60719,0
60720,0
60722,0
60723,0
60724,0
60725,0
60726,1
60727,0
60728,0
60729,0
60730,0
60732,0
60733,0
60735,0
60736,0
60737,0
60739,0
60740,0
60742,0
60743,0
60745,1
60747,0
60751,0
60752,0
60753,0
60754,0
60757,0
60760,1
60761,0
60764,0
60765,0
60766,0
60767,0
60769,0
60770,0
60771,1
60773,0
60775,0
60777,0
60780,0
60788,0
60792,0
60793,0
60794,0
60795,0
60796,0
60797,0
60800,0
60803,0
60805,0
60806,0
60808,0
60809,0
60812,0
60814,0
60815,0
60816,0
60817,0
60818,0
60820,0
60824,0
60827,0
60829,0
60830,0
60834,0
60836,0
60837,0
60838,0
60840,0
60841,0
60844,1
60845,0
60847,0
60848,0
60850,0
60851,0
60856,1
60857,0
60858,0
60859,0
60860,0
60861,0
60863,0
60866,0
60868,0
60870,0
60871,0
60872,0
60874,0
60875,1
60876,0
60878,0
60881,0
60882,0
60883,0
60885,0
60886,0
60887,0
60892,0
60898,0
60900,0
60902,0
60904,0
60905,0
60909,0
60911,0
60913,0
60915,0
60918,0
60919,0
60922,0
60924,0
60926,1
60927,0
60929,0
60931,0
60934,0
60936,0
60937,0
60938,0
60939,0
60941,0
60942,0
60944,0
60947,0
60948,0
60950,0
60951,0
60952,0
60954,0
60956,0
60957,0
60959,0
60960,0
60962,0
60963,1
60964,0
60965,0
60966,0
60967,1
60968,0
60970,0
60971,0
60972,0
60973,0
60975,0
60979,0
60982,0
60983,0
60984,0
60985,0
60986,0
60992,0
60993,0
60994,0
60995,0
60997,0
61000,1
61004,0
61005,1
61007,0
61008,0
61009,0
61010,0
61012,0
61013,0
61014,0
61015,0
61016,0
61018,0
61019,0
61021,0
61022,0
61024,0
61025,0
61027,0
61028,0
61029,0
61030,0
61033,0
61038,0
61040,0
61041,0
61042,0
61043,0
61044,0
61045,0
61046,0
61047,0
61048,0
61049,0
61050,0
61051,0
61053,0
61054,0
61055,0
61057,0
61058,0
61059,0
61061,0
61062,0
61063,0
61064,0
61067,1
61070,0
61072,0
61073,0
61075,1
61076,0
61077,0
61078,0
61079,1
61080,0
61081,0
61082,0
61083,0
61087,0
61089,0
61090,0
61091,0
61092,1
61093,0
61094,0
61095,0
61101,0
61109,0
61110,0
61111,0
61116,0
61117,0
61118,0
61119,0
61120,0
61121,0
61122,0
61123,0
61125,0
61126,0
61127,0
61129,0
61130,0
61132,0
61133,0
61134,0
61135,0
61136,0
61137,0
61139,0
61144,0
61145,0
61146,0
61149,0
61150,0
61151,0
61154,0
61155,0
61156,0
61158,0
61159,0
61162,0
61163,0
61164,0
61165,0
61166,0
61168,0
61169,1
61170,1
61171,0
61173,0
61174,0
61177,0
61179,0
61181,0
61182,0
61183,0
61188,0
61190,1
61191,1
61194,0
61195,1
61197,0
61201,0
61202,1
61203,0
61205,0
61206,1
61208,0
61209,0
61211,0
61212,0
61213,0
61214,0
61215,0
61216,1
61217,0
61219,0
61223,0
61224,0
61225,0
61226,0
61229,0
61231,0
61234,0
61235,0
61236,1
61237,1
61240,1
61242,0
61243,0
61244,0
61246,0
61247,1
61248,0
61249,0
61251,0
61253,0
61256,0
61257,0
61259,0
61260,0
61261,0
61265,0
61266,0
61267,0
61269,0
61270,0
61271,0
61272,0
61273,0
61274,0
61275,0
61277,0
61278,0
61281,0
61283,0
61284,0
61286,0
61288,0
61291,0
61293,0
61294,0
61296,0
61297,0
61298,1
61301,0
61303,0
61306,0
61310,0
61311,0
61313,0
61315,0
61316,0
61317,0
61318,0
61319,0
61322,0
61323,0
61324,0
61325,0
61326,0
61329,0
61331,0
61333,0
61338,0
61341,0
61342,0
61343,0
61347,1
61348,1
61349,0
61351,0
61352,0
61353,0
61354,0
61355,0
61356,1
61359,1
61360,0
61361,0
61362,0
61364,0
61365,0
61367,0
61369,1
61370,0
61372,1
61373,0
61374,0
61376,0
61377,0
61381,0
61382,0
61383,0
61385,0
61386,0
61388,0
61390,0
61391,1
61392,0
61393,0
61395,1
61398,0
61399,0
61400,0
61403,0
61404,0
61406,0
61407,0
61408,0
61409,0
61411,0
61415,0
61416,0
61417,0
61418,0
61419,0
61421,0
61422,0
61423,0
61425,0
61426,0
61427,0
61428,0
61429,0
61430,1
61431,1
61433,0
61434,0
61436,0
61440,0
61445,0
61447,0
61448,0
61451,0
61454,0
61455,0
61459,0
61461,0
61462,0
61463,0
61465,0
61468,1
61469,0
61470,1
61473,0
61476,0
61477,1
61478,0
61480,0
61481,0
61484,0
61485,1
61486,0
61487,0
61488,0
61490,0
61491,0
61493,0
61494,0
61495,0
61497,0
61498,0
61499,0
61500,0
61501,0
61502,0
61505,0
61507,0
61508,0
61509,0
61511,0
61515,0
61517,1
61519,0
61520,1
61523,0
61524,0
61527,0
61529,0
61530,1
61533,0
61536,0
61537,0
61538,1
61540,0
61543,0
61544,0
61546,0
61547,0
61548,1
61549,1
61555,0
61556,0
61557,1
61558,0
61561,0
61563,0
61564,0
61568,0
61569,0
61570,0
61571,0
61574,0
61576,0
61577,1
61578,0
61582,0
61583,0
61584,0
61589,0
61590,1
61591,0
61592,0
61594,0
61596,0
61597,0
61599,1
61604,0
61605,0
61608,0
61609,0
61612,0
61614,0
61615,0
61616,1
61617,0
61618,0
61619,0
61621,0
61622,0
61625,0
61626,0
61627,0
61628,0
61629,0
61635,0
61636,0
61638,0
61640,0
61641,0
61642,0
61643,0
61645,0
61646,0
61647,0
61648,0
61649,0
61650,0
61651,0
61653,0
61654,0
61656,0
61658,0
61659,0
61660,0
61662,0
61664,1
61665,0
61666,0
61669,0
61671,0
61675,0
61676,0
61677,0
61681,0
61683,0
61686,0
61687,0
61689,0
61690,1
61691,0
61692,0
61694,1
61696,0
61697,0
61699,0
61701,0
61702,0
61705,0
61706,0
61707,0
61709,0
61712,0
61713,0
61715,0
61717,0
61721,0
61724,0
61725,0
61726,0
61727,0
61729,0
61730,1
61733,0
61734,0
61737,0
61738,0
61739,0
61740,0
61742,0
61744,0
61747,1
61749,0
61753,0
61754,0
61755,0
61759,0
61760,0
61761,0
61764,1
61765,0
61768,0
61769,0
61770,0
61771,0
61775,0
61776,0
61778,0
61781,0
61784,0
61785,0
61791,1
61792,0
61793,0
61798,0
61800,0
61801,0
61802,0
61806,1
61807,0
61808,1
61810,0
61811,0
61812,0
61813,0
61818,0
61820,1
61822,0
61824,0
61825,0
61826,1
61830,0
61831,0
61837,0
61838,0
61839,0
61840,0
61844,0
61846,1
61847,0
61848,0
61849,0
61851,0
61852,0
61853,0
61854,0
61855,0
61857,0
61859,0
61860,0
61862,1
61865,0
61870,0
61871,0
61872,0
61873,0
61877,0
61881,0
61883,1
61885,0
61888,0
61889,0
61890,0
61891,1
61892,0
61894,0
61895,0
61896,0
61901,1
61902,0
61903,0
61907,0
61908,0
61909,0
61911,0
61913,0
61914,0
61915,0
61919,0
61920,0
61921,1
61922,0
61923,0
61925,0
61926,0
61927,0
61929,0
61930,0
61932,0
61935,0
61938,0
61940,1
61941,0
61943,0
61945,0
61946,0
61949,0
61950,0
61952,0
61953,0
61954,0
61955,0
61956,0
61958,0
61961,0
61965,0
61966,0
61967,1
61968,0
61969,0
61972,0
61973,0
61977,0
61978,0
61979,0
61982,0
61984,0
61986,0
61987,0
61988,0
61991,0
61993,0
61994,0
61996,0
61997,0
61998,0
62000,1
62001,1
62003,0
62004,0
62006,0
62010,0
62011,1
62013,0
62014,0
62015,0
62018,1
62019,0
62022,0
62023,0
62024,0
62027,0
62031,0
62033,0
62034,0
62035,0
62038,0
62040,0
62041,0
62042,0
62045,0
62046,0
62049,0
62053,0
62055,0
62060,0
62062,0
62063,0
62064,0
62065,0
62068,0
62070,0
62074,0
62075,0
62076,0
62077,0
62080,0
62081,0
62082,0
62083,0
62084,0
62085,0
62086,0
62088,0
62090,0
62094,1
62095,0
62097,1
62104,0
62105,0
62106,1
62107,0
62108,0
62109,0
62111,0
62112,1
62115,0
62116,0
62117,0
62120,0
62124,0
62129,0
62130,1
62131,0
62137,1
62138,0
62141,0
62142,0
62144,0
62147,0
62149,0
62151,0
62152,0
62154,0
62156,0
62157,0
62158,0
62162,1
62165,0
62166,0
62168,0
62169,0
62172,0
62173,0
62175,0
62177,0
62181,0
62182,0
62184,0
62185,1
62192,0
62194,0
62197,1
62198,1
62199,0
62200,0
62201,0
62202,1
62203,0
62204,0
62205,1
62206,0
62207,0
62210,0
62213,0
62215,0
62216,0
62218,0
62222,0
62226,0
62229,0
62231,0
62232,0
62236,0
62238,0
62243,1
62246,0
62247,0
62248,0
62249,0
62250,0
62252,0
62253,0
62254,1
62255,1
62257,0
62258,0
62259,0
62260,0
62261,0
62262,0
62263,0
62264,1
62266,0
62268,0
62269,0
62270,0
62271,0
62272,0
62274,0
62276,0
62277,0
62278,0
62279,0
62280,0
62282,0
62286,0
62287,0
62292,0
62293,0
62295,0
62296,1
62297,0
62301,0
62302,0
62303,0
62304,0
62305,0
62307,0
62308,0
62309,0
62310,0
62312,0
62314,0
62315,0
62316,0
62318,0
62319,0
62320,0
62322,0
62323,0
62324,0
62325,0
62326,0
62327,0
62330,0
62335,0
62338,0
62339,0
62340,0
62341,0
62342,0
62343,0
62344,0
62346,0
62348,0
62349,0
62350,0
62351,0
62352,0
62353,0
62354,0
62356,0
62357,0
62358,1
62359,0
62360,0
62361,0
62363,0
62364,0
62367,0
62369,0
62371,0
62372,0
62373,0
62375,0
62378,0
62379,0
62381,0
62383,0
62385,0
62386,0
62388,0
62389,0
62390,0
62393,0
62394,0
62395,0
62397,0
62398,0
62401,0
62402,0
62403,0
62404,1
62406,0
62407,0
62409,0
62411,0
62414,1
62417,0
62418,0
62419,0
62421,0
62423,0
62425,0
62428,1
62430,0
62432,1
62434,0
62435,0
62436,0
62439,0
62440,1
62442,0
62443,0
62444,0
62445,0
62446,0
62447,0
62450,0
62451,0
62452,0
62455,1
62456,0
62460,0
62461,0
62462,0
62463,0
62465,0
62467,0
62468,0
62471,1
62472,0
62473,0
62474,0
62475,0
62476,1
62478,0
62480,0
62481,0
62482,1
62483,0
62484,0
62485,0
62488,0
62489,1
62493,0
62495,0
62496,0
62497,0
62498,0
62500,0
62501,0
62505,0
62507,0
62510,0
62511,0
62512,0
62513,0
62514,0
62515,0
62518,0
62519,0
62522,0
62523,0
62524,1
62526,0
62527,0
62528,0
62530,0
62531,0
62533,0
62535,0
62537,0
62541,0
62543,0
62544,0
62546,0
62548,0
62549,0
62551,0
62552,0
62553,0
62555,0
62557,0
62559,0
62560,0
62561,0
62562,0
62566,0
62568,0
62570,1
62573,0
62574,0
62577,0
62578,1
62583,0
62584,0
62585,1
62586,0
62591,0
62594,0
62596,0
62598,0
62599,0
62600,0
62603,0
62604,1
62605,0
62607,0
62608,0
62613,0
62614,0
62615,0
62617,0
62619,0
62621,0
62622,0
62624,0
62629,0
62632,0
62634,0
62636,0
62639,0
62640,0
62641,0
62644,0
62647,0
62648,0
62649,0
62651,0
62653,0
62654,1
62655,0
62658,1
62659,0
62660,0
62661,0
62662,0
62667,0
62670,0
62671,0
62672,0
62673,0
62674,0
62676,0
62677,0
62678,0
62679,0
62680,0
62681,0
62685,0
62686,1
62688,0
62690,0
62691,0
62692,0
62693,0
62694,0
62697,0
62698,0
62700,0
62701,0
62703,0
62704,0
62706,0
62707,0
62709,0
62710,0
62716,0
62718,0
62721,0
62724,0
62726,0
62727,0
62729,0
62730,1
62731,0
62733,0
62735,0
62736,0
62738,0
62739,1
62741,0
62742,0
62744,1
62746,0
62748,0
62749,0
62751,0
62752,0
62756,0
62758,0
62760,0
62761,0
62762,0
62763,0
62765,0
62767,0
62768,0
62769,0
62770,0
62772,1
62777,0
62778,0
62780,0
62781,0
62782,0
62785,0
62786,0
62787,0
62789,0
62790,0
62791,0
62793,0
62794,1
62796,0
62797,0
62798,0
62799,0
62801,0
62805,0
62808,0
62809,0
62816,0
62818,0
62819,0
62820,0
62822,0
62824,1
62825,1
62826,0
62827,0
62828,0
62830,0
62831,1
62833,0
62834,1
62835,0
62842,0
62843,1
62847,0
62848,0
62849,0
62850,0
62851,0
62853,0
62854,0
62856,0
62859,0
62860,0
62862,0
62863,1
62864,0
62865,0
62867,0
62868,0
62869,1
62872,0
62874,0
62878,0
62880,1
62884,0
62888,0
62890,0
62892,0
62893,0
62894,0
62895,0
62897,0
62898,0
62900,0
62901,0
62903,0
62904,1
62905,0
62907,0
62908,0
62910,0
62914,1
62917,0
62919,0
62920,0
62921,0
62923,0
62925,0
62926,0
62928,0
62929,0
62933,1
62934,0
62935,0
62936,0
62937,1
62938,0
62939,0
62941,0
62942,0
62944,0
62945,0
62946,0
62947,0
62948,0
62951,0
62953,0
62954,0
62955,0
62957,0
62959,0
62960,0
62961,0
62962,0
62964,0
62965,1
62967,0
62968,0
62972,0
62973,0
62976,0
62978,1
62979,0
62980,0
62982,0
62983,0
62984,0
62985,0
62986,1
62987,0
62990,0
62993,0
62994,0
62995,0
63000,0
63002,0
63005,0
63006,0
63007,0
63009,0
63010,0
63015,0
63017,0
63019,0
63021,1
63022,0
63023,0
63024,0
63025,0
63028,0
63029,0
63030,0
63032,0
63034,0
63035,0
63038,0
63039,1
63042,0
63043,0
63044,0
63045,0
63048,0
63049,0
63050,0
63051,0
63052,1
63054,0
63056,0
63057,0
63060,0
63062,0
63063,0
63065,0
63070,0
63071,0
63073,0
63074,0
63077,0
63078,0
63082,0
63083,0
63084,1
63086,0
63087,0
63089,0
63090,0
63091,0
63093,0
63098,0
63099,0
63100,0
63101,0
63102,0
63104,0
63105,0
63106,0
63107,0
63111,0
63112,0
63113,0
63114,0
63115,0
63116,0
63117,0
63119,0
63120,0
63122,1
63124,0
63125,0
63126,0
63127,0
63128,0
63129,0
63132,0
63133,0
63134,0
63135,0
63137,1
63138,0
63140,0
63143,0
63147,1
63150,0
63151,0
63156,0
63157,0
63159,0
63160,1
63162,0
63163,0
63164,0
63166,0
63167,0
63168,0
63169,0
63172,0
63174,0
63175,0
63176,0
63178,1
63181,0
63182,0
63185,0
63189,0
63190,0
63191,0
63192,0
63197,0
63198,1
63200,0
63201,0
63203,0
63205,0
63206,0
63207,0
63208,0
63209,0
63211,0
63212,0
63213,0
63215,0
63216,0
63218,1
63219,0
63221,0
63222,1
63223,0
63224,1
63225,0
63227,0
63228,0
63229,0
63230,0
63232,0
63235,0
63236,0
63237,0
63238,0
63239,0
63244,0
63247,0
63248,0
63249,0
63251,0
63254,0
63256,0
63257,0
63261,0
63262,0
63263,1
63265,0
63266,0
63268,0
63269,0
63270,0
63271,0
63272,0
63273,0
63274,0
63281,0
63282,0
63283,0
63285,0
63289,0
63290,0
63291,0
63292,0
63293,0
63295,0
63296,0
63298,0
63300,0
63302,0
63303,0
63304,0
63305,0
63306,0
63309,0
63310,0
63311,0
63312,0
63313,0
63316,0
63317,0
63318,0
63320,1
63322,1
63323,0
63324,0
63325,1
63327,0
63328,1
63332,1
63333,0
63336,0
63337,0
63339,0
63340,0
63341,0
63343,1
63344,0
63345,0
63348,0
63350,0
63352,0
63356,0
63358,0
63359,0
63361,0
63363,0
63364,0
63367,0
63368,0
63369,0
63370,0
63371,0
63373,1
63374,0
63375,0
63378,0
63379,1
63381,0
63384,0
63389,1
63392,0
63393,0
63396,0
63397,0
63399,0
63402,0
63403,0
63404,0
63406,0
63407,0
63410,0
63411,0
63412,0
63415,0
63416,1
63417,1
63418,0
63419,1
63420,0
63421,0
63422,0
63423,0
63424,0
63425,0
63426,0
63428,0
63429,0
63431,0
63435,0
63437,1
63438,0
63439,0
63441,0
63442,1
63443,0
63445,0
63446,1
63447,0
63451,0
63452,1
63453,1
63455,0
63456,0
63458,0
63460,1
63461,1
63462,0
63463,0
63464,0
63466,0
63468,0
63471,0
63472,1
63473,0
63475,1
63476,0
63478,0
63480,0
63484,1
63485,0
63489,0
63491,0
63492,0
63494,0
63496,0
63498,0
63500,0
63501,0
63502,0
63503,0
63504,1
63505,0
63509,1
63513,0
63514,0
63516,0
63518,0
63519,0
63520,1
63522,0
63523,0
63524,0
63525,0
63526,0
63527,0
63528,0
63534,0
63535,0
63536,0
63537,0
63539,0
63541,0
63543,0
63544,0
63545,0
63546,0
63547,0
63548,0
63549,1
63550,1
63552,0
63553,0
63555,0
63556,0
63557,0
63558,0
63560,0
63561,0
63563,0
63564,0
63566,0
63567,0
63570,0
63572,0
63573,0
63574,0
63575,1
63576,1
63579,0
63581,1
63583,0
63585,0
63586,1
63589,0
63590,0
63592,0
63593,0
63596,0
63603,0
63604,0
63607,0
63608,1
63611,0
63614,0
63615,0
63616,0
63617,0
63618,0
63619,1
63620,0
63621,0
63622,0
63623,0
63625,0
63626,0
63629,0
63632,0
63633,0
63634,0
63636,0
63638,0
63641,0
63645,0
63648,0
63650,0
63651,0
63653,0
63659,0
63660,0
63661,0
63666,0
63670,0
63671,0
63672,0
63673,0
63675,0
63679,0
63680,0
63684,0
63686,0
63687,0
63689,0
63690,0
63691,0
63692,0
63694,0
63695,1
63696,0
63697,0
63698,0
63700,0
63701,0
63702,0
63704,0
63706,0
63709,0
63711,0
63712,1
63713,0
63715,0
63719,0
63724,0
63725,0
63727,0
63728,0
63731,0
63733,0
63734,0
63735,0
63737,0
63738,0
63740,0
63743,0
63744,0
63747,0
63752,0
63753,0
63755,0
63756,0
63757,0
63759,0
63760,0
63764,1
63765,0
63766,0
63767,0
63768,0
63770,0
63774,0
63776,0
63777,1
63778,0
63780,1
63782,0
63784,0
63785,0
63788,0
63792,1
63797,0
63799,0
63800,0
63803,0
63805,0
63806,0
63807,0
63808,1
63809,0
63810,0
63811,0
63812,0
63813,0
63814,0
63816,0
63819,1
63822,0
63823,0
63824,1
63826,0
63827,0
63831,0
63834,1
63835,0
63836,0
63839,0
63841,0
63842,0
63843,0
63844,0
63845,0
63847,0
63848,0
63849,0
63851,0
63854,0
63855,0
63856,0
63857,0
63859,0
63861,0
63863,0
63864,0
63869,0
63870,0
63871,0
63872,1
63874,0
63877,0
63880,0
63882,0
63883,0
63887,0
63888,0
63889,0
63890,0
63891,0
63893,0
63894,0
63895,0
63897,0
63898,0
63900,0
63901,0
63902,0
63903,0
63904,0
63907,0
63908,1
63909,0
63912,1
63916,0
63919,0
63920,0
63921,0
63922,0
63923,0
63924,0
63925,0
63927,0
63929,0
63931,0
63933,0
63934,1
63935,0
63938,0
63940,0
63944,0
63946,0
63947,0
63948,0
63953,0
63954,0
63955,0
63957,0
63958,0
63961,0
63963,0
63966,0
63967,0
63970,0
63972,0
63973,0
63975,0
63976,0
63977,0
63978,0
63979,0
63981,0
63982,0
63983,1
63985,0
63986,0
63990,0
63993,0
63994,1
63995,0
63998,1
64001,0
64002,0
64003,0
64004,0
64005,0
64009,0
64014,0
64015,1
64016,0
64017,0
64018,0
64019,0
64020,0
64022,0
64025,1
64027,0
64028,0
64030,0
64031,1
64032,0
64034,0
64035,0
64037,0
64038,0
64040,0
64041,0
64042,0
64043,0
64044,0
64045,0
64046,0
64047,0
64049,0
64051,1
64053,0
64054,0
64056,0
64060,0
64061,0
64062,0
64064,0
64065,0
64066,0
64067,0
64068,0
64071,0
64078,0
64079,0
64083,0
64084,0
64085,0
64086,0
64087,0
64088,0
64089,0
64090,0
64093,0
64095,0
64096,0
64099,0
64101,0
64102,0
64104,0
64106,0
64107,0
64110,0
64112,0
64121,0
64122,0
64123,1
64124,0
64125,0
64130,0
64131,0
64132,0
64137,0
64138,0
64141,0
64142,0
64143,0
64145,0
64146,0
64147,0
64150,0
64154,0
64155,0
64156,0
64157,1
64158,0
64159,0
64160,0
64165,0
64168,0
64170,0
64172,0
64175,0
64176,0
64177,0
64178,0
64179,0
64183,0
64184,1
64185,0
64187,0
64189,0
64190,0
64191,0
64195,0
64197,0
64198,0
64200,0
64201,0
64202,0
64206,0
64208,1
64210,0
64213,0
64214,0
64215,0
64219,0
64220,1
64221,0
64223,0
64225,0
64226,0
64227,0
64232,0
64233,0
64234,0
64235,0
64236,0
64238,0
64240,0
64242,1
64244,0
64245,0
64246,0
64247,0
64248,0
64251,0
64252,0
64253,0
64254,0
64256,0
64257,0
64258,1
64259,0
64260,0
64261,0
64262,0
64264,0
64265,0
64266,0
64267,0
64270,0
64274,0
64275,0
64277,0
64279,0
64280,0
64284,1
64286,1
64289,0
64291,0
64292,0
64293,0
64296,0
64297,0
64299,0
64300,0
64302,0
64303,1
64304,0
64306,0
64311,0
64314,0
64316,0
64317,0
64318,0
64320,0
64321,0
64323,0
64325,0
64326,1
64327,0
64329,0
64331,0
64335,0
64339,0
64347,0
64349,0
64351,0
64352,0
64353,0
64355,0
64356,0
64358,0
64359,0
64360,1
64361,0
64362,0
64363,0
64364,0
64365,0
64366,0
64367,0
64368,0
64369,0
64370,0
64371,0
64372,0
64375,0
64376,0
64377,0
64378,0
64379,1
64380,0
64384,0
64385,0
64386,0
64389,0
64395,0
64396,0
64398,0
64399,0
64400,0
64401,0
64406,0
64413,0
64414,0
64417,0
64418,0
64420,1
64422,0
64423,0
64425,0
64434,0
64435,0
64436,1
64440,0
64443,0
64444,0
64446,0
64449,0
64453,0
64454,1
64455,1
64456,0
64460,0
64465,0
64466,0
64467,0
64469,0
64470,1
64472,0
64475,0
64476,0
64478,0
64480,1
64481,0
64482,1
64484,0
64485,0
64486,0
64489,0
64491,0
64493,0
64495,0
64496,0
64501,0
64502,0
64507,0
64509,1
64510,0
64511,0
64512,0
64513,0
64514,0
64516,0
64517,0
64518,0
64519,0
64520,0
64522,0
64526,1
64527,0
64529,0
64530,0
64531,0
64533,0
64534,0
64536,0
64538,0
64540,0
64541,0
64545,1
64549,0
64551,0
64552,1
64554,1
64555,0
64556,0
64558,1
64560,0
64561,0
64563,0
64564,0
64565,1
64566,0
64567,0
64569,0
64572,0
64576,0
64577,0
64581,0
64582,0
64584,0
64585,1
64586,0
64588,0
64591,0
64597,0
64599,0
64602,0
64605,0
64606,0
64607,1
64609,0
64611,0
64614,0
64615,1
64617,0
64620,0
64625,0
64626,0
64627,0
64629,0
64630,0
64631,0
64632,0
64633,0
64635,0
64636,0
64637,0
64641,0
64642,0
64644,0
64647,0
64648,0
64649,0
64650,0
64652,0
64653,0
64654,0
64655,0
64657,1
64659,0
64661,0
64662,0
64663,0
64664,0
64669,0
64671,0
64673,0
64675,0
64676,0
64679,0
64680,0
64681,0
64683,0
64684,1
64685,0
64689,0
64691,0
64692,0
64695,0
64698,0
64699,0
64701,0
64702,0
64703,0
64704,0
64707,0
64709,0
64714,0
64716,0
64717,0
64719,0
64720,0
64722,0
64723,0
64725,0
64726,0
64727,0
64728,0
64729,0
64730,0
64731,1
64732,0
64733,0
64734,0
64735,0
64736,0
64738,0
64739,0
64740,0
64741,0
64743,0
64744,1
64747,0
64753,0
64754,0
64755,0
64759,0
64762,0
64765,0
64769,0
64771,1
64772,0
64774,0
64776,0
64777,0
64778,0
64780,0
64782,0
64783,0
64784,0
64786,0
64788,0
64790,0
64794,0
64796,0
64799,0
64800,0
64805,0
64806,1
64807,0
64808,0
64809,0
64811,0
64812,0
64813,0
64816,0
64821,0
64822,0
64823,0
64824,0
64826,0
64828,0
64829,0
64831,0
64833,0
64835,1
64837,0
64838,0
64839,0
64840,0
64842,1
64845,0
64846,0
64849,0
64850,0
64851,0
64852,0
64854,0
64855,0
64857,0
64858,0
64860,0
64862,0
64863,0
64865,1
64866,0
64867,0
64868,0
64869,0
64870,0
64872,0
64873,0
64874,0
64875,0
64877,0
64878,0
64880,0
64882,0
64883,1
64884,0
64885,1
64886,0
64888,0
64889,0
64890,0
64892,0
64893,0
64894,1
64896,0
64897,0
64899,0
64902,0
64904,0
64906,0
64907,0
64910,0
64912,0
64913,0
64914,0
64917,0
64918,0
64921,0
64924,0
64925,0
64927,0
64928,0
64930,0
64931,0
64932,0
64934,0
64937,0
64939,0
64940,1
64941,0
64942,0
64944,0
64945,0
64946,0
64947,0
64948,0
64950,0
64951,0
64955,0
64956,0
64958,0
64960,0
64961,0
64964,0
64966,0
64968,0
64969,0
64970,0
64971,0
64972,0
64973,0
64974,0
64976,0
64977,0
64979,0
64980,0
64981,0
64985,1
64986,0
64988,0
64991,0
64992,0
64993,0
64994,0
64995,0
64996,1
64997,0
64998,0
65000,0
65004,0
65005,0
65006,0
65007,0
65011,0
65013,0
65015,0
65018,0
65019,0
65020,0
65022,0
65023,0
65024,0
65027,0
65029,1
65030,0
65032,0
65033,0
65037,0
65040,0
65041,0
65043,0
65044,0
65045,0
65056,0
65057,0
65058,0
65059,0
65060,0
65063,0
65064,0
65065,0
65068,0
65071,0
65072,0
65076,0
65077,0
65078,0
65080,0
65082,0
65083,0
65084,0
65086,0
65088,0
65089,0
65093,0
65095,0
65096,0
65097,0
65099,0
65101,0
65102,0
65104,0
65105,0
65107,0
65109,0
65110,0
65112,0
65113,0
65115,0
65116,0
65117,1
65118,0
65122,0
65123,0
65126,0
65127,0
65129,0
65130,0
65131,0
65132,0
65134,0
65136,0
65137,0
65139,0
65140,0
65141,0
65143,0
65149,0
65153,0
65155,0
65159,0
65160,0
65161,0
65162,0
65163,0
65167,0
65168,0
65170,0
65171,0
65172,0
65174,1
65180,0
65181,0
65183,0
65184,0
65185,1
65187,1
65188,0
65189,0
65190,0
65191,0
65193,0
65194,0
65198,0
65200,0
65201,0
65202,0
65205,1
65206,0
65207,0
65210,0
65211,0
65213,0
65214,0
65216,0
65217,0
65219,0
65220,0
65221,0
65222,0
65223,0
65224,0
65226,0
65227,0
65230,0
65231,0
65233,0
65235,0
65237,0
65238,0
65239,0
65240,0
65241,0
65244,1
65246,0
65247,0
65249,0
65250,0
65253,0
65254,0
65257,0
65260,0
65261,1
65268,0
65269,0
65270,0
65273,0
65275,0
65276,0
65277,0
65278,0
65281,0
65282,0
65283,0
65284,0
65285,0
65287,0
65290,0
65291,0
65292,0
65293,0
65296,0
65297,0
65299,0
65300,1
65301,0
65302,1
65303,0
65304,0
65305,0
65307,0
65310,0
65311,0
65313,0
65314,0
65317,0
65321,0
65322,1
65323,0
65324,0
65325,1
65329,0
65333,0
65335,0
65336,0
65337,0
65338,0
65342,0
65344,0
65346,1
65348,0
65349,0
65350,1
65351,0
65355,1
65357,0
65358,0
65360,0
65361,0
65362,0
65365,0
65367,0
65368,0
65369,0
65372,0
65377,0
65381,0
65382,0
65383,0
65384,0
65386,0
65392,0
65393,0
65396,0
65397,0
65398,0
65399,0
65400,0
65401,0
65402,0
65403,0
65405,0
65406,1
65409,0
65410,0
65411,0
65412,0
65414,0
65415,0
65416,0
65417,0
65418,0
65419,1
65420,0
65422,0
65423,0
65425,0
65428,1
65430,0
65431,0
65432,1
65433,0
65436,0
65437,0
65440,0
65442,0
65443,0
65444,0
65445,0
65447,0
65448,0
65449,0
65450,0
65453,0
65454,0
65456,0
65457,0
65459,0
65461,0
65462,0
65464,0
65467,0
65468,0
65471,0
65472,0
65473,0
65478,0
65480,0
65481,0
65482,0
65485,0
65486,0
65487,0
65491,1
65492,0
65495,0
65497,0
65498,0
65499,0
65500,0
65501,0
65503,0
65505,0
65506,0
65507,0
65508,0
65511,0
65512,0
65515,0
65516,0
65518,0
65520,0
65522,0
65525,0
65527,0
65529,0
65530,0
65531,0
65532,0
65533,0
65534,0
65535,0
65536,0
65537,1
65538,0
65539,0
65541,0
65545,0
65546,0
65547,0
65549,0
65556,0
65557,1
65558,0
65559,0
65562,0
65565,0
65568,0
65569,0
65571,0
65576,0
65578,0
65582,1
65584,0
65585,0
65588,0
65589,0
65591,0
65592,0
65593,0
65595,0
65597,0
65599,0
65600,0
65601,0
65602,0
65605,0
65606,0
65607,0
65612,0
65614,0
65615,0
65617,1
65618,0
65619,0
65621,0
65622,0
65623,0
65624,0
65626,0
65628,1
65629,0
65631,0
65632,0
65633,0
65635,0
65636,0
65637,0
65638,0
65641,0
65642,0
65643,0
65644,0
65645,0
65646,0
65647,0
65649,0
65651,0
65653,0
65654,0
65655,0
65656,0
65657,1
65661,0
65662,0
65666,0
65668,0
65672,0
65681,0
65683,0
65685,1
65686,0
65689,0
65690,0
65691,0
65693,0
65695,0
65696,0
65697,0
65699,0
65700,0
65701,1
65704,0
65705,0
65707,0
65708,0
65709,0
65710,0
65711,0
65713,0
65714,0
65716,0
65717,0
65719,0
65721,0
65723,0
65726,0
65727,1
65728,0
65730,0
65731,0
65732,0
65733,1
65736,0
65737,0
65739,1
65740,0
65743,0
65744,0
65746,0
65747,0
65748,0
65751,0
65753,0
65755,0
65758,1
65760,0
65761,1
65763,0
65766,0
65769,0
65770,0
65772,0
65774,0
65775,1
65777,0
65782,0
65785,0
65786,0
65787,0
65789,1
65790,0
65792,0
65794,0
65797,0
65801,0
65803,0
65804,0
65805,0
65806,0
65809,0
65810,1
65811,0
65813,0
65814,0
65815,0
65816,1
65818,1
65819,0
65820,0
65825,0
65826,0
65831,0
65832,0
65833,0
65834,0
65836,0
65837,0
65842,0
65846,0
65847,0
65850,0
65854,0
65856,0
65857,0
65858,0
65860,0
65861,0
65862,0
65863,0
65866,0
65869,0
65870,0
65873,0
65875,0
65879,1
65880,0
65883,0
65887,1
65888,0
65889,0
65891,0
65892,0
65893,0
65894,0
65896,0
65898,0
65899,0
65900,0
65901,0
65902,0
65903,0
65908,0
65909,0
65911,1
65912,0
65913,0
65917,0
65918,0
65919,0
65921,0
65924,0
65925,0
65927,0
65930,0
65932,0
65934,0
65935,0
65937,0
65939,0
65943,0
65947,0
65951,0
65952,0
65954,1
65956,0
65958,0
65962,0
65965,0
65966,0
65969,0
65970,0
65971,0
65972,0
65975,1
65977,1
65981,0
65983,0
65984,0
65985,0
65986,0
65987,0
65990,0
65991,0
65992,0
65993,0
65995,0
65996,0
65998,0
65999,0
66000,0
66001,0
66005,0
66007,0
66009,1
66011,0
66012,0
66013,0
66014,0
66016,0
66021,0
66022,0
66023,1
66024,1
66025,0
66026,0
66027,0
66028,0
66029,0
66030,0
66031,0
66032,0
66034,0
66038,0
66040,0
66043,0
66045,0
66046,0
66047,0
66048,0
66049,0
66050,0
66051,0
66053,0
66054,0
66055,0
66056,0
66058,0
66059,0
66061,0
66062,0
66063,0
66064,1
66065,1
66066,1
66068,0
66070,0
66071,0
66075,0
66076,0
66077,0
66078,0
66079,0
66080,0
66082,0
66084,0
66086,0
66087,0
66088,0
66091,0
66092,0
66096,0
66099,0
66100,0
66101,0
66102,0
66103,0
66104,0
66105,0
66106,0
66108,0
66109,1
66113,0
66114,0
66116,0
66118,0
66120,0
66121,0
66123,0
66125,0
66126,0
66128,0
66129,0
66131,1
66132,0
66136,0
66137,0
66138,0
66140,0
66141,0
66142,1
66143,1
66144,0
66145,0
66146,0
66147,0
66149,1
66151,0
66153,0
66154,0
66158,1
66160,0
66161,0
66162,0
66163,0
66165,0
66166,0
66168,0
66170,0
66171,0
66172,0
66173,0
66175,0
66176,0
66177,0
66180,0
66181,0
66182,0
66183,1
66188,0
66189,0
66192,0
66195,0
66197,1
66198,0
66200,0
66202,0
66203,0
66204,0
66206,0
66210,0
66211,0
66212,0
66213,0
66215,0
66216,0
66218,0
66219,0
66221,0
66222,0
66223,0
66226,0
66228,0
66231,0
66235,0
66238,0
66242,0
66244,0
66245,0
66246,1
66247,0
66248,0
66250,0
66251,1
66253,0
66255,0
66256,0
66257,1
66258,0
66259,0
66260,0
66262,0
66265,0
66267,1
66271,0
66274,1
66275,0
66278,0
66280,0
66283,1
66284,0
66285,0
66286,0
66289,0
66292,0
66294,0
66296,0
66297,0
66298,0
66302,0
66306,0
66308,0
66310,0
66311,0
66319,0
66321,0
66322,0
66323,0
66324,0
66325,0
66326,0
66328,0
66329,0
66333,0
66338,0
66339,0
66341,0
66346,0
66349,0
66352,0
66353,0
66362,0
66365,0
66366,0
66369,0
66370,1
66371,0
66372,0
66373,0
66375,0
66376,0
66377,0
66378,0
66379,0
66383,0
66385,0
66386,0
66388,0
66392,0
66393,0
66396,0
66401,1
66402,0
66404,0
66407,0
66409,0
66410,0
66411,0
66412,0
66416,0
66419,0
66422,0
66425,0
66427,0
66431,0
66432,0
66433,0
66434,0
66436,0
66437,0
66438,0
66440,0
66442,0
66443,0
66445,0
66446,0
66448,0
66450,0
66452,0
66453,0
66455,0
66457,0
66458,0
66460,0
66461,0
66463,0
66464,0
66469,0
66470,0
66471,0
66472,0
66475,0
66476,0
66477,1
66479,0
66481,0
66485,0
66486,0
66489,0
66490,0
66492,0
66495,0
66497,0
66498,0
66500,0
66501,0
66502,0
66503,0
66504,0
66505,0
66509,0
66510,0
66511,0
66512,0
66513,0
66514,0
66515,0
66517,0
66518,1
66519,0
66525,0
66526,0
66527,0
66532,0
66533,0
66534,0
66536,0
66538,0
66539,1
66540,0
66541,0
66543,0
66545,0
66546,0
66547,1
66548,0
66549,1
66550,0
66555,0
66556,0
66558,0
66560,0
66563,0
66570,0
66575,1
66576,0
66577,0
66580,0
66583,0
66584,0
66586,0
66587,0
66590,0
66591,0
66592,0
66595,0
66597,0
66598,0
66599,0
66600,0
66601,0
66606,0
66607,0
66608,0
66609,0
66613,0
66616,0
66617,0
66621,0
66622,1
66623,0
66624,0
66625,1
66627,0
66628,1
66629,0
66632,0
66633,0
66639,1
66641,0
66642,0
66643,0
66644,0
66645,0
66646,0
66647,0
66648,0
66649,0
66651,0
66652,0
66654,0
66655,1
66656,0
66657,0
66658,0
66659,0
66660,0
66661,0
66664,0
66665,0
66666,0
66667,0
66669,0
66670,0
66672,0
66673,0
66675,0
66676,0
66677,1
66679,0
66682,0
66684,0
66685,0
66688,0
66693,0
66694,0
66699,0
66700,0
66703,0
66704,1
66705,0
66706,1
66707,0
66708,0
66709,0
66710,0
66711,0
66713,0
66715,0
66717,1
66719,0
66721,0
66722,0
66725,0
66727,0
66729,0
66730,1
66731,0
66732,0
66736,0
66738,0
66746,0
66747,0
66749,0
66750,0
66751,0
66752,0
66753,0
66754,0
66756,0
66759,1
66760,0
66762,0
66764,0
66765,0
66766,0
66767,0
66768,0
66769,1
66770,0
66771,0
66773,0
66774,1
66775,1
66776,0
66778,0
66779,0
66781,0
66784,0
66788,0
66791,0
66792,0
66794,0
66795,0
66797,0
66798,0
66801,0
66803,0
66807,0
66809,0
66810,1
66812,0
66814,0
66815,0
66816,1
66817,0
66818,0
66819,0
66820,0
66822,0
66823,0
66824,1
66825,0
66827,0
66829,0
66830,0
66831,0
66833,0
66835,0
66836,0
66838,0
66839,0
66840,0
66841,0
66842,0
66845,0
66846,0
66848,0
66850,1
66851,0
66853,0
66854,0
66856,0
66858,0
66863,0
66864,0
66865,0
66866,0
66871,0
66873,1
66874,0
66876,0
66877,0
66878,0
66879,0
66880,0
66881,0
66882,0
66886,1
66888,0
66889,0
66890,0
66891,0
66892,0
66894,0
66898,0
66899,0
66900,0
66901,0
66904,0
66906,0
66907,0
66908,0
66909,0
66910,1
66911,0
66912,0
66913,0
66914,0
66915,0
66917,0
66918,0
66920,0
66923,0
66924,0
66926,0
66927,0
66928,0
66929,1
66930,0
66933,0
66935,0
66938,0
66943,0
66944,0
66945,0
66946,0
66947,0
66949,0
66951,0
66953,0
66956,0
66958,0
66960,0
66962,0
66963,0
66968,0
66969,0
66970,1
66971,0
66974,0
66975,0
66977,0
66978,0
66979,0
66980,0
66984,0
66985,0
66986,0
66989,0
66993,0
66994,0
66996,0
66997,0
66999,0
67000,0
67001,0
67003,0
67006,0
67007,0
67008,0
67011,0
67014,0
67016,0
67018,1
67019,0
67023,0
67024,0
67025,0
67026,0
67027,0
67028,0
67029,0
67030,0
67032,0
67034,0
67037,0
67038,1
67041,1
67043,1
67044,0
67046,0
67047,0
67048,0
67050,0
67053,0
67055,0
67060,1
67061,0
67062,0
67063,0
67064,0
67065,0
67066,0
67067,0
67068,1
67069,0
67074,0
67076,0
67077,1
67078,0
67079,0
67081,0
67083,0
67084,1
67086,0
67087,0
67093,0
67094,0
67096,0
67097,0
67099,0
67101,0
67103,0
67104,0
67105,0
67106,1
67107,0
67109,0
67110,0
67111,0
67114,0
67115,0
67116,0
67119,0
67123,0
67125,1
67126,0
67129,0
67131,0
67132,1
67133,0
67135,0
67136,0
67137,0
67138,0
67142,0
67143,0
67146,0
67148,0
67149,0
67153,0
67154,0
67155,0
67156,0
67157,0
67158,0
67160,0
67163,0
67164,0
67165,0
67166,0
67167,0
67169,0
67170,1
67171,0
67172,1
67173,0
67174,0
67178,0
67179,0
67181,0
67182,0
67184,0
67185,0
67187,0
67189,0
67190,0
67191,0
67192,0
67193,0
67195,0
67196,0
67197,0
67199,0
67203,0
67204,1
67205,1
67207,0
67209,0
67211,0
67214,1
67216,1
67217,0
67218,0
67219,0
67221,0
67222,0
67223,0
67224,0
67225,0
67228,0
67229,0
67231,0
67236,0
67237,0
67241,0
67243,0
67244,0
67245,1
67249,0
67250,0
67252,0
67253,0
67255,0
67256,0
67257,0
67260,0
67261,0
67264,0
67265,0
67266,0
67267,1
67268,0
67271,0
67274,1
67278,0
67281,0
67282,1
67285,0
67286,0
67289,0
67291,0
67292,0
67294,0
67295,1
67297,0
67299,0
67300,0
67302,0
67303,0
67304,0
67305,0
67306,0
67307,0
67308,0
67309,0
67311,0
67312,0
67313,0
67314,0
67315,0
67316,0
67317,0
67318,0
67321,1
67323,1
67325,0
67326,0
67327,0
67328,1
67332,0
67333,0
67334,0
67335,0
67337,0
67338,0
67342,0
67344,0
67346,0
67348,1
67350,0
67352,0
67353,0
67354,0
67357,0
67358,0
67360,0
67362,0
67363,0
67366,0
67367,0
67370,0
67371,0
67373,0
67375,0
67376,0
67378,0
67379,1
67381,0
67383,0
67388,0
67389,0
67393,0
67394,0
67395,0
67396,1
67398,0
67399,0
67403,0
67404,0
67405,0
67407,0
67408,0
67413,0
67416,0
67417,0
67419,0
67420,0
67421,0
67422,0
67424,0
67429,0
67430,0
67432,0
67434,0
67435,0
67437,0
67440,0
67442,0
67443,0
67444,0
67446,0
67447,1
67450,0
67452,0
67453,0
67458,0
67460,0
67461,0
67463,0
67464,0
67466,0
67469,0
67470,0
67472,0
67474,0
67475,0
67477,0
67479,0
67480,0
67481,0
67484,1
67485,0
67486,0
67488,0
67489,0
67490,0
67492,0
67494,0
67495,0
67497,0
67498,0
67500,1
67502,1
67503,0
67504,0
67505,0
67508,0
67509,0
67510,0
67511,1
67512,0
67517,0
67521,0
67524,0
67525,0
67526,0
67527,1
67529,0
67531,0
67532,0
67533,0
67536,0
67537,1
67538,0
67541,0
67542,0
67543,0
67545,0
67546,0
67547,0
67549,0
67550,0
67551,0
67553,0
67554,0
67557,0
67560,0
67561,0
67562,0
67565,0
67566,0
67567,0
67568,0
67569,0
67572,0
67574,1
67577,0
67579,0
67580,0
67581,0
67582,0
67583,0
67585,0
67592,0
67593,1
67594,0
67595,0
67596,0
67597,0
67599,1
67602,1
67604,0
67605,0
67608,0
67609,0
67610,0
67611,0
67612,0
67613,0
67616,0
67617,0
67619,1
67621,0
67624,0
67625,0
67626,0
67627,0
67628,0
67630,0
67631,0
67632,0
67635,0
67636,0
67638,0
67640,1
67642,0
67643,0
67644,0
67645,0
67647,0
67648,0
67655,0
67657,1
67658,0
67660,0
67661,0
67664,1
67665,0
67670,0
67671,0
67672,0
67674,0
67677,0
67678,1
67679,0
67683,0
67684,0
67685,0
67688,1
67689,0
67691,0
67693,0
67695,0
67696,0
67697,0
67699,0
67700,0
67701,0
67704,0
67705,0
67706,0
67707,0
67708,0
67709,0
67710,0
67711,0
67712,0
67713,0
67715,0
67716,0
67718,0
67719,0
67721,0
67723,0
67726,0
67731,0
67732,0
67733,1
67734,0
67735,0
67736,0
67737,0
67738,0
67740,0
67741,0
67742,0
67743,0
67744,1
67745,0
67747,0
67749,0
67750,1
67753,0
67755,0
67756,0
67757,1
67758,0
67759,0
67760,0
67762,0
67763,0
67767,0
67768,0
67769,0
67770,1
67774,0
67775,0
67782,0
67784,0
67786,0
67787,0
67788,0
67789,0
67790,0
67792,0
67796,0
67798,0
67799,0
67800,0
67801,0
67805,0
67807,0
67808,0
67811,0
67816,0
67817,0
67818,0
67819,0
67820,0
67822,0
67824,1
67825,0
67828,0
67833,0
67835,0
67837,0
67842,0
67843,0
67846,0
67847,0
67848,0
67853,1
67857,0
67858,0
67859,1
67862,1
67863,0
67864,0
67865,0
67866,0
67869,0
67870,1
67871,0
67872,0
67874,0
67877,0
67879,1
67881,0
67883,0
67885,0
67887,0
67888,0
67889,0
67890,0
67892,0
67893,0
67894,0
67895,1
67896,1
67897,0
67899,0
67900,0
67902,0
67903,0
67905,0
67906,0
67908,0
67909,0
67911,0
67914,0
67918,0
67920,0
67922,0
67924,0
67928,0
67929,0
67930,0
67931,0
67932,0
67933,0
67935,0
67938,0
67941,0
67943,1
67944,0
67946,0
67948,0
67950,1
67951,0
67953,0
67956,1
67957,0
67958,1
67960,0
67961,0
67963,0
67964,0
67965,0
67966,0
67967,0
67973,0
67975,0
67979,0
67981,0
67982,0
67983,0
67985,0
67987,0
67989,0
67990,0
67991,0
67992,0
67994,0
67995,0
67996,0
67998,0
68000,0
68001,0
68003,1
68005,0
68006,1
68007,0
68008,0
68009,0
68010,0
68011,0
68012,0
68014,0
68015,0
68016,0
68017,0
68018,0
68019,0
68020,0
68021,0
68023,0
68024,0
68025,0
68026,0
68027,0
68032,0
68033,0
68036,1
68038,0
68040,0
68041,0
68044,0
68045,0
68050,0
68052,0
68055,0
68058,0
68059,0
68060,1
68062,0
68063,0
68064,0
68065,0
68067,0
68068,0
68070,0
68072,0
68077,0
68080,0
68081,0
68084,0
68085,0
68086,0
68087,0
68088,0
68090,0
68091,1
68093,0
68094,0
68095,0
68096,0
68100,0
68103,0
68104,0
68107,0
68108,0
68110,0
68111,0
68112,0
68113,0
68114,0
68115,0
68117,0
68119,0
68120,0
68122,0
68123,1
68125,0
68126,0
68127,0
68128,0
68130,0
68131,0
68134,0
68138,1
68139,0
68140,0
68141,0
68143,0
68144,0
68148,0
68150,0
68151,0
68154,0
68156,0
68158,1
68159,0
68160,0
68161,0
68165,0
68167,0
68168,0
68172,0
68174,0
68175,0
68176,0
68177,0
68178,0
68179,0
68180,0
68181,0
68182,0
68183,0
68184,0
68186,0
68189,0
68192,0
68193,0
68195,0
68196,0
68198,0
68200,0
68201,0
68202,0
68203,0
68206,0
68207,0
68209,0
68210,0
68212,0
68214,0
68215,0
68216,0
68217,0
68220,0
68221,0
68223,0
68225,0
68226,0
68227,0
68233,0
68235,0
68236,1
68237,0
68238,0
68240,0
68241,0
68242,0
68244,0
68248,0
68250,0
68251,0
68253,0
68257,0
68258,0
68259,0
68261,0
68263,0
68266,0
68267,0
68268,0
68269,0
68270,0
68271,0
68272,0
68274,0
68278,0
68279,0
68280,0
68282,0
68285,0
68287,0
68289,0
68294,1
68295,0
68298,0
68299,0
68300,1
68302,0
68303,0
68304,0
68305,1
68306,0
68308,0
68309,0
68313,0
68315,0
68316,0
68317,0
68319,0
68320,0
68321,0
68323,0
68327,0
68329,0
68331,0
68332,0
68333,0
68334,0
68335,0
68336,0
68337,0
68339,0
68340,0
68341,0
68342,0
68347,0
68351,0
68355,0
68357,0
68362,0
68363,0
68364,1
68365,1
68367,0
68368,0
68369,0
68370,0
68371,1
68375,0
68376,0
68378,0
68379,0
68382,0
68383,0
68384,0
68385,0
68386,0
68387,0
68392,1
68395,0
68396,1
68397,0
68399,0
68400,1
68401,0
68403,0
68407,0
68408,0
68409,0
68412,0
68413,0
68414,0
68415,0
68416,0
68417,0
68421,0
68422,0
68424,0
68425,0
68426,0
68429,0
68431,0
68432,0
68434,0
68435,0
68436,0
68440,1
68441,1
68446,0
68447,0
68449,0
68450,0
68451,0
68453,0
68454,1
68455,0
68456,0
68458,0
68459,0
68461,0
68463,0
68466,1
68467,0
68468,0
68472,0
68474,0
68475,0
68476,0
68477,0
68478,1
68479,0
68482,1
68483,0
68484,0
68485,0
68486,0
68487,0
68488,0
68489,0
68492,0
68494,1
68496,0
68499,0
68503,0
68504,0
68505,1
68507,0
68511,0
68514,0
68517,1
68518,0
68521,0
68522,0
68523,0
68526,1
68528,0
68529,0
68531,0
68533,0
68534,0
68535,0
68537,0
68538,0
68539,0
68540,0
68541,0
68543,0
68544,0
68546,0
68547,0
68551,0
68552,0
68553,0
68555,0
68557,0
68558,0
68562,0
68563,0
68565,0
68568,0
68569,0
68573,0
68575,0
68576,0
68577,0
68578,0
68581,1
68583,0
68584,1
68586,0
68589,0
68590,0
68591,0
68592,0
68594,0
68596,0
68597,0
68598,0
68602,0
68603,0
68604,0
68606,0
68607,0
68608,0
68611,0
68612,1
68613,0
68615,1
68619,0
68621,0
68622,0
68623,0
68624,1
68626,0
68627,0
68628,0
68630,0
68631,0
68633,0
68634,0
68635,0
68638,0
68639,0
68640,0
68641,0
68643,0
68644,0
68646,0
68649,0
68651,0
68654,0
68656,0
68657,0
68658,0
68659,0
68662,0
68663,0
68666,0
68668,0
68669,0
68671,0
68672,1
68673,0
68675,0
68676,0
68678,0
68681,0
68683,1
68685,0
68686,0
68687,1
68688,0
68690,1
68691,0
68692,0
68696,0
68697,0
68698,0
68700,1
68701,0
68702,0
68703,0
68706,0
68707,0
68708,0
68709,0
68710,0
68712,0
68713,0
68714,0
68717,0
68718,0
68720,0
68721,0
68723,0
68726,0
68727,0
68729,0
68732,0
68733,0
68735,0
68737,0
68741,0
68744,0
68745,0
68746,0
68748,0
68749,0
68752,1
68753,0
68754,0
68755,0
68757,0
68760,0
68761,1
68762,0
68764,1
68765,0
68768,0
68772,0
68773,0
68774,0
68776,0
68777,0
68778,0
68780,0
68782,0
68783,0
68785,0
68787,0
68788,0
68789,0
68790,0
68792,0
68793,1
68794,0
68798,0
68800,0
68802,0
68808,0
68810,0
68811,0
68812,0
68813,0
68814,0
68815,0
68818,0
68819,0
68821,0
68822,0
68823,0
68824,0
68826,0
68830,0
68831,0
68832,1
68833,0
68835,0
68837,0
68838,0
68839,0
68843,0
68844,1
68845,0
68849,0
68851,0
68853,0
68854,0
68860,0
68861,0
68862,0
68863,0
68864,0
68865,0
68866,0
68867,0
68870,0
68871,0
68872,0
68875,0
68878,0
68879,0
68881,0
68882,0
68883,0
68884,0
68885,0
68886,0
68888,0
68889,1
68890,0
68891,0
68892,0
68893,1
68894,0
68895,0
68900,0
68901,1
68902,1
68906,0
68908,0
68910,1
68911,0
68913,0
68916,0
68917,1
68918,0
68920,0
68922,0
68924,0
68925,0
68926,0
68927,0
68929,0
68930,1
68931,0
68933,0
68934,0
68935,0
68937,0
68938,1
68939,0
68940,1
68942,0
68943,0
68946,0
68947,0
68948,1
68951,0
68952,0
68954,0
68957,0
68959,0
68964,0
68966,0
68967,0
68970,0
68972,0
68973,0
68977,0
68978,0
68979,1
68980,1
68983,0
68985,0
68986,0
68988,0
68990,0
68991,1
68993,0
68994,0
68997,1
68998,0
68999,0
69000,0
69002,0
69004,0
69005,0
69007,0
69008,0
69009,0
69014,0
69015,0
69016,0
69017,0
69018,0
69019,0
69020,0
69021,0
69022,0
69024,0
69025,0
69026,0
69028,0
69029,0
69030,0
69031,0
69032,0
69033,0
69034,0
69035,0
69037,0
69039,0
69040,0
69041,1
69042,0
69045,0
69046,0
69048,0
69050,0
69051,0
69052,0
69057,0
69060,0
69062,0
69063,0
69064,0
69065,0
69066,0
69068,0
69069,1
69071,1
69072,0
69073,1
69074,0
69075,0
69077,0
69078,0
69080,0
69083,1
69087,1
69088,0
69092,0
69094,0
69096,0
69097,0
69099,0
69100,0
69101,1
69102,0
69103,0
69104,0
69105,0
69107,0
69108,0
69110,0
69111,0
69112,0
69115,0
69116,0
69117,0
69118,1
69119,0
69121,0
69123,0
69125,0
69127,1
69128,0
69130,0
69134,0
69135,0
69138,1
69140,0
69141,0
69142,0
69144,0
69145,0
69146,0
69147,0
69148,0
69151,0
69152,0
69153,0
69154,0
69157,0
69158,0
69159,0
69160,1
69161,0
69162,0
69163,0
69164,0
69166,0
69167,0
69168,0
69171,0
69172,0
69174,0
69175,0
69177,0
69178,0
69182,0
69188,0
69189,0
69191,1
69194,0
69196,0
69197,0
69201,0
69203,0
69205,0
69206,0
69210,0
69216,0
69217,0
69220,0
69221,0
69222,0
69223,0
69224,0
69225,0
69227,0
69228,0
69229,0
69231,0
69233,0
69235,0
69236,0
69237,0
69238,0
69240,0
69241,1
69242,1
69243,0
69245,0
69246,0
69249,0
69250,0
69251,0
69252,0
69255,0
69256,0
69258,0
69263,0
69265,0
69267,0
69269,0
69270,0
69272,0
69273,1
69276,0
69278,0
69280,0
69282,0
69283,0
69286,0
69287,0
69289,0
69290,1
69292,0
69296,0
69297,1
69299,0
69300,0
69301,0
69302,0
69304,0
69306,0
69309,0
69310,0
69311,0
69312,0
69314,0
69317,0
69320,0
69321,0
69322,0
69324,0
69325,0
69328,0
69330,0
69331,0
69332,1
69333,0
69334,0
69339,0
69340,0
69342,0
69343,0
69344,0
69345,0
69346,0
69348,0
69349,0
69350,0
69352,0
69353,1
69354,0
69355,1
69356,0
69357,0
69359,0
69361,0
69362,0
69363,0
69364,1
69367,0
69371,0
69372,0
69373,0
69377,0
69379,0
69380,0
69384,0
69385,0
69386,0
69387,0
69392,0
69393,0
69395,1
69396,1
69400,0
69401,0
69402,0
69403,0
69406,0
69408,0
69409,0
69410,0
69413,0
69415,0
69418,0
69420,0
69421,0
69423,0
69425,0
69426,0
69428,0
69429,0
69430,0
69432,0
69435,0
69438,0
69439,0
69440,0
69442,0
69443,1
69444,0
69445,0
69448,0
69449,0
69451,0
69453,0
69454,0
69455,0
69456,0
69457,0
69458,0
69459,0
69460,0
69463,0
69464,0
69465,0
69466,0
69467,0
69470,0
69473,0
69474,1
69475,0
69480,0
69483,0
69485,0
69486,0
69487,0
69488,0
69489,0
69490,1
69492,0
69494,0
69497,0
69500,0
69501,0
69502,0
69503,1
69504,0
69508,0
69511,0
69512,0
69513,0
69514,0
69515,0
69516,0
69518,0
69519,0
69521,0
69522,0
69523,0
69524,0
69527,0
69528,0
69532,1
69533,0
69534,0
69539,0
69540,0
69542,0
69544,0
69545,0
69546,0
69550,0
69552,0
69555,0
69557,0
69558,0
69559,0
69561,0
69562,0
69563,0
69564,0
69566,0
69567,0
69568,0
69569,0
69570,0
69572,1
69573,0
69575,0
69576,0
69577,0
69581,0
69582,0
69583,0
69585,0
69586,0
69594,0
69598,0
69599,0
69600,0
69601,0
69602,0
69604,0
69605,0
69607,0
69608,0
69610,0
69611,0
69613,0
69614,0
69616,0
69617,0
69618,1
69619,0
69620,0
69622,0
69626,0
69627,1
69628,0
69630,0
69631,1
69632,0
69634,0
69637,0
69640,0
69641,0
69643,0
69645,0
69646,0
69647,0
69651,0
69653,0
69654,0
69657,0
69660,0
69662,0
69663,0
69665,0
69668,0
69670,0
69671,0
69673,0
69675,0
69678,0
69681,0
69682,0
69685,0
69686,0
69687,0
69690,0
69691,0
69692,0
69694,0
69695,0
69696,1
69698,0
69700,0
69701,0
69708,0
69711,0
69712,0
69713,0
69716,0
69717,0
69718,0
69719,0
69720,0
69724,0
69725,1
69727,0
69731,0
69735,0
69736,0
69737,0
69738,0
69739,0
69741,0
69742,0
69744,0
69746,0
69747,0
69748,0
69749,0
69750,0
69752,0
69754,0
69755,0
69760,0
69763,0
69764,0
69765,1
69766,0
69767,0
69769,0
69770,1
69773,0
69775,0
69778,0
69779,0
69780,0
69781,0
69782,0
69785,0
69786,0
69789,0
69794,0
69795,0
69798,0
69799,0
69801,1
69803,0
69806,0
69807,0
69808,0
69809,0
69810,0
69816,0
69817,0
69818,0
69819,0
69820,0
69824,0
69825,0
69826,0
69829,0
69830,0
69831,0
69833,0
69835,0
69838,0
69843,1
69844,0
69845,0
69848,0
69849,1
69852,0
69853,0
69854,0
69856,0
69857,0
69858,0
69859,0
69860,1
69861,0
69862,0
69865,0
69868,0
69869,0
69870,0
69872,0
69873,0
69874,0
69875,0
69876,1
69877,0
69878,0
69881,0
69883,0
69887,0
69888,0
69889,0
69890,0
69892,0
69893,0
69894,0
69898,0
69899,0
69901,0
69903,0
69905,0
69907,0
69908,0
69909,0
69910,0
69913,0
69915,0
69916,0
69920,0
69921,0
69922,0
69923,1
69925,0
69926,0
69932,0
69933,0
69934,0
69935,0
69936,0
69938,0
69939,0
69940,0
69941,0
69942,0
69946,0
69948,0
69949,0
69950,1
69951,1
69953,0
69954,0
69956,0
69957,0
69958,0
69959,0
69963,0
69964,0
69965,0
69968,0
69969,0
69970,0
69972,1
69973,0
69974,0
69976,0
69977,0
69978,0
69979,0
69982,0
69983,0
69985,0
69987,0
69989,0
69990,0
69992,0
69994,0
69996,0
69998,0
69999,1
70000,0
70003,0
70005,0
70006,0
70007,0
70008,0
70009,0
70010,0
70011,0
70013,1
70016,0
70017,0
70018,0
70019,0
70020,0
70021,0
70022,0
70023,0
70026,0
70030,0
70031,0
70037,0
70038,0
70039,0
70040,0
70046,0
70048,0
70051,0
70052,1
70053,0
70054,0
70055,0
70057,0
70058,1
70060,0
70062,0
70063,0
70064,1
70065,0
70068,0
70070,0
70072,0
70073,0
70074,0
70077,0
70078,0
70079,1
70081,0
70084,0
70086,0
70089,0
70090,0
70092,0
70093,0
70096,0
70097,0
70098,0
70099,0
70100,0
70104,0
70105,0
70106,0
70108,0
70111,1
70112,0
70114,0
70115,0
70117,0
70120,0
70121,0
70122,0
70123,0
70125,0
70126,0
70127,0
70128,1
70129,0
70130,0
70131,0
70132,0
70133,0
70134,0
70136,0
70137,1
70139,0
70140,0
70141,0
70142,0
70144,0
70145,0
70146,0
70147,0
70148,0
70150,1
70151,0
70152,1
70153,0
70154,0
70157,1
70158,0
70159,0
70161,0
70165,0
70167,0
70168,0
70170,0
70171,0
70172,0
70175,0
70176,0
70177,0
70179,0
70181,1
70184,1
70185,0
70186,0
70190,0
70191,0
70192,0
70194,0
70195,1
70198,0
70199,0
70200,0
70201,0
70202,0
70203,0
70205,0
70206,0
70210,0
70214,0
70215,0
70216,0
70217,0
70220,0
70221,1
70222,0
70223,0
70225,0
70226,0
70227,0
70229,0
70231,0
70232,0
70234,0
70235,0
70236,0
70237,0
70241,0
70246,0
70247,0
70249,0
70250,0
70251,0
70252,0
70254,0
70257,1
70258,0
70261,0
70262,0
70263,0
70265,0
70267,0
70268,1
70269,0
70270,0
70271,0
70272,0
70273,0
70274,0
70275,0
70277,0
70280,0
70281,0
70283,0
70287,0
70288,0
70289,0
70290,1
70292,0
70293,1
70294,0
70296,0
70300,0
70302,0
70303,0
70304,0
70306,0
70308,0
70309,0
70314,0
70315,0
70317,0
70319,0
70321,0
70322,0
70323,0
70324,0
70325,0
70327,1
70331,0
70333,0
70335,0
70339,0
70340,0
70341,0
70344,0
70345,0
70348,0
70351,1
70355,0
70357,0
70358,0
70359,0
70360,0
70362,0
70363,0
70364,0
70368,0
70370,0
70371,0
70373,0
70374,0
70375,0
70377,0
70378,0
70380,1
70383,0
70384,0
70387,0
70388,0
70389,0
70391,0
70393,1
70397,0
70401,0
70404,0
70405,0
70406,0
70407,0
70408,0
70411,0
70412,0
70414,0
70415,0
70416,0
70420,0
70422,0
70427,0
70428,1
70433,0
70435,0
70436,0
70439,0
70441,0
70444,0
70445,0
70447,0
70448,0
70450,0
70451,0
70454,0
70455,1
70456,1
70458,0
70460,0
70461,0
70463,0
70464,0
70465,0
70466,0
70468,0
70469,0
70470,0
70476,0
70477,0
70482,0
70484,0
70485,0
70487,0
70489,0
70491,0
70493,0
70496,0
70497,0
70500,0
70501,0
70502,0
70504,0
70505,0
70509,0
70510,0
70512,0
70517,0
70518,0
70519,0
70521,0
70524,0
70527,0
70528,0
70531,0
70534,0
70535,0
70536,1
70538,0
70540,0
70542,1
70543,0
70545,0
70546,1
70547,0
70549,0
70551,0
70555,0
70557,1
70559,0
70560,0
70562,0
70564,0
70565,0
70567,0
70569,0
70570,0
70572,0
70573,0
70574,0
70577,0
70578,0
70579,0
70583,0
70584,0
70587,0
70589,0
70591,0
70594,0
70600,0
70601,1
70602,0
70605,1
70606,0
70607,0
70608,0
70609,0
70611,0
70613,0
70616,0
70617,0
70618,0
70619,1
70621,0
70623,0
70624,0
70625,0
70626,0
70629,0
70632,0
70634,0
70636,0
70639,1
70640,0
70642,0
70644,0
70650,0
70651,1
70652,0
70655,0
70656,0
70657,0
70661,0
70664,0
70669,0
70670,0
70671,0
70672,0
70674,0
70680,0
70684,0
70686,1
70687,0
70688,0
70689,0
70691,0
70692,0
70693,0
70694,1
70696,0
70699,0
70700,0
70703,0
70704,0
70706,0
70707,0
70710,0
70711,0
70712,0
70714,0
70718,0
70719,0
70721,0
70726,0
70731,0
70732,0
70733,0
70736,0
70737,0
70738,0
70739,0
70740,0
70741,0
70745,0
70746,0
70747,0
70748,0
70749,1
70751,1
70754,0
70756,0
70768,0
70772,0
70774,0
70778,0
70780,0
70781,0
70783,0
70785,0
70786,0
70787,0
70788,0
70789,0
70790,0
70791,0
70793,0
70794,0
70795,0
70796,0
70797,0
70799,0
70801,0
70802,0
70807,1
70808,0
70809,0
70811,1
70813,1
70814,0
70819,0
70821,0
70822,0
70826,0
70828,0
70830,0
70831,1
70834,0
70835,0
70839,0
70840,0
70841,0
70843,0
70844,0
70848,0
70850,0
70851,0
70852,0
70853,0
70855,0
70857,0
70860,0
70861,0
70862,0
70863,0
70865,1
70866,0
70867,0
70868,0
70869,0
70870,0
70871,0
70873,0
70875,0
70876,0
70880,1
70881,0
70882,0
70884,0
70885,0
70886,0
70887,0
70889,0
70890,0
70891,0
70896,0
70898,0
70899,0
70901,0
70902,0
70906,0
70907,0
70909,0
70910,0
70911,0
70917,0
70920,1
70921,0
70923,0
70924,0
70927,0
70929,0
70930,1
70931,0
70933,0
70934,0
70938,1
70940,0
70942,0
70943,0
70947,0
70949,0
70951,0
70953,0
70955,0
70956,0
70959,0
70962,0
70963,0
70965,0
70966,0
70968,0
70969,0
70972,0
70973,0
70975,0
70979,0
70981,0
70982,0
70983,0
70984,0
70985,0
70988,0
70989,0
70990,0
70991,0
70992,0
70993,0
70994,0
70995,0
70997,0
70999,0
71001,0
71002,0
71003,0
71004,0
71006,0
71007,0
71008,0
71009,1
71012,0
71013,0
71014,0
71018,0
71021,1
71022,0
71024,0
71028,0
71030,0
71031,0
71034,0
71037,0
71039,0
71040,0
71041,0
71042,0
71043,0
71047,0
71049,0
71051,0
71052,0
71053,0
71055,0
71056,1
71057,0
71063,0
71064,0
71065,0
71066,0
71067,0
71069,0
71070,0
71075,0
71077,0
71078,0
71079,0
71080,0
71082,0
71083,0
71084,1
71085,0
71088,0
71090,0
71091,0
71092,0
71094,0
71095,0
71099,0
71100,0
71101,0
71102,0
71103,0
71105,0
71106,0
71109,0
71110,0
71111,0
71114,0
71117,1
71121,0
71123,0
71125,0
71127,0
71129,0
71130,0
71131,0
71135,1
71138,1
71139,1
71140,0
71144,0
71145,0
71148,0
71150,0
71152,0
71155,0
71157,0
71159,0
71161,1
71162,0
71163,0
71166,0
71167,0
71171,0
71172,0
71174,0
71175,0
71176,0
71178,0
71179,0
71181,1
71185,0
71188,0
71190,0
71192,0
71197,0
71198,0
71199,0
71200,0
71201,0
71204,0
71206,1
71207,0
71209,0
71211,1
71215,0
71217,0
71218,0
71219,0
71220,0
71225,0
71226,0
71227,0
71228,1
71229,0
71230,0
71232,0
71233,0
71235,0
71238,0
71239,0
71242,0
71243,0
71244,0
71245,0
71247,0
71248,0
71250,1
71254,0
71255,0
71256,0
71257,1
71258,0
71259,0
71260,0
71261,0
71263,0
71264,0
71265,0
71267,0
71268,1
71271,0
71272,1
71276,0
71278,0
71279,0
71280,0
71282,0
71284,0
71287,0
71288,0
71290,1
71292,0
71293,0
71294,0
71295,0
71296,1
71297,0
71299,0
71301,1
71303,0
71304,0
71305,1
71306,0
71307,0
71308,0
71310,0
71311,0
71312,0
71313,0
71316,0
71319,0
71321,1
71323,0
71324,0
71326,0
71327,0
71328,0
71329,0
71330,0
71331,0
71332,0
71333,0
71334,0
71336,0
71341,0
71344,0
71345,0
71347,0
71348,0
71350,1
71351,0
71352,0
71353,0
71355,0
71359,0
71361,0
71362,0
71364,0
71365,0
71366,0
71369,0
71371,1
71372,0
71373,0
71374,0
71377,0
71379,0
71381,0
71382,1
71383,0
71385,0
71388,0
71390,0
71391,1
71393,0
71394,0
71396,0
71398,0
71399,0
71400,0
71401,0
71403,0
71405,0
71406,0
71407,0
71408,0
71410,0
71412,0
71414,0
71417,0
71418,0
71420,0
71422,0
71424,0
71427,0
71428,0
71429,0
71430,0
71431,0
71434,0
71435,0
71437,0
71438,0
71439,0
71441,0
71442,0
71444,0
71450,0
71452,0
71453,0
71455,0
71457,0
71458,0
71460,0
71461,0
71462,0
71463,0
71464,0
71466,0
71470,0
71471,0
71474,0
71475,0
71476,0
71477,0
71478,0
71480,0
71484,1
71485,0
71487,1
71490,0
71491,0
71494,1
71495,0
71499,0
71500,0
71501,0
71502,0
71503,0
71505,0
71508,0
71509,0
71510,0
71512,1
71514,0
71515,0
71516,0
71517,0
71520,0
71521,0
71522,0
71523,0
71524,0
71525,0
71528,0
71530,0
71533,0
71534,0
71535,0
71536,0
71538,0
71540,0
71541,0
71542,0
71546,0
71547,0
71549,0
71552,0
71553,0
71554,0
71556,0
71557,0
71559,0
71560,0
71561,0
71563,0
71565,0
71570,1
71571,0
71572,1
71573,0
71574,0
71576,0
71577,0
71579,0
71581,1
71582,0
71585,0
71586,0
71587,0
71588,0
71590,0
71591,0
71593,0
71594,0
71595,0
71602,0
71603,0
71604,0
71605,0
71606,0
71609,0
71611,0
71616,0
71617,0
71618,1
71619,0
71620,0
71621,0
71622,1
71624,0
71629,0
71630,0
71632,0
71634,0
71636,0
71637,0
71641,0
71644,0
71646,0
71647,0
71648,0
71649,0
71650,0
71653,0
71655,0
71658,0
71660,0
71661,0
71662,0
71663,0
71664,0
71666,0
71670,0
71671,0
71673,0
71675,0
71676,0
71677,0
71684,0
71686,0
71688,0
71691,0
71692,0
71693,0
71696,0
71699,0
71701,0
71702,0
71704,0
71705,0
71706,0
71707,0
71708,0
71710,0
71712,0
71713,1
71714,1
71716,0
71720,0
71721,0
71722,0
71723,0
71724,0
71725,0
71727,0
71728,0
71732,0
71735,0
71738,0
71739,0
71740,0
71741,0
71746,0
71747,0
71750,1
71752,0
71754,0
71755,0
71756,0
71757,0
71758,0
71759,1
71760,0
71761,0
71762,0
71765,0
71767,0
71768,0
71769,0
71770,0
71772,0
71773,0
71774,0
71776,0
71777,0
71778,0
71779,0
71783,0
71784,0
71785,0
71786,0
71787,1
71791,0
71793,0
71795,0
71796,0
71797,0
71798,0
71799,0
71800,0
71802,0
71803,0
71804,0
71805,0
71806,0
71807,0
71809,0
71811,0
71812,0
71813,0
71815,1
71816,0
71818,0
71819,0
71821,0
71824,0
71825,0
71826,0
71827,0
71828,0
71829,0
71833,0
71834,1
71835,0
71836,0
71837,0
71838,0
71840,1
71841,0
71843,0
71844,0
71847,0
71848,0
71849,1
71851,0
71852,1
71854,0
71855,0
71856,0
71858,0
71859,0
71860,0
71861,0
71862,0
71863,0
71864,0
71867,1
71869,0
71871,1
71874,0
71875,0
71876,0
71877,0
71879,0
71885,0
71887,0
71888,1
71891,0
71892,0
71894,0
71896,0
71897,1
71898,0
71899,0
71903,0
71905,0
71906,0
71910,0
71914,0
71915,0
71917,0
71921,0
71923,0
71925,0
71926,1
71927,1
71928,0
71939,0
71942,0
71943,0
71944,0
71947,0
71951,0
71952,1
71954,0
71955,0
71958,0
71959,0
71962,0
71963,0
71965,0
71966,0
71967,0
71968,0
71969,0
71970,1
71971,0
71975,1
71976,0
71977,0
71978,0
71979,0
71980,0
71981,0
71982,0
71983,0
71989,0
71993,0
71994,0
71995,0
71997,0
72000,0
72001,0
72002,0
72004,1
72005,0
72006,0
72007,0
72009,1
72012,0
72013,1
72014,1
72015,0
72016,0
72018,0
72021,0
72022,1
72025,0
72026,0
72027,0
72034,0
72038,0
72040,0
72041,0
72043,0
72044,0
72045,0
72046,0
72047,0
72048,1
72051,0
72052,0
72054,0
72057,0
72058,0
72059,0
72060,0
72061,0
72066,0
72067,0
72069,0
72070,0
72074,0
72077,0
72078,0
72084,0
72085,0
72086,0
72088,0
72089,0
72091,0
72093,0
72094,0
72096,0
72098,0
72099,0
72100,0
72102,0
72103,0
72104,0
72105,0
72106,0
72107,0
72109,0
72110,0
72114,0
72115,0
72120,1
72122,0
72123,0
72127,0
72129,0
72132,0
72137,0
72138,0
72140,0
72141,0
72142,0
72143,0
72145,1
72146,0
72147,1
72148,0
72149,0
72150,1
72151,0
72152,0
72153,0
72154,0
72155,1
72159,0
72160,0
72162,0
72164,0
72168,0
72170,0
72171,0
72173,0
72174,0
72178,0
72179,0
72180,0
72181,0
72183,0
72184,0
72185,0
72186,0
72187,0
72190,0
72192,0
72194,0
72196,0
72197,0
72198,0
72199,1
72201,0
72205,0
72209,0
72210,1
72213,0
72214,0
72215,0
72216,0
72217,0
72218,0
72220,0
72221,1
72222,0
72224,0
72226,0
72227,0
72228,0
72231,0
72232,0
72234,0
72235,0
72236,0
72237,0
72239,0
72241,0
72243,0
72245,0
72248,0
72249,1
72252,0
72253,0
72254,0
72255,0
72256,0
72257,0
72258,0
72259,0
72261,0
72265,0
72266,0
72267,0
72271,0
72272,0
72273,0
72274,0
72275,0
72277,0
72280,0
72281,0
72282,0
72283,0
72284,0
72286,0
72290,0
72292,0
72294,0
72295,1
72296,0
72298,0
72299,0
72302,0
72303,0
72304,0
72305,0
72306,0
72308,0
72309,0
72311,0
72312,0
72313,0
72314,0
72316,0
72317,0
72320,0
72323,0
72324,0
72327,0
72328,0
72332,0
72333,0
72339,0
72341,0
72342,0
72344,0
72346,0
72348,0
72349,0
72350,1
72352,0
72353,0
72356,0
72357,0
72361,0
72362,0
72363,0
72364,0
72367,0
72369,0
72370,0
72371,0
72373,0
72374,0
72377,0
72378,0
72380,0
72381,0
72383,0
72385,0
72388,0
72389,0
72393,0
72394,0
72395,0
72397,0
72398,0
72399,0
72402,0
72404,0
72407,0
72408,0
72409,0
72410,1
72412,0
72413,0
72414,0
72416,0
72417,1
72419,0
72420,0
72422,0
72424,0
72425,0
72426,0
72431,0
72432,1
72436,0
72438,0
72440,0
72442,0
72444,0
72446,0
72447,0
72448,0
72449,0
72452,0
72453,0
72455,1
72456,0
72458,0
72459,0
72462,0
72463,0
72464,0
72465,0
72467,0
72468,0
72470,0
72471,1
72474,0
72475,0
72476,0
72478,0
72479,0
72481,0
72483,0
72485,0
72486,0
72489,0
72495,0
72496,0
72499,0
72500,0
72501,0
72502,0
72505,1
72506,0
72509,0
72514,0
72515,0
72518,0
72519,0
72520,0
72521,1
72522,0
72523,0
72527,0
72528,0
72529,0
72530,0
72531,0
72532,0
72533,0
72535,0
72536,1
72538,0
72539,0
72542,0
72543,0
72550,0
72551,0
72552,1
72554,0
72556,0
72557,0
72558,0
72559,0
72560,0
72563,1
72565,0
72568,0
72569,1
72571,0
72572,1
72573,0
72574,0
72575,1
72577,0
72578,0
72579,1
72581,0
72583,0
72584,0
72586,0
72590,0
72592,0
72593,0
72595,1
72596,0
72597,0
72599,0
72602,0
72603,0
72608,0
72610,1
72611,0
72613,0
72615,0
72616,1
72621,0
72623,0
72624,0
72626,0
72628,0
72629,0
72631,0
72632,0
72633,0
72634,0
72635,0
72636,1
72637,0
72638,0
72640,0
72641,0
72642,0
72644,0
72645,0
72649,0
72651,1
72652,0
72654,0
72655,0
72656,0
72660,0
72664,0
72666,0
72670,0
72673,0
72675,0
72677,0
72678,0
72679,0
72680,0
72681,0
72683,0
72685,0
72686,1
72689,0
72691,0
72692,0
72693,0
72694,0
72695,0
72698,0
72699,0
72703,0
72704,0
72705,0
72706,0
72710,0
72712,0
72714,0
72718,0
72720,0
72721,0
72722,0
72729,1
72731,0
72732,0
72735,0
72738,0
72740,0
72741,0
72743,0
72744,0
72745,0
72746,1
72747,0
72748,0
72753,0
72756,0
72758,0
72759,0
72760,0
72763,1
72764,1
72766,0
72767,0
72768,0
72769,0
72770,0
72773,0
72775,1
72776,0
72777,0
72778,0
72780,0
72781,0
72782,0
72783,0
72785,0
72786,0
72788,0
72789,0
72790,0
72792,0
72793,0
72795,0
72797,0
72798,0
72799,0
72800,1
72801,0
72802,1
72803,0
72804,0
72805,0
72812,0
72813,0
72815,0
72816,0
72817,1
72820,0
72821,0
72822,0
72825,0
72828,0
72829,1
72830,0
72831,0
72832,0
72833,0
72835,1
72836,0
72837,0
72838,0
72849,0
72850,0
72852,0
72853,0
72855,0
72856,0
72858,1
72859,0
72860,0
72861,0
72862,0
72863,0
72864,0
72865,0
72866,0
72867,0
72869,0
72870,0
72871,0
72872,1
72873,0
72875,0
72876,0
72878,1
72879,0
72880,0
72884,1
72886,0
72887,0
72888,1
72891,0
72892,0
72893,0
72895,0
72896,0
72898,0
72899,0
72904,0
72905,0
72907,1
72909,0
72910,0
72912,0
72913,0
72914,0
72918,0
72922,1
72923,0
72924,0
72927,1
72929,0
72930,0
72932,0
72933,0
72935,0
72936,0
72937,0
72939,0
72941,0
72942,0
72943,0
72944,0
72945,0
72946,0
72948,0
72950,0
72952,1
72953,0
72954,1
72956,0
72958,0
72960,0
72963,0
72964,0
72969,1
72971,0
72973,0
72974,0
72978,0
72979,0
72981,0
72982,0
72987,0
72989,0
72990,0
72991,0
72992,0
72993,0
72994,0
72995,0
72996,0
72997,0
72998,0
73001,1
73002,1
73003,0
73004,0
73007,0
73008,0
73010,0
73012,1
73015,0
73016,0
73017,0
73019,1
73022,0
73024,0
73025,0
73026,0
73028,0
73030,0
73031,0
73032,0
73033,0
73035,0
73036,0
73037,0
73038,0
73040,0
73042,0
73043,0
73044,0
73049,0
73050,1
73052,0
73058,0
73060,0
73061,0
73062,0
73066,0
73068,0
73069,0
73070,0
73072,0
73073,0
73074,0
73076,0
73077,1
73081,0
73082,1
73084,0
73085,0
73087,0
73090,0
73094,0
73095,0
73096,0
73098,0
73103,0
73105,0
73107,0
73108,0
73110,1
73113,0
73114,0
73115,0
73116,0
73117,0
73118,0
73122,1
73125,0
73126,0
73128,1
73129,0
73131,1
73132,1
73133,0
73134,1
73135,0
73136,1
73137,0
73138,0
73141,0
73142,0
73143,0
73144,0
73150,0
73152,0
73154,0
73155,0
73156,0
73159,1
73160,0
73161,0
73162,0
73163,0
73166,0
73167,0
73168,1
73171,1
73172,0
73179,0
73180,0
73181,0
73183,0
73188,0
73191,0
73193,0
73195,0
73198,0
73199,0
73200,0
73201,0
73204,0
73206,0
73207,0
73208,0
73209,0
73210,0
73211,0
73212,0
73214,0
73216,0
73217,0
73219,0
73220,0
73223,1
73225,1
73227,0
73228,0
73230,1
73231,0
73233,0
73234,0
73237,0
73238,0
73240,1
73241,0
73244,0
73245,0
73252,0
73253,0
73256,0
73257,0
73258,0
73264,0
73265,0
73266,1
73269,1
73270,0
73271,0
73272,0
73274,0
73275,0
73280,0
73281,0
73283,0
73284,0
73286,0
73287,0
73288,0
73291,0
73292,0
73293,0
73294,0
73295,1
73296,0
73297,0
73298,0
73301,0
73303,0
73304,0
73307,1
73311,0
73313,0
73314,0
73315,0
73316,0
73317,0
73318,0
73321,0
73322,0
73323,0
73324,0
73326,0
73327,0
73330,0
73334,0
73335,0
73337,0
73338,1
73339,0
73341,0
73342,0
73344,0
73350,0
73353,0
73354,0
73358,0
73359,0
73360,0
73361,0
73363,0
73367,0
73369,0
73373,0
73374,1
73375,0
73376,0
73377,0
73378,0
73379,0
73382,0
73385,0
73387,0
73390,0
73392,0
73393,1
73394,0
73395,0
73396,0
73397,1
73400,0
73401,0
73404,0
73405,0
73407,0
73411,1
73412,0
73413,1
73417,0
73418,0
73419,0
73421,0
73423,0
73426,0
73427,1
73429,0
73431,0
73432,1
73434,0
73436,0
73437,0
73438,0
73439,0
73441,0
73442,0
73443,0
73445,0
73446,0
73447,0
73448,0
73449,0
73450,1
73451,0
73453,0
73454,0
73458,0
73459,0
73460,0
73463,0
73464,1
73465,0
73466,0
73467,0
73468,0
73469,1
73471,0
73474,0
73475,0
73476,0
73477,1
73479,0
73481,0
73483,1
73484,0
73485,0
73486,0
73488,0
73489,0
73490,0
73493,0
73494,1
73495,1
73496,0
73497,0
73499,0
73500,0
73501,0
73502,0
73505,0
73508,0
73509,0
73511,0
73512,0
73514,0
73515,0
73516,0
73520,0
73522,0
73524,0
73525,1
73526,0
73527,1
73529,0
73530,0
73533,1
73534,0
73535,0
73540,0
73541,0
73542,0
73543,0
73544,0
73545,0
73548,0
73551,1
73552,0
73556,0
73561,0
73564,0
73565,0
73566,0
73567,0
73575,0
73576,1
73578,0
73579,0
73581,0
73582,0
73585,0
73586,0
73589,0
73592,0
73594,0
73595,0
73598,0
73599,1
73600,0
73601,0
73603,0
73604,0
73606,1
73610,0
73612,0
73613,0
73618,0
73619,0
73623,0
73624,0
73625,0
73629,0
73632,1
73633,0
73634,0
73635,0
73636,1
73637,0
73638,0
73639,0
73640,0
73643,0
73644,0
73645,0
73646,0
73648,0
73651,1
73654,0
73655,0
73656,0
73658,0
73660,0
73661,1
73663,0
73668,0
73669,0
73670,0
73671,0
73672,0
73674,0
73675,1
73676,0
73677,0
73679,0
73680,0
73681,0
73682,0
73684,0
73685,0
73686,0
73688,0
73689,0
73690,0
73691,1
73693,0
73696,0
73697,0
73698,1
73699,0
73700,0
73703,0
73704,0
73706,0
73710,0
73712,0
73713,0
73716,1
73717,0
73722,0
73723,0
73724,0
73726,0
73729,0
73731,0
73733,0
73735,0
73736,0
73738,0
73739,0
73740,0
73741,0
73742,0
73745,0
73747,0
73749,0
73750,0
73752,1
73756,0
73758,0
73760,0
73761,0
73762,0
73765,1
73767,0
73768,0
73770,0
73771,0
73773,0
73777,0
73780,0
73782,0
73785,0
73786,0
73787,0
73788,0
73789,0
73791,1
73793,0
73795,0
73799,0
73800,0
73802,0
73803,0
73804,0
73810,0
73811,0
73816,0
73818,0
73819,0
73820,0
73825,1
73826,0
73827,0
73828,0
73829,0
73831,0
73832,1
73833,0
73834,0
73835,0
73836,0
73837,0
73838,0
73839,0
73841,0
73843,1
73844,0
73852,0
73853,0
73855,0
73856,0
73858,0
73860,0
73863,0
73864,0
73865,0
73866,0
73867,0
73868,0
73869,1
73870,0
73871,0
73873,0
73874,0
73876,0
73878,0
73879,0
73881,1
73883,0
73884,0
73889,0
73890,0
73892,0
73893,0
73894,0
73895,1
73896,0
73898,0
73899,0
73900,0
73901,0
73903,0
73904,0
73907,0
73908,1
73909,0
73910,0
73916,0
73919,0
73921,0
73922,0
73923,0
73924,0
73925,0
73926,0
73928,0
73929,0
73930,1
73934,0
73939,0
73941,0
73945,0
73946,0
73948,0
73949,0
73950,0
73951,0
73952,0
73953,0
73954,0
73955,0
73956,0
73958,1
73962,0
73963,0
73965,0
73966,0
73969,0
73970,0
73971,0
73972,0
73973,0
73975,1
73978,0
73980,0
73982,0
73984,0
73986,0
73987,0
73988,0
73990,0
73993,0
73994,0
73999,0
74000,0
74001,0
74002,0
74003,0
74004,0
74008,0
74011,0
74012,0
74013,0
74014,0
74016,0
74017,0
74018,1
74021,0
74022,0
74024,0
74026,0
74027,0
74028,0
74029,0
74031,1
74032,0
74034,0
74035,0
74036,0
74037,0
74038,0
74041,0
74042,0
74043,0
74044,0
74048,0
74050,1
74052,0
74053,0
74055,1
74056,0
74060,0
74061,0
74063,0
74064,0
74067,0
74068,0
74072,0
74073,1
74080,0
74082,1
74083,0
74084,0
74085,0
74087,0
74088,0
74090,0
74094,0
74095,0
74099,0
74103,0
74104,1
74106,1
74107,0
74111,0
74113,0
74115,0
74119,0
74120,0
74121,0
74122,0
74123,0
74124,0
74125,0
74126,0
74131,0
74134,0
74135,1
74136,0
74139,1
74140,0
74141,0
74143,0
74144,0
74145,0
74146,0
74147,0
74150,0
74151,1
74152,0
74153,0
74155,0
74157,0
74158,0
74159,0
74161,0
74165,0
74166,0
74167,0
74169,0
74170,0
74175,0
74176,0
74177,0
74179,0
74180,1
74182,0
74183,0
74184,0
74185,1
74186,1
74187,0
74189,0
74191,1
74193,0
74195,0
74196,0
74198,0
74199,0
74205,0
74207,0
74208,0
74209,0
74210,0
74214,0
74218,0
74219,0
74220,0
74221,0
74222,0
74223,0
74225,0
74226,0
74227,0
74229,0
74230,0
74232,0
74233,0
74238,0
74239,0
74240,0
74245,0
74246,0
74247,0
74248,1
74249,0
74250,0
74254,0
74255,0
74256,0
74257,0
74260,0
74263,0
74264,0
74265,0
74266,0
74267,0
74269,0
74270,0
74275,0
74278,0
74279,0
74283,0
74284,0
74285,0
74286,1
74288,0
74290,0
74291,0
74294,0
74295,0
74296,0
74297,0
74298,0
74302,0
74303,0
74304,0
74306,1
74307,0
74308,1
74313,0
74314,0
74317,1
74318,1
74319,0
74320,0
74321,0
74322,1
74323,0
74325,0
74326,0
74327,0
74328,0
74329,1
74332,0
74333,0
74334,0
74336,0
74338,0
74340,0
74341,0
74344,0
74347,0
74348,0
74350,0
74352,0
74353,1
74354,0
74355,0
74356,0
74359,0
74364,0
74365,0
74366,0
74368,0
74369,0
74370,0
74371,1
74372,0
74376,0
74377,0
74380,0
74381,0
74383,0
74384,0
74385,0
74388,0
74391,0
74392,0
74393,0
74395,0
74397,0
74398,0
74399,0
74400,0
74401,0
74403,0
74404,0
74406,1
74408,0
74410,0
74412,0
74413,0
74414,0
74416,0
74418,0
74419,0
74425,0
74430,1
74431,0
74432,0
74433,0
74434,0
74438,0
74440,0
74441,0
74442,0
74443,1
74444,0
74446,0
74448,0
74451,0
74452,0
74453,0
74454,0
74457,0
74458,0
74459,0
74460,0
74461,0
74462,0
74465,0
74466,0
74467,0
74468,0
74469,0
74471,0
74477,0
74483,0
74485,0
74486,0
74488,0
74489,0
74493,0
74494,0
74495,0
74496,0
74497,0
74498,0
74500,0
74503,0
74506,0
74508,0
74509,1
74510,0
74514,0
74515,0
74517,0
74518,0
74519,0
74520,0
74521,0
74522,0
74523,0
74524,0
74525,0
74526,0
74528,0
74529,0
74533,0
74536,0
74540,0
74541,0
74542,1
74544,0
74545,0
74547,0
74550,0
74553,0
74554,0
74555,0
74556,0
74557,0
74562,1
74563,0
74564,0
74569,0
74571,0
74573,0
74576,0
74580,0
74581,1
74583,0
74586,0
74587,0
74588,0
74590,0
74591,0
74594,0
74595,1
74596,0
74598,0
74600,0
74604,0
74611,0
74613,0
74615,0
74616,0
74617,0
74618,0
74621,0
74623,0
74625,0
74629,0
74631,0
74632,0
74633,0
74634,0
74635,1
74636,0
74637,0
74638,0
74640,0
74641,0
74643,0
74644,0
74647,0
74649,0
74656,0
74657,0
74658,0
74660,0
74662,0
74663,0
74665,0
74666,0
74667,0
74668,0
74669,0
74673,0
74674,0
74677,0
74678,0
74681,0
74682,1
74683,0
74686,0
74687,0
74689,0
74691,0
74692,0
74693,0
74694,0
74695,0
74696,0
74697,0
74699,0
74701,0
74707,0
74708,0
74709,1
74710,0
74711,1
74712,0
74715,0
74716,0
74717,0
74718,0
74719,0
74721,1
74723,0
74724,0
74728,0
74731,0
74734,0
74735,0
74736,0
74737,0
74738,0
74739,0
74740,1
74741,0
74743,0
74744,0
74745,0
74746,0
74748,0
74752,0
74753,0
74754,0
74756,0
74757,0
74759,0
74760,0
74762,0
74763,0
74764,0
74765,0
74769,0
74770,0
74771,0
74772,0
74773,0
74774,0
74775,0
74777,0
74778,0
74779,0
74780,0
74781,0
74782,0
74783,0
74785,0
74789,0
74791,0
74792,0
74795,0
74797,0
74798,0
74799,0
74800,0
74802,0
74805,0
74806,0
74807,0
74810,0
74811,0
74813,0
74814,0
74815,0
74817,0
74819,0
74822,0
74824,0
74825,0
74826,0
74829,0
74830,0
74833,0
74834,0
74835,0
74836,1
74837,0
74838,0
74841,0
74842,0
74843,0
74844,0
74845,0
74846,0
74847,1
74851,0
74852,0
74853,0
74854,0
74855,0
74856,0
74859,0
74860,0
74861,0
74867,0
74868,0
74873,0
74876,1
74877,0
74878,0
74879,0
74880,0
74881,0
74882,0
74883,1
74884,0
74887,1
74888,0
74892,0
74894,0
74895,0
74898,0
74901,0
74903,0
74905,0
74908,0
74910,0
74911,0
74914,0
74915,0
74923,0
74927,1
74928,0
74929,0
74930,0
74932,0
74933,0
74936,0
74938,0
74939,0
74940,0
74941,0
74942,0
74943,0
74944,0
74945,0
74946,0
74947,0
74948,0
74949,0
74953,0
74954,0
74956,1
74957,0
74958,0
74960,0
74961,0
74964,0
74965,0
74966,0
74967,0
74969,0
74972,0
74974,0
74976,0
74977,0
74979,0
74980,0
74981,0
74985,0
74986,0
74987,0
74990,0
74993,0
74994,0
74995,0
74996,0
74997,0
74998,1
74999,0
75001,0
75002,0
75004,0
75006,1
75007,0
75008,0
75010,0
75011,0
75012,0
75013,0
75014,0
75015,0
75016,0
75020,0
75021,1
75022,0
75023,0
75024,0
75026,0
75027,0
75028,0
75029,0
75030,0
75031,0
75032,0
75033,0
75034,0
75036,0
75038,0
75041,0
75042,0
75046,0
75047,0
75049,1
75050,0
75053,1
75057,0
75058,0
75060,0
75064,1
75068,0
75069,0
75070,0
75074,0
75075,0
75077,0
75080,1
75081,0
75082,0
75083,0
75084,0
75085,0
75086,0
75089,0
75090,0
75091,0
75092,0
75093,0
75094,0
75095,0
75097,0
75098,0
75099,0
75104,0
75105,0
75106,0
75109,1
75110,0
75111,0
75113,0
75115,0
75116,0
75119,0
75124,0
75125,0
75127,0
75128,0
75129,0
75130,0
75132,1
75134,0
75135,0
75136,1
75137,1
75139,0
75140,0
75145,0
75146,0
75151,0
75152,0
75154,0
75160,1
75161,0
75167,0
75169,0
75170,0
75172,0
75173,0
75174,1
75178,0
75179,0
75180,0
75181,0
75185,0
75186,0
75187,0
75190,0
75194,0
75195,0
75196,0
75198,0
75200,0
75201,0
75203,0
75204,0
75205,0
75207,0
75208,0
75210,0
75211,0
75212,0
75215,0
75218,1
75219,0
75223,0
75225,0
75226,0
75227,0
75229,0
75230,0
75231,0
75232,0
75233,0
75235,0
75238,1
75240,0
75241,0
75242,0
75243,0
75246,0
75247,0
75248,0
75250,0
75252,0
75256,0
75257,0
75262,0
75263,1
75266,0
75268,0
75271,0
75273,0
75276,0
75277,0
75279,0
75283,0
75284,0
75285,0
75286,0
75287,0
75288,0
75289,0
75294,0
75296,0
75297,1
75298,0
75299,0
75301,0
75302,0
75306,0
75307,0
75309,0
75310,0
75312,0
75313,0
75315,0
75317,0
75318,0
75320,1
75321,0
75323,0
75327,0
75328,0
75329,0
75330,0
75331,0
75332,0
75333,0
75334,1
75335,0
75336,0
75337,0
75339,0
75341,0
75342,0
75344,0
75345,0
75346,0
75349,1
75351,0
75354,0
75355,0
75356,0
75358,0
75359,0
75360,0
75361,0
75362,0
75369,0
75370,0
75373,0
75374,0
75376,0
75381,0
75388,0
75390,0
75392,0
75393,1
75394,0
75399,0
75401,0
75403,0
75404,0
75405,0
75407,0
75408,0
75411,0
75413,0
75414,0
75416,0
75417,0
75420,0
75421,0
75422,0
75423,0
75424,0
75427,0
75432,0
75433,0
75435,0
75437,0
75440,0
75443,0
75447,0
75452,0
75453,0
75454,0
75458,0
75459,0
75462,0
75463,0
75465,0
75466,0
75467,0
75469,0
75470,0
75472,0
75473,0
75474,1
75475,0
75476,1
75478,1
75479,0
75481,0
75482,1
75485,0
75487,0
75489,0
75491,0
75494,0
75495,1
75496,0
75497,1
75500,0
75502,0
75504,0
75505,0
75506,0
75507,1
75510,0
75513,0
75514,0
75515,0
75517,0
75518,0
75519,0
75520,0
75522,0
75523,0
75524,0
75526,0
75527,1
75529,0
75531,0
75532,0
75533,0
75535,0
75537,0
75538,0
75539,0
75540,1
75541,0
75543,0
75544,0
75545,0
75546,0
75547,0
75548,0
75549,0
75551,0
75552,0
75555,0
75558,0
75559,0
75560,0
75563,0
75565,0
75567,0
75568,0
75573,0
75574,0
75576,0
75580,0
75582,0
75583,0
75584,0
75585,0
75586,0
75587,0
75588,0
75589,0
75591,0
75592,0
75593,0
75596,0
75597,0
75599,0
75600,0
75601,0
75602,0
75609,0
75610,0
75612,0
75613,0
75617,0
75618,0
75619,0
75623,0
75625,0
75626,0
75628,1
75630,0
75633,1
75636,0
75637,0
75641,0
75642,0
75643,0
75645,0
75648,0
75649,0
75650,0
75651,0
75652,1
75654,0
75655,0
75656,0
75658,0
75659,0
75660,0
75661,0
75663,0
75664,0
75667,0
75669,0
75670,0
75671,0
75672,0
75674,0
75676,0
75678,0
75682,0
75683,0
75684,0
75685,0
75686,0
75687,0
75690,0
75691,0
75692,0
75694,0
75695,0
75697,0
75698,0
75702,0
75703,0
75705,0
75707,0
75708,0
75709,0
75710,0
75711,0
75713,0
75716,0
75717,1
75719,0
75720,0
75721,0
75722,0
75724,0
75725,1
75726,1
75728,0
75729,0
75730,0
75731,0
75732,0
75733,0
75734,0
75736,0
75737,0
75738,0
75744,1
75745,0
75746,1
75747,0
75749,0
75752,0
75753,0
75756,0
75759,0
75761,0
75762,0
75764,0
75765,0
75767,1
75768,0
75773,0
75774,0
75776,0
75778,0
75780,0
75781,0
75782,1
75783,0
75788,0
75789,0
75790,0
75792,0
75795,0
75796,0
75797,1
75798,0
75800,0
75804,1
75806,0
75807,0
75808,0
75809,0
75810,0
75811,0
75815,0
75816,0
75818,0
75820,0
75821,0
75823,0
75825,0
75826,0
75827,0
75828,0
75829,1
75830,0
75831,1
75834,0
75837,1
75838,0
75839,1
75840,0
75842,0
75844,0
75845,0
75848,1
75850,0
75852,0
75853,0
75855,0
75856,0
75857,0
75859,0
75861,0
75862,0
75863,0
75867,0
75868,0
75869,0
75871,0
75873,0
75875,0
75877,0
75878,0
75879,0
75881,0
75882,0
75883,0
75884,0
75891,0
75892,0
75893,0
75894,1
75895,0
75896,1
75899,0
75902,0
75903,1
75904,0
75906,1
75907,0
75908,1
75909,0
75911,1
75913,0
75915,0
75917,0
75918,0
75921,0
75922,0
75923,0
75924,0
75925,0
75926,0
75931,0
75934,1
75935,0
75936,0
75943,0
75944,0
75945,0
75946,0
75948,0
75949,0
75950,0
75951,0
75952,0
75953,0
75954,0
75957,0
75958,0
75959,0
75960,0
75961,0
75962,0
75966,0
75967,0
75968,0
75969,0
75970,0
75971,0
75976,0
75978,0
75979,0
75980,0
75981,0
75982,0
75983,0
75985,0
75986,0
75988,0
75989,0
75991,0
75992,0
75993,0
75994,0
75997,0
75998,0
75999,0
76000,0
76001,0
76006,0
76007,0
76010,0
76012,0
76013,0
76014,0
76015,0
76020,0
76022,0
76024,0
76025,0
76026,0
76032,0
76033,0
76034,0
76035,1
76036,0
76037,0
76038,0
76039,0
76042,1
76043,0
76047,0
76048,0
76050,0
76052,0
76053,0
76057,0
76058,0
76059,1
76062,1
76064,0
76065,0
76066,0
76068,0
76071,0
76072,0
76074,0
76076,0
76077,1
76078,0
76079,0
76080,0
76081,1
76082,0
76083,1
76085,0
76087,0
76088,0
76090,1
76091,0
76093,1
76095,0
76098,0
76099,1
76102,0
76103,0
76104,0
76107,0
76108,0
76109,0
76111,0
76117,0
76120,0
76121,0
76122,0
76123,0
76124,0
76125,0
76126,1
76127,0
76130,0
76131,0
76132,0
76133,0
76134,0
76135,0
76136,0
76142,0
76143,0
76145,0
76147,0
76148,0
76149,0
76150,0
76151,0
76152,0
76153,0
76157,0
76158,0
76161,0
76163,0
76164,0
76167,0
76169,1
76171,0
76173,0
76175,0
76176,0
76177,0
76179,0
76181,0
76183,0
76185,1
76187,0
76188,0
76190,1
76192,0
76193,0
76194,0
76195,0
76196,0
76198,1
76199,0
76200,0
76201,1
76202,0
76204,0
76205,0
76206,0
76208,0
76210,0
76212,0
76214,0
76215,0
76217,0
76218,0
76220,0
76222,0
76224,0
76226,0
76228,0
76230,1
76231,0
76232,0
76236,0
76237,0
76238,0
76239,0
76245,0
76247,0
76251,0
76253,0
76255,0
76257,1
76258,0
76259,0
76260,0
76270,0
76272,0
76273,0
76275,0
76277,0
76280,0
76285,0
76286,0
76288,0
76290,0
76293,0
76296,0
76297,0
76300,0
76301,0
76302,0
76305,0
76306,0
76307,0
76308,0
76310,0
76311,0
76314,0
76315,0
76316,0
76318,0
76319,0
76320,0
76321,0
76322,0
76325,0
76329,0
76330,0
76331,0
76332,0
76334,0
76335,0
76336,0
76338,0
76339,0
76340,0
76343,0
76345,0
76346,0
76347,0
76349,0
76353,0
76356,0
76358,0
76359,0
76360,0
76361,1
76363,0
76366,0
76367,0
76370,0
76371,1
76372,0
76375,0
76376,0
76377,0
76380,0
76381,0
76384,0
76386,0
76389,0
76391,0
76392,0
76393,0
76394,0
76395,0
76396,0
76397,0
76398,0
76399,0
76400,0
76404,0
76407,0
76408,0
76409,0
76410,0
76411,0
76412,0
76415,0
76416,0
76417,0
76418,0
76421,0
76422,0
76424,0
76425,0
76426,0
76429,0
76430,0
76433,0
76434,1
76435,0
76438,0
76439,1
76441,0
76442,0
76443,1
76445,0
76446,0
76447,0
76448,0
76451,0
76452,0
76454,0
76455,0
76456,0
76457,1
76460,0
76462,0
76463,0
76465,0
76466,0
76467,0
76468,0
76469,0
76472,0
76473,0
76474,0
76475,0
76477,0
76479,0
76481,0
76482,0
76483,0
76484,0
76486,0
76487,0
76489,0
76491,1
76493,0
76494,0
76496,0
76497,0
76498,0
76502,0
76503,1
76506,0
76507,0
76508,0
76509,0
76510,0
76511,0
76512,1
76513,0
76514,0
76515,0
76516,0
76517,0
76518,0
76519,0
76520,0
76527,0
76531,0
76533,0
76534,0
76535,0
76536,0
76537,0
76538,0
76539,0
76540,0
76541,1
76542,0
76543,0
76544,0
76545,0
76547,0
76550,0
76552,0
76553,0
76555,0
76556,0
76557,0
76558,0
76560,1
76568,0
76572,0
76573,0
76574,0
76575,0
76577,0
76578,0
76580,0
76582,0
76583,0
76585,0
76588,0
76589,0
76590,0
76592,0
76593,0
76597,0
76598,0
76599,1
76601,0
76602,0
76603,0
76605,0
76606,0
76607,0
76610,0
76611,0
76613,0
76614,0
76615,0
76616,0
76618,0
76619,0
76620,0
76621,0
76623,1
76625,0
76626,0
76628,0
76629,0
76631,0
76634,0
76635,0
76636,0
76638,0
76639,0
76640,0
76642,0
76643,0
76645,0
76646,0
76647,0
76648,0
76650,0
76653,0
76654,0
76655,0
76659,0
76661,0
76662,0
76668,0
76670,0
76672,0
76674,1
76676,0
76677,1
76678,0
76680,0
76682,0
76683,0
76688,0
76689,0
76690,0
76691,0
76692,0
76693,0
76694,0
76695,0
76696,0
76698,0
76700,0
76703,0
76706,1
76712,0
76715,0
76716,0
76717,0
76721,0
76722,0
76723,0
76724,0
76725,0
76726,0
76728,0
76731,0
76732,0
76733,0
76738,0
76740,0
76741,0
76743,0
76744,0
76745,0
76747,0
76748,0
76749,0
76753,0
76754,0
76755,0
76756,0
76757,0
76758,0
76759,0
76760,1
76761,1
76762,0
76763,0
76764,0
76765,0
76768,0
76770,0
76772,0
76773,1
76776,0
76780,0
76781,0
76782,0
76783,0
76784,1
76785,0
76786,0
76787,0
76789,0
76790,0
76793,0
76794,0
76796,0
76797,0
76798,0
76802,0
76803,0
76804,0
76805,0
76806,0
76807,0
76810,0
76811,0
76813,0
76814,0
76816,0
76817,1
76818,0
76819,0
76820,0
76822,0
76824,0
76825,0
76826,0
76827,0
76828,0
76829,0
76830,0
76831,1
76832,0
76833,0
76834,0
76835,0
76836,0
76837,0
76840,0
76842,0
76843,0
76844,0
76845,0
76846,0
76847,0
76851,0
76853,0
76855,0
76857,0
76860,0
76863,0
76867,0
76870,0
76871,0
76875,0
76877,0
76878,0
76879,0
76880,0
76881,0
76882,0
76885,0
76887,0
76888,0
76889,0
76891,0
76892,0
76893,1
76895,0
76898,0
76899,0
76900,0
76901,0
76902,0
76903,0
76907,0
76908,0
76909,0
76914,0
76915,0
76916,0
76917,0
76919,0
76920,0
76923,0
76925,0
76926,0
76928,0
76929,0
76930,0
76932,0
76933,0
76935,1
76936,0
76937,0
76940,0
76941,0
76943,0
76944,0
76945,0
76946,0
76949,0
76950,1
76951,0
76952,0
76953,0
76954,0
76956,0
76957,0
76959,1
76960,0
76961,0
76962,0
76963,0
76967,0
76971,0
76973,0
76974,1
76975,0
76976,0
76977,0
76978,0
76980,0
76981,0
76984,0
76987,0
76988,0
76990,0
76992,0
76993,0
76994,0
76995,0
76996,1
77000,1
77003,0
77004,1
77006,0
77008,0
77009,0
77011,0
77013,0
77014,1
77016,0
77017,0
77019,1
77020,0
77021,1
77022,0
77025,0
77026,0
77027,0
77028,0
77029,0
77032,0
77033,0
77034,0
77035,1
77038,0
77040,0
77041,0
77042,0
77045,0
77046,0
77047,1
77050,0
77052,0
77053,0
77055,0
77058,0
77059,0
77062,0
77063,0
77065,0
77067,0
77068,0
77069,0
77071,0
77073,1
77074,1
77075,0
77076,0
77077,0
77079,0
77081,0
77084,0
77086,0
77088,0
77089,1
77090,0
77091,0
77092,0
77095,0
77098,0
77099,1
77100,0
77101,1
77104,0
77105,0
77107,1
77112,0
77113,1
77116,0
77117,0
77118,0
77120,0
77121,0
77123,0
77126,0
77127,0
77130,0
77131,0
77132,0
77133,0
77138,1
77139,0
77141,0
77142,0
77143,0
77146,0
77147,0
77149,0
77150,0
77153,0
77154,0
77155,0
77156,0
77159,0
77160,0
77162,0
77164,0
77165,1
77166,0
77168,1
77170,0
77173,0
77174,0
77175,0
77176,0
77177,0
77180,0
77182,0
77183,0
77186,0
77188,0
77189,0
77190,0
77191,0
77192,0
77195,0
77198,0
77202,0
77203,0
77204,0
77209,0
77211,0
77212,0
77213,0
77214,0
77215,0
77216,0
77217,1
77220,1
77221,0
77222,0
77223,0
77224,0
77225,0
77226,0
77227,0
77231,0
77232,0
77233,0
77238,0
77239,0
77240,0
77241,0
77242,0
77247,0
77250,0
77251,0
77253,0
77255,1
77256,0
77258,0
77259,0
77260,0
77261,0
77262,0
77264,0
77268,1
77270,0
77272,0
77273,0
77275,0
77276,0
77277,1
77278,0
77279,0
77281,0
77282,1
77289,0
77290,0
77291,0
77292,0
77293,0
77294,0
77295,1
77296,0
77298,0
77301,0
77302,0
77303,0
77304,0
77305,0
77306,0
77307,0
77308,0
77309,0
77310,0
77312,0
77314,0
77316,0
77318,0
77324,1
77325,0
77327,0
77328,0
77329,0
77330,0
77332,0
77333,0
77334,0
77336,0
77337,0
77338,0
77339,0
77340,0
77342,1
77343,0
77346,0
77347,0
77348,1
77350,0
77351,0
77352,0
77353,0
77354,0
77356,0
77357,0
77358,0
77360,1
77361,1
77362,0
77364,0
77365,0
77366,0
77367,0
77370,0
77371,0
77373,1
77374,0
77375,0
77377,0
77382,1
77383,0
77384,0
77387,0
77388,0
77392,0
77394,0
77395,0
77397,0
77398,0
77400,1
77401,0
77406,0
77412,0
77416,0
77417,0
77418,0
77419,0
77423,0
77424,0
77427,0
77429,0
77432,0
77433,0
77436,0
77437,0
77438,0
77439,0
77441,0
77443,0
77446,1
77447,1
77449,0
77450,0
77452,0
77453,0
77455,0
77458,0
77462,1
77463,0
77464,1
77468,0
77469,0
77470,0
77471,0
77472,0
77473,0
77475,0
77476,1
77477,0
77478,0
77480,0
77485,0
77486,0
77487,0
77491,0
77492,0
77495,0
77498,0
77500,0
77504,0
77505,1
77506,1
77507,0
77510,0
77511,0
77512,0
77513,1
77514,0
77515,0
77517,0
77518,0
77519,0
77520,0
77521,0
77523,0
77524,0
77525,0
77526,0
77531,0
77532,0
77539,0
77542,0
77543,1
77545,0
77547,0
77549,0
77552,0
77553,0
77554,1
77556,0
77559,0
77560,0
77561,0
77562,0
77563,0
77564,0
77565,1
77568,0
77569,0
77571,0
77573,0
77574,0
77575,0
77576,0
77577,0
77580,0
77581,0
77583,0
77584,0
77585,1
77588,0
77589,0
77593,0
77595,0
77596,0
77597,0
77600,0
77601,1
77602,0
77607,0
77608,0
77609,0
77610,0
77612,0
77613,0
77615,0
77616,1
77619,0
77621,0
77622,0
77625,0
77628,0
77631,0
77632,0
77633,0
77637,0
77639,0
77640,0
77642,0
77645,0
77647,0
77648,0
77649,0
77651,0
77655,0
77656,0
77659,0
77660,0
77661,0
77664,0
77666,1
77669,0
77670,0
77671,0
77674,1
77680,0
77681,1
77682,0
77684,1
77686,0
77687,0
77688,0
77689,0
77693,0
77694,0
77700,0
77701,0
77703,0
77704,0
77705,0
77706,1
77710,0
77711,0
77714,0
77715,0
77716,0
77717,0
77718,0
77721,0
77722,0
77723,0
77724,0
77725,0
77728,0
77730,0
77732,0
77733,0
77734,0
77735,0
77737,0
77738,0
77739,0
77741,0
77742,0
77744,0
77747,0
77750,0
77751,1
77752,0
77753,0
77754,0
77756,0
77757,0
77758,1
77759,0
77761,1
77762,0
77763,0
77764,0
77767,0
77769,0
77770,0
77771,0
77773,0
77774,0
77775,0
77781,0
77782,0
77786,0
77788,0
77789,0
77792,0
77793,0
77796,0
77798,0
77800,0
77801,0
77809,0
77812,0
77813,0
77815,0
77816,1
77817,0
77818,0
77819,0
77820,0
77821,0
77823,0
77825,0
77826,0
77828,0
77829,0
77830,0
77832,0
77835,0
77836,0
77838,0
77839,0
77842,0
77843,0
77844,0
77845,0
77847,0
77852,0
77853,0
77855,0
77856,0
77858,0
77862,0
77863,0
77864,0
77865,0
77866,0
77869,0
77870,0
77871,0
77873,0
77874,0
77875,0
77876,0
77877,0
77879,0
77882,0
77885,0
77886,0
77888,1
77890,1
77893,0
77894,0
77895,0
77896,0
77897,0
77898,1
77901,0
77902,0
77903,0
77904,0
77906,0
77907,0
77908,0
77909,0
77911,0
77913,0
77914,0
77916,0
77917,0
77918,0
77919,0
77921,0
77922,0
77923,1
77926,0
77928,1
77929,0
77934,1
77935,0
77936,0
77938,0
77940,0
77941,0
77942,0
77944,0
77945,0
77949,0
77951,0
77952,0
77955,0
77956,1
77959,0
77966,0
77967,0
77968,0
77969,1
77971,0
77973,0
77974,0
77976,0
77977,0
77978,0
77979,0
77981,0
77982,0
77983,1
77984,0
77985,0
77988,0
77989,0
77992,0
77994,0
77995,0
77996,0
77998,0
77999,0
78001,0
78002,0
78005,0
78006,0
78007,0
78008,0
78009,0
78010,0
78011,0
78012,0
78013,0
78014,0
78015,0
78016,0
78017,0
78018,0
78019,0
78020,0
78021,0
78026,0
78027,0
78028,0
78031,0
78032,0
78037,0
78038,0
78039,0
78040,0
78043,0
78044,0
78045,0
78048,0
78049,0
78051,0
78055,0
78056,0
78059,1
78060,0
78063,0
78064,0
78065,0
78066,0
78068,0
78069,0
78070,0
78072,1
78073,0
78074,0
78076,0
78078,0
78079,0
78080,0
78081,0
78082,0
78083,0
78084,0
78088,0
78089,0
78090,0
78091,0
78092,1
78094,0
78095,0
78096,0
78097,0
78098,0
78099,0
78100,0
78101,0
78102,1
78103,0
78105,0
78107,0
78108,0
78113,0
78114,0
78116,0
78117,0
78119,0
78122,0
78123,0
78125,0
78126,1
78127,0
78128,0
78131,0
78134,1
78136,1
78139,0
78140,0
78143,0
78144,0
78145,0
78147,0
78151,0
78154,0
78155,0
78157,0
78160,0
78162,1
78163,0
78164,0
78166,0
78168,0
78169,0
78170,0
78172,0
78173,0
78174,0
78177,0
78179,1
78180,0
78181,0
78182,0
78184,0
78186,0
78187,0
78188,0
78190,0
78191,0
78192,0
78193,0
78194,0
78197,0
78199,0
78201,0
78202,0
78203,0
78204,0
78206,1
78208,0
78209,0
78211,0
78213,0
78214,0
78215,0
78216,0
78217,0
78218,1
78219,0
78220,0
78221,0
78223,0
78224,0
78225,0
78226,0
78228,0
78230,0
78232,0
78235,0
78237,0
78241,0
78244,0
78246,0
78247,0
78248,0
78251,0
78253,0
78257,0
78258,0
78260,0
78261,0
78263,0
78267,0
78268,0
78269,1
78270,0
78271,0
78273,0
78274,1
78275,0
78278,0
78279,0
78280,0
78282,1
78285,0
78286,0
78287,0
78290,0
78292,0
78293,1
78294,0
78297,0
78300,0
78302,0
78306,1
78310,0
78313,0
78315,0
78317,0
78318,0
78319,0
78322,0
78325,1
78328,0
78329,0
78331,0
78332,1
78333,0
78336,0
78339,0
78340,0
78341,0
78343,0
78344,0
78345,1
78346,0
78347,1
78349,0
78350,0
78352,0
78353,0
78354,0
78358,0
78359,0
78360,0
78361,0
78362,0
78364,0
78365,1
78367,0
78370,1
78371,0
78374,0
78375,0
78376,0
78377,0
78378,1
78381,0
78382,0
78383,0
78385,0
78389,0
78390,0
78391,0
78392,0
78394,0
78395,1
78396,0
78397,0
78399,0
78400,0
78403,0
78404,0
78410,0
78412,0
78414,0
78415,0
78416,0
78420,0
78421,0
78422,0
78425,0
78427,0
78429,0
78433,0
78434,0
78435,0
78436,1
78437,0
78438,0
78443,0
78444,0
78445,0
78446,0
78448,0
78450,0
78453,0
78454,0
78455,0
78456,0
78458,0
78460,0
78461,0
78465,0
78466,0
78467,0
78468,0
78469,1
78472,0
78473,0
78474,0
78475,0
78477,0
78481,0
78482,0
78485,0
78487,0
78488,0
78493,0
78496,0
78497,0
78498,0
78500,0
78501,0
78504,0
78507,0
78509,0
78510,0
78513,0
78517,0
78519,0
78522,0
78524,0
78526,0
78527,0
78528,0
78529,0
78530,0
78532,0
78533,0
78534,0
78535,0
78536,0
78537,0
78539,0
78540,0
78541,0
78543,0
78546,0
78548,0
78549,0
78550,0
78555,0
78558,0
78560,0
78561,0
78563,0
78564,0
78565,0
78566,0
78570,0
78572,0
78573,0
78576,0
78577,0
78579,0
78580,0
78581,0
78583,1
78584,0
78585,0
78586,1
78588,0
78592,1
78594,0
78595,0
78596,0
78597,0
78599,0
78600,0
78601,0
78602,0
78603,0
78604,0
78605,0
78606,0
78607,0
78608,0
78609,1
78610,1
78611,0
78612,0
78613,0
78614,1
78617,0
78618,0
78619,1
78620,0
78621,1
78623,0
78625,0
78630,0
78631,1
78634,1
78635,0
78639,0
78640,0
78641,0
78642,0
78643,0
78644,0
78645,0
78646,0
78648,0
78649,0
78650,0
78651,0
78652,0
78655,0
78656,1
78657,0
78659,0
78660,1
78662,0
78663,0
78664,0
78665,0
78666,0
78668,1
78669,0
78670,0
78672,0
78674,0
78676,0
78679,0
78681,0
78685,0
78686,1
78688,0
78689,0
78691,0
78693,0
78694,0
78695,0
78696,0
78697,0
78698,0
78700,0
78701,0
78703,0
78704,0
78707,0
78708,1
78710,0
78712,0
78715,0
78717,0
78718,0
78720,0
78721,1
78722,0
78723,0
78724,0
78725,0
78729,0
78730,0
78731,0
78732,1
78733,0
78736,0
78738,0
78740,0
78742,0
78744,0
78748,0
78749,0
78751,0
78752,0
78754,0
78755,0
78757,0
78761,0
78763,1
78764,0
78767,0
78768,0
78769,0
78770,0
78773,0
78775,0
78778,0
78779,1
78780,0
78781,0
78782,0
78784,0
78785,0
78788,0
78795,0
78796,0
78799,0
78800,1
78801,0
78802,0
78804,0
78805,0
78807,0
78810,1
78811,0
78815,0
78816,0
78817,0
78818,1
78820,0
78821,0
78823,0
78825,0
78826,0
78827,0
78828,1
78829,0
78830,1
78831,0
78834,0
78835,1
78837,0
78838,0
78839,0
78842,0
78843,1
78844,0
78845,0
78846,0
78847,0
78850,0
78851,0
78852,0
78853,0
78854,0
78856,0
78858,0
78859,0
78860,0
78863,0
78865,0
78866,0
78868,0
78869,0
78870,1
78875,0
78876,0
78877,0
78878,0
78879,0
78880,0
78882,0
78883,0
78884,0
78885,0
78889,0
78891,0
78893,0
78894,0
78896,0
78897,0
78898,0
78899,0
78900,0
78901,0
78902,0
78904,0
78906,0
78908,0
78910,0
78912,1
78913,0
78914,0
78917,0
78919,0
78921,0
78923,0
78924,0
78925,0
78926,0
78928,0
78931,0
78935,0
78936,0
78940,0
78941,0
78943,0
78945,0
78947,0
78950,0
78952,0
78953,0
78954,0
78955,0
78956,0
78957,0
78958,0
78959,0
78961,0
78962,0
78965,0
78967,1
78969,0
78970,0
78972,0
78973,1
78975,0
78976,0
78979,0
78980,0
78981,1
78982,0
78983,0
78984,0
78986,0
78989,0
78991,0
78993,1
78996,0
78997,0
78999,0
79001,0
79002,0
79004,0
79007,0
79009,0
79010,0
79012,0
79014,0
79015,0
79019,0
79020,0
79023,0
79031,0
79033,0
79035,0
79036,0
79038,0
79040,0
79041,0
79042,0
79043,0
79044,0
79045,0
79046,0
79047,0
79048,0
79050,0
79051,0
79052,0
79053,0
79058,0
79061,0
79062,0
79063,0
79065,0
79066,0
79067,0
79068,0
79070,0
79072,0
79073,0
79074,1
79075,0
79078,0
79079,0
79083,0
79084,0
79085,0
79086,0
79087,0
79091,0
79092,0
79093,0
79094,1
79095,1
79098,0
79099,1
79102,0
79104,0
79107,0
79108,0
79110,0
79111,1
79112,1
79113,0
79114,0
79115,0
79116,0
79117,0
79119,0
79121,0
79122,0
79123,0
79124,0
79127,0
79129,0
79130,0
79132,0
79133,0
79141,0
79145,0
79146,0
79147,0
79150,0
79151,1
79152,0
79154,0
79157,1
79159,0
79160,0
79162,0
79163,0
79164,0
79165,0
79167,0
79169,0
79170,0
79171,0
79172,0
79173,0
79174,0
79176,0
79177,0
79178,0
79179,0
79180,0
79183,0
79184,0
79188,1
79190,0
79191,0
79192,0
79195,1
79196,0
79198,0
79199,0
79200,0
79204,0
79205,0
79206,0
79208,0
79212,0
79213,0
79214,0
79216,1
79217,0
79218,0
79220,0
79222,1
79223,0
79225,0
79226,0
79227,0
79229,0
79230,0
79234,1
79236,0
79237,0
79240,1
79241,0
79242,0
79243,0
79244,0
79245,0
79248,0
79249,1
79250,0
79253,0
79254,0
79256,0
79257,0
79259,0
79260,0
79263,0
79265,0
79267,0
79268,0
79269,0
79272,0
79273,0
79277,0
79279,0
79281,1
79282,0
79283,0
79284,0
79287,0
79288,1
79289,0
79290,0
79291,0
79293,0
79294,1
79296,0
79297,0
79300,0
79303,0
79304,0
79305,0
79309,0
79311,0
79312,0
79313,0
79320,1
79321,0
79322,0
79324,0
79329,0
79330,1
79339,0
79342,0
79344,0
79345,0
79346,0
79347,0
79348,0
79349,0
79350,0
79351,0
79352,0
79353,0
79354,0
79355,1
79357,0
79358,0
79359,0
79360,0
79362,0
79365,0
79371,0
79373,0
79374,0
79378,1
79379,0
79382,0
79383,0
79384,0
79385,0
79388,0
79389,0
79390,0
79394,0
79395,0
79396,0
79398,0
79399,0
79403,1
79405,0
79412,0
79413,0
79414,0
79416,0
79417,0
79419,0
79420,0
79421,0
79425,0
79426,0
79428,0
79429,0
79433,0
79434,0
79435,0
79437,0
79438,0
79440,0
79441,0
79443,0
79444,0
79445,0
79446,1
79450,0
79452,0
79455,0
79458,1
79460,0
79461,0
79462,0
79465,0
79466,1
79467,0
79468,0
79472,0
79474,0
79476,0
79477,0
79478,0
79481,0
79483,0
79484,1
79485,0
79486,0
79488,0
79490,1
79491,1
79492,0
79493,0
79494,0
79495,0
79496,0
79497,0
79498,0
79500,0
79501,0
79502,1
79505,1
79507,0
79508,1
79509,0
79513,0
79514,0
79520,0
79521,0
79523,0
79524,0
79526,0
79527,0
79528,0
79529,0
79530,0
79531,1
79533,0
79534,0
79537,0
79538,0
79540,0
79543,0
79545,0
79548,0
79549,0
79550,0
79551,0
79552,0
79554,0
79555,0
79557,0
79558,1
79560,0
79561,0
79562,0
79565,0
79566,0
79567,0
79568,0
79569,1
79570,0
79571,1
79573,0
79575,0
79576,0
79578,0
79579,0
79581,0
79582,0
79583,1
79584,0
79585,0
79586,0
79588,0
79589,0
79590,0
79591,0
79592,0
79593,0
79594,0
79595,0
79598,0
79600,0
79601,0
79602,0
79603,0
79607,0
79608,1
79609,0
79612,0
79614,0
79615,0
79616,0
79619,0
79620,1
79622,0
79623,0
79624,0
79625,0
79626,0
79627,0
79628,0
79629,0
79632,0
79638,0
79639,0
79641,0
79643,0
79644,1
79645,1
79646,0
79648,0
79650,0
79651,0
79653,0
79656,0
79659,0
79662,0
79663,0
79664,0
79665,0
79667,0
79668,0
79670,0
79671,0
79672,0
79674,1
79676,0
79677,0
79678,0
79679,0
79680,0
79681,0
79682,0
79684,0
79685,0
79686,0
79687,0
79688,0
79693,0
79694,0
79695,0
79697,0
79699,0
79700,0
79701,0
79704,0
79706,0
79710,0
79711,0
79712,0
79714,0
79715,0
79716,0
79718,0
79719,0
79720,0
79725,0
79726,0
79727,0
79728,0
79729,0
79732,0
79734,0
79735,0
79736,1
79739,0
79741,0
79742,0
79743,0
79745,0
79746,0
79749,1
79750,0
79751,0
79752,1
79753,0
79755,0
79756,0
79757,0
79758,0
79761,0
79763,0
79765,0
79766,0
79768,0
79769,0
79770,0
79772,0
79773,0
79775,0
79776,0
79777,0
79778,0
79779,0
79780,0
79781,0
79783,0
79785,0
79787,1
79788,1
79790,0
79791,0
79792,0
79794,0
79802,0
79803,0
79805,0
79806,0
79807,0
79809,0
79816,0
79817,0
79818,0
79822,0
79826,0
79827,0
79830,0
79835,0
79836,0
79837,0
79840,0
79841,0
79842,0
79843,0
79844,0
79845,0
79846,0
79848,0
79849,0
79850,0
79854,0
79855,0
79857,0
79858,0
79860,0
79861,0
79862,1
79863,0
79864,0
79865,1
79866,1
79870,1
79871,0
79873,1
79874,0
79877,0
79878,0
79880,0
79881,0
79882,0
79884,0
79887,0
79893,0
79895,0
79897,0
79898,1
79899,0
79900,0
79901,0
79902,0
79905,0
79908,0
79911,0
79915,0
79916,0
79917,0
79918,0
79920,0
79922,0
79923,0
79925,0
79927,1
79928,0
79931,0
79933,1
79934,0
79935,0
79936,0
79937,1
79941,0
79942,0
79946,0
79947,0
79950,0
79951,0
79952,1
79953,0
79954,0
79957,0
79960,0
79961,0
79962,0
79964,0
79965,0
79966,0
79967,0
79968,0
79971,0
79975,0
79976,1
79977,0
79978,0
79979,1
79980,0
79981,0
79989,0
79992,0
79993,0
79995,0
79998,0
79999,0
80005,0
80006,0
80007,0
80010,0
80016,0
80017,1
80020,0
80023,0
80026,0
80027,0
80028,0
80029,1
80031,1
80032,0
80033,0
80035,0
80036,0
80037,0
80041,0
80042,0
80043,0
80044,0
80045,0
80046,0
80049,0
80051,1
80052,0
80053,0
80054,0
80055,0
80056,1
80058,0
80061,0
80062,0
80063,0
80064,0
80065,0
80066,0
80067,0
80069,0
80076,0
80078,0
80079,0
80081,0
80082,0
80084,0
80085,0
80088,0
80089,0
80090,0
80091,0
80093,0
80094,0
80095,0
80096,0
80098,0
80101,0
80102,0
80103,0
80104,0
80105,0
80106,0
80108,0
80109,0
80110,0
80114,0
80115,0
80117,0
80120,0
80123,0
80124,0
80129,0
80131,0
80135,0
80138,0
80140,0
80141,1
80142,0
80143,0
80144,1
80145,0
80147,0
80150,0
80152,0
80153,0
80154,0
80155,1
80156,0
80157,0
80158,0
80160,0
80167,0
80168,0
80169,0
80174,0
80175,0
80176,1
80178,0
80182,0
80186,0
80188,0
80191,0
80192,0
80194,0
80197,0
80198,0
80199,0
80200,0
80201,1
80202,0
80207,1
80208,0
80209,0
80210,0
80211,0
80213,0
80215,0
80216,0
80218,0
80219,0
80220,1
80221,0
80222,0
80224,0
80225,0
80226,0
80229,0
80231,0
80232,1
80235,0
80237,0
80240,0
80242,0
80243,0
80244,0
80246,0
80250,1
80253,0
80254,0
80257,0
80258,1
80260,0
80261,0
80262,0
80263,1
80266,0
80267,1
80269,0
80270,0
80271,0
80272,0
80273,0
80274,0
80276,0
80278,0
80282,1
80283,0
80285,0
80286,0
80287,1
80289,0
80291,0
80292,0
80296,0
80302,1
80305,0
80306,1
80308,0
80310,0
80311,0
80314,0
80315,0
80316,0
80317,1
80318,0
80319,0
80320,1
80321,0
80322,1
80323,1
80324,0
80327,1
80329,0
80330,0
80331,0
80332,0
80334,0
80335,0
80336,0
80340,0
80342,0
80344,0
80345,0
80346,1
80348,1
80349,0
80352,0
80353,0
80354,0
80356,0
80357,0
80358,0
80359,0
80365,1
80366,0
80369,0
80370,0
80372,0
80373,0
80374,0
80375,0
80376,0
80379,1
80382,0
80383,0
80384,1
80386,1
80387,0
80391,0
80392,1
80394,0
80396,0
80399,0
80401,0
80402,0
80403,0
80406,0
80407,0
80408,0
80409,1
80411,0
80412,0
80414,0
80415,0
80416,0
80418,0
80419,0
80420,0
80421,0
80423,0
80424,0
80425,0
80427,0
80430,0
80434,0
80435,1
80436,0
80438,0
80439,0
80440,0
80442,0
80445,0
80446,0
80448,0
80451,0
80454,0
80455,1
80456,0
80458,0
80460,0
80461,0
80462,0
80463,0
80464,0
80466,0
80467,0
80468,0
80471,0
80473,0
80474,1
80478,0
80480,1
80481,0
80482,0
80483,0
80484,0
80485,0
80488,0
80489,0
80490,0
80491,1
80493,1
80495,0
80496,0
80497,0
80502,0
80504,0
80506,0
80509,0
80510,0
80511,0
80513,0
80515,0
80516,0
80518,1
80520,0
80521,0
80522,0
80524,0
80525,0
80527,0
80530,0
80532,0
80533,0
80536,0
80537,0
80538,0
80541,0
80543,1
80545,0
80546,0
80548,0
80549,0
80551,0
80552,0
80553,0
80556,0
80557,1
80561,0
80563,0
80565,0
80571,0
80573,0
80574,0
80577,0
80578,0
80581,0
80582,0
80584,0
80585,1
80586,0
80587,0
80588,0
80589,0
80590,0
80591,0
80592,0
80593,0
80594,0
80595,0
80598,0
80603,0
80605,0
80606,0
80609,0
80610,1
80614,0
80615,0
80618,0
80620,0
80621,0
80622,0
80623,0
80625,0
80626,0
80628,1
80629,0
80630,1
80631,0
80635,0
80638,1
80639,0
80640,0
80641,0
80642,0
80643,0
80644,0
80646,0
80651,0
80652,1
80653,0
80656,0
80659,0
80661,0
80664,0
80666,0
80667,0
80668,0
80670,0
80672,0
80673,0
80674,0
80676,0
80677,0
80679,0
80681,0
80682,0
80683,0
80686,0
80687,0
80688,0
80689,0
80690,0
80691,0
80692,0
80693,0
80694,1
80698,0
80702,0
80704,0
80705,0
80708,0
80712,1
80715,0
80717,0
80720,0
80721,0
80723,0
80725,1
80727,0
80728,0
80730,0
80732,1
80733,0
80735,0
80736,0
80737,1
80738,0
80741,0
80744,0
80745,0
80746,1
80751,0
80752,0
80753,0
80754,0
80755,0
80757,1
80759,0
80760,0
80761,0
80762,0
80764,0
80766,0
80769,0
80770,1
80771,0
80772,0
80773,0
80774,0
80775,0
80776,0
80778,0
80781,0
80785,0
80786,0
80791,0
80793,0
80794,0
80795,0
80798,0
80799,0
80800,0
80801,0
80804,0
80805,0
80806,0
80807,0
80811,0
80814,0
80815,0
80816,0
80818,0
80819,0
80820,0
80822,0
80823,0
80828,0
80829,0
80830,0
80832,0
80834,0
80835,0
80837,1
80839,0
80841,0
80842,0
80844,0
80845,0
80846,0
80848,0
80849,0
80850,0
80852,0
80854,0
80856,0
80857,0
80858,0
80860,0
80861,0
80862,0
80863,0
80867,0
80871,0
80872,0
80873,0
80875,0
80877,1
80878,0
80882,1
80885,0
80888,0
80889,0
80890,0
80891,0
80893,0
80898,0
80899,0
80900,0
80902,0
80903,0
80904,1
80905,0
80906,1
80907,0
80910,0
80912,0
80914,0
80915,0
80916,0
80918,0
80919,0
80921,0
80922,0
80923,0
80924,1
80925,0
80926,1
80927,0
80929,0
80932,0
80934,1
80935,0
80936,0
80939,0
80940,0
80941,0
80942,1
80943,0
80947,0
80948,0
80952,0
80954,0
80955,0
80956,0
80957,0
80959,0
80961,0
80962,0
80963,0
80964,0
80968,0
80969,0
80970,0
80971,0
80972,0
80975,0
80976,0
80977,0
80978,0
80980,0
80984,0
80985,0
80986,0
80988,0
80991,0
80992,0
80993,0
80995,0
80997,0
80998,0
81000,0
81001,0
81002,0
81010,0
81011,0
81012,0
81014,0
81016,0
81017,0
81020,0
81021,0
81022,0
81024,0
81028,0
81031,1
81032,0
81034,0
81035,0
81036,0
81039,0
81041,0
81042,0
81043,0
81046,0
81047,0
81049,1
81050,0
81053,0
81056,1
81057,0
81058,0
81059,0
81060,0
81062,0
81063,0
81065,0
81067,0
81068,0
81072,0
81073,0
81076,0
81079,0
81082,0
81083,0
81088,1
81092,0
81093,0
81095,0
81098,0
81101,0
81103,0
81104,0
81106,0
81107,0
81108,0
81112,0
81114,0
81115,0
81118,0
81119,0
81120,0
81122,1
81123,0
81125,0
81126,0
81127,0
81128,0
81129,0
81130,0
81132,0
81133,0
81136,0
81137,0
81138,0
81140,0
81141,0
81145,0
81149,0
81151,0
81152,0
81153,0
81154,0
81155,0
81156,0
81157,0
81158,0
81159,0
81160,0
81161,0
81167,1
81170,0
81171,0
81174,0
81175,0
81176,0
81180,0
81181,0
81182,0
81183,0
81185,0
81186,0
81188,0
81190,0
81191,0
81194,0
81195,0
81198,1
81199,0
81201,0
81202,1
81203,0
81204,0
81205,0
81207,0
81208,0
81209,0
81211,0
81213,0
81214,0
81215,0
81218,0
81220,0
81226,0
81230,0
81231,0
81232,0
81233,0
81234,1
81238,0
81239,0
81242,0
81244,0
81247,0
81248,0
81250,0
81251,0
81252,0
81254,0
81255,0
81257,1
81258,0
81260,0
81263,0
81266,0
81267,0
81268,1
81269,0
81275,0
81276,0
81278,0
81279,0
81281,0
81283,0
81284,0
81286,1
81287,0
81288,0
81289,0
81290,0
81295,0
81302,1
81303,0
81307,0
81309,0
81311,0
81312,0
81313,0
81314,0
81315,0
81320,0
81321,0
81323,0
81324,1
81325,0
81326,0
81328,0
81329,0
81330,0
81331,0
81332,0
81335,0
81338,0
81341,0
81342,0
81344,0
81346,0
81351,1
81353,0
81354,0
81356,0
81359,0
81360,0
81363,0
81364,0
81366,0
81367,0
81370,0
81372,0
81374,0
81375,0
81379,1
81381,0
81383,0
81385,0
81388,1
81390,0
81391,0
81392,0
81393,1
81394,0
81397,0
81398,0
81402,0
81406,0
81408,0
81409,0
81410,1
81413,0
81414,0
81416,1
81418,0
81419,0
81420,0
81423,0
81424,0
81425,0
81426,0
81429,0
81430,0
81431,0
81432,1
81435,1
81436,0
81437,0
81438,0
81439,0
81440,0
81441,0
81442,0
81445,0
81446,0
81447,1
81450,1
81451,0
81452,0
81455,0
81456,0
81457,0
81461,0
81462,0
81463,0
81464,0
81465,0
81466,0
81469,0
81471,0
81474,1
81475,0
81478,0
81479,0
81480,0
81481,0
81483,0
81484,0
81486,0
81488,0
81489,1
81491,0
81493,0
81494,0
81495,0
81496,0
81497,0
81501,0
81510,0
81512,0
81513,0
81514,0
81516,0
81519,0
81520,0
81521,0
81523,0
81524,0
81525,0
81526,0
81528,0
81530,0
81531,0
81533,0
81535,0
81537,0
81538,0
81542,0
81544,0
81546,0
81548,0
81549,0
81551,0
81552,0
81553,0
81555,0
81556,0
81558,0
81560,0
81561,0
81562,0
81564,0
81566,0
81567,0
81569,0
81570,0
81571,0
81574,1
81575,0
81576,0
81577,0
81578,0
81580,1
81582,0
81588,0
81589,1
81590,0
81592,0
81594,0
81596,0
81597,0
81599,0
81602,0
81604,0
81606,0
81608,0
81611,0
81615,0
81618,0
81622,1
81624,0
81625,0
81627,1
81631,0
81632,0
81633,0
81634,0
81635,0
81636,1
81638,0
81639,0
81640,0
81644,1
81646,0
81648,0
81649,0
81652,0
81653,0
81654,0
81659,0
81662,0
81663,0
81664,0
81665,1
81666,0
81668,0
81669,0
81670,0
81671,0
81672,0
81674,0
81675,0
81676,0
81677,0
81679,0
81680,0
81681,0
81683,1
81684,0
81687,0
81688,0
81689,0
81692,0
81694,0
81698,0
81701,0
81702,0
81706,0
81707,0
81708,0
81709,0
81712,0
81715,0
81716,0
81717,0
81719,0
81720,0
81722,0
81725,0
81726,0
81727,0
81728,0
81731,1
81734,0
81735,0
81738,0
81739,0
81740,0
81743,0
81744,0
81746,0
81751,0
81752,0
81755,0
81757,0
81760,0
81761,0
81762,0
81763,0
81764,0
81765,0
81772,0
81773,0
81774,0
81775,0
81776,0
81779,0
81780,1
81781,0
81783,0
81787,0
81788,0
81793,0
81794,0
81796,0
81797,0
81798,1
81803,1
81804,0
81809,0
81812,0
81813,0
81815,0
81817,0
81824,0
81827,0
81828,0
81829,0
81830,0
81831,0
81832,0
81835,0
81841,1
81845,0
81846,0
81848,0
81849,0
81850,0
81851,0
81853,0
81855,0
81858,0
81859,0
81860,0
81861,1
81863,0
81864,0
81867,0
81869,0
81870,0
81872,0
81873,0
81874,0
81875,1
81877,0
81881,1
81882,0
81883,0
81884,0
81886,0
81888,0
81889,0
81890,0
81891,0
81892,0
81893,0
81894,0
81895,0
81896,0
81899,0
81900,0
81901,0
81902,0
81903,0
81906,0
81907,0
81909,0
81911,0
81912,0
81913,1
81916,1
81918,0
81920,0
81922,0
81925,0
81926,0
81927,0
81928,0
81929,0
81930,0
81931,0
81932,0
81934,0
81936,0
81938,0
81939,0
81940,0
81941,0
81942,0
81944,0
81945,0
81946,0
81947,0
81949,0
81951,0
81952,0
81954,0
81957,0
81959,0
81961,0
81962,0
81964,1
81966,0
81968,0
81969,0
81970,0
81971,0
81975,1
81976,0
81977,0
81978,0
81979,0
81980,0
81981,0
81982,0
81983,0
81984,0
81986,0
81991,0
81992,1
81994,0
81995,0
81996,0
81997,1
81999,0
82001,0
82003,0
82004,0
82005,0
82008,1
82011,0
82012,0
82022,0
82023,0
82026,0
82028,0
82029,0
82030,1
82031,0
82034,0
82035,0
82036,0
82037,0
82038,0
82044,0
82045,0
82046,0
82048,0
82049,0
82050,0
82053,0
82055,0
82056,0
82057,0
82058,0
82059,0
82060,0
82062,1
82063,0
82065,0
82066,0
82069,0
82071,0
82072,0
82073,0
82074,0
82076,0
82077,0
82081,1
82082,1
82083,0
82085,0
82087,0
82088,0
82089,0
82090,1
82096,0
82097,0
82100,0
82101,0
82102,0
82104,0
82106,0
82107,0
82108,0
82111,0
82113,0
82115,0
82116,0
82118,0
82119,0
82123,0
82126,0
82127,0
82128,0
82129,0
82132,0
82135,0
82137,0
82141,0
82142,0
82145,0
82146,0
82147,0
82148,1
82150,0
82151,0
82153,0
82155,1
82156,0
82157,0
82158,1
82159,0
82161,0
82162,0
82168,0
82171,0
82172,0
82173,0
82175,0
82176,0
82177,0
82179,0
82183,0
82187,0
82188,0
82191,0
82192,0
82193,0
82195,0
82196,0
82199,0
82200,0
82201,0
82202,0
82203,0
82204,0
82207,0
82209,0
82211,0
82214,0
82217,0
82218,1
82219,0
82220,0
82221,0
82222,1
82223,0
82224,0
82225,0
82226,0
82227,0
82228,0
82229,0
82230,0
82234,0
82235,0
82238,0
82240,0
82242,0
82243,0
82247,0
82250,0
82252,0
82253,0
82255,0
82256,0
82261,0
82262,0
82264,1
82265,0
82268,0
82269,0
82271,0
82272,0
82273,0
82279,1
82281,1
82284,0
82285,0
82289,0
82291,0
82293,0
82294,0
82296,0
82298,0
82299,0
82300,0
82301,0
82304,0
82305,1
82307,0
82313,0
82319,0
82320,0
82321,0
82322,0
82324,0
82326,0
82327,0
82331,0
82332,0
82336,0
82337,0
82338,0
82339,0
82341,0
82342,0
82343,0
82344,0
82347,0
82349,0
82351,0
82353,0
82354,0
82356,0
82358,0
82359,0
82360,0
82364,0
82365,0
82367,0
82368,0
82369,0
82372,1
82374,0
82376,0
82378,0
82382,0
82383,0
82385,0
82386,0
82387,0
82388,0
82391,0
82393,0
82394,0
82396,0
82397,0
82398,0
82399,0
82403,0
82404,0
82405,0
82406,0
82407,0
82408,0
82409,0
82412,0
82415,0
82416,0
82418,0
82420,0
82421,0
82426,0
82427,0
82428,0
82430,0
82431,0
82432,0
82433,0
82434,0
82435,1
82436,0
82440,0
82443,0
82447,0
82448,0
82451,0
82461,1
82462,0
82463,0
82464,0
82470,0
82474,0
82476,0
82478,0
82479,0
82481,1
82483,0
82484,0
82486,0
82487,0
82488,0
82494,0
82495,0
82497,0
82498,1
82499,0
82500,1
82501,1
82503,0
82504,0
82505,0
82506,0
82507,1
82508,1
82509,0
82510,0
82511,0
82512,0
82514,0
82515,0
82516,0
82517,0
82519,0
82520,0
82523,0
82526,0
82528,0
82529,0
82530,1
82532,0
82533,0
82534,0
82535,1
82537,0
82538,0
82539,0
82540,0
82541,0
82542,0
82543,1
82544,0
82546,0
82547,0
82548,0
82550,0
82551,0
82553,0
82560,0
82561,0
82562,0
82563,0
82567,0
82568,0
82571,0
82572,0
82573,1
82575,0
82576,0
82577,0
82580,0
82582,1
82584,1
82589,0
82591,0
82593,0
82594,1
82596,0
82597,0
82598,0
82599,0
82601,0
82603,0
82604,0
82605,0
82607,0
82610,0
82611,0
82613,0
82614,0
82615,0
82616,0
82618,0
82621,0
82622,1
82625,0
82627,0
82629,0
82630,0
82632,0
82633,1
82634,1
82635,0
82636,1
82637,0
82643,0
82644,0
82645,0
82649,0
82650,0
82652,0
82654,0
82656,0
82657,0
82658,1
82659,0
82660,0
82663,0
82664,1
82665,0
82666,0
82667,0
82668,1
82669,0
82671,0
82673,0
82677,0
82681,0
82682,0
82683,0
82687,0
82688,0
82697,0
82700,0
82701,0
82702,0
82703,0
82705,0
82706,0
82709,0
82710,0
82711,0
82713,0
82714,0
82715,0
82718,0
82719,0
82721,0
82722,0
82723,0
82724,0
82725,1
82727,0
82729,1
82731,0
82735,0
82736,0
82737,0
82739,0
82740,0
82741,0
82742,0
82743,0
82746,0
82749,0
82751,0
82752,0
82753,0
82757,0
82760,0
82763,0
82768,0
82769,0
82770,0
82771,0
82772,0
82774,0
82777,0
82783,0
82787,0
82789,0
82790,0
82791,0
82792,1
82793,1
82794,0
82795,0
82796,0
82800,0
82804,0
82806,0
82808,0
82809,0
82810,0
82812,0
82816,0
82819,0
82821,0
82822,0
82824,0
82825,0
82827,0
82828,0
82829,0
82831,0
82832,1
82833,0
82835,0
82836,0
82837,0
82838,0
82839,0
82840,0
82842,0
82843,0
82844,0
82845,0
82846,0
82848,0
82849,0
82852,0
82853,0
82854,0
82855,0
82856,0
82857,0
82858,1
82859,0
82860,0
82862,0
82863,0
82865,0
82868,0
82869,0
82870,0
82871,0
82873,1
82874,0
82875,1
82877,0
82878,0
82879,0
82880,0
82881,0
82883,0
82885,0
82886,0
82887,0
82890,0
82893,0
82894,0
82895,0
82898,0
82899,0
82901,0
82902,0
82905,0
82907,0
82910,0
82912,0
82913,0
82916,0
82918,0
82919,0
82920,0
82922,0
82923,0
82925,0
82926,0
82927,0
82928,0
82929,1
82934,1
82935,0
82936,0
82939,1
82942,1
82945,0
82948,0
82952,1
82954,0
82955,0
82957,0
82963,0
82964,0
82965,0
82966,0
82967,0
82969,0
82971,0
82972,1
82973,0
82975,0
82977,0
82986,0
82987,0
82989,0
82993,0
82994,0
82997,0
82998,0
82999,0
83000,0
83001,0
83002,0
83003,0
83005,0
83006,0
83008,0
83011,1
83013,1
83014,0
83017,0
83020,0
83021,0
83022,0
83024,0
83026,0
83029,0
83030,0
83033,0
83034,0
83035,0
83039,0
83041,0
83042,1
83043,0
83044,0
83046,0
83047,0
83048,0
83051,1
83053,0
83054,0
83056,0
83058,0
83060,0
83061,0
83065,0
83067,0
83072,0
83075,0
83076,0
83078,0
83080,0
83081,1
83082,0
83083,1
83089,0
83091,1
83092,0
83093,0
83094,0
83095,0
83101,0
83104,0
83105,0
83108,0
83111,0
83115,0
83116,0
83119,0
83122,0
83123,1
83124,0
83125,0
83128,0
83130,0
83132,0
83135,0
83136,0
83137,0
83138,0
83140,1
83141,0
83142,1
83144,0
83146,0
83147,0
83149,0
83151,0
83152,1
83153,0
83154,0
83156,0
83157,0
83159,0
83160,0
83162,0
83163,0
83164,0
83170,0
83172,1
83173,0
83175,0
83177,0
83179,0
83180,0
83181,0
83182,0
83184,0
83185,0
83187,0
83188,1
83189,0
83192,0
83193,0
83197,0
83202,0
83207,0
83208,0
83210,0
83212,1
83213,0
83214,0
83215,0
83216,0
83217,1
83219,0
83220,0
83221,0
83222,0
83224,0
83225,1
83231,0
83232,0
83233,1
83235,0
83236,0
83237,0
83238,0
83240,0
83242,0
83243,0
83245,0
83246,0
83248,0
83249,0
83251,0
83254,0
83255,0
83256,0
83257,0
83259,0
83260,0
83261,0
83263,0
83264,0
83268,0
83270,1
83271,0
83272,0
83274,0
83275,0
83276,0
83278,0
83281,0
83283,0
83286,0
83288,0
83289,0
83291,0
83293,0
83295,0
83296,1
83297,0
83300,0
83303,0
83304,0
83305,0
83307,0
83309,0
83311,0
83313,0
83314,0
83315,0
83316,0
83319,0
83322,0
83323,0
83324,0
83325,0
83326,0
83327,0
83328,1
83329,0
83334,0
83335,0
83336,0
83337,0
83339,0
83342,0
83344,1
83347,0
83348,0
83350,0
83351,0
83353,0
83355,0
83356,1
83357,0
83358,0
83359,0
83360,0
83361,0
83363,0
83364,0
83365,0
83367,0
83369,0
83371,0
83375,0
83376,0
83377,0
83378,1
83379,0
83381,0
83385,0
83387,0
83388,0
83390,0
83391,0
83392,0
83393,0
83394,0
83397,1
83398,0
83400,0
83402,0
83403,0
83406,0
83409,0
83410,1
83411,0
83412,0
83413,0
83414,0
83416,0
83420,0
83421,0
83429,0
83430,1
83432,0
83433,0
83434,0
83436,0
83437,0
83438,0
83439,0
83441,0
83444,0
83447,0
83450,0
83451,0
83452,0
83454,0
83456,0
83457,0
83458,0
83459,1
83460,0
83461,1
83462,0
83463,0
83466,0
83467,0
83468,0
83469,0
83471,0
83472,0
83473,0
83474,0
83475,0
83476,0
83478,0
83479,0
83482,1
83483,0
83485,0
83486,0
83487,0
83491,0
83493,0
83494,0
83497,0
83498,0
83499,0
83500,1
83502,0
83505,0
83506,1
83510,0
83513,0
83515,0
83517,0
83518,0
83519,0
83520,0
83522,0
83526,0
83527,0
83528,0
83529,1
83530,0
83532,0
83533,0
83535,1
83536,0
83537,0
83540,0
83541,0
83542,0
83543,1
83546,0
83547,0
83548,0
83549,0
83552,0
83553,0
83554,0
83555,0
83558,0
83559,0
83562,0
83568,0
83569,0
83576,0
83577,0
83578,0
83580,0
83582,0
83583,0
83586,0
83587,0
83588,0
83589,0
83595,0
83596,0
83601,0
83603,0
83605,0
83606,1
83607,1
83608,0
83611,0
83612,0
83613,0
83614,0
83615,0
83616,0
83617,0
83619,1
83621,0
83622,0
83624,0
83630,0
83631,0
83634,0
83635,0
83641,0
83644,0
83646,0
83648,0
83649,0
83650,0
83653,0
83655,0
83656,0
83658,0
83659,0
83662,0
83664,0
83666,0
83667,0
83670,0
83671,0
83674,0
83675,0
83679,0
83683,0
83684,0
83685,0
83686,0
83687,0
83688,0
83690,0
83692,0
83693,0
83696,0
83697,0
83698,0
83699,0
83700,1
83701,1
83703,1
83704,0
83707,0
83708,0
83709,0
83711,0
83712,0
83713,0
83714,0
83716,0
83717,1
83719,0
83720,1
83722,0
83723,0
83724,0
83729,0
83730,0
83731,0
83732,0
83734,0
83735,0
83736,0
83738,0
83740,1
83741,0
83742,0
83744,0
83745,0
83746,0
83747,0
83749,0
83750,0
83751,0
83752,0
83753,1
83759,0
83760,0
83765,0
83766,0
83767,0
83769,0
83770,0
83771,1
83772,0
83774,0
83776,0
83777,0
83778,0
83779,0
83780,0
83782,0
83785,0
83786,0
83789,0
83791,0
83792,0
83793,1
83794,0
83796,1
83797,1
83798,0
83799,0
83800,0
83806,0
83808,0
83810,0
83811,0
83812,0
83813,0
83814,1
83815,0
83816,0
83817,0
83818,0
83820,0
83821,0
83822,0
83824,1
83825,0
83826,0
83830,0
83833,0
83834,0
83835,0
83836,0
83838,0
83839,0
83840,0
83843,0
83845,0
83847,0
83848,0
83849,0
83851,1
83852,0
83853,0
83854,0
83855,0
83856,0
83860,0
83861,0
83862,0
83865,0
83867,0
83869,0
83870,0
83873,0
83874,0
83876,0
83877,0
83880,0
83881,0
83882,0
83883,0
83884,0
83885,0
83886,0
83887,0
83890,1
83891,1
83896,0
83897,0
83898,1
83899,0
83900,0
83901,0
83902,0
83904,0
83905,0
83906,0
83909,0
83910,0
83911,0
83913,0
83915,0
83919,0
83920,1
83923,0
83926,0
83929,0
83932,0
83934,0
83935,0
83936,0
83937,1
83939,1
83941,0
83944,0
83948,0
83949,0
83950,0
83951,0
83952,1
83953,0
83954,0
83957,1
83958,0
83959,0
83960,0
83961,0
83964,1
83966,0
83968,0
83969,1
83970,0
83972,0
83973,0
83974,0
83975,0
83980,0
83982,1
83983,0
83985,0
83986,0
83988,0
83989,0
83990,0
83991,0
83999,0
84003,0
84004,0
84005,0
84006,0
84008,0
84009,0
84012,0
84013,0
84014,0
84016,0
84017,0
84018,0
84020,0
84021,1
84022,0
84023,0
84027,0
84031,0
84032,0
84034,0
84035,0
84038,0
84039,0
84040,0
84042,0
84043,0
84044,0
84045,0
84047,0
84048,0
84052,0
84054,0
84055,0
84057,0
84058,0
84059,0
84061,0
84062,0
84063,0
84064,0
84066,0
84071,0
84072,0
84073,0
84075,0
84076,0
84078,0
84082,0
84083,0
84084,0
84085,0
84086,0
84088,0
84091,0
84092,0
84093,0
84094,0
84095,0
84096,0
84102,1
84107,0
84109,0
84110,0
84111,0
84112,0
84113,0
84114,0
84118,0
84121,0
84122,0
84123,0
84125,0
84129,0
84132,0
84133,0
84138,0
84139,1
84141,0
84142,0
84147,0
84148,0
84151,0
84152,0
84153,0
84156,0
84161,0
84163,0
84166,0
84169,0
84171,0
84172,0
84173,0
84175,0
84176,1
84178,0
84179,0
84180,0
84181,0
84182,0
84184,0
84185,0
84186,1
84189,0
84190,0
84191,0
84192,0
84194,0
84196,1
84198,0
84203,0
84204,0
84205,0
84206,0
84207,0
84208,0
84210,0
84214,0
84215,0
84219,0
84221,0
84222,0
84227,0
84228,0
84231,0
84233,0
84234,0
84236,0
84237,1
84238,0
84240,0
84241,0
84243,0
84246,0
84249,0
84250,0
84251,0
84255,0
84256,1
84257,0
84258,0
84262,0
84263,0
84264,0
84266,0
84271,0
84272,1
84273,0
84274,0
84275,0
84276,0
84277,0
84279,0
84280,0
84285,1
84287,1
84288,0
84292,0
84295,0
84296,0
84297,0
84301,0
84303,0
84304,0
84305,0
84308,0
84310,0
84311,0
84312,1
84313,0
84314,0
84315,0
84316,0
84318,0
84319,0
84320,0
84322,0
84323,0
84324,0
84326,0
84329,0
84330,0
84331,0
84332,0
84334,0
84335,0
84337,0
84338,0
84339,0
84342,0
84344,0
84345,0
84346,1
84347,0
84348,0
84349,0
84352,0
84353,0
84356,0
84357,0
84361,0
84363,0
84364,0
84365,0
84367,0
84368,0
84369,0
84370,0
84372,1
84374,0
84376,0
84379,0
84381,0
84382,0
84383,0
84384,0
84385,1
84387,0
84388,0
84389,0
84392,0
84394,0
84395,0
84396,0
84397,0
84401,0
84402,0
84406,0
84412,0
84413,0
84414,0
84415,0
84416,0
84421,0
84423,0
84424,0
84426,0
84427,0
84430,0
84431,0
84432,0
84433,0
84434,0
84435,0
84439,0
84440,0
84448,1
84450,0
84452,0
84453,0
84454,1
84456,0
84458,0
84459,0
84460,0
84463,0
84465,0
84466,0
84467,0
84468,0
84471,0
84472,0
84474,0
84475,0
84477,0
84479,0
84481,0
84483,0
84486,0
84488,0
84491,0
84493,0
84494,0
84496,0
84497,1
84498,0
84500,0
84501,0
84502,0
84503,0
84504,0
84505,0
84506,0
84509,0
84510,0
84512,1
84515,0
84516,0
84517,0
84518,0
84519,0
84521,0
84522,0
84525,0
84526,0
84528,0
84529,0
84530,0
84532,0
84534,0
84539,0
84542,0
84543,0
84545,0
84547,1
84548,0
84552,0
84555,0
84556,0
84557,0
84560,1
84561,0
84563,0
84564,0
84566,0
84567,0
84570,1
84573,0
84574,0
84575,0
84576,0
84577,1
84579,0
84580,1
84582,0
84583,0
84585,0
84586,0
84590,0
84595,0
84596,0
84597,0
84599,0
84600,0
84602,0
84603,0
84604,0
84606,0
84608,0
84610,0
84613,0
84615,0
84618,0
84621,0
84622,0
84623,0
84625,0
84626,0
84628,0
84629,0
84632,0
84633,0
84634,0
84635,0
84636,0
84637,0
84638,0
84639,0
84640,1
84641,0
84645,0
84646,0
84647,0
84648,0
84649,0
84650,0
84651,0
84652,0
84654,0
84659,0
84660,0
84663,0
84666,0
84669,0
84670,0
84673,0
84676,1
84677,0
84678,0
84680,0
84681,0
84684,0
84688,0
84690,0
84692,0
84694,0
84696,0
84697,0
84699,0
84700,0
84701,0
84703,1
84705,0
84706,0
84708,0
84709,0
84710,0
84718,0
84722,0
84724,0
84725,0
84726,0
84728,0
84730,0
84731,1
84734,0
84735,0
84736,0
84739,0
84741,0
84743,0
84744,0
84748,0
84749,0
84751,0
84752,0
84755,0
84756,0
84757,0
84758,0
84763,0
84766,0
84767,0
84768,0
84769,0
84770,0
84771,0
84772,0
84773,0
84776,0
84777,0
84781,0
84782,0
84787,0
84788,0
84790,0
84792,0
84793,1
84796,0
84797,1
84798,0
84802,0
84803,0
84805,0
84807,0
84809,0
84811,0
84812,0
84815,0
84816,0
84817,0
84818,0
84821,0
84822,0
84823,0
84824,0
84825,0
84827,0
84834,0
84835,0
84836,0
84838,0
84839,0
84840,0
84842,0
84843,0
84844,1
84845,0
84847,0
84848,0
84849,0
84850,0
84851,0
84852,1
84853,0
84855,0
84856,0
84857,0
84859,0
84860,0
84861,0
84862,0
84866,0
84868,0
84869,0
84871,0
84872,0
84874,0
84875,0
84876,0
84877,0
84878,0
84879,0
84882,0
84883,0
84884,0
84885,0
84886,0
84887,0
84891,0
84892,0
84893,0
84894,0
84897,0
84901,0
84903,0
84905,0
84908,0
84910,0
84911,0
84916,0
84917,0
84918,0
84919,0
84920,0
84921,0
84923,0
84924,0
84925,0
84926,0
84929,0
84933,0
84936,0
84937,1
84938,0
84939,0
84941,1
84943,0
84944,0
84947,1
84948,0
84951,0
84952,0
84953,0
84955,0
84956,0
84957,0
84958,0
84960,0
84961,1
84968,0
84971,0
84972,0
84973,0
84974,0
84975,0
84976,0
84977,0
84978,0
84979,0
84982,0
84983,0
84985,0
84986,0
84987,1
84988,1
84991,0
84995,0
84997,0
85000,1
85001,0
85003,1
85007,0
85010,0
85011,0
85012,0
85015,0
85017,0
85018,0
85020,0
85021,0
85024,0
85025,0
85027,0
85028,0
85030,0
85031,0
85032,0
85033,0
85035,0
85036,0
85039,1
85044,1
85045,0
85046,0
85047,0
85048,0
85055,1
85056,0
85060,0
85061,0
85062,0
85063,0
85064,0
85065,0
85068,0
85069,0
85070,0
85071,0
85072,0
85076,0
85077,0
85079,0
85081,0
85082,0
85085,0
85088,1
85089,0
85090,0
85093,0
85094,0
85095,0
85099,0
85101,0
85105,0
85106,0
85107,0
85109,0
85110,0
85112,0
85114,0
85117,0
85118,0
85119,0
85120,0
85122,0
85123,0
85125,0
85127,0
85129,1
85130,0
85131,0
85133,0
85136,0
85137,0
85144,0
85145,0
85150,0
85152,0
85155,0
85156,0
85158,1
85159,0
85161,0
85166,0
85167,0
85170,0
85171,0
85172,1
85173,0
85174,0
85175,0
85177,0
85179,0
85180,0
85181,0
85189,0
85190,0
85192,0
85193,0
85196,0
85197,0
85198,0
85202,1
85203,0
85207,0
85209,0
85211,0
85213,0
85216,0
85217,0
85218,0
85219,0
85220,0
85221,0
85223,1
85224,0
85225,0
85226,0
85229,0
85231,0
85232,1
85236,1
85242,1
85243,1
85245,0
85246,0
85249,0
85250,0
85253,0
85254,0
85256,1
85257,1
85258,0
85259,0
85260,0
85262,0
85263,0
85265,0
85266,0
85268,0
85270,0
85273,0
85275,0
85278,0
85279,0
85280,0
85281,0
85287,0
85290,0
85291,0
85293,0
85294,0
85295,0
85297,0
85299,0
85300,0
85301,0
85302,0
85307,1
85308,0
85311,0
85312,0
85313,0
85314,0
85316,0
85317,0
85318,0
85319,0
85320,0
85321,0
85322,0
85325,1
85327,0
85328,0
85329,0
85330,1
85332,0
85333,0
85335,0
85337,0
85342,1
85343,0
85344,0
85346,0
85348,0
85351,0
85352,0
85353,0
85354,0
85355,0
85356,0
85359,0
85360,0
85363,1
85366,0
85368,0
85370,0
85371,0
85373,0
85377,0
85379,0
85380,0
85381,1
85384,0
85385,0
85386,0
85387,0
85388,1
85389,0
85391,0
85393,1
85396,1
85399,0
85401,0
85402,0
85403,0
85404,0
85408,0
85409,0
85410,0
85411,0
85412,0
85413,0
85414,0
85416,1
85417,0
85418,0
85421,0
85422,0
85424,0
85425,0
85427,0
85428,1
85429,0
85432,0
85436,0
85438,1
85440,0
85444,0
85445,0
85448,0
85449,0
85453,0
85455,0
85456,0
85458,0
85462,0
85463,0
85464,1
85467,1
85468,0
85469,0
85470,0
85472,0
85474,0
85475,0
85477,0
85478,0
85480,0
85482,0
85483,0
85484,0
85486,0
85488,0
85489,0
85490,1
85491,0
85492,0
85494,0
85495,0
85497,1
85498,0
85499,0
85500,0
85501,0
85503,0
85505,0
85506,0
85509,1
85510,0
85511,0
85512,0
85513,0
85514,0
85515,0
85517,0
85519,0
85520,0
85522,0
85526,0
85528,0
85532,0
85533,0
85534,0
85537,0
85538,0
85539,0
85541,0
85542,0
85544,1
85545,0
85546,0
85547,0
85548,0
85549,0
85550,1
85551,0
85552,0
85555,0
85556,0
85557,0
85560,0
85563,0
85564,0
85565,0
85567,0
85568,0
85569,0
85575,0
85577,0
85578,0
85580,0
85581,0
85589,0
85591,0
85592,0
85593,0
85596,0
85598,0
85600,0
85601,0
85602,1
85603,0
85604,0
85607,0
85609,0
85610,0
85612,0
85614,0
85615,0
85616,0
85618,0
85619,0
85621,0
85623,0
85625,0
85626,0
85628,0
85629,0
85630,1
85631,0
85633,0
85634,1
85635,0
85636,0
85638,1
85640,0
85642,0
85645,0
85647,0
85651,1
85652,1
85653,0
85654,0
85656,0
85657,0
85658,0
85661,0
85662,0
85663,0
85665,0
85666,0
85667,0
85668,0
85669,0
85670,0
85671,0
85673,0
85675,0
85676,0
85677,0
85679,0
85680,0
85685,1
85688,0
85689,0
85690,0
85691,0
85694,0
85696,0
85697,0
85699,0
85700,0
85701,0
85702,1
85706,1
85708,0
85710,0
85712,0
85715,0
85716,0
85717,0
85720,0
85721,0
85722,0
85723,0
85724,0
85725,0
85726,0
85727,0
85729,0
85735,0
85736,0
85737,0
85738,0
85740,0
85743,0
85745,0
85746,0
85747,1
85748,0
85750,0
85752,0
85753,0
85755,0
85759,0
85761,0
85762,0
85764,0
85765,0
85766,0
85767,0
85768,0
85769,0
85770,0
85771,0
85772,0
85773,0
85774,0
85776,0
85777,0
85778,0
85780,0
85782,0
85787,0
85788,0
85789,0
85794,0
85795,0
85796,0
85799,1
85800,0
85801,0
85802,0
85803,0
85806,0
85807,0
85810,0
85811,1
85814,0
85816,0
85819,0
85820,0
85821,0
85822,0
85825,0
85826,1
85829,0
85831,0
85832,0
85833,0
85834,0
85836,0
85838,0
85841,0
85843,0
85844,0
85846,0
85849,0
85853,0
85854,1
85855,0
85858,0
85859,0
85860,0
85865,0
85866,0
85870,0
85872,0
85874,0
85877,0
85878,0
85880,0
85881,1
85883,0
85885,0
85887,0
85889,0
85890,0
85891,0
85892,0
85893,0
85894,0
85896,0
85897,0
85898,0
85899,0
85900,0
85902,0
85903,0
85905,0
85907,0
85908,0
85909,1
85910,0
85913,0
85914,0
85916,1
85917,0
85918,1
85920,0
85922,0
85925,0
85926,0
85932,0
85933,1
85935,0
85936,0
85937,0
85938,0
85939,0
85941,0
85943,0
85944,0
85945,0
85947,0
85949,0
85950,0
85951,0
85952,0
85953,0
85954,0
85955,1
85958,0
85960,0
85961,1
85962,0
85963,0
85967,0
85969,0
85970,0
85971,0
85972,0
85974,0
85977,0
85979,0
85980,1
85982,0
85983,0
85988,0
85992,0
85994,1
85996,0
85997,0
85999,0
86000,0
86001,0
86002,1
86003,0
86004,0
86009,0
86010,0
86012,0
86013,0
86014,0
86015,0
86016,0
86017,0
86018,0
86021,0
86022,0
86024,0
86028,0
86029,0
86030,0
86033,0
86034,0
86035,0
86036,0
86037,0
86038,0
86041,0
86042,1
86043,0
86047,0
86048,0
86052,1
86054,0
86057,0
86058,0
86059,0
86060,1
86061,0
86062,0
86063,0
86065,0
86067,0
86069,0
86070,0
86071,0
86072,0
86073,0
86075,0
86076,0
86078,0
86079,0
86080,0
86081,1
86082,0
86083,0
86087,0
86088,1
86092,0
86094,0
86096,0
86102,0
86103,0
86104,0
86105,0
86106,0
86107,0
86108,0
86110,0
86111,0
86112,1
86117,0
86120,0
86121,0
86123,0
86124,0
86125,0
86126,0
86127,0
86129,0
86131,1
86132,0
86133,0
86134,0
86135,0
86138,0
86139,0
86140,0
86143,0
86144,0
86145,0
86146,0
86147,0
86152,0
86153,0
86154,0
86155,1
86157,0
86158,0
86162,1
86163,0
86166,0
86167,0
86168,0
86169,0
86170,0
86179,0
86180,0
86182,0
86184,0
86185,0
86186,0
86187,0
86188,0
86190,0
86192,0
86194,0
86195,0
86196,1
86197,0
86200,0
86201,0
86202,0
86204,0
86205,0
86206,0
86208,0
86209,0
86211,0
86212,0
86213,0
86215,0
86217,0
86218,0
86219,0
86220,0
86222,0
86225,0
86226,0
86233,0
86240,0
86241,0
86244,0
86247,0
86248,1
86251,0
86253,0
86254,0
86255,0
86258,0
86260,0
86261,0
86264,0
86265,1
86266,0
86267,0
86268,0
86269,0
86270,0
86271,0
86272,0
86273,0
86274,1
86276,0
86282,0
86283,0
86284,0
86287,0
86288,0
86291,0
86292,1
86293,0
86296,0
86299,0
86302,0
86304,0
86305,0
86306,0
86307,0
86308,0
86309,0
86310,0
86311,0
86312,0
86313,0
86314,0
86315,0
86317,0
86318,1
86320,0
86324,0
86326,0
86327,0
86328,0
86329,0
86330,0
86331,0
86336,0
86338,0
86339,0
86341,0
86343,0
86344,0
86346,0
86347,1
86348,0
86349,0
86350,0
86351,0
86353,0
86354,0
86356,0
86357,0
86358,0
86360,0
86361,0
86362,0
86363,0
86366,1
86367,1
86369,1
86370,0
86372,0
86375,0
86377,0
86379,0
86380,0
86382,0
86383,0
86386,1
86387,0
86388,0
86390,0
86391,0
86394,0
86395,0
86401,0
86403,0
86405,1
86406,0
86408,1
86409,0
86413,0
86416,0
86417,0
86418,0
86420,0
86422,0
86423,0
86426,0
86427,0
86428,0
86430,0
86434,0
86436,0
86437,0
86438,0
86439,0
86440,0
86441,0
86442,0
86443,1
86444,0
86445,0
86446,0
86448,0
86449,0
86450,0
86452,0
86453,0
86454,0
86455,0
86456,0
86459,0
86462,0
86463,0
86465,0
86466,0
86467,0
86469,0
86470,0
86473,0
86474,0
86475,0
86476,0
86477,0
86478,0
86480,0
86482,0
86484,0
86486,0
86487,0
86488,0
86489,0
86490,0
86492,0
86493,0
86495,0
86498,0
86505,0
86506,0
86507,0
86509,0
86510,0
86514,0
86516,0
86517,0
86519,0
86521,0
86523,0
86524,0
86525,0
86527,0
86528,1
86529,1
86531,0
86532,0
86535,1
86536,0
86540,0
86541,0
86542,0
86543,0
86544,0
86545,0
86547,0
86548,0
86550,0
86551,0
86552,0
86554,0
86555,0
86556,0
86557,0
86559,0
86560,0
86563,0
86566,0
86567,0
86568,0
86570,0
86571,0
86572,0
86573,0
86574,0
86576,0
86577,1
86580,0
86581,0
86582,0
86583,1
86584,0
86586,0
86589,0
86590,0
86591,0
86592,0
86593,0
86595,0
86597,0
86598,0
86600,0
86601,0
86603,0
86605,0
86606,0
86607,0
86608,0
86609,0
86610,0
86612,0
86613,0
86615,0
86618,0
86619,0
86621,0
86622,1
86623,0
86625,0
86626,0
86628,0
86629,0
86631,0
86632,0
86634,0
86635,0
86638,0
86639,0
86640,0
86642,0
86644,0
86648,0
86649,0
86651,0
86653,0
86654,0
86655,0
86656,0
86657,0
86662,0
86663,0
86664,0
86665,0
86667,0
86668,0
86670,0
86671,0
86672,0
86673,0
86675,0
86676,0
86677,0
86683,0
86685,0
86686,0
86687,0
86689,0
86690,0
86696,0
86698,0
86699,0
86701,0
86704,1
86707,0
86708,0
86711,0
86714,0
86718,0
86719,0
86720,0
86722,0
86725,0
86726,0
86728,0
86731,0
86733,0
86736,0
86737,0
86739,0
86740,0
86741,0
86744,0
86746,1
86749,0
86751,0
86752,0
86753,0
86755,0
86756,0
86758,0
86760,0
86762,0
86763,0
86765,1
86766,0
86767,0
86768,0
86770,0
86772,0
86773,0
86774,0
86779,0
86780,0
86783,0
86784,0
86790,0
86791,0
86792,0
86793,0
86795,0
86797,0
86798,0
86799,0
86802,0
86803,0
86807,0
86809,0
86810,0
86811,0
86812,0
86813,0
86814,0
86815,0
86816,0
86818,0
86819,0
86820,1
86821,0
86823,0
86824,1
86825,0
86826,0
86827,0
86828,0
86829,0
86830,0
86832,0
86834,0
86835,0
86838,0
86839,0
86840,0
86841,0
86842,0
86844,0
86848,0
86849,0
86850,0
86852,0
86853,0
86854,0
86856,1
86859,0
86860,0
86862,0
86863,0
86866,0
86867,0
86870,0
86871,0
86872,0
86873,0
86874,0
86876,0
86877,0
86881,1
86882,1
86884,0
86886,0
86891,1
86892,0
86893,1
86894,0
86896,0
86897,0
86899,0
86900,0
86902,0
86906,0
86907,0
86909,0
86912,1
86915,0
86916,0
86919,0
86921,0
86922,0
86923,0
86924,0
86928,0
86931,0
86936,0
86937,1
86938,0
86939,1
86941,0
86942,0
86944,0
86945,0
86949,0
86952,0
86953,0
86954,0
86957,0
86958,0
86960,0
86962,0
86963,1
86964,0
86965,0
86972,0
86973,0
86975,1
86980,1
86981,1
86983,0
86984,0
86985,0
86987,0
86988,0
86990,0
86992,0
86993,0
86994,0
86995,0
86996,0
86999,0
87000,1
87002,0
87003,0
87009,0
87010,0
87012,1
87014,0
87015,0
87016,0
87020,0
87021,0
87022,0
87023,0
87026,1
87028,0
87032,0
87033,0
87034,0
87035,1
87036,0
87039,0
87040,0
87042,0
87046,0
87048,0
87049,0
87051,1
87053,0
87054,0
87055,0
87059,0
87060,0
87062,0
87063,0
87064,0
87066,0
87068,0
87069,0
87071,0
87072,0
87073,0
87074,0
87075,0
87077,0
87078,1
87079,0
87081,0
87083,0
87084,0
87086,0
87090,0
87091,0
87093,0
87095,0
87096,0
87098,0
87101,0
87102,0
87104,0
87105,0
87106,0
87107,0
87110,0
87111,1
87113,0
87114,0
87116,0
87117,0
87119,0
87120,0
87122,1
87123,0
87125,0
87126,0
87128,0
87129,0
87130,0
87133,0
87136,0
87139,1
87140,0
87141,1
87142,1
87143,0
87145,0
87146,0
87148,0
87149,1
87151,0
87152,0
87153,0
87154,0
87156,0
87157,0
87159,1
87160,0
87161,0
87162,0
87163,0
87165,0
87168,0
87171,0
87172,0
87173,0
87175,1
87178,0
87182,0
87183,0
87184,0
87185,1
87187,0
87188,0
87190,0
87194,0
87195,0
87196,0
87198,0
87201,0
87204,0
87207,0
87209,0
87210,0
87211,0
87214,0
87215,0
87216,0
87217,0
87218,0
87220,0
87221,0
87223,0
87224,1
87225,1
87227,0
87228,0
87229,0
87230,0
87232,0
87234,0
87236,0
87237,0
87238,0
87239,0
87241,0
87242,0
87243,0
87245,0
87247,1
87248,0
87249,0
87251,0
87254,0
87255,0
87258,0
87259,0
87260,1
87264,0
87266,0
87268,0
87275,0
87276,0
87278,0
87279,1
87280,0
87281,0
87282,0
87288,1
87290,0
87291,0
87293,0
87294,0
87299,1
87300,0
87301,0
87303,0
87304,0
87306,0
87307,0
87312,0
87316,0
87317,0
87318,0
87319,0
87321,0
87327,0
87330,0
87331,0
87333,0
87337,0
87338,0
87340,0
87345,0
87346,0
87347,0
87349,0
87350,0
87351,0
87355,0
87356,1
87357,0
87358,0
87359,0
87362,0
87364,1
87366,0
87367,1
87368,0
87369,0
87370,0
87372,0
87373,0
87375,0
87377,0
87379,1
87380,0
87382,0
87384,0
87385,1
87387,0
87389,0
87394,0
87396,0
87398,0
87399,0
87401,0
87402,0
87403,0
87404,0
87405,0
87408,1
87410,0
87411,0
87413,0
87414,0
87416,0
87417,0
87419,0
87420,1
87421,0
87422,0
87423,0
87424,0
87425,0
87428,0
87429,0
87430,1
87432,0
87433,0
87435,0
87436,0
87438,0
87439,0
87440,0
87442,0
87444,1
87445,0
87446,0
87448,0
87449,0
87450,0
87454,0
87457,0
87459,0
87460,0
87462,0
87463,1
87464,0
87465,0
87466,0
87467,0
87468,0
87472,0
87473,0
87476,0
87477,0
87478,0
87481,0
87482,0
87484,1
87486,0
87489,0
87492,0
87493,0
87494,0
87499,0
87504,0
87509,0
87512,0
87513,1
87514,0
87516,1
87518,0
87519,0
87522,0
87523,0
87524,0
87525,0
87527,0
87528,0
87529,0
87534,0
87535,0
87538,0
87541,0
87542,0
87543,0
87546,0
87547,0
87555,0
87557,0
87558,0
87562,0
87564,0
87566,0
87567,0
87571,0
87572,0
87574,0
87575,0
87577,0
87578,0
87580,0
87582,0
87583,0
87584,0
87586,0
87587,0
87588,0
87589,0
87591,0
87592,0
87594,0
87595,0
87596,0
87597,0
87598,0
87599,0
87602,0
87603,0
87604,0
87606,0
87607,0
87609,0
87614,0
87616,0
87617,0
87619,0
87620,0
87622,0
87624,0
87626,0
87627,0
87628,0
87629,0
87631,0
87632,0
87633,0
87634,0
87636,0
87641,0
87642,0
87643,1
87645,0
87646,0
87647,0
87650,0
87652,0
87653,0
87654,0
87655,0
87658,0
87659,0
87663,0
87665,0
87666,1
87668,0
87670,1
87674,1
87677,0
87678,0
87679,0
87680,0
87681,0
87683,0
87688,0
87690,0
87694,0
87696,0
87697,1
87698,0
87701,0
87702,0
87703,0
87705,1
87706,0
87709,0
87710,0
87713,0
87714,0
87716,0
87722,0
87723,0
87725,0
87726,0
87736,1
87738,0
87739,1
87740,0
87742,0
87743,0
87746,0
87747,0
87750,0
87751,0
87752,0
87753,0
87754,0
87755,0
87757,0
87758,0
87759,0
87761,0
87762,0
87765,0
87766,0
87770,1
87771,0
87773,0
87774,0
87775,0
87778,0
87780,1
87781,0
87782,0
87784,0
87786,0
87787,0
87788,0
87790,0
87791,0
87792,0
87794,0
87797,1
87798,0
87799,1
87805,1
87806,0
87807,0
87809,0
87810,0
87811,0
87814,0
87815,0
87817,0
87820,0
87822,0
87823,0
87824,0
87825,0
87826,0
87829,0
87831,0
87834,0
87835,0
87836,0
87837,0
87838,0
87839,0
87840,0
87841,0
87842,1
87844,0
87845,0
87847,0
87848,0
87849,0
87853,0
87854,0
87855,0
87856,0
87857,0
87858,0
87859,0
87860,0
87861,1
87862,0
87863,0
87865,0
87866,0
87868,0
87869,0
87870,0
87872,0
87874,0
87877,0
87878,0
87879,0
87880,0
87881,0
87882,0
87886,0
87889,0
87895,0
87896,1
87898,0
87900,0
87901,0
87902,1
87906,0
87907,0
87908,0
87909,0
87911,0
87912,0
87913,0
87914,0
87915,0
87916,0
87918,1
87919,0
87920,0
87921,0
87928,0
87929,0
87931,0
87935,0
87936,1
87937,0
87939,0
87940,0
87941,0
87943,0
87944,0
87946,0
87948,0
87950,0
87951,0
87953,0
87954,0
87956,0
87958,0
87962,0
87967,1
87968,0
87971,0
87972,0
87973,1
87974,0
87975,0
87976,0
87977,0
87978,0
87980,0
87982,0
87985,0
87986,1
87989,0
87991,0
87992,0
87993,0
87995,0
87997,0
87998,0
87999,1
88000,0
88001,0
88002,0
88006,0
88008,0
88010,0
88014,0
88015,1
88016,0
88017,0
88020,0
88022,0
88025,0
88028,0
88033,0
88034,0
88035,0
88036,0
88039,0
88040,0
88043,1
88045,1
88046,0
88048,0
88050,0
88051,0
88052,0
88054,0
88056,0
88057,0
88061,0
88063,0
88064,0
88066,0
88068,1
88069,0
88070,0
88072,0
88073,0
88075,0
88076,1
88079,0
88080,0
88081,0
88082,0
88083,0
88086,0
88087,0
88089,0
88090,0
88091,0
88095,0
88097,0
88098,0
88102,0
88103,0
88104,0
88105,0
88108,0
88109,0
88110,0
88111,0
88113,0
88114,0
88115,0
88116,0
88122,0
88124,0
88126,0
88127,0
88128,0
88131,0
88134,0
88135,0
88136,0
88138,0
88139,0
88144,0
88146,0
88147,0
88148,0
88149,0
88150,0
88151,0
88152,0
88154,0
88155,0
88158,0
88161,0
88162,0
88164,0
88166,0
88167,0
88169,1
88170,0
88171,1
88174,0
88176,0
88177,0
88178,1
88181,0
88183,0
88185,0
88186,1
88189,0
88190,0
88193,0
88194,0
88195,0
88198,0
88199,1
88200,0
88201,0
88203,0
88205,0
88206,0
88207,0
88209,0
88210,0
88211,0
88213,0
88215,0
88216,0
88217,0
88220,0
88221,0
88222,1
88224,0
88226,0
88227,0
88228,0
88230,1
88232,0
88234,0
88235,0
88236,0
88237,0
88238,0
88239,0
88240,1
88241,0
88242,0
88243,0
88244,0
88245,0
88247,0
88249,0
88251,0
88252,1
88253,0
88256,1
88257,0
88259,0
88260,0
88263,0
88269,0
88270,0
88271,0
88272,1
88273,0
88275,0
88277,0
88278,0
88279,1
88280,0
88281,0
88282,0
88292,0
88293,0
88294,0
88296,0
88297,1
88298,0
88300,0
88303,0
88304,1
88307,0
88309,0
88310,0
88311,0
88312,0
88314,1
88315,0
88317,1
88318,0
88322,0
88325,0
88326,0
88327,0
88329,0
88330,0
88331,0
88333,0
88336,0
88337,0
88338,0
88339,1
88340,0
88343,0
88344,0
88346,0
88347,0
88348,0
88350,0
88352,1
88354,0
88355,0
88357,0
88358,0
88359,1
88363,0
88367,0
88368,0
88369,1
88372,0
88373,0
88374,0
88375,0
88376,0
88378,1
88379,0
88380,0
88381,0
88382,0
88383,0
88384,0
88386,0
88387,0
88388,0
88390,1
88392,0
88393,0
88394,0
88395,1
88396,0
88397,0
88398,0
88399,0
88400,0
88401,0
88402,0
88403,0
88405,0
88408,0
88409,0
88410,0
88412,0
88413,0
88414,0
88415,0
88416,0
88418,0
88419,0
88423,1
88428,0
88430,0
88431,0
88432,0
88433,0
88434,0
88435,0
88436,0
88437,1
88438,0
88439,0
88440,1
88441,0
88442,0
88443,0
88450,0
88451,0
88452,0
88457,0
88458,0
88461,0
88463,0
88464,1
88468,0
88469,0
88472,0
88474,0
88476,0
88478,0
88479,0
88480,0
88481,0
88485,0
88486,1
88488,0
88489,0
88490,0
88492,0
88494,0
88497,0
88502,0
88503,0
88508,0
88511,0
88512,0
88513,0
88514,0
88515,0
88516,0
88517,0
88520,0
88522,0
88525,0
88526,0
88527,0
88528,1
88529,0
88530,0
88531,0
88537,0
88538,0
88540,0
88545,0
88546,1
88548,0
88549,0
88550,1
88551,0
88554,1
88557,0
88558,0
88559,0
88560,0
88562,0
88563,0
88564,0
88566,0
88567,0
88568,0
88569,0
88571,0
88574,0
88576,1
88579,0
88580,0
88581,0
88583,0
88585,0
88586,0
88587,0
88588,0
88590,0
88591,0
88593,1
88594,0
88596,0
88597,0
88598,0
88603,0
88604,0
88607,0
88609,0
88610,0
88611,0
88612,0
88614,0
88616,1
88620,0
88621,0
88624,0
88627,0
88630,0
88631,0
88632,0
88634,0
88635,0
88636,0
88637,0
88639,0
88641,0
88644,0
88646,0
88652,0
88653,0
88656,0
88657,0
88658,0
88661,0
88663,0
88664,0
88665,0
88666,0
88667,0
88668,0
88669,0
88671,0
88673,0
88674,1
88675,0
88678,0
88679,0
88680,0
88683,0
88685,0
88688,0
88690,0
88692,0
88693,1
88694,0
88696,0
88697,0
88698,0
88700,0
88701,0
88704,1
88705,0
88706,0
88710,0
88711,0
88712,0
88713,0
88717,0
88720,0
88721,0
88724,0
88726,0
88727,0
88728,0
88729,0
88730,0
88731,1
88732,0
88733,0
88734,0
88737,0
88741,0
88742,0
88743,0
88745,0
88746,0
88747,0
88748,0
88750,0
88751,0
88752,0
88754,0
88755,0
88756,1
88757,0
88760,0
88765,0
88766,0
88767,0
88769,0
88772,1
88773,0
88775,0
88776,0
88778,0
88780,0
88782,0
88783,0
88787,0
88788,0
88790,0
88791,0
88794,0
88795,1
88798,0
88802,0
88803,0
88807,0
88808,0
88810,0
88812,0
88814,0
88815,0
88816,0
88817,0
88818,0
88820,0
88821,0
88823,0
88824,0
88826,0
88827,0
88828,0
88829,0
88831,0
88832,0
88834,0
88836,0
88837,0
88839,0
88840,0
88841,0
88850,0
88851,0
88852,0
88857,0
88858,1
88859,1
88860,0
88864,1
88866,0
88867,0
88868,1
88869,0
88870,0
88871,0
88872,0
88873,0
88874,1
88875,0
88876,0
88877,0
88879,0
88880,0
88881,1
88882,0
88883,1
88884,0
88885,0
88886,0
88887,0
88889,0
88890,0
88892,0
88893,0
88894,0
88895,0
88896,0
88897,0
88902,0
88909,0
88910,0
88911,1
88914,0
88916,0
88917,1
88922,0
88924,0
88925,0
88926,0
88927,0
88928,0
88929,0
88935,1
88936,0
88937,0
88939,0
88940,0
88942,0
88943,0
88946,0
88948,0
88952,0
88954,0
88957,0
88958,1
88959,0
88961,0
88962,0
88963,0
88964,0
88965,0
88967,0
88968,0
88969,0
88971,1
88972,0
88973,0
88974,0
88975,0
88976,0
88978,0
88980,0
88981,0
88982,0
88983,0
88984,0
88989,1
88993,0
88994,0
88997,0
88999,0
89000,1
89001,0
89002,0
89003,0
89004,0
89006,0
89008,0
89010,0
89013,0
89014,0
89016,0
89017,0
89019,0
89022,0
89023,0
89024,0
89025,0
89027,0
89028,0
89031,0
89032,0
89033,0
89034,0
89037,0
89038,0
89040,0
89041,0
89042,0
89043,0
89044,0
89045,0
89048,1
89049,0
89050,0
89051,1
89054,0
89056,0
89058,0
89059,0
89061,0
89062,0
89063,0
89065,0
89067,0
89070,0
89071,0
89073,1
89074,0
89075,0
89076,0
89077,0
89078,0
89079,0
89080,0
89081,0
89083,0
89084,0
89088,0
89089,0
89090,0
89091,0
89093,0
89094,0
89095,0
89098,0
89100,0
89101,0
89102,0
89103,0
89105,0
89109,0
89110,0
89111,0
89113,0
89114,0
89115,0
89122,1
89123,0
89124,0
89127,0
89131,0
89132,0
89133,1
89135,0
89136,0
89138,0
89139,0
89142,0
89144,0
89146,0
89148,0
89149,0
89151,0
89152,0
89153,1
89155,0
89157,0
89160,0
89161,0
89162,1
89164,0
89166,0
89168,0
89170,0
89171,0
89174,1
89176,0
89177,0
89179,1
89180,1
89181,0
89184,0
89185,0
89186,0
89187,0
89189,0
89192,1
89194,1
89196,0
89197,0
89199,0
89201,1
89202,0
89206,0
89207,0
89208,0
89209,0
89212,0
89213,1
89215,0
89218,0
89219,0
89222,0
89223,0
89225,0
89227,0
89229,0
89230,0
89231,0
89232,1
89236,0
89238,0
89239,0
89240,0
89241,0
89243,0
89244,0
89247,0
89249,0
89252,0
89254,0
89255,0
89256,0
89258,0
89259,0
89261,0
89262,0
89264,0
89267,1
89270,0
89271,0
89272,0
89273,0
89274,0
89277,0
89278,0
89279,0
89282,0
89284,0
89286,0
89287,0
89288,0
89289,0
89291,1
89292,0
89293,0
89294,0
89295,0
89297,0
89298,0
89300,0
89301,0
89303,0
89305,0
89306,1
89307,0
89309,0
89311,0
89312,0
89313,0
89323,0
89325,0
89327,0
89330,0
89331,0
89333,0
89334,0
89335,0
89336,0
89338,0
89339,0
89340,0
89341,0
89343,0
89344,0
89345,0
89346,0
89347,0
89350,0
89351,0
89352,0
89356,0
89357,0
89358,0
89359,0
89360,0
89362,0
89366,0
89367,0
89368,0
89372,0
89373,1
89374,0
89375,0
89376,0
89377,0
89380,0
89383,0
89384,0
89387,0
89388,0
89389,0
89393,0
89394,0
89396,0
89397,0
89403,1
89404,0
89405,0
89406,0
89408,0
89409,0
89410,0
89411,0
89413,0
89414,1
89416,0
89417,0
89418,0
89419,0
89420,0
89422,0
89423,0
89424,0
89425,0
89426,0
89427,0
89429,0
89430,0
89432,1
89433,0
89434,0
89435,0
89440,0
89443,0
89445,0
89446,0
89447,0
89448,0
89450,0
89451,1
89453,0
89459,0
89460,0
89462,0
89464,0
89465,0
89467,0
89468,0
89470,0
89471,0
89474,0
89475,0
89476,0
89477,0
89478,0
89480,0
89486,0
89490,0
89491,0
89492,0
89496,0
89497,0
89499,0
89502,0
89503,0
89504,0
89505,0
89506,0
89507,0
89508,0
89509,1
89510,0
89511,0
89513,0
89515,0
89516,0
89520,0
89521,0
89522,0
89523,0
89525,0
89526,0
89528,0
89529,0
89530,0
89531,0
89534,0
89535,0
89538,0
89540,0
89541,0
89542,0
89543,0
89545,0
89546,0
89547,0
89548,0
89550,0
89554,0
89555,0
89559,0
89560,1
89561,0
89562,0
89563,0
89565,0
89569,0
89571,0
89572,0
89573,0
89574,0
89575,0
89582,0
89583,0
89585,0
89586,1
89587,0
89590,0
89591,0
89592,0
89593,0
89595,0
89597,0
89599,1
89601,0
89604,1
89605,0
89606,0
89613,0
89614,0
89615,0
89616,1
89617,0
89618,0
89619,0
89621,0
89624,0
89626,0
89628,0
89630,0
89631,0
89633,0
89634,0
89635,0
89636,0
89640,0
89641,0
89642,0
89643,0
89645,0
89646,0
89647,0
89652,1
89653,0
89654,0
89655,1
89656,1
89657,0
89658,0
89661,0
89663,1
89664,0
89665,0
89666,0
89667,0
89668,0
89670,0
89671,0
89672,0
89673,0
89675,1
89676,0
89677,0
89678,1
89681,0
89682,0
89684,0
89685,0
89686,0
89687,0
89688,0
89689,0
89694,0
89695,0
89696,0
89699,0
89700,0
89702,0
89703,0
89704,1
89707,1
89709,0
89711,1
89716,0
89719,0
89722,0
89724,0
89726,0
89728,0
89730,0
89733,0
89734,0
89739,0
89740,0
89741,0
89742,0
89743,0
89748,0
89750,0
89751,0
89754,0
89756,0
89757,0
89759,1
89761,0
89763,1
89765,0
89767,0
89769,0
89773,0
89774,0
89775,0
89776,0
89777,0
89779,0
89781,0
89784,0
89785,1
89787,0
89788,0
89790,1
89791,0
89792,0
89793,0
89794,0
89795,0
89797,0
89798,0
89801,0
89802,0
89804,0
89805,0
89806,0
89807,0
89808,0
89810,0
89811,0
89812,0
89813,0
89816,0
89817,0
89818,0
89820,0
89822,0
89823,0
89824,0
89825,0
89832,0
89833,0
89834,0
89835,0
89836,0
89838,0
89841,0
89845,1
89846,0
89848,0
89849,0
89851,0
89853,0
89854,0
89856,0
89857,0
89859,0
89861,0
89862,0
89864,0
89865,0
89870,0
89873,0
89874,0
89875,0
89876,0
89877,1
89878,0
89883,1
89885,0
89887,0
89892,0
89894,0
89895,0
89896,0
89900,0
89901,1
89902,0
89903,0
89904,0
89907,0
89909,0
89911,0
89912,1
89915,1
89917,0
89920,0
89922,0
89924,0
89926,0
89928,0
89929,0
89930,0
89931,0
89932,0
89933,1
89934,1
89935,0
89937,0
89938,0
89941,0
89942,1
89944,1
89945,0
89946,0
89947,0
89948,0
89951,0
89952,0
89956,0
89957,0
89958,1
89959,0
89960,1
89961,0
89963,0
89964,1
89965,0
89966,0
89967,1
89970,0
89972,0
89973,0
89974,0
89975,0
89976,0
89978,0
89982,0
89983,0
89984,0
89986,0
89989,0
89991,0
89992,0
89993,0
89994,0
89996,0
89997,0
89998,0
89999,1
90000,0
90005,0
90006,0
90007,0
90011,0
90012,0
90013,0
90016,1
90017,1
90019,0
90021,0
90024,0
90025,0
90027,0
90029,0
90034,0
90036,0
90038,0
90041,0
90043,0
90046,0
90047,0
90048,0
90049,0
90050,0
90051,0
90052,0
90055,0
90060,0
90062,0
90069,0
90073,0
90074,0
90075,0
90078,0
90081,0
90082,1
90083,0
90086,0
90087,0
90088,0
90089,1
90091,1
90092,0
90094,0
90095,0
90099,0
90101,0
90103,0
90105,0
90106,0
90107,0
90108,0
90110,0
90111,0
90112,0
90113,0
90114,0
90115,0
90116,0
90117,0
90118,0
90121,0
90122,0
90124,0
90125,0
90126,0
90129,0
90131,0
90132,0
90134,0
90135,0
90138,0
90139,1
90140,0
90142,0
90144,0
90145,0
90146,0
90147,0
90148,0
90150,0
90152,0
90153,0
90155,0
90157,0
90158,0
90159,0
90160,0
90162,0
90167,0
90170,0
90171,0
90172,0
90178,0
90180,0
90182,0
90183,0
90185,0
90187,0
90188,1
90191,0
90192,0
90193,0
90196,0
90197,0
90200,0
90203,0
90204,0
90205,0
90207,0
90208,0
90209,0
90210,1
90211,1
90215,0
90216,0
90218,0
90219,0
90221,0
90224,0
90227,0
90228,0
90230,1
90231,0
90233,1
90235,0
90236,1
90237,0
90239,0
90240,0
90241,0
90243,0
90244,0
90246,0
90247,0
90249,0
90252,0
90254,0
90256,0
90257,0
90258,0
90259,0
90261,0
90263,0
90264,0
90265,0
90266,0
90268,0
90270,0
90272,0
90273,0
90274,0
90275,0
90279,0
90281,0
90282,0
90283,0
90284,0
90286,0
90289,0
90290,0
90291,0
90294,1
90295,0
90298,0
90300,0
90301,0
90303,0
90305,0
90306,0
90310,0
90311,0
90312,0
90319,0
90320,1
90321,0
90323,0
90324,0
90326,0
90327,0
90328,0
90329,0
90330,0
90332,0
90333,0
90335,0
90336,0
90337,0
90339,0
90340,0
90341,0
90342,0
90343,0
90344,0
90348,0
90349,0
90351,0
90354,0
90358,0
90362,0
90363,0
90364,1
90365,1
90366,1
90367,0
90369,0
90370,0
90371,0
90372,0
90374,0
90376,0
90380,0
90382,0
90384,0
90385,0
90386,0
90388,0
90389,0
90391,0
90392,0
90393,0
90395,0
90396,0
90397,1
90398,0
90401,0
90403,0
90404,0
90405,0
90406,0
90407,0
90408,0
90410,0
90414,0
90415,1
90416,0
90418,0
90420,1
90421,0
90424,0
90425,0
90427,1
90429,0
90431,0
90432,0
90433,0
90434,0
90437,0
90439,0
90440,1
90442,1
90443,0
90444,1
90446,0
90447,0
90448,0
90449,0
90450,0
90451,0
90452,0
90454,0
90455,0
90457,0
90458,0
90459,0
90461,0
90462,0
90466,0
90469,0
90470,0
90473,0
90478,0
90480,0
90482,0
90486,0
90488,0
90489,0
90494,0
90496,0
90498,0
90500,0
90501,1
90502,0
90504,0
90505,0
90506,0
90507,0
90508,0
90509,0
90511,0
90514,0
90515,0
90517,0
90518,0
90519,0
90523,0
90524,0
90525,0
90526,0
90529,0
90532,0
90533,0
90537,0
90539,0
90540,0
90542,0
90544,0
90545,0
90547,1
90549,0
90553,0
90554,1
90557,0
90560,0
90561,0
90563,0
90564,0
90566,0
90568,0
90572,0
90573,0
90574,0
90576,0
90578,0
90582,0
90585,0
90587,0
90588,0
90589,0
90592,0
90594,0
90595,0
90596,0
90597,0
90598,0
90599,0
90600,0
90602,0
90603,0
90604,0
90605,0
90606,0
90607,0
90609,1
90610,0
90611,1
90612,0
90613,0
90614,0
90615,1
90616,0
90617,0
90619,0
90622,0
90624,0
90625,0
90627,0
90630,0
90637,0
90640,0
90641,0
90642,0
90646,0
90649,0
90650,0
90651,0
90654,0
90658,0
90660,0
90661,0
90664,0
90665,0
90666,0
90667,0
90668,0
90669,1
90671,0
90672,0
90675,1
90677,0
90678,0
90680,0
90681,0
90684,0
90685,0
90687,0
90688,0
90689,0
90690,0
90691,0
90692,0
90693,0
90694,0
90695,0
90696,0
90697,1
90701,0
90702,0
90707,0
90708,0
90711,0
90712,0
90713,0
90715,0
90716,0
90717,0
90718,0
90719,0
90720,0
90721,0
90722,0
90724,0
90725,0
90727,0
90728,0
90729,0
90732,0
90733,1
90738,0
90741,0
90743,0
90744,0
90748,0
90749,0
90751,0
90754,0
90755,0
90758,0
90759,0
90760,0
90764,0
90766,0
90767,0
90768,0
90769,0
90770,0
90773,0
90774,0
90775,0
90776,0
90778,0
90780,0
90782,0
90783,0
90785,0
90787,0
90788,0
90789,0
90792,0
90794,0
90797,0
90798,0
90799,0
90801,0
90802,0
90804,0
90805,0
90807,0
90811,0
90812,0
90813,0
90814,0
90815,0
90818,0
90819,0
90822,0
90823,0
90825,0
90826,0
90827,0
90828,0
90829,0
90836,0
90837,0
90839,0
90843,0
90845,0
90846,0
90849,0
90850,0
90853,0
90854,0
90855,0
90856,0
90857,0
90858,0
90859,0
90860,0
90861,1
90864,0
90865,0
90866,1
90867,0
90869,0
90870,0
90873,0
90877,0
90878,0
90879,0
90880,0
90882,0
90884,0
90887,1
90888,0
90890,0
90891,0
90892,0
90893,0
90895,0
90897,0
90898,0
90904,1
90906,0
90909,0
90913,0
90914,0
90917,0
90920,1
90923,0
90924,0
90926,0
90927,0
90928,0
90929,0
90931,1
90932,0
90934,0
90935,0
90937,0
90939,0
90940,0
90941,0
90942,1
90950,0
90952,0
90953,0
90954,0
90956,0
90957,0
90958,0
90959,0
90960,0
90962,0
90966,0
90968,0
90969,0
90972,0
90973,0
90974,0
90977,0
90979,0
90980,0
90982,0
90983,0
90984,0
90987,0
90991,0
90994,0
90997,0
90999,0
91001,0
91002,0
91004,0
91005,0
91007,0
91013,0
91015,0
91017,0
91020,0
91021,0
91022,0
91023,0
91024,1
91025,0
91030,0
91032,0
91034,0
91036,0
91040,0
91041,0
91042,0
91043,0
91044,1
91046,1
91048,0
91052,0
91056,0
91057,0
91058,0
91059,0
91060,0
91061,1
91063,0
91065,0
91066,0
91069,0
91070,0
91071,0
91072,0
91073,0
91076,0
91077,0
91080,0
91081,0
91084,0
91086,0
91087,0
91088,0
91090,0
91092,0
91093,0
91094,1
91096,0
91097,0
91098,0
91100,0
91101,0
91103,0
91104,0
91105,0
91108,0
91110,0
91111,0
91112,0
91113,1
91114,0
91115,0
91116,0
91118,1
91119,0
91121,0
91122,0
91123,0
91124,1
91127,0
91129,0
91130,0
91131,0
91132,0
91133,0
91134,0
91135,0
91136,0
91137,0
91140,0
91141,0
91143,0
91144,0
91145,0
91147,0
91148,0
91149,0
91151,0
91154,1
91155,0
91156,1
91157,1
91159,0
91160,0
91161,0
91166,1
91167,0
91172,0
91175,0
91178,0
91179,0
91180,0
91181,0
91184,0
91185,0
91187,0
91188,0
91189,0
91190,0
91192,0
91193,0
91194,0
91195,0
91196,0
91198,0
91201,1
91202,0
91204,0
91210,0
91214,0
91215,0
91216,0
91217,0
91219,0
91220,0
91222,0
91223,1
91225,0
91226,0
91227,0
91228,0
91230,0
91231,0
91235,0
91236,0
91237,1
91240,0
91241,0
91242,1
91244,0
91246,0
91247,0
91248,0
91250,0
91251,0
91252,0
91253,0
91254,0
91256,0
91257,0
91259,0
91261,0
91264,0
91265,0
91266,1
91268,1
91272,0
91276,0
91277,0
91278,1
91279,0
91280,1
91282,0
91287,0
91288,0
91289,0
91292,0
91298,0
91299,1
91300,0
91301,0
91302,0
91303,0
91304,1
91305,0
91307,0
91310,0
91312,0
91313,0
91314,0
91316,0
91317,0
91318,0
91320,0
91322,0
91323,1
91324,0
91326,0
91328,0
91329,0
91330,0
91331,0
91332,0
91333,0
91334,0
91335,0
91336,1
91337,0
91339,0
91340,0
91341,0
91344,0
91346,0
91347,0
91348,0
91349,0
91350,0
91352,0
91355,0
91357,0
91359,0
91361,0
91363,0
91364,0
91367,0
91368,0
91369,0
91371,1
91372,0
91374,0
91376,0
91377,0
91380,0
91381,0
91382,1
91383,0
91385,0
91386,0
91387,0
91388,0
91389,0
91390,0
91391,0
91395,0
91396,0
91398,0
91399,0
91400,0
91401,0
91402,0
91404,0
91405,0
91409,0
91410,0
91412,0
91414,0
91416,0
91417,0
91418,0
91421,0
91422,0
91424,0
91426,0
91431,0
91432,0
91437,0
91440,0
91441,0
91446,0
91448,0
91449,0
91451,0
91452,0
91454,0
91455,0
91456,0
91457,0
91458,0
91461,0
91464,0
91465,0
91466,0
91467,0
91468,0
91469,0
91470,0
91472,0
91474,0
91476,0
91477,0
91480,1
91481,0
91482,0
91485,0
91493,0
91495,0
91496,1
91497,0
91498,1
91500,0
91501,0
91503,0
91504,0
91505,1
91508,0
91510,0
91511,0
91512,1
91513,0
91514,0
91515,1
91516,0
91518,1
91519,0
91520,0
91522,0
91525,0
91526,0
91529,0
91530,0
91532,0
91533,0
91539,0
91541,1
91543,0
91545,0
91546,0
91547,0
91549,1
91550,0
91553,0
91554,1
91557,0
91558,0
91560,0
91561,0
91563,0
91564,0
91566,0
91568,0
91570,0
91578,0
91582,0
91584,0
91585,0
91589,0
91592,0
91597,0
91598,0
91599,0
91600,0
91601,0
91602,0
91603,0
91606,0
91608,0
91609,0
91610,0
91611,0
91612,0
91617,0
91618,0
91620,1
91621,0
91622,0
91624,1
91625,0
91626,0
91631,0
91632,0
91638,0
91639,0
91640,0
91641,0
91642,0
91644,0
91647,0
91649,1
91650,0
91652,0
91653,0
91654,0
91655,1
91656,0
91657,0
91659,0
91660,0
91664,0
91665,0
91666,0
91667,0
91668,0
91669,0
91670,0
91671,0
91672,1
91674,0
91676,0
91677,0
91679,0
91680,0
91682,0
91683,0
91684,0
91685,0
91686,1
91687,0
91689,0
91691,0
91693,0
91694,0
91696,0
91698,0
91699,1
91701,0
91702,0
91703,0
91704,0
91708,0
91711,0
91713,0
91715,0
91716,0
91718,0
91720,0
91723,0
91724,0
91725,0
91728,0
91730,0
91735,0
91737,0
91738,0
91740,0
91741,0
91742,1
91743,0
91745,0
91746,0
91747,0
91748,0
91751,0
91753,0
91754,0
91756,0
91758,1
91763,0
91765,0
91766,0
91767,0
91768,0
91770,1
91771,0
91772,0
91773,0
91774,0
91775,0
91776,0
91777,1
91778,0
91781,0
91782,0
91783,0
91784,0
91785,0
91787,0
91790,0
91793,0
91795,0
91796,0
91797,0
91798,0
91802,0
91803,0
91804,0
91807,0
91808,0
91809,0
91811,0
91812,0
91813,0
91815,0
91816,0
91817,0
91820,0
91821,1
91822,0
91823,0
91826,0
91827,0
91829,0
91832,0
91833,0
91834,0
91835,0
91838,0
91842,0
91843,0
91845,0
91846,0
91848,0
91850,0
91851,0
91852,0
91854,0
91855,1
91856,0
91857,0
91858,0
91861,0
91862,0
91864,0
91866,0
91869,0
91871,0
91874,0
91875,0
91879,1
91880,0
91881,0
91882,0
91883,0
91884,0
91885,0
91886,0
91888,1
91889,0
91890,0
91891,0
91892,0
91894,1
91898,0
91899,0
91900,0
91902,0
91903,0
91905,0
91908,0
91909,0
91910,0
91911,0
91912,0
91913,0
91915,0
91916,0
91917,0
91919,1
91920,0
91922,0
91926,0
91927,0
91928,0
91934,0
91936,0
91938,0
91939,0
91941,0
91942,0
91943,0
91944,1
91945,0
91947,0
91948,0
91951,0
91954,1
91955,0
91956,0
91957,0
91960,0
91961,0
91962,0
91965,0
91967,0
91969,0
91970,0
91971,0
91972,0
91974,0
91976,0
91977,0
91978,0
91982,0
91983,0
91984,0
91986,0
91987,0
91989,0
91990,0
91992,0
91998,1
92000,0
92001,0
92002,0
92003,0
92004,1
92008,0
92009,0
92010,0
92012,0
92014,0
92018,1
92020,0
92022,0
92023,0
92027,0
92028,1
92031,0
92032,1
92033,0
92035,0
92037,0
92039,0
92040,0
92041,1
92042,0
92043,0
92045,0
92050,0
92051,0
92052,0
92053,0
92054,0
92056,0
92058,0
92060,0
92062,0
92064,0
92065,0
92066,0
92072,0
92075,0
92076,0
92077,1
92078,0
92083,0
92084,0
92085,0
92087,0
92088,0
92089,1
92093,0
92094,1
92096,0
92097,1
92098,0
92100,0
92102,0
92104,0
92105,0
92107,0
92108,0
92109,0
92111,0
92112,0
92113,0
92114,1
92115,0
92116,0
92117,0
92120,0
92121,0
92122,0
92123,1
92124,0
92125,0
92127,0
92129,1
92133,0
92134,1
92135,0
92136,0
92137,1
92141,0
92145,0
92149,0
92150,0
92151,0
92152,0
92154,0
92155,0
92156,0
92157,0
92158,0
92159,0
92160,1
92162,0
92164,0
92165,1
92166,0
92169,0
92170,0
92171,0
92172,1
92173,0
92174,0
92175,0
92176,0
92177,0
92179,0
92180,0
92182,0
92184,0
92186,0
92187,0
92189,0
92190,0
92191,0
92193,0
92194,0
92198,0
92199,0
92200,0
92201,0
92202,0
92205,0
92208,0
92209,0
92211,0
92212,0
92213,0
92217,0
92218,0
92220,0
92222,0
92223,0
92226,0
92228,0
92229,0
92231,0
92232,0
92233,0
92236,0
92239,0
92241,0
92242,0
92244,0
92246,0
92247,0
92248,0
92250,0
92251,0
92252,0
92254,0
92255,0
92257,0
92258,0
92259,0
92261,0
92262,0
92266,0
92269,0
92270,0
92274,0
92276,0
92278,1
92280,0
92284,1
92287,0
92289,0
92291,0
92294,0
92297,0
92298,0
92301,0
92303,0
92304,0
92305,0
92306,0
92307,0
92308,0
92310,0
92312,0
92314,0
92315,1
92318,0
92319,0
92320,0
92321,0
92322,0
92323,0
92324,1
92329,0
92330,0
92335,0
92336,0
92337,0
92339,0
92342,0
92343,0
92344,1
92345,0
92346,0
92347,0
92348,0
92349,0
92350,0
92351,0
92353,0
92355,0
92357,0
92359,0
92362,0
92364,0
92366,0
92367,0
92368,0
92369,0
92370,0
92371,0
92372,0
92374,0
92375,1
92377,0
92379,0
92380,0
92383,0
92386,0
92388,0
92389,0
92391,0
92393,0
92395,0
92396,0
92397,0
92400,0
92401,0
92403,0
92405,0
92406,0
92408,0
92409,1
92411,0
92412,1
92414,0
92417,0
92418,0
92419,0
92420,0
92423,0
92424,0
92426,0
92427,1
92428,0
92429,0
92430,0
92431,0
92432,0
92433,0
92435,0
92437,1
92443,0
92446,0
92447,0
92449,0
92451,0
92452,0
92456,0
92458,0
92465,0
92468,0
92471,0
92472,1
92477,0
92478,0
92479,0
92480,0
92481,0
92483,0
92484,0
92485,0
92487,0
92488,1
92490,0
92492,0
92501,0
92502,0
92503,0
92506,0
92509,0
92510,0
92511,0
92513,0
92516,1
92518,1
92519,0
92520,0
92523,0
92530,0
92531,0
92532,0
92534,1
92535,0
92536,0
92537,0
92538,0
92541,0
92544,0
92548,0
92549,0
92550,0
92551,0
92552,0
92556,0
92557,0
92559,0
92560,0
92561,0
92564,0
92565,0
92566,0
92570,1
92571,0
92573,0
92575,0
92577,0
92579,0
92580,0
92581,0
92582,0
92584,1
92588,0
92589,0
92590,0
92591,0
92593,0
92594,0
92595,0
92598,0
92599,0
92601,0
92605,0
92607,0
92608,0
92610,0
92611,0
92613,0
92614,0
92615,0
92620,0
92623,0
92624,0
92627,0
92628,1
92629,1
92630,0
92633,0
92635,0
92636,0
92637,0
92638,0
92641,1
92642,0
92644,0
92646,0
92649,0
92650,0
92651,0
92653,0
92654,0
92661,0
92662,0
92664,0
92665,0
92666,0
92667,0
92670,0
92674,0
92675,0
92676,0
92677,0
92678,0
92680,0
92684,0
92685,0
92687,0
92688,0
92689,0
92692,0
92694,0
92696,0
92698,0
92699,0
92705,0
92706,0
92708,0
92709,0
92711,0
92713,0
92714,0
92715,0
92716,0
92717,0
92719,0
92721,0
92722,0
92723,0
92726,0
92730,1
92731,0
92732,0
92735,0
92736,0
92743,0
92745,0
92746,0
92747,0
92748,0
92749,0
92751,0
92752,1
92754,1
92755,0
92756,0
92759,0
92762,1
92764,0
92766,0
92767,1
92768,0
92769,0
92770,0
92772,0
92773,0
92774,0
92775,0
92776,0
92777,0
92778,0
92779,0
92780,1
92782,0
92783,0
92785,0
92786,0
92787,1
92790,0
92793,0
92795,0
92797,0
92798,0
92799,0
92804,0
92806,0
92808,1
92809,0
92813,0
92815,0
92816,0
92817,0
92818,0
92819,0
92821,0
92822,0
92824,0
92825,0
92826,0
92827,0
92828,0
92830,0
92833,0
92834,0
92835,0
92836,0
92838,0
92839,0
92841,0
92843,0
92845,0
92847,0
92849,0
92850,0
92851,0
92852,0
92855,0
92856,0
92857,0
92858,1
92860,0
92861,1
92862,0
92865,1
92867,0
92868,0
92869,0
92872,0
92873,0
92875,0
92876,0
92877,0
92878,0
92879,0
92880,1
92882,0
92883,1
92884,0
92885,0
92886,0
92890,0
92891,0
92893,0
92894,0
92898,0
92899,0
92900,0
92902,0
92903,0
92904,0
92906,0
92907,0
92908,0
92909,0
92911,0
92913,0
92914,0
92915,0
92919,0
92920,0
92921,0
92922,0
92923,0
92924,0
92925,0
92926,0
92927,0
92928,0
92929,0
92930,0
92934,0
92936,0
92937,0
92939,0
92940,0
92943,0
92944,0
92945,1
92947,0
92949,0
92952,0
92953,0
92954,0
92955,0
92956,0
92958,0
92959,0
92960,0
92961,0
92963,1
92964,0
92965,0
92967,0
92969,0
92970,0
92973,0
92974,1
92975,0
92977,0
92978,0
92979,0
92981,0
92982,0
92983,0
92984,0
92985,0
92987,0
92988,0
92991,0
92993,0
92994,0
92996,0
92998,0
92999,0
93004,0
93011,0
93012,0
93013,0
93014,0
93015,0
93016,0
93017,0
93020,1
93021,1
93022,0
93023,0
93024,0
93026,0
93027,1
93028,0
93031,0
93033,0
93037,1
93039,0
93040,0
93043,0
93045,0
93052,0
93056,0
93059,1
93061,0
93062,1
93064,0
93066,0
93067,0
93068,0
93070,0
93071,0
93073,0
93075,0
93076,0
93078,1
93080,0
93081,0
93082,0
93084,0
93086,0
93091,0
93092,0
93094,0
93096,1
93098,0
93099,0
93100,0
93101,0
93102,0
93105,0
93108,0
93109,1
93110,1
93112,0
93113,0
93114,0
93115,0
93116,1
93117,0
93118,1
93119,0
93121,0
93122,0
93123,1
93124,0
93126,0
93129,0
93130,0
93133,0
93134,0
93136,0
93137,0
93140,1
93141,0
93143,1
93145,1
93147,0
93148,0
93149,0
93150,0
93151,0
93153,0
93156,0
93158,1
93160,0
93163,0
93166,0
93168,0
93169,0
93170,0
93171,1
93172,0
93176,0
93177,0
93178,0
93180,0
93183,0
93187,0
93188,0
93189,0
93192,0
93194,0
93197,0
93198,0
93199,0
93203,0
93205,0
93206,0
93207,0
93208,0
93212,0
93213,0
93214,0
93215,0
93216,0
93217,0
93218,0
93219,0
93220,0
93221,0
93222,0
93224,0
93225,0
93226,0
93228,0
93229,0
93230,0
93231,0
93232,0
93233,0
93234,0
93236,0
93237,0
93238,0
93244,0
93246,0
93250,0
93251,0
93252,0
93253,0
93254,0
93256,0
93257,0
93259,0
93262,0
93265,0
93270,0
93271,0
93272,0
93273,0
93275,0
93277,0
93278,0
93279,0
93280,0
93281,0
93283,0
93284,1
93290,0
93293,0
93294,0
93295,0
93296,0
93297,0
93299,0
93300,0
93301,0
93303,0
93305,0
93307,0
93308,0
93309,0
93310,0
93311,0
93312,0
93313,0
93315,0
93316,0
93317,0
93319,0
93320,0
93321,0
93323,1
93325,0
93328,0
93329,0
93330,0
93331,0
93333,0
93336,0
93337,0
93341,0
93343,0
93344,0
93345,0
93348,0
93353,0
93355,0
93357,0
93360,0
93366,0
93370,0
93371,0
93375,0
93376,0
93377,0
93378,0
93379,0
93380,0
93381,0
93382,0
93383,0
93384,0
93385,0
93389,0
93390,0
93392,0
93394,0
93396,0
93398,0
93399,0
93400,0
93401,0
93402,0
93406,0
93408,1
93409,0
93410,0
93411,0
93412,0
93413,0
93414,0
93415,0
93418,0
93419,0
93420,0
93421,0
93422,0
93423,0
93424,0
93426,0
93428,1
93429,0
93431,0
93432,0
93435,0
93436,0
93439,0
93441,0
93442,0
93443,0
93444,0
93447,0
93451,0
93453,0
93460,0
93461,0
93462,0
93463,0
93464,0
93465,0
93468,0
93469,0
93471,0
93475,0
93476,0
93477,0
93478,0
93481,0
93482,0
93484,0
93485,0
93486,0
93487,0
93488,0
93489,0
93490,0
93491,0
93492,0
93493,0
93494,0
93499,1
93500,0
93503,0
93505,0
93508,0
93509,0
93510,0
93512,0
93513,0
93515,0
93516,0
93518,0
93519,1
93521,0
93522,0
93523,0
93525,0
93526,0
93527,0
93528,0
93534,0
93537,0
93540,0
93541,0
93542,1
93543,0
93544,0
93547,0
93548,0
93549,0
93551,0
93553,0
93555,0
93560,0
93561,0
93564,0
93566,0
93567,0
93569,1
93570,0
93571,0
93572,0
93574,0
93575,0
93577,0
93578,0
93580,1
93584,0
93586,0
93588,0
93589,0
93590,1
93591,1
93592,0
93593,0
93594,0
93595,0
93597,0
93598,0
93599,0
93602,1
93604,0
93607,0
93608,0
93610,0
93613,0
93614,0
93615,0
93616,0
93620,0
93621,0
93627,0
93628,0
93629,0
93632,0
93633,0
93634,0
93635,0
93636,0
93638,1
93639,0
93640,0
93643,0
93644,0
93645,1
93649,0
93651,0
93653,0
93654,0
93657,0
93658,0
93659,0
93660,1
93661,1
93662,0
93663,0
93664,0
93665,0
93667,0
93668,0
93669,0
93670,0
93673,0
93675,0
93676,0
93677,0
93678,0
93679,0
93680,1
93681,0
93683,0
93686,0
93687,0
93688,0
93689,0
93692,0
93694,0
93695,0
93696,0
93697,1
93699,0
93700,0
93701,0
93703,0
93704,0
93705,0
93706,1
93707,0
93708,0
93709,0
93712,0
93713,0
93714,0
93716,0
93718,0
93721,0
93724,0
93725,0
93726,0
93728,0
93734,1
93735,0
93736,0
93737,0
93738,0
93739,0
93741,0
93742,0
93743,0
93744,0
93745,0
93746,0
93750,0
93752,0
93753,0
93754,0
93755,0
93756,0
93757,0
93759,0
93762,0
93763,0
93767,0
93768,0
93769,0
93771,0
93772,1
93774,0
93776,0
93777,1
93779,0
93781,0
93782,1
93784,0
93786,0
93788,0
93789,0
93791,0
93792,0
93795,0
93796,1
93797,0
93799,0
93800,0
93802,0
93807,0
93808,0
93809,0
93812,0
93813,0
93815,0
93820,0
93825,0
93829,0
93833,1
93835,0
93836,0
93837,0
93839,0
93840,0
93841,0
93843,1
93844,0
93845,0
93847,0
93850,0
93851,0
93852,0
93853,0
93856,1
93858,0
93859,1
93860,1
93861,0
93862,0
93864,0
93866,0
93867,0
93868,0
93869,0
93871,0
93872,0
93875,0
93876,0
93877,0
93880,0
93881,0
93884,0
93886,0
93887,0
93888,0
93889,0
93893,0
93896,0
93897,0
93898,0
93899,0
93904,0
93905,0
93906,0
93908,1
93909,1
93911,0
93912,0
93913,0
93914,0
93916,0
93917,0
93918,0
93919,0
93923,0
93925,0
93928,0
93930,0
93931,0
93932,0
93933,1
93934,1
93935,0
93936,0
93937,0
93938,0
93940,0
93941,0
93942,0
93944,0
93945,0
93946,0
93948,0
93949,0
93951,0
93952,0
93954,0
93955,0
93957,0
93958,0
93963,0
93964,0
93965,0
93966,0
93968,0
93969,0
93971,0
93972,1
93973,0
93974,0
93975,0
93976,0
93977,0
93978,0
93982,0
93984,0
93985,1
93986,0
93987,0
93988,0
93989,0
93990,0
93992,0
93993,0
93995,1
93997,0
94001,0
94003,0
94004,0
94006,0
94007,0
94009,0
94012,0
94016,0
94017,0
94020,0
94021,1
94023,0
94026,0
94028,1
94032,0
94035,0
94037,0
94039,1
94040,0
94041,0
94048,0
94049,0
94051,0
94052,0
94053,0
94055,0
94056,0
94057,0
94058,0
94060,0
94061,0
94062,0
94066,0
94071,0
94073,0
94079,0
94080,0
94081,0
94082,0
94083,0
94084,0
94085,0
94086,0
94090,0
94091,0
94092,0
94093,0
94095,0
94096,0
94099,0
94100,0
94104,0
94106,0
94109,0
94114,0
94115,0
94119,0
94120,0
94121,0
94122,0
94123,0
94125,0
94127,0
94128,0
94132,0
94134,0
94135,0
94136,0
94138,0
94139,0
94141,0
94143,0
94144,0
94147,0
94148,0
94151,1
94152,0
94155,0
94158,0
94159,0
94165,0
94166,0
94169,0
94170,0
94175,0
94176,0
94177,0
94178,0
94179,0
94180,1
94181,0
94182,0
94183,0
94184,0
94185,0
94186,0
94188,0
94192,1
94195,0
94196,0
94197,0
94198,0
94199,0
94201,0
94203,0
94204,0
94206,1
94207,0
94208,0
94210,0
94211,0
94212,0
94214,0
94216,0
94217,0
94220,0
94221,0
94222,0
94223,0
94224,0
94226,0
94227,1
94228,0
94230,0
94231,0
94233,0
94234,0
94235,0
94238,0
94239,0
94240,0
94241,0
94242,0
94244,0
94245,1
94247,0
94248,0
94249,0
94251,1
94252,0
94253,0
94254,0
94255,1
94256,0
94257,0
94259,0
94260,0
94261,0
94263,0
94265,0
94267,0
94268,0
94270,0
94273,0
94275,0
94276,0
94279,1
94280,0
94281,0
94283,0
94284,0
94286,0
94287,0
94290,0
94291,0
94294,0
94297,0
94300,1
94301,0
94302,1
94305,0
94306,1
94307,0
94309,0
94311,0
94312,0
94313,0
94314,0
94318,0
94319,0
94323,0
94324,0
94325,0
94327,0
94330,1
94334,1
94337,0
94338,0
94339,0
94340,0
94341,0
94342,0
94343,0
94347,1
94350,0
94351,0
94353,0
94357,0
94361,0
94362,0
94363,0
94364,0
94366,0
94367,0
94368,0
94369,0
94370,0
94371,0
94372,0
94374,0
94375,0
94376,0
94380,0
94381,0
94387,0
94388,0
94390,0
94391,0
94394,0
94396,0
94397,0
94398,0
94399,1
94400,0
94401,0
94402,0
94403,0
94406,0
94407,0
94408,0
94409,0
94412,0
94415,0
94417,0
94418,0
94419,0
94420,0
94421,0
94422,0
94423,0
94424,0
94425,0
94426,0
94427,0
94429,0
94436,0
94437,0
94442,0
94443,0
94445,0
94446,0
94447,0
94448,0
94449,0
94450,0
94451,1
94452,0
94457,0
94458,0
94460,0
94461,0
94462,0
94463,0
94466,0
94467,0
94468,0
94469,0
94470,0
94472,0
94473,0
94474,0
94475,0
94476,1
94477,0
94478,0
94479,0
94483,1
94485,0
94486,0
94487,0
94490,1
94491,0
94494,0
94496,0
94498,0
94500,0
94501,0
94502,0
94503,0
94505,1
94507,0
94508,0
94512,0
94513,0
94514,0
94516,0
94517,0
94520,0
94522,0
94526,0
94529,0
94531,0
94533,0
94535,0
94536,1
94537,0
94540,0
94541,0
94543,0
94544,0
94546,0
94548,0
94550,0
94551,0
94553,0
94554,0
94555,0
94556,0
94557,0
94559,0
94561,0
94562,0
94563,0
94564,0
94565,0
94566,0
94567,0
94568,0
94570,0
94571,0
94574,1
94575,0
94576,0
94580,0
94582,1
94583,0
94585,0
94586,1
94588,0
94589,0
94595,0
94597,0
94599,0
94600,0
94602,0
94604,0
94606,0
94609,0
94610,0
94611,0
94612,0
94617,0
94618,0
94620,0
94622,0
94624,0
94625,0
94627,0
94628,0
94629,1
94630,0
94631,0
94633,0
94634,0
94636,0
94638,0
94641,0
94643,0
94644,0
94645,0
94646,0
94649,0
94650,0
94651,0
94652,0
94654,1
94655,0
94656,1
94657,0
94659,0
94660,0
94661,0
94662,0
94665,0
94666,0
94667,0
94669,0
94671,0
94672,0
94674,0
94675,0
94677,0
94680,0
94683,0
94686,0
94688,1
94690,0
94692,0
94694,0
94696,0
94698,0
94699,0
94700,0
94701,0
94704,0
94705,0
94706,0
94707,0
94708,0
94709,0
94711,0
94713,0
94714,0
94721,0
94722,0
94723,0
94726,0
94728,0
94730,0
94731,0
94732,0
94733,0
94738,0
94741,0
94742,0
94743,0
94745,0
94746,0
94747,0
94748,0
94749,0
94750,0
94752,0
94753,0
94754,0
94755,0
94756,1
94757,0
94758,0
94760,0
94762,0
94763,0
94765,0
94766,0
94770,0
94772,0
94774,0
94777,0
94779,1
94780,0
94782,0
94783,0
94784,0
94785,0
94786,1
94787,0
94788,0
94789,0
94792,0
94793,0
94795,0
94798,0
94799,0
94801,0
94805,0
94806,0
94807,0
94810,0
94811,0
94812,0
94813,1
94814,0
94816,0
94817,0
94819,0
94820,0
94824,0
94825,0
94826,0
94827,0
94828,0
94829,0
94830,0
94831,0
94832,0
94835,1
94837,0
94839,0
94840,0
94842,0
94843,0
94844,0
94845,1
94850,0
94853,0
94854,0
94855,0
94856,0
94858,0
94860,0
94861,0
94862,0
94863,1
94864,0
94865,0
94866,0
94867,0
94868,0
94869,1
94871,0
94874,0
94876,1
94880,0
94882,0
94884,0
94886,0
94888,0
94889,1
94890,0
94891,0
94892,0
94893,0
94895,0
94896,0
94897,0
94898,0
94900,0
94905,0
94906,0
94907,0
94908,0
94909,0
94912,0
94913,0
94916,0
94917,0
94920,0
94923,0
94925,0
94926,0
94929,0
94931,0
94932,0
94933,0
94935,0
94939,0
94940,0
94942,0
94943,0
94944,0
94945,0
94948,0
94949,0
94951,0
94953,0
94954,0
94955,0
94956,0
94958,0
94960,0
94961,0
94962,0
94965,0
94966,0
94968,0
94969,0
94970,0
94971,0
94977,0
94978,0
94979,0
94980,0
94981,0
94982,1
94983,0
94986,0
94992,0
94995,0
94996,0
94997,0
94998,0
94999,0
95001,0
95003,0
95004,0
95006,0
95007,0
95009,0
95011,0
95012,0
95013,0
95014,1
95015,0
95017,0
95019,0
95021,0
95024,0
95026,0
95027,0
95030,0
95031,0
95034,0
95035,0
95036,0
95037,0
95039,0
95041,0
95042,1
95043,0
95044,0
95046,0
95047,0
95050,0
95051,0
95053,0
95056,1
95061,0
95064,0
95065,0
95066,0
95068,0
95069,0
95070,0
95072,0
95073,0
95074,0
95076,0
95078,0
95079,0
95080,0
95083,1
95084,1
95086,0
95087,0
95089,0
95091,0
95092,0
95093,0
95095,0
95098,0
95099,0
95100,0
95101,0
95103,0
95104,0
95106,0
95107,0
95108,0
95109,0
95111,0
95114,0
95115,0
95116,0
95117,0
95119,0
95121,0
95122,0
95123,0
95124,0
95126,0
95127,0
95129,0
95130,0
95131,0
95132,0
95137,1
95138,0
95141,1
95142,0
95143,0
95144,0
95146,0
95147,0
95149,1
95151,0
95152,0
95155,0
95160,0
95162,0
95163,0
95164,0
95165,0
95167,0
95168,0
95169,0
95170,0
95172,0
95173,0
95174,0
95177,1
95178,0
95179,0
95180,0
95183,0
95184,0
95185,0
95187,0
95188,0
95192,0
95193,0
95194,0
95196,0
95197,0
95198,0
95199,0
95204,0
95207,0
95209,0
95211,0
95214,0
95215,1
95216,0
95217,0
95218,0
95219,0
95223,0
95224,0
95225,0
95226,0
95228,0
95229,0
95230,0
95232,0
95234,1
95235,0
95236,0
95237,0
95238,1
95239,0
95240,0
95241,0
95244,0
95246,0
95247,0
95250,1
95251,0
95252,0
95253,0
95254,0
95255,0
95257,0
95260,0
95262,0
95265,0
95267,0
95268,0
95271,0
95272,0
95273,0
95274,0
95279,0
95281,0
95282,0
95283,1
95285,0
95286,0
95288,0
95289,0
95290,0
95291,0
95297,0
95300,0
95304,0
95305,0
95308,1
95310,0
95311,0
95312,0
95313,0
95314,0
95315,0
95317,1
95320,0
95321,0
95322,0
95323,0
95325,0
95326,0
95327,0
95328,0
95332,0
95334,0
95335,0
95336,0
95340,0
95343,0
95345,0
95346,0
95350,0
95351,0
95352,0
95353,1
95354,0
95355,0
95356,0
95358,0
95359,0
95360,1
95361,0
95362,0
95365,0
95368,0
95369,0
95371,0
95372,1
95373,0
95374,0
95375,0
95378,0
95379,0
95381,0
95382,0
95383,0
95386,1
95387,0
95389,0
95392,0
95393,0
95394,0
95395,1
95396,0
95398,0
95400,0
95401,0
95403,0
95405,0
95406,0
95409,0
95410,0
95411,0
95415,0
95417,0
95418,0
95419,0
95421,0
95422,0
95423,0
95424,0
95425,0
95426,0
95428,0
95429,0
95430,0
95432,0
95433,0
95434,1
95435,0
95436,0
95439,1
95440,0
95441,0
95444,0
95445,0
95447,0
95448,0
95451,0
95452,1
95453,0
95454,0
95455,0
95456,0
95457,1
95459,0
95462,1
95465,0
95467,0
95468,0
95469,0
95470,0
95471,0
95472,0
95477,0
95478,0
95479,0
95482,0
95483,0
95484,1
95485,0
95486,0
95489,0
95490,0
95491,0
95494,0
95495,0
95497,0
95499,0
95502,0
95504,0
95506,0
95507,0
95512,0
95513,0
95515,0
95517,0
95522,0
95523,0
95524,0
95526,0
95527,0
95530,0
95532,0
95534,0
95536,0
95537,0
95538,0
95540,1
95544,0
95545,0
95546,1
95549,0
95550,0
95551,0
95552,0
95555,0
95556,0
95557,0
95559,0
95560,0
95561,0
95563,0
95564,0
95565,0
95568,0
95570,0
95575,0
95576,0
95577,0
95580,0
95583,0
95585,0
95586,0
95587,1
95589,0
95591,0
95592,0
95594,1
95595,0
95597,0
95598,0
95599,0
95601,0
95602,0
95603,0
95609,0
95610,0
95611,0
95612,0
95613,0
95614,0
95615,0
95616,0
95617,0
95620,0
95621,0
95623,1
95624,0
95625,0
95626,0
95627,0
95628,0
95629,0
95630,0
95631,1
95632,0
95634,0
95635,0
95640,0
95642,1
95643,0
95644,0
95645,0
95646,0
95647,0
95648,0
95649,0
95650,0
95651,0
95654,1
95657,0
95659,0
95660,0
95662,0
95663,0
95664,0
95665,0
95667,0
95668,0
95669,0
95670,0
95672,0
95674,0
95676,0
95678,0
95679,0
95682,1
95684,0
95689,0
95692,0
95693,0
95698,1
95700,0
95701,0
95702,0
95704,0
95705,0
95710,0
95711,0
95712,0
95714,1
95717,0
95718,0
95720,0
95721,0
95722,0
95725,0
95726,0
95730,0
95731,0
95732,0
95734,0
95735,0
95736,0
95737,0
95738,0
95739,0
95742,1
95744,0
95745,0
95748,0
95750,0
95751,0
95753,0
95754,0
95756,0
95757,0
95763,0
95764,0
95765,0
95767,0
95769,1
95771,0
95773,0
95774,0
95777,0
95780,0
95782,0
95783,0
95786,0
95788,0
95789,0
95790,0
95793,0
95795,0
95799,0
95800,0
95802,0
95804,0
95806,0
95807,0
95809,0
95813,1
95814,0
95815,1
95818,0
95819,1
95821,0
95823,0
95824,0
95825,0
95826,0
95827,0
95828,0
95830,0
95833,0
95834,0
95835,0
95839,0
95840,0
95841,0
95843,0
95844,0
95846,0
95847,0
95850,0
95851,0
95853,0
95854,0
95856,0
95857,0
95858,0
95862,0
95864,0
95865,1
95868,0
95871,0
95872,0
95876,0
95877,0
95878,0
95880,0
95882,0
95886,0
95887,1
95888,0
95889,0
95891,0
95893,0
95896,0
95897,0
95898,0
95899,0
95900,0
95902,0
95903,0
95904,0
95906,0
95907,0
95908,0
95910,0
95915,0
95918,0
95919,1
95920,0
95927,0
95928,0
95929,0
95930,1
95932,0
95933,0
95935,0
95936,0
95941,1
95942,0
95945,0
95947,1
95950,0
95951,0
95954,0
95956,0
95957,0
95958,0
95959,0
95961,0
95966,0
95967,0
95968,0
95969,0
95970,0
95971,0
95974,0
95975,0
95976,0
95977,0
95980,0
95983,0
95984,0
95986,0
95987,0
95988,0
95989,0
95990,0
95991,0
95995,0
95996,0
95997,0
95998,0
95999,0
96001,0
96007,0
96008,0
96009,0
96011,0
96012,1
96013,0
96016,0
96017,0
96019,0
96020,0
96023,0
96026,0
96028,0
96030,0
96031,0
96032,0
96033,0
96034,0
96036,0
96040,0
96041,0
96044,0
96046,0
96047,0
96048,0
96051,0
96052,0
96053,0
96054,0
96055,0
96056,0
96058,0
96059,0
96060,0
96061,0
96064,0
96065,0
96068,0
96069,0
96070,0
96071,0
96072,0
96073,0
96074,0
96076,0
96080,0
96081,0
96082,0
96084,0
96085,0
96086,0
96088,0
96089,0
96091,0
96092,0
96098,1
96101,0
96102,0
96104,0
96106,0
96107,0
96108,0
96116,0
96118,0
96122,0
96123,0
96125,1
96128,0
96131,0
96134,0
96135,0
96136,0
96137,0
96140,0
96141,0
96144,1
96145,1
96146,0
96147,0
96149,0
96150,0
96153,0
96157,0
96159,0
96160,0
96162,0
96163,0
96164,0
96166,0
96168,0
96169,0
96170,0
96173,1
96174,0
96176,0
96183,0
96184,0
96186,1
96187,0
96188,0
96189,0
96190,0
96191,0
96193,0
96194,0
96195,0
96196,0
96197,0
96198,0
96199,0
96200,0
96202,0
96203,0
96205,0
96206,0
96207,0
96208,0
96209,0
96210,0
96212,0
96214,0
96215,0
96216,0
96217,0
96222,0
96223,0
96224,1
96228,0
96229,0
96231,0
96232,0
96233,0
96234,0
96235,0
96236,0
96238,0
96241,0
96242,0
96244,0
96248,0
96249,0
96250,0
96251,0
96252,0
96255,0
96257,0
96260,0
96264,0
96267,0
96269,0
96272,1
96273,0
96275,0
96277,0
96278,0
96280,0
96281,0
96282,0
96284,0
96285,1
96286,0
96287,0
96288,0
96291,0
96294,0
96296,0
96297,0
96298,0
96300,0
96301,0
96303,0
96305,0
96306,0
96307,0
96309,0
96310,0
96311,0
96312,0
96313,0
96314,0
96319,0
96320,0
96322,0
96323,0
96324,1
96330,0
96332,0
96333,0
96334,0
96338,0
96339,0
96341,0
96342,0
96343,0
96344,0
96345,0
96346,0
96351,0
96352,0
96353,1
96365,0
96366,0
96368,0
96371,0
96373,0
96374,0
96377,0
96380,0
96381,0
96382,0
96384,0
96385,0
96387,0
96388,0
96390,0
96391,0
96392,0
96395,0
96396,0
96397,0
96403,0
96404,0
96405,0
96406,0
96410,0
96412,1
96413,0
96414,0
96415,0
96416,0
96419,0
96420,1
96422,0
96423,0
96425,0
96426,0
96427,0
96428,0
96429,0
96430,1
96432,0
96434,0
96435,0
96436,0
96439,0
96440,0
96441,1
96442,0
96445,0
96447,0
96449,0
96450,0
96455,0
96456,0
96457,0
96458,0
96459,0
96460,0
96462,1
96463,0
96464,0
96465,0
96466,0
96468,1
96469,0
96472,0
96473,0
96474,0
96477,0
96478,0
96479,0
96483,0
96485,1
96487,0
96488,0
96491,1
96492,0
96496,0
96497,0
96499,0
96500,0
96501,1
96503,0
96504,0
96505,0
96507,0
96509,1
96510,0
96511,0
96514,1
96517,0
96519,0
96521,0
96523,0
96524,1
96525,0
96528,0
96529,0
96531,0
96532,0
96537,0
96538,0
96540,0
96541,0
96543,0
96544,0
96546,0
96547,0
96551,1
96552,0
96556,0
96557,0
96558,0
96560,0
96561,0
96562,0
96567,0
96568,1
96571,0
96573,0
96574,0
96577,0
96578,0
96579,0
96580,0
96581,0
96582,0
96585,0
96586,0
96588,0
96589,0
96591,0
96593,0
96595,0
96596,0
96597,0
96598,1
96599,0
96600,0
96602,0
96603,0
96604,0
96605,0
96606,0
96608,0
96609,0
96615,0
96617,0
96618,0
96620,0
96622,0
96624,0
96626,0
96628,0
96629,1
96630,0
96631,0
96632,0
96633,0
96634,0
96635,1
96636,0
96640,1
96642,0
96643,0
96649,0
96650,0
96652,0
96654,1
96655,0
96656,0
96657,0
96659,0
96661,0
96666,0
96667,0
96668,0
96670,0
96672,0
96673,0
96677,0
96678,0
96681,0
96685,0
96688,0
96690,0
96691,0
96692,0
96694,0
96695,0
96696,0
96698,0
96699,0
96701,0
96703,0
96705,0
96707,0
96708,0
96709,0
96710,1
96714,0
96716,0
96719,1
96720,1
96721,0
96722,0
96723,0
96725,0
96728,0
96731,0
96733,0
96734,0
96735,0
96736,0
96738,0
96739,0
96740,0
96741,0
96743,0
96744,0
96745,0
96748,1
96750,0
96751,0
96753,0
96755,0
96756,0
96760,0
96767,1
96768,0
96771,0
96775,1
96777,0
96782,0
96784,1
96786,0
96788,0
96790,0
96791,0
96792,0
96796,0
96797,0
96800,0
96801,0
96806,0
96807,0
96809,0
96811,0
96813,0
96814,0
96815,0
96816,0
96818,0
96819,1
96820,0
96822,0
96823,0
96824,0
96825,0
96826,0
96831,0
96833,0
96834,0
96836,0
96837,0
96838,0
96840,0
96841,0
96842,1
96845,1
96849,0
96850,0
96851,0
96852,0
96854,0
96855,0
96858,1
96860,0
96861,0
96863,0
96868,0
96869,1
96876,0
96877,0
96880,0
96886,0
96889,0
96891,0
96892,1
96893,0
96894,0
96897,0
96899,1
96900,0
96901,0
96902,0
96903,0
96904,0
96905,1
96908,0
96911,1
96913,0
96915,0
96916,0
96918,0
96919,0
96920,0
96924,0
96925,0
96926,0
96927,0
96928,0
96929,1
96930,0
96932,0
96933,0
96934,0
96937,0
96938,0
96940,0
96941,0
96942,0
96943,0
96944,1
96946,0
96947,0
96948,0
96949,1
96950,0
96951,0
96952,0
96953,0
96954,1
96959,1
96964,0
96965,0
96967,0
96969,0
96970,1
96971,0
96973,0
96975,0
96976,0
96977,0
96978,0
96979,0
96985,0
96987,0
96988,0
96989,0
96990,0
96991,0
96992,0
96994,0
96995,0
96996,0
96997,0
96998,0
97000,0
97002,1
97005,0
97006,0
97007,0
97012,0
97013,0
97014,0
97015,0
97017,0
97018,0
97019,0
97023,0
97024,0
97025,0
97026,0
97028,1
97029,0
97030,0
97031,0
97032,0
97034,0
97036,0
97038,0
97039,0
97040,0
97042,0
97045,0
97046,1
97047,0
97049,0
97050,0
97052,0
97053,0
97059,1
97060,0
97061,0
97063,0
97064,0
97066,0
97068,0
97069,0
97071,0
97073,0
97074,0
97075,0
97076,0
97077,0
97078,0
97079,0
97080,0
97081,0
97084,0
97085,0
97086,0
97087,0
97089,0
97090,0
97092,1
97096,0
97097,0
97099,0
97100,0
97101,0
97102,1
97104,0
97105,0
97107,0
97108,0
97109,0
97111,0
97114,0
97115,1
97118,0
97121,0
97122,0
97123,0
97125,0
97126,0
97128,0
97130,0
97137,0
97138,0
97140,0
97141,0
97142,0
97144,0
97145,0
97146,1
97151,0
97155,0
97156,0
97157,0
97158,1
97159,0
97160,0
97162,0
97163,0
97164,0
97165,0
97168,0
97169,0
97170,0
97172,1
97173,0
97174,0
97175,0
97177,0
97180,0
97181,0
97183,0
97185,0
97188,0
97193,1
97194,0
97195,1
97196,0
97197,0
97198,0
97199,0
97200,0
97201,0
97204,0
97205,0
97206,0
97212,0
97214,0
97216,0
97218,0
97219,0
97221,0
97222,0
97223,0
97230,0
97234,0
97237,1
97239,0
97240,0
97241,0
97243,0
97248,0
97249,0
97252,0
97255,0
97256,0
97259,0
97260,0
97262,0
97264,0
97265,0
97266,0
97267,0
97269,0
97270,0
97272,0
97273,0
97274,0
97278,0
97279,0
97280,0
97281,0
97282,0
97283,0
97284,0
97285,0
97286,0
97287,1
97288,0
97289,0
97292,0
97294,0
97295,0
97296,0
97298,0
97299,0
97303,0
97304,0
97305,0
97306,0
97308,0
97309,0
97311,1
97312,0
97313,0
97315,0
97317,1
97321,0
97322,0
97324,0
97325,0
97326,0
97327,0
97328,0
97329,0
97330,0
97333,0
97336,0
97337,0
97338,0
97344,1
97345,0
97347,0
97348,1
97349,0
97350,0
97352,0
97354,0
97356,0
97357,0
97358,0
97359,0
97360,0
97361,0
97363,0
97364,0
97366,0
97367,0
97368,0
97369,0
97370,1
97373,0
97374,0
97376,0
97377,0
97378,0
97379,0
97381,0
97382,0
97383,0
97385,0
97386,0
97387,0
97388,0
97390,0
97393,0
97396,0
97398,0
97399,0
97400,0
97403,0
97404,0
97406,1
97407,0
97409,0
97411,0
97413,0
97414,0
97415,0
97416,1
97418,0
97420,0
97422,0
97424,0
97427,1
97428,0
97429,0
97430,0
97434,0
97437,0
97439,0
97440,0
97441,0
97442,1
97445,0
97446,0
97448,0
97449,0
97450,0
97452,0
97456,0
97457,0
97458,0
97460,0
97463,0
97464,0
97468,0
97469,0
97470,0
97473,0
97475,0
97477,0
97480,0
97481,0
97482,0
97484,0
97485,0
97486,0
97487,0
97491,0
97492,0
97495,0
97496,0
97497,0
97498,0
97499,0
97502,0
97505,0
97506,0
97507,1
97508,0
97509,0
97511,0
97513,0
97515,0
97516,0
97517,1
97518,1
97522,0
97523,0
97524,0
97526,0
97528,0
97530,0
97534,0
97535,0
97538,0
97540,0
97542,0
97543,0
97544,0
97546,0
97547,0
97548,0
97550,0
97551,0
97555,1
97557,0
97560,0
97565,1
97566,0
97568,0
97569,0
97571,0
97572,1
97573,0
97575,0
97578,0
97580,0
97581,0
97582,0
97583,0
97584,0
97585,0
97586,0
97588,0
97594,0
97595,1
97597,0
97598,0
97601,0
97603,0
97604,1
97609,0
97610,0
97613,0
97615,0
97616,0
97617,0
97619,0
97620,1
97621,0
97624,0
97625,0
97627,1
97628,0
97632,0
97634,0
97636,0
97641,0
97642,0
97643,1
97644,0
97647,1
97649,0
97650,1
97651,0
97652,0
97653,0
97656,0
97657,0
97658,0
97659,0
97660,0
97661,0
97662,0
97664,0
97665,1
97667,0
97669,0
97670,0
97671,0
97675,0
97678,0
97679,0
97680,0
97681,0
97684,0
97685,0
97686,0
97688,1
97691,0
97692,0
97693,0
97695,0
97697,0
97698,0
97699,0
97700,0
97701,0
97702,0
97709,0
97711,0
97712,1
97713,0
97716,0
97718,0
97719,0
97720,0
97725,0
97726,0
97727,0
97729,0
97730,0
97733,0
97737,0
97738,0
97739,0
97741,0
97743,0
97744,0
97745,0
97746,0
97748,0
97751,0
97754,0
97757,0
97758,0
97759,0
97760,0
97761,0
97764,0
97766,0
97767,0
97768,0
97769,0
97771,0
97776,0
97777,0
97779,0
97780,0
97783,0
97784,0
97787,0
97789,0
97790,0
97791,0
97792,0
97793,0
97794,0
97797,1
97800,0
97801,1
97802,0
97804,0
97807,0
97808,0
97809,0
97810,0
97811,0
97814,0
97815,1
97817,1
97819,0
97823,0
97825,0
97829,0
97830,0
97832,0
97833,0
97834,0
97835,0
97836,0
97841,0
97843,0
97845,0
97846,0
97848,0
97849,0
97850,0
97853,0
97854,0
97855,0
97858,1
97859,0
97860,0
97861,0
97862,0
97866,0
97868,1
97869,0
97873,0
97874,0
97880,0
97883,0
97885,0
97889,0
97891,0
97892,0
97893,0
97898,0
97899,0
97902,0
97903,0
97905,0
97906,0
97907,0
97908,0
97909,0
97911,0
97913,0
97914,0
97918,0
97919,0
97920,0
97921,1
97923,0
97925,0
97926,0
97927,0
97929,0
97930,0
97931,0
97933,1
97934,0
97936,0
97938,0
97939,0
97940,0
97943,0
97944,0
97945,0
97946,0
97947,0
97948,0
97949,0
97951,0
97953,0
97954,0
97956,0
97958,0
97961,0
97965,0
97967,0
97968,0
97972,0
97973,0
97974,0
97975,0
97977,0
97980,0
97982,0
97984,1
97989,0
97992,0
97994,0
97997,0
97999,0
98000,0
98003,0
98004,0
98006,1
98008,0
98009,0
98010,0
98011,0
98012,1
98014,0
98015,0
98016,0
98017,1
98019,0
98020,0
98022,0
98023,0
98024,0
98025,0
98026,0
98028,0
98029,0
98030,0
98031,1
98032,1
98034,0
98035,0
98036,0
98037,1
98038,1
98039,0
98040,0
98044,0
98047,0
98051,0
98053,0
98055,0
98057,0
98058,0
98060,0
98061,0
98064,0
98067,0
98068,0
98070,1
98071,0
98072,0
98073,0
98074,0
98075,0
98076,0
98078,0
98079,0
98082,0
98084,0
98085,1
98086,0
98088,0
98090,0
98091,0
98093,0
98094,0
98097,0
98098,0
98099,0
98102,0
98103,0
98104,0
98106,0
98107,0
98108,0
98109,1
98110,0
98111,0
98113,1
98116,0
98121,0
98123,0
98124,0
98126,0
98128,0
98129,1
98130,0
98134,0
98135,0
98136,1
98137,0
98139,0
98140,0
98143,1
98144,0
98145,0
98147,0
98148,0
98150,0
98153,0
98155,0
98156,0
98158,0
98160,0
98161,1
98163,0
98164,0
98166,1
98167,0
98168,0
98169,0
98170,0
98171,0
98172,0
98177,0
98178,0
98183,0
98184,0
98186,0
98187,0
98188,0
98189,1
98190,0
98194,0
98195,0
98197,1
98199,0
98200,0
98201,0
98202,0
98204,0
98205,0
98208,0
98209,0
98214,0
98217,0
98219,0
98220,0
98223,0
98224,0
98225,0
98226,0
98228,1
98230,0
98231,0
98233,0
98237,0
98238,1
98240,0
98241,0
98243,0
98244,0
98245,0
98248,0
98250,0
98253,0
98256,0
98257,0
98259,0
98260,0
98264,0
98267,0
98268,0
98269,0
98272,0
98273,0
98274,0
98275,0
98282,0
98283,1
98284,0
98287,1
98290,0
98293,0
98294,0
98299,0
98301,0
98305,0
98306,0
98308,1
98309,0
98312,0
98313,0
98315,0
98316,0
98317,0
98318,0
98319,0
98320,0
98322,0
98323,0
98324,1
98326,0
98328,0
98330,1
98331,0
98335,0
98336,0
98338,0
98339,0
98340,0
98342,0
98343,0
98344,0
98351,0
98352,0
98357,0
98358,0
98362,0
98363,0
98365,0
98368,1
98369,1
98371,0
98372,0
98373,0
98374,0
98375,0
98377,0
98378,0
98379,0
98380,0
98383,0
98384,0
98385,0
98386,0
98387,0
98389,0
98391,0
98392,0
98393,0
98394,0
98396,1
98399,0
98403,0
98406,0
98408,0
98411,0
98412,1
98414,0
98415,0
98418,0
98419,0
98420,0
98422,0
98423,0
98426,0
98427,0
98431,0
98433,0
98435,0
98436,0
98438,0
98440,0
98443,0
98445,0
98446,1
98447,0
98450,0
98451,0
98454,1
98457,0
98458,1
98460,0
98461,0
98462,0
98463,0
98464,0
98465,1
98466,0
98468,0
98469,0
98470,1
98471,0
98475,0
98476,0
98477,0
98479,0
98480,1
98481,0
98488,1
98490,1
98491,0
98494,1
98495,0
98496,1
98497,0
98499,0
98501,0
98504,0
98505,0
98507,1
98510,0
98512,0
98514,0
98515,1
98516,0
98519,0
98521,0
98523,0
98524,1
98525,0
98527,0
98529,0
98530,0
98531,0
98532,0
98534,0
98536,0
98537,0
98544,1
98546,0
98547,0
98548,0
98550,0
98551,0
98552,0
98553,1
98554,0
98556,0
98557,0
98558,0
98559,0
98560,0
98561,0
98562,1
98563,0
98564,0
98565,0
98568,0
98572,0
98574,0
98575,0
98577,0
98578,0
98579,0
98580,0
98581,0
98582,0
98583,0
98585,0
98586,1
98588,0
98598,0
98599,0
98600,0
98601,0
98602,0
98603,0
98604,0
98606,0
98608,0
98609,0
98610,0
98611,0
98612,0
98613,0
98614,0
98615,0
98616,0
98617,0
98619,1
98620,0
98621,0
98622,0
98624,0
98625,1
98626,0
98627,0
98628,1
98629,0
98630,0
98632,0
98633,0
98634,1
98635,0
98637,1
98639,0
98641,1
98643,0
98644,0
98645,0
98646,0
98647,0
98648,0
98649,0
98650,0
98656,0
98657,0
98658,0
98659,0
98664,0
98666,0
98667,0
98668,0
98669,0
98670,0
98672,0
98673,0
98674,0
98681,0
98683,0
98684,0
98685,0
98686,1
98687,0
98688,0
98689,0
98690,1
98691,0
98696,0
98698,0
98699,0
98700,1
98702,0
98705,0
98707,0
98708,0
98710,0
98711,0
98712,0
98713,0
98715,0
98716,0
98719,0
98721,0
98723,0
98728,0
98729,1
98730,0
98731,0
98732,0
98733,0
98735,1
98738,0
98741,0
98743,0
98745,1
98746,0
98749,0
98751,0
98754,0
98755,0
98758,0
98760,0
98763,0
98764,0
98766,0
98767,0
98768,0
98769,0
98770,0
98771,0
98772,0
98773,0
98775,0
98776,0
98777,0
98778,0
98780,1
98781,0
98782,0
98783,1
98784,0
98786,0
98787,0
98788,0
98789,1
98790,0
98792,0
98793,0
98794,0
98796,0
98797,0
98799,0
98804,0
98805,0
98806,0
98807,0
98808,0
98809,0
98810,0
98811,0
98812,0
98813,0
98815,0
98819,0
98820,0
98823,0
98824,0
98826,0
98829,0
98830,0
98833,0
98837,0
98839,0
98840,0
98841,0
98842,0
98844,0
98845,0
98846,0
98848,1
98850,1
98852,0
98857,0
98858,0
98861,0
98864,0
98866,0
98869,0
98872,0
98876,1
98877,0
98878,0
98879,0
98880,0
98883,0
98885,1
98887,0
98889,0
98890,0
98893,1
98894,0
98896,0
98897,0
98899,1
98900,0
98901,0
98902,0
98903,0
98907,0
98908,0
98910,0
98911,0
98913,0
98915,0
98916,0
98919,0
98920,0
98921,0
98923,0
98924,0
98925,0
98926,0
98927,0
98930,0
98931,1
98932,0
98938,0
98939,0
98940,0
98941,0
98943,1
98944,0
98947,0
98948,0
98950,0
98953,0
98955,0
98958,0
98959,0
98960,0
98961,0
98963,0
98964,0
98968,0
98969,0
98971,0
98972,0
98973,0
98974,0
98975,0
98979,0
98980,0
98984,0
98986,0
98989,1
98990,0
98992,1
98997,0
98998,0
99000,0
99002,0
99003,1
99004,0
99006,0
99007,0
99012,0
99014,0
99015,0
99016,1
99017,1
99018,0
99019,0
99020,0
99021,0
99023,0
99024,0
99025,0
99027,0
99028,1
99029,0
99030,0
99031,0
99032,0
99033,0
99034,0
99035,0
99037,0
99038,0
99039,0
99040,0
99043,0
99045,1
99047,0
99051,0
99054,1
99055,0
99056,0
99060,0
99061,0
99062,0
99063,0
99066,0
99068,0
99070,0
99075,0
99080,0
99081,0
99083,0
99084,0
99085,0
99086,0
99089,0
99090,0
99091,0
99092,0
99093,0
99094,0
99095,0
99096,0
99097,0
99100,0
99101,0
99102,0
99103,0
99104,0
99105,0
99107,0
99108,1
99110,0
99111,0
99112,0
99114,0
99115,0
99116,0
99118,0
99120,0
99122,0
99123,1
99124,0
99126,0
99127,1
99129,0
99131,1
99134,0
99135,1
99137,0
99138,0
99142,0
99143,0
99145,0
99148,0
99149,0
99150,0
99152,0
99154,0
99155,0
99156,0
99157,0
99158,0
99159,0
99161,0
99163,0
99164,0
99167,0
99169,0
99171,0
99173,0
99174,0
99175,0
99177,0
99178,0
99180,1
99181,0
99182,0
99185,0
99186,0
99187,0
99189,0
99190,0
99192,0
99193,1
99196,0
99198,0
99200,0
99203,0
99204,0
99205,0
99206,0
99207,0
99210,0
99214,0
99216,0
99217,0
99219,1
99220,0
99223,0
99224,0
99225,0
99227,0
99229,0
99230,0
99231,0
99232,0
99235,0
99236,0
99240,0
99241,1
99243,0
99244,0
99248,0
99249,0
99250,0
99251,0
99256,0
99259,0
99260,0
99261,0
99264,0
99265,0
99266,0
99267,0
99268,0
99269,0
99272,0
99273,0
99274,0
99275,0
99277,0
99278,0
99280,0
99281,0
99283,1
99285,0
99286,0
99287,0
99290,0
99292,0
99293,0
99294,0
99295,0
99296,0
99297,0
99298,0
99299,1
99300,1
99304,0
99308,0
99309,0
99310,0
99315,1
99316,0
99317,0
99319,0
99320,0
99321,0
99324,0
99325,1
99326,0
99327,0
99330,1
99331,0
99332,0
99333,0
99335,0
99338,0
99339,0
99341,0
99342,0
99346,0
99347,0
99348,0
99349,0
99350,0
99353,0
99356,0
99358,0
99359,0
99364,0
99365,0
99366,0
99368,0
99369,0
99372,0
99374,0
99378,1
99380,0
99382,0
99383,0
99385,0
99387,0
99389,0
99391,0
99393,0
99396,0
99400,0
99403,0
99404,0
99405,0
99406,0
99407,0
99408,0
99410,1
99411,1
99412,0
99413,0
99414,1
99415,0
99416,0
99418,0
99421,0
99423,0
99427,0
99428,0
99433,1
99435,0
99441,0
99442,0
99443,0
99446,0
99448,0
99449,0
99450,0
99451,0
99453,0
99454,0
99456,0
99458,0
99460,0
99462,0
99463,0
99464,0
99465,0
99467,0
99468,0
99470,0
99475,0
99477,0
99478,0
99483,1
99484,0
99487,0
99489,0
99491,0
99493,0
99494,1
99501,0
99502,0
99504,0
99506,0
99508,0
99509,0
99510,0
99511,0
99512,0
99516,0
99520,0
99522,0
99523,0
99526,0
99527,0
99529,0
99530,1
99534,0
99535,0
99536,0
99537,0
99538,0
99539,0
99542,0
99543,1
99546,0
99547,0
99548,0
99552,0
99553,0
99554,0
99555,0
99556,0
99559,0
99560,1
99561,0
99563,0
99566,0
99567,0
99568,0
99569,0
99571,0
99573,0
99575,0
99577,0
99578,0
99583,0
99584,0
99585,0
99586,0
99591,0
99592,0
99594,0
99596,0
99598,0
99599,0
99600,0
99601,0
99603,0
99604,0
99607,0
99608,0
99609,0
99610,0
99611,0
99614,0
99616,0
99618,0
99619,0
99621,0
99623,0
99624,0
99626,0
99628,0
99629,0
99630,0
99632,0
99633,0
99635,1
99639,0
99640,0
99643,0
99644,0
99645,0
99646,0
99647,0
99648,0
99649,0
99652,0
99653,0
99654,0
99655,0
99657,0
99658,1
99659,0
99660,0
99661,0
99662,0
99664,0
99667,0
99668,0
99670,0
99671,0
99673,0
99674,0
99676,1
99678,0
99679,0
99683,0
99684,0
99686,0
99688,0
99690,0
99693,0
99694,0
99697,0
99698,0
99699,0
99700,0
99701,0
99704,1
99705,0
99706,0
99707,0
99712,0
99713,0
99715,1
99716,0
99718,0
99722,0
99724,0
99725,0
99726,0
99729,0
99730,0
99731,0
99732,0
99733,0
99734,1
99735,1
99736,0
99737,0
99738,0
99739,0
99741,0
99743,0
99745,0
99746,0
99747,0
99748,0
99749,0
99750,0
99751,0
99752,0
99754,0
99759,0
99760,0
99763,1
99765,0
99768,1
99771,0
99772,0
99777,0
99778,0
99779,0
99781,0
99782,0
99784,0
99785,0
99786,0
99787,0
99789,0
99790,0
99794,0
99796,0
99797,1
99799,0
99801,0
99802,0
99803,0
99807,0
99808,0
99809,0
99812,0
99813,1
99814,1
99817,0
99818,0
99820,0
99823,0
99824,0
99825,0
99826,0
99828,0
99829,0
99830,0
99831,0
99832,0
99833,0
99839,0
99841,0
99842,0
99843,0
99845,0
99847,0
99850,0
99855,0
99856,0
99857,0
99858,0
99859,0
99860,0
99863,0
99864,0
99865,0
99866,0
99867,0
99869,0
99870,0
99872,0
99873,0
99874,0
99876,0
99880,0
99881,0
99882,1
99883,0
99886,0
99887,0
99888,0
99892,0
99893,0
99897,0
99898,1
99899,0
99900,0
99903,0
99905,1
99907,0
99908,0
99909,0
99911,0
99912,0
99914,0
99917,0
99918,0
99919,0
99920,0
99921,0
99922,0
99923,1
99925,0
99926,1
99927,0
99928,1
99930,0
99931,0
99938,1
99942,0
99944,0
99945,0
99946,0
99948,0
99949,0
99952,0
99953,0
99954,0
99958,0
99960,0
99962,0
99964,0
99965,0
99966,1
99968,0
99971,0
99972,0
99973,1
99975,0
99976,1
99977,1
99978,0
99980,0
99981,0
99982,0
99983,1
99984,0
99985,0
99987,0
99988,0
99992,0
99993,0
99994,0
99995,0
99996,0
99997,0
99998,0
100000,1
