age,gender_enc,country_enc,traffic_source_enc,num_orders,unique_categories,avg_sale_price,max_sale_price,min_sale_price,actual,predicted,vip_probability
27,0,4,3,1,1,62.0,62.0,62.0,0,0,0.0002394842514592707
58,0,13,4,2,3,54.60000069936117,94.0,9.81,0,1,0.5210127707189544
44,1,6,4,4,4,83.09799995422364,199.0,17.49,1,1,0.9997577522837728
40,1,3,4,2,2,37.97500038146973,39.95,36.0,0,0,0.0007629385402559975
24,1,4,4,1,1,42.0,42.0,42.0,0,0,0.0004621613723424655
69,0,10,4,2,3,43.34999974568685,55.05,25.0,0,0,0.18091794961433852
44,0,4,4,2,2,59.29999923706055,78.0,40.6,0,0,0.12351716304030201
21,0,13,4,1,1,99.0,99.0,99.0,0,0,0.017953505937602667
39,1,13,4,2,3,53.323333740234375,79.99,39.99,0,0,0.38210972022465334
28,1,4,4,1,1,69.94999694824219,69.95,69.95,0,0,0.0007603636119876069
36,0,12,2,1,1,24.989999771118164,24.99,24.99,0,0,6.160052574650034e-05
48,1,4,4,1,1,49.9900016784668,49.99,49.99,0,0,0.00024925205174492545
58,1,4,3,2,5,65.49166615804036,193.95,9.0,1,1,0.9991748138694764
36,1,13,4,1,1,59.0,59.0,59.0,0,0,0.0004728383182508887
34,1,4,4,2,3,27.65999984741211,44.0,8.99,0,0,0.0039367640801451975
49,0,4,4,1,2,39.484999656677246,59.0,19.97,0,0,0.003065744722208037
28,0,13,0,2,2,13.593332926432291,20.8,4.99,0,0,0.001386909549260688
21,0,6,3,1,1,19.989999771118164,19.99,19.99,0,0,1.968289985955307e-05
68,1,11,4,2,2,36.57999897003174,42.01,31.15,0,0,0.0023527536304412473
14,1,4,4,2,3,31.989999771118164,46.0,17.97,0,0,0.0028277954620181756
67,0,10,4,1,1,17.989999771118164,17.99,17.99,0,0,2.5029540387088356e-05
61,0,4,4,1,1,25.0,25.0,25.0,0,0,3.273964061839139e-05
17,0,13,4,1,2,70.49499988555908,119.0,21.99,0,0,0.1703002780653438
41,1,4,3,2,2,18.5,25.0,12.0,0,0,0.0014298004550838675
53,0,4,4,1,1,9.890000343322754,9.89,9.89,0,0,2.5029540387088356e-05
24,1,4,4,1,1,16.0,16.0,16.0,0,0,3.2664699712926596e-06
39,0,13,4,1,1,34.0,34.0,34.0,0,0,1.02311040648322e-05
15,1,4,3,1,1,14.899999618530273,14.9,14.9,0,0,3.2664699712926596e-06
33,0,13,4,1,2,63.78999996185303,105.0,22.58,0,0,0.20447264242989832
13,0,13,4,1,1,104.0,104.0,104.0,0,0,0.010445146565354915
38,1,2,4,1,4,23.15000057220459,42.99,12.0,0,0,0.007284926515025971
50,0,3,3,1,1,225.75,319.0,132.5,1,1,0.985
40,1,4,4,1,3,60.369999408721924,109.99,20.0,1,1,0.9647521982595353
27,0,7,4,2,2,47.65333239237467,73.99,10.99,0,0,0.035596085628144765
28,1,4,4,1,2,24.28499984741211,26.57,22.0,0,0,0.0003706842544152088
44,1,10,2,1,1,76.0,76.0,76.0,0,0,0.00020817529275049995
58,0,4,4,2,2,26.79499912261963,46.6,6.99,0,0,0.0030704278050231186
25,0,13,4,1,3,26.364999771118164,39.5,8.98,0,0,0.0002631267551434788
55,1,13,4,3,4,60.725999450683595,95.99,31.23,1,1,0.9989849469807743
50,0,4,4,1,1,14.470000267028809,14.47,14.47,0,0,2.5029540387088356e-05
18,1,13,4,1,1,43.47999954223633,43.48,43.48,0,0,0.0005427854529523278
68,0,11,4,1,1,19.989999771118164,19.99,19.99,0,0,1.968289985955307e-05
49,1,13,3,1,1,88.0,88.0,88.0,0,0,0.0053683272367597455
58,1,4,4,1,1,41.9900016784668,41.99,41.99,0,0,7.29928916626665e-05
29,0,4,4,1,1,41.0,41.0,41.0,0,0,3.352831894802289e-05
17,0,13,1,1,1,23.899999618530273,23.9,23.9,0,0,5.3890425515197304e-05
15,0,12,4,1,1,398.0,398.0,398.0,1,1,1.0
43,1,6,4,1,1,60.0,60.0,60.0,0,0,0.00031059326567419994
56,1,13,4,2,1,99.75,150.0,49.5,1,1,0.9796992610094918
26,0,4,4,1,1,49.45000076293945,49.45,49.45,0,0,0.00025625814460729075
34,0,13,4,1,3,21.53666655222575,30.0,9.61,0,0,6.957836804670473e-05
68,1,13,4,1,1,26.5,26.5,26.5,0,0,0.00019405161472835211
25,0,13,1,2,2,55.49499988555908,98.0,12.99,0,0,0.0881305095674251
58,0,3,4,4,4,92.10666704177856,339.0,13.81,1,1,0.9998498213995013
27,1,10,4,1,1,32.5,32.5,32.5,0,0,4.067142692323414e-06
65,1,4,4,1,1,26.5,26.5,26.5,0,0,0.00025046553172730504
21,1,4,3,1,2,87.8466649055481,159.95,3.6,1,1,0.9667313245551231
66,0,3,4,1,1,22.020000457763672,22.02,22.02,0,0,4.835768968724385e-05
42,0,4,4,1,3,20.99333318074544,29.99,15.0,0,0,0.0011602198574568875
34,1,4,3,3,4,75.5,129.0,14.0,1,1,0.9990585524001631
47,1,4,3,1,1,54.970001220703125,54.97,54.97,0,0,0.00027730352628821007
39,1,7,2,3,3,64.19666798909505,71.44,54.6,1,1,0.9794107948927233
31,1,10,3,1,1,67.98999786376953,67.99,67.99,0,0,0.00038783217351817624
23,0,3,4,1,1,67.5,67.5,67.5,0,0,0.0007151091679874916
49,1,3,4,1,1,28.0,28.0,28.0,0,0,8.38068749601134e-06
50,1,4,4,2,2,25.0,25.0,25.0,0,0,0.0010565259332692236
14,1,3,4,1,1,99.5199966430664,99.52,99.52,0,0,0.005684234425692809
30,0,13,4,3,6,27.33833392461141,49.99,9.97,0,1,0.5528691285323707
27,1,13,4,2,3,60.65666643778483,119.99,19.99,1,1,0.9783334166877813
70,1,12,0,1,1,69.9000015258789,69.9,69.9,0,0,0.0016454490502757827
39,0,3,0,1,1,11.949999809265137,11.95,11.95,0,0,1.968289985955307e-05
64,1,10,4,1,1,68.0,68.0,68.0,0,0,0.0004376674955069303
65,1,11,4,1,1,55.5,55.5,55.5,0,0,0.00018693465693512838
70,0,6,4,1,1,25.0,25.0,25.0,0,0,2.739300009085611e-05
70,1,13,4,1,1,31.950000762939453,31.95,31.95,0,0,0.0001948522874493829
27,1,3,4,2,2,19.994999885559082,24.99,15.0,0,0,0.0018708507047644882
35,0,12,2,1,1,18.0,18.0,18.0,0,0,1.968289985955307e-05
23,1,13,4,2,2,42.64333279927572,69.99,11.99,0,0,0.026053845097691864
38,1,4,3,1,1,257.0,257.0,257.0,1,1,1.0
18,0,6,4,1,1,37.7599983215332,37.76,37.76,0,0,2.4917948482181724e-05
12,1,3,4,1,1,29.989999771118164,29.99,29.99,0,0,0.0
21,1,0,2,1,1,44.0,44.0,44.0,0,0,0.0001843840837363072
14,0,4,1,1,3,107.2966677347819,249.0,32.9,1,1,0.9995201482671036
31,0,13,4,1,1,62.0,62.0,62.0,0,0,0.0003344184426593611
67,0,4,4,1,1,155.0,155.0,155.0,0,0,0.004260657763183358
46,1,3,4,2,3,28.14000066121419,35.72,23.7,0,0,0.0015503608132104044
66,1,3,4,2,3,58.69799957275391,74.99,39.5,1,1,0.9271475637974528
20,1,10,2,1,2,46.92999887466431,79.99,13.87,0,0,0.05309287820431688
19,0,4,1,1,3,17.320000012715656,25.0,12.99,0,0,0.0013376591907934686
68,0,6,4,4,5,59.80166641871134,119.0,12.99,1,1,0.999518121463263
57,1,13,4,3,5,36.570000648498535,54.99,18.95,1,1,0.9299551346066299
12,0,13,1,1,1,120.0,120.0,120.0,0,0,0.011919832471192448
67,0,4,4,1,1,8.739999771118164,8.74,8.74,0,0,4.835768968724385e-05
66,1,4,1,2,4,24.895000219345093,34.95,14.63,0,0,0.025064444769657513
38,1,4,1,2,3,52.996665954589844,79.99,27.0,0,0,0.45120063473258937
25,0,13,4,2,2,39.0,59.5,18.5,0,0,0.006126545264579758
58,0,4,4,1,1,68.0,68.0,68.0,0,0,0.0005562157933966544
43,0,13,4,1,1,189.0,189.0,189.0,1,1,1.0
47,0,4,3,1,1,31.0,31.0,31.0,0,0,2.3287844823670516e-05
59,0,4,3,1,1,59.0,59.0,59.0,0,0,0.00029456840255481174
28,1,4,4,1,2,23.960000038146973,24.99,22.93,0,0,0.0003706842544152088
63,0,12,4,1,1,25.190000534057617,25.19,25.19,0,0,3.273964061839139e-05
68,1,13,1,1,1,50.58000183105469,50.58,50.58,0,0,0.0002245814337996083
67,1,3,4,1,4,31.507500171661377,49.99,22.05,0,0,0.026837897414549592
60,1,4,4,2,5,157.58999938964843,348.0,46.0,1,1,0.9999567312642357
65,0,13,4,1,1,14.0,14.0,14.0,0,0,1.968289985955307e-05
68,0,3,4,1,1,79.94999694824219,79.95,79.95,0,0,0.0008207543445101326
42,1,13,2,3,4,46.48600044250488,79.0,17.99,1,1,0.9795030778588153
29,0,10,4,1,1,39.45000076293945,39.45,39.45,0,0,1.7941204296135235e-05
68,1,13,4,2,2,82.47499990463257,150.0,14.95,0,0,0.47916953171687077
31,1,11,4,2,2,17.494999885559082,24.0,10.99,0,0,0.0013301743612985837
37,1,4,3,1,2,85.83333333333333,160.0,28.0,1,1,0.9995542485840093
15,0,4,2,1,1,23.670000076293945,23.67,23.67,0,0,1.968289985955307e-05
42,1,13,4,2,2,39.789999643961586,49.37,25.0,0,0,0.0036816263883601165
65,1,4,1,1,1,63.66999816894531,63.67,63.67,0,0,0.00018723874814708156
47,0,4,2,1,1,15.279999732971191,15.28,15.28,0,0,2.5029540387088356e-05
25,1,3,4,1,1,69.94999694824219,69.95,69.95,0,0,0.0006509140763774075
26,1,12,4,1,1,94.5,94.5,94.5,0,0,0.004719319195951499
56,1,4,4,2,5,126.04000091552734,190.0,58.0,1,1,0.9999567312642357
21,0,3,4,1,1,79.98999786376953,79.99,79.99,0,0,0.0009066962701831774
49,1,13,4,1,1,65.0,65.0,65.0,0,0,0.0006863198882694344
13,0,4,4,1,2,135.48999786376953,240.98,30.0,1,1,0.9932116474866569
41,0,13,4,1,1,34.0,34.0,34.0,0,0,1.02311040648322e-05
49,0,13,4,1,1,28.0,28.0,28.0,0,0,1.968289985955307e-05
59,1,3,4,2,3,114.99333572387695,229.99,49.99,1,1,0.9999477622503358
30,1,4,4,2,5,53.36399955749512,89.95,21.99,1,1,0.9507183019840386
63,1,3,4,3,4,27.52999973297119,44.0,16.97,0,0,0.1767873707388686
69,0,7,4,2,2,50.6200008392334,65.25,35.99,0,0,0.04339491544829089
59,0,3,2,1,2,22.494999885559082,27.99,17.0,0,0,0.0003037389522922691
45,0,7,3,1,1,17.040000915527344,17.04,17.04,0,0,2.5029540387088356e-05
58,0,13,4,1,2,27.539999961853027,30.0,25.08,0,0,0.00040763255692919444
25,0,4,1,1,1,36.0,36.0,36.0,0,0,2.204631069142847e-05
15,1,4,4,1,1,23.989999771118164,23.99,23.99,0,0,3.2664699712926596e-06
39,1,10,3,1,1,108.0,108.0,108.0,0,0,0.006957505188534884
28,1,4,4,1,2,66.0,76.0,56.0,0,0,0.08127410048321923
57,0,13,0,4,7,34.59750008583069,88.0,13.9,1,1,0.9474022078420044
59,0,4,4,3,4,46.69599990844726,69.99,9.0,1,1,0.945548977483903
69,0,10,4,2,3,23.803333282470703,33.0,13.41,0,0,0.0031721534108911063
52,1,6,4,1,2,32.4950008392334,39.99,25.0,0,0,0.0004942230534193588
40,0,7,3,3,4,54.62000007629395,104.0,12.99,1,1,0.9905379363724807
65,1,7,4,3,4,50.8675000667572,99.0,13.56,1,1,0.9906459588084935
43,1,4,4,1,1,25.0,25.0,25.0,0,0,8.38068749601134e-06
54,0,13,4,1,1,11.979999542236328,11.98,11.98,0,0,1.968289985955307e-05
27,1,4,3,2,2,29.610000610351562,35.99,23.23,0,0,0.0006251884774930642
21,1,4,4,1,2,106.64000034332275,189.0,24.28,1,1,0.9978232340794756
63,0,4,4,2,2,49.4900016784668,59.99,38.99,0,0,0.010180841409213668
53,1,3,4,2,2,61.48000144958496,62.97,59.99,0,0,0.052521557163320846
70,0,4,4,1,1,55.0,55.0,55.0,0,0,0.0003195207651247172
19,1,7,4,2,2,62.474998474121094,94.95,30.0,0,0,0.24735095415358263
44,0,3,4,1,2,35.989999771118164,41.98,30.0,0,0,0.0007792248506394571
24,0,3,4,2,2,46.49499988555908,78.0,14.99,0,0,0.048500556247373226
36,0,4,4,2,2,155.0,280.0,30.0,1,1,0.9999311275671364
36,1,4,4,1,4,121.34249925613403,355.0,26.88,1,1,0.9999890839916213
23,0,4,4,1,1,12.949999809265137,12.95,12.95,0,0,1.968289985955307e-05
50,0,7,4,3,8,109.62374997138977,375.0,12.0,1,1,0.9999440477762909
49,1,4,1,1,1,24.0,24.0,24.0,0,0,3.2664699712926596e-06
32,1,4,4,1,1,33.75,33.75,33.75,0,0,0.00019887233749751827
28,1,11,3,2,3,86.06000010172527,138.0,21.18,1,1,0.9939750518674667
61,1,13,1,2,4,66.99600067138672,103.5,19.0,1,1,0.9822541449642885
66,1,4,1,1,3,85.8733336130778,180.0,24.99,1,1,0.9999558430300666
59,1,4,4,1,1,88.0,88.0,88.0,0,0,0.005910469942460951
70,1,3,2,1,2,294.49500274658203,389.0,199.99,1,1,0.9999468085106383
34,0,7,4,1,1,12.899999618530273,12.9,12.9,0,0,1.968289985955307e-05
46,1,4,4,1,1,210.0,210.0,210.0,1,1,1.0
62,0,13,4,1,2,25.984999656677246,34.98,16.99,0,0,0.00035950030490323505
19,0,3,4,2,3,49.59333356221517,100.93,19.9,0,1,0.5545094168398237
69,1,4,4,1,1,46.619998931884766,46.62,46.62,0,0,0.00038056897245784983
25,1,11,2,1,1,85.5999984741211,85.6,85.6,0,0,0.0049310554839615
66,1,4,4,4,5,146.20599899291992,417.0,38.84,1,1,0.9999573447280841
58,0,4,4,2,3,71.0,136.0,33.0,1,1,0.9944665094646821
66,1,13,3,1,1,424.5,424.5,424.5,1,1,1.0
21,1,11,1,2,2,33.99499988555908,50.0,17.99,0,0,0.0016461445275264813
52,0,4,3,3,4,70.48666795094807,142.99,29.99,1,1,0.9999743178574073
62,1,13,4,3,3,38.9950008392334,53.0,25.0,0,0,0.07309857110218418
50,1,6,4,1,1,89.0,89.0,89.0,0,0,0.0033452881851516693
54,1,3,4,2,4,45.40000057220459,57.95,27.0,1,1,0.9148919852073237
17,0,4,4,1,3,24.703333536783855,32.0,17.12,0,0,0.0014912674865306245
57,1,4,4,1,1,38.9900016784668,38.99,38.99,0,0,5.740577701077884e-05
49,0,7,3,3,3,30.053332646687824,42.17,21.0,0,0,0.04645622604497989
29,1,4,4,3,2,24.700000127156574,34.5,18.0,0,0,0.0027531219237117476
23,0,13,4,1,1,69.98999786376953,69.99,69.99,0,0,0.0004021770623072736
22,1,13,3,1,1,55.0,55.0,55.0,0,0,0.00010554891426563106
68,1,11,4,1,1,199.5,199.5,199.5,1,1,1.0
33,1,7,1,1,1,25.0,25.0,25.0,0,0,3.2664699712926596e-06
13,0,0,3,2,3,29.75,55.0,13.0,0,0,0.011954734781735026
47,0,4,4,4,8,81.05625009536743,485.0,12.99,1,1,0.9999308290056365
32,1,13,4,2,6,103.02333323160808,395.0,14.0,1,1,0.9998518578291197
69,0,13,3,1,1,110.5,110.5,110.5,0,0,0.005911379094648574
24,1,4,2,2,4,39.35000038146973,52.95,25.0,0,0,0.47178199982520874
18,0,13,4,1,1,50.380001068115234,50.38,50.38,0,0,0.00014888139234629178
55,0,7,4,2,2,59.970001220703125,59.99,59.95,0,0,0.045502471155012054
17,0,3,4,1,1,398.0,398.0,398.0,1,1,1.0
32,1,13,4,1,2,36.47500038146973,59.95,13.0,0,0,0.003041607378526987
13,1,13,4,2,7,50.55571419852121,80.42,15.99,1,1,0.9670977990394349
31,1,4,4,1,1,39.5,39.5,39.5,0,0,1.1026084933102857e-05
29,1,13,4,1,1,11.369999885559082,11.37,11.37,0,0,2.6355233439738017e-05
68,1,13,4,1,1,168.0,168.0,168.0,0,0,0.005675953395000987
59,0,4,4,1,1,39.95000076293945,39.95,39.95,0,0,8.01404340285155e-05
44,0,10,3,1,4,35.27749943733215,79.17,8.99,0,0,0.11754527106194423
36,1,3,4,1,1,27.950000762939453,27.95,27.95,0,0,8.38068749601134e-06
57,1,4,4,1,2,202.25,275.0,129.5,1,1,0.9999902152641879
12,0,10,4,1,1,24.0,24.0,24.0,0,0,5.269492061362714e-05
35,0,4,4,1,1,31.989999771118164,31.99,31.99,0,0,1.7941204296135235e-05
63,1,4,1,1,2,119.44999885559082,207.95,30.95,1,1,0.9998589982167598
19,1,10,4,2,2,81.37000274658203,144.74,18.0,0,0,0.29801891119778534
61,0,13,3,1,2,55.49499988555908,98.0,12.99,0,0,0.12197065677260331
54,1,12,4,3,4,96.87400016784667,198.0,19.99,1,1,0.9997135082127803
25,0,4,2,1,1,127.51000213623047,127.51,127.51,0,0,0.007585349990707044
36,0,13,4,1,1,73.5,73.5,73.5,0,0,0.0006901998601692653
41,1,0,4,2,2,112.0,198.0,26.0,1,1,0.9994775389559578
28,1,4,4,2,3,69.5066687266032,147.99,17.58,1,1,0.9968131899548885
61,0,12,4,2,4,88.62249994277954,141.0,24.99,1,1,0.9948163059251932
48,1,8,4,1,1,275.0,275.0,275.0,1,1,1.0
27,1,7,1,1,1,55.0,55.0,55.0,0,0,0.0003292772623162195
44,0,9,4,1,1,19.989999771118164,19.99,19.99,0,0,2.5029540387088356e-05
27,1,13,4,1,1,69.30000305175781,69.3,69.3,0,0,0.0007843897510997566
67,0,4,1,2,3,56.199999491373696,97.1,12.0,0,1,0.5321735272289154
28,0,4,4,3,5,43.32400016784668,89.0,12.11,1,1,0.9890685200873868
39,0,3,4,1,1,90.0,90.0,90.0,0,0,0.008086122377804601
41,1,4,4,1,2,64.25,104.5,24.0,0,0,0.23348376304726431
69,0,13,4,3,3,31.230000495910645,56.99,11.7,0,0,0.041126579357211854
58,1,0,4,1,1,79.0,79.0,79.0,0,0,0.00087762815219006
18,1,4,2,1,3,32.62666702270508,63.95,6.99,0,0,0.017926033348021505
33,0,13,4,1,1,34.9900016784668,34.99,34.99,0,0,1.02311040648322e-05
69,0,13,4,1,1,16.979999542236328,16.98,16.98,0,0,1.968289985955307e-05
15,1,6,4,1,1,89.98999786376953,89.99,89.99,0,0,0.003468105880950848
34,0,13,4,3,3,31.84666633605957,53.55,12.99,0,0,0.029050153989590103
62,0,4,4,1,1,29.989999771118164,29.99,29.99,0,0,4.374435633307277e-05
31,1,0,4,1,1,49.95000076293945,49.95,49.95,0,0,0.00030766967838028673
19,0,13,4,1,1,92.0,92.0,92.0,0,0,0.007813290212105299
63,1,4,0,1,3,39.329999923706055,69.0,14.99,0,0,0.09378280026290073
70,1,13,4,2,2,24.484999656677246,25.0,23.97,0,0,0.0009153962848399966
61,1,10,4,3,4,47.0199990272522,79.99,12.99,1,1,0.9714967379069895
62,0,13,3,3,6,40.66666624281142,73.95,12.5,1,1,0.9570226890627445
18,0,4,3,1,1,88.0,88.0,88.0,0,0,0.008162412377403753
24,1,4,4,1,1,16.0,16.0,16.0,0,0,3.2664699712926596e-06
65,1,13,0,1,3,64.08666737874348,119.26,25.0,1,1,0.9792135235287323
66,1,4,4,1,1,33.0,33.0,33.0,0,0,0.0002512662044483358
19,0,3,4,1,4,94.63999843597412,242.29,24.77,1,1,0.9991859428334381
32,0,3,4,1,1,58.0,58.0,58.0,0,0,0.0017421329075198435
52,0,3,3,1,2,68.0,74.0,62.0,0,0,0.03751185913700346
13,0,4,4,1,3,59.89666748046875,142.8,10.99,1,1,0.9876191897530836
22,1,13,3,1,2,51.5,53.97,49.03,0,0,0.010539126926204902
29,0,4,4,1,1,25.0,25.0,25.0,0,0,6.160052574650034e-05
68,1,13,4,1,1,166.0,166.0,166.0,0,0,0.005719056843276849
23,1,10,4,1,1,98.0,98.0,98.0,0,0,0.005577941581521543
64,0,11,4,2,3,63.37000000476837,178.0,7.98,1,1,0.9988055356100642
32,0,7,0,2,3,54.82250118255615,92.36,29.95,1,0,0.4485357991546326
28,1,12,3,1,1,22.540000915527344,22.54,22.54,0,0,3.2664699712926596e-06
15,0,6,4,2,2,92.5,160.0,25.0,1,1,0.9980130666173644
18,1,4,4,1,2,102.36000061035156,182.22,22.5,1,1,0.9975248557010972
35,0,12,4,2,2,24.75249981880188,65.0,7.16,0,0,0.0036644761509027498
26,1,13,4,1,1,74.0,74.0,74.0,0,0,0.0006735700156278317
64,1,4,3,2,5,60.137999534606934,150.0,13.2,1,1,0.9987347859162163
55,0,2,4,1,4,85.05999946594238,185.0,21.0,1,1,0.9978079584251573
63,1,4,4,1,3,55.244999408721924,98.0,24.99,1,1,0.6719057727728516
41,1,6,4,1,1,25.0,25.0,25.0,0,0,2.5314485649881535e-05
28,0,13,4,1,3,61.61666742960612,102.86,32.99,1,1,0.9596531938383878
64,1,3,3,1,1,44.9900016784668,44.99,44.99,0,0,0.0004466629882277629
70,1,4,4,1,1,19.989999771118164,19.99,19.99,0,0,2.4561917269474136e-05
36,0,12,3,1,2,75.9749984741211,109.95,42.0,0,0,0.17340683375430238
25,1,13,0,1,3,42.47500038146973,62.0,24.0,0,0,0.1239645434684634
37,1,4,4,1,1,35.0,35.0,35.0,0,0,9.181360217042095e-06
70,1,3,4,1,1,28.989999771118164,28.99,28.99,0,0,2.4561917269474136e-05
60,1,0,4,1,1,39.9900016784668,39.99,39.99,0,0,7.29928916626665e-05
51,1,13,3,1,3,146.46249914169312,269.5,16.9,1,1,0.9997610634899142
69,1,10,3,1,1,23.989999771118164,23.99,23.99,0,0,0.00017096285125990676
24,0,4,4,3,3,55.48750019073486,78.0,29.95,1,0,0.4242569849162875
52,1,10,4,1,4,51.98749923706055,67.95,25.0,1,1,0.928226643951874
35,0,4,4,1,1,25.0,25.0,25.0,0,0,6.160052574650034e-05
45,1,4,4,2,3,25.99333318074544,29.99,21.99,0,0,0.0021328808869677147
13,1,3,4,1,2,27.5,30.0,25.0,0,0,0.0009512462338896157
17,1,3,4,2,3,80.61666742960612,113.9,17.95,1,1,0.9717534241801572
31,1,4,4,1,2,32.0,36.0,28.0,0,0,0.00032271173650832746
58,1,3,2,1,1,29.989999771118164,29.99,29.99,0,0,6.309722426288844e-06
59,0,3,4,1,1,158.0,158.0,158.0,0,0,0.007808293921829268
44,0,4,1,1,1,31.989999771118164,31.99,31.99,0,0,2.041620703291727e-05
24,0,4,1,1,1,27.969999313354492,27.97,27.97,0,0,2.739300009085611e-05
24,1,3,4,1,4,81.74750137329102,152.0,12.0,1,1,0.9798044245553379
31,0,6,3,3,3,65.98333358764648,135.0,28.0,1,1,0.9988420816608099
34,1,6,4,1,1,8.899999618530273,8.9,8.9,0,0,2.5314485649881535e-05
28,0,4,4,2,4,49.68400001525879,115.99,10.5,1,1,0.9682692088727406
33,0,4,4,1,3,95.99499893188477,189.0,20.0,1,1,0.9991935296454569
38,1,7,4,1,1,25.0,25.0,25.0,0,0,2.5314485649881535e-05
39,1,3,4,1,1,13.760000228881836,13.76,13.76,0,0,8.38068749601134e-06
14,0,4,4,1,1,28.0,28.0,28.0,0,0,2.6197495189285942e-05
54,0,11,4,1,4,116.22499990463257,399.0,15.9,1,1,0.9990702313006423
63,0,4,4,1,1,158.0,158.0,158.0,0,0,0.004793316356168209
22,0,13,3,2,2,35.9950008392334,46.99,25.0,0,0,0.0032303707198399006
30,1,13,4,4,5,28.830000559488933,44.5,4.5,1,0,0.4372415479610716
28,1,3,4,1,1,72.2300033569336,72.23,72.23,0,0,0.0007403377739886797
53,1,0,1,1,2,54.5,59.5,49.5,0,0,0.0064185009243489044
34,1,3,4,1,1,59.5,59.5,59.5,0,0,0.0003857287558672598
37,1,4,2,2,2,34.47000026702881,59.95,8.99,0,0,0.009642491469075734
51,0,4,1,1,1,6.980000019073486,6.98,6.98,0,0,2.5029540387088356e-05
37,1,4,4,1,2,107.5,195.0,20.0,1,1,0.9991006063422493
25,1,13,4,1,1,36.95000076293945,36.95,36.95,0,0,4.109159258759469e-05
37,0,4,4,3,5,53.08142907278879,139.99,9.99,1,1,0.9971952313732031
37,0,4,4,1,1,12.989999771118164,12.99,12.99,0,0,1.968289985955307e-05
46,1,13,0,1,1,138.0,138.0,138.0,0,0,0.011828954358074637
21,0,7,3,2,4,60.431666692097984,129.0,12.0,1,1,0.9861295301630268
42,1,12,4,3,3,45.28000005086263,89.0,22.54,0,1,0.6821682777071798
70,0,3,4,2,2,67.9749984741211,109.95,26.0,0,0,0.27004565954707405
27,1,7,3,2,6,96.19000053405762,234.95,17.75,1,1,0.999902958001465
32,0,13,4,1,1,55.29999923706055,55.3,55.3,0,0,0.0002564669916469588
37,0,3,4,4,4,41.294000434875485,86.75,12.86,1,1,0.8134637502080766
41,1,4,3,1,1,11.989999771118164,11.99,11.99,0,0,8.38068749601134e-06
28,1,7,3,1,2,98.84999974568684,155.0,53.55,1,1,0.9979970556415121
31,1,12,4,1,1,60.0,60.0,60.0,0,0,0.0008006548276711205
63,1,6,4,1,1,19.979999542236328,19.98,19.98,0,0,0.00044324315994798244
61,1,6,4,1,3,46.43333435058594,69.3,25.0,0,0,0.4925966833023341
38,0,13,4,1,1,25.0,25.0,25.0,0,0,5.3890425515197304e-05
51,1,4,4,3,6,108.20333321889241,240.75,16.5,1,1,0.9999047860034966
42,0,4,4,1,3,54.62249946594238,99.0,19.5,1,1,0.632527299752021
47,1,13,4,1,1,160.0,160.0,160.0,0,0,0.0041805341825218775
61,0,3,4,3,3,33.23500108718872,39.99,17.97,0,0,0.03492920447024194
62,1,6,4,2,3,40.65666707356771,55.0,21.98,0,0,0.07365949857401433
27,0,4,4,4,5,57.68600006103516,138.75,21.68,1,1,0.99980287929846
68,0,8,4,1,1,21.989999771118164,21.99,21.99,0,0,1.968289985955307e-05
38,1,13,3,3,3,118.4300028483073,169.99,33.0,1,1,0.9996281355548278
14,1,4,2,1,1,65.0,65.0,65.0,0,0,0.0006734862571179925
57,0,3,3,1,1,16.360000610351562,16.36,16.36,0,0,2.5029540387088356e-05
20,1,13,1,2,2,51.9300012588501,93.87,9.99,0,0,0.12982733469672392
45,0,4,4,1,2,17.354999542236328,28.71,6.0,0,0,0.0005210656059446604
26,1,4,4,1,1,19.950000762939453,19.95,19.95,0,0,3.2664699712926596e-06
53,1,3,4,1,1,46.0,46.0,46.0,0,0,0.00027375075681640654
34,0,10,4,2,2,95.5250015258789,125.0,66.05,1,1,0.9950972500849652
69,0,4,4,1,2,37.0,62.0,12.0,0,0,0.007108343467404977
31,1,3,4,1,1,109.0,109.0,109.0,0,0,0.008027909085129827
14,1,13,3,1,1,45.9900016784668,45.99,45.99,0,0,0.00023434398065241228
46,1,3,4,1,1,48.59000015258789,48.59,48.59,0,0,0.00023171799276632102
54,1,3,4,1,2,36.99499988555908,54.0,19.99,0,0,0.0015740167284092087
56,0,13,4,1,1,10.1899995803833,10.19,10.19,0,0,1.968289985955307e-05
27,0,3,4,2,3,34.660000483194985,44.99,24.99,0,0,0.014863578594892067
30,1,3,4,3,4,75.70199890136719,146.06,35.0,1,1,0.999878393193974
18,0,3,4,1,2,22.040000915527344,36.99,7.09,0,0,0.0006471750836695722
53,1,12,4,1,2,47.39500045776367,49.0,45.79,0,0,0.006775789294061898
69,1,3,4,3,3,50.13333384195963,69.5,21.0,0,0,0.48753156204400194
68,0,4,4,1,1,24.979999542236328,24.98,24.98,0,0,2.739300009085611e-05
19,1,4,4,1,2,178.49500274658203,189.99,167.0,1,1,1.0
46,0,3,4,2,2,59.224998474121094,79.45,39.0,0,0,0.1337882382458982
26,1,11,4,2,2,23.3149995803833,25.0,21.63,0,0,0.0004601405250022114
39,0,3,4,2,6,62.66857174464634,288.0,8.99,1,1,0.9995166221573881
65,1,3,4,1,1,32.349998474121094,32.35,32.35,0,0,0.0002512662044483358
46,0,4,4,1,1,10.0,10.0,10.0,0,0,2.5029540387088356e-05
26,1,13,4,1,3,37.9975004196167,69.5,19.99,0,0,0.03946564528729501
34,0,3,4,1,1,31.40999984741211,31.41,31.41,0,0,1.7941204296135235e-05
24,1,13,4,1,1,169.0,169.0,169.0,0,0,0.007177371653245254
59,0,13,0,2,4,64.7350001335144,108.0,21.99,1,1,0.9825576006319549
13,1,4,3,1,1,35.5,35.5,35.5,0,0,5.884178704448459e-05
65,0,4,4,1,1,14.989999771118164,14.99,14.99,0,0,4.835768968724385e-05
23,1,13,4,1,2,45.6200008392334,49.0,42.24,0,0,0.006000149253788775
54,1,13,4,2,2,16.8149995803833,21.64,11.99,0,0,0.0017918295342596415
28,0,7,3,1,2,29.170000076293945,44.0,14.34,0,0,0.0007222465683370587
33,1,11,4,2,2,19.494999885559082,22.0,16.99,0,0,0.00029199106333800955
26,1,11,4,3,3,68.75999975204468,186.0,18.62,1,1,0.9983270612196291
15,1,12,4,3,4,36.37000036239624,49.99,15.99,0,0,0.49584272493850606
32,0,10,0,1,1,27.989999771118164,27.99,27.99,0,0,2.739300009085611e-05
25,1,4,3,2,4,71.7475004196167,154.0,20.0,1,1,0.9983576585072756
51,1,3,4,1,2,53.99499988555908,78.0,29.99,0,0,0.061593065864237205
17,1,4,4,2,2,17.49333318074544,31.49,9.0,0,0,0.0014776616174685478
25,1,4,4,2,2,87.44999980926514,155.0,19.9,1,1,0.9953493508429658
27,0,4,4,3,4,127.26600074768066,378.0,13.99,1,1,0.999922873039847
62,0,8,4,2,2,91.9950008392334,124.0,59.99,1,1,0.9897151876694064
48,0,13,4,1,1,51.95000076293945,51.95,51.95,0,0,0.0002394186872300582
44,0,4,4,1,1,42.0,42.0,42.0,0,0,3.887495947555817e-05
26,1,13,4,1,1,125.0,125.0,125.0,0,0,0.007767005349591421
28,0,3,4,4,5,35.70714242117746,65.0,18.99,1,1,0.9569689166603365
37,0,8,4,1,1,23.989999771118164,23.99,23.99,0,0,5.3890425515197304e-05
66,0,4,4,2,3,35.97666803995768,44.99,17.95,0,0,0.04677166389345841
48,0,10,1,2,2,74.16333325703938,171.0,24.99,1,1,0.8126568100026842
38,0,4,4,1,1,86.94000244140625,86.94,86.94,0,0,0.003388900163345397
18,0,4,4,1,1,288.0,288.0,288.0,1,1,1.0
29,1,4,4,1,1,28.0,28.0,28.0,0,0,3.2664699712926596e-06
62,1,13,4,2,5,34.289999389648436,71.95,15.0,1,1,0.8512381759103268
66,0,13,3,1,1,128.0,128.0,128.0,0,0,0.00263589260127054
35,1,3,3,4,3,106.9925012588501,239.99,8.0,1,1,0.9925852067969465
32,0,13,1,1,1,14.0,14.0,14.0,0,0,1.968289985955307e-05
43,1,4,4,2,1,150.0,185.0,115.0,1,1,1.0
57,0,6,4,1,1,110.0,110.0,110.0,0,0,0.007008818268567623
39,0,4,4,2,2,82.49000263214111,149.99,14.99,0,0,0.4033786855569685
47,1,6,4,1,1,24.989999771118164,24.99,24.99,0,0,2.5314485649881535e-05
45,0,3,4,1,1,24.0,24.0,24.0,0,0,5.923706604273259e-05
58,1,0,4,1,1,17.979999542236328,17.98,17.98,0,0,8.38068749601134e-06
69,1,0,4,2,2,22.975000381469727,25.95,20.0,0,0,0.0004503369534361822
38,1,3,4,3,6,37.64500077565511,49.99,18.0,1,1,0.9384371969587817
40,1,6,4,1,1,30.0,30.0,30.0,0,0,2.6115158370912287e-05
35,0,13,3,2,2,14.90999984741211,19.99,9.83,0,0,0.00037809759664049236
49,1,4,4,2,2,29.950000762939453,35.95,23.95,0,0,0.0008454032956528739
67,1,4,4,2,3,63.4950008392334,130.0,33.99,1,1,0.995391923118198
38,0,4,4,2,2,144.49499893188477,209.0,79.99,1,1,0.9999558396255138
30,1,4,4,3,4,63.23250102996826,118.0,29.95,1,1,0.9985608715402345
33,0,4,3,1,2,51.309998512268066,84.09,18.53,0,0,0.05797275925625514
12,1,4,4,2,3,51.70666662851969,76.3,13.87,0,0,0.43860199415336504
50,1,3,1,1,1,69.30000305175781,69.3,69.3,0,0,0.00025888759787538333
47,1,10,4,1,1,60.0,60.0,60.0,0,0,0.00035146400281236943
28,0,7,4,1,1,59.9900016784668,59.99,59.99,0,0,0.00034681144812381186
41,1,3,4,2,2,68.5,125.0,12.0,0,0,0.29769477927047966
39,1,11,4,1,1,52.5,52.5,52.5,0,0,0.0002867164250501865
64,0,6,4,1,1,138.0,138.0,138.0,0,0,0.00511214699840186
47,0,4,3,1,1,179.5,180.0,179.0,1,1,1.0
61,1,13,4,1,1,40.0,40.0,40.0,0,0,0.00020121711456858718
18,1,8,4,1,2,37.945000648498535,62.99,12.9,0,0,0.004640283717633851
40,0,11,4,1,1,5.949999809265137,5.95,5.95,0,0,2.5029540387088356e-05
29,1,3,4,1,1,65.0,65.0,65.0,0,0,0.0010455368294614447
21,0,3,4,1,1,26.989999771118164,26.99,26.99,0,0,6.160052574650034e-05
23,0,3,1,1,1,22.5,22.5,22.5,0,0,1.968289985955307e-05
56,0,4,4,3,3,144.263334274292,329.0,23.81,1,1,0.99941564806199
18,0,12,4,2,3,45.37000020345052,95.0,16.11,0,1,0.5841796074543774
37,0,13,4,1,1,66.0,66.0,66.0,0,0,0.0029015329984230175
66,0,4,3,1,4,24.210000038146973,36.95,9.9,0,0,0.001391453913395867
51,1,8,1,2,2,71.25,75.0,67.5,0,0,0.05964957266660061
67,1,10,4,1,2,89.5,160.0,19.0,1,1,0.9943607449943953
24,0,4,2,1,1,12.529999732971191,12.53,12.53,0,0,1.968289985955307e-05
16,1,4,4,1,1,92.0,92.0,92.0,0,0,0.0031199936131215706
28,1,4,4,2,4,42.982499837875366,80.0,12.95,1,1,0.9506281735959605
28,1,3,4,1,2,62.7599983215332,69.99,55.53,0,0,0.07112745303502116
48,0,13,4,1,1,29.989999771118164,29.99,29.99,0,0,7.359466274078951e-06
55,1,13,4,1,1,103.8499984741211,103.85,103.85,0,0,0.019014573135528047
44,0,10,4,1,1,43.9900016784668,43.99,43.99,0,0,0.0001904285961549179
18,0,3,4,1,1,23.81999969482422,23.82,23.82,0,0,5.3890425515197304e-05
43,1,3,4,3,3,94.99750137329102,169.99,49.5,1,1,0.9998934875768651
33,0,4,0,1,3,32.56999945640564,71.99,12.98,0,0,0.04978984598812501
28,1,13,4,2,4,107.31400089263916,169.0,10.69,1,1,0.9997035066234912
67,0,13,4,1,1,8.989999771118164,8.99,8.99,0,0,1.968289985955307e-05
32,1,13,4,1,1,12.989999771118164,12.99,12.99,0,0,4.840324911832688e-05
38,1,4,3,1,3,61.67250156402588,149.99,17.95,1,1,0.9955830239546134
32,0,4,4,1,1,25.0,25.0,25.0,0,0,6.160052574650034e-05
65,0,3,4,2,4,116.99499750137329,329.99,16.99,1,1,0.9997260011713864
52,0,4,4,1,1,52.790000915527344,52.79,52.79,0,0,0.0004714723547309912
15,0,4,4,1,1,10.149999618530273,10.15,10.15,0,0,1.968289985955307e-05
51,1,12,4,2,2,28.945000886917114,49.99,7.9,0,0,0.008193613531711254
34,1,8,4,1,1,49.0,49.0,49.0,0,0,0.0001188732434742645
28,0,11,4,2,2,71.0,86.0,56.0,0,0,0.1463058843567295
68,1,13,4,2,2,100.4850025177002,169.99,30.98,1,1,0.9996731355885662
16,1,3,4,1,1,24.989999771118164,24.99,24.99,0,0,3.2664699712926596e-06
22,1,7,4,1,1,26.59000015258789,26.59,26.59,0,0,3.2664699712926596e-06
20,0,3,4,1,2,30.5,34.0,27.0,0,0,0.000569420110452016
46,0,12,4,1,2,22.700000762939453,34.9,10.5,0,0,0.0005195519286620693
56,1,13,4,2,1,14.339999675750732,17.99,10.69,0,0,0.000655883791387691
45,1,3,4,1,4,54.875,120.0,14.5,1,1,0.9659641699053907
39,0,3,4,1,1,10.1899995803833,10.19,10.19,0,0,1.968289985955307e-05
67,1,4,4,2,5,20.702000045776366,40.0,8.0,0,0,0.06573207363755415
13,1,13,4,1,1,62.0,62.0,62.0,0,0,0.00025924259532788245
67,0,4,4,1,1,25.0,25.0,25.0,0,0,5.6067789918546884e-05
66,1,7,4,1,1,29.0,29.0,29.0,0,0,0.00017096285125990676
25,0,4,3,1,1,6.920000076293945,6.92,6.92,0,0,1.968289985955307e-05
57,1,13,4,1,1,48.75,48.75,48.75,0,0,0.00012881936986654976
58,0,4,3,3,3,147.22999827067056,235.0,84.09,1,1,0.9999236236462093
39,0,10,2,2,2,106.0,160.0,52.0,1,1,0.9984548652325717
21,1,13,4,1,2,36.99000072479248,59.99,13.99,0,0,0.0035921423350413926
24,1,8,3,1,1,98.0,98.0,98.0,0,0,0.005501428063727497
30,0,3,4,1,1,64.0,64.0,64.0,0,0,0.0004144132512631402
52,0,13,4,1,1,22.989999771118164,22.99,22.99,0,0,1.968289985955307e-05
14,0,13,4,1,1,248.0,248.0,248.0,1,1,1.0
12,0,0,4,1,1,73.1500015258789,73.15,73.15,0,0,0.0004188410768980315
25,0,12,4,1,1,25.0,25.0,25.0,0,0,6.160052574650034e-05
26,0,13,4,2,4,39.79600028991699,65.0,25.0,1,1,0.5298459016752651
63,0,4,4,2,2,11.059999942779541,12.13,9.99,0,0,0.00042292529121057887
41,0,4,4,1,2,12.449999809265137,13.91,10.99,0,0,0.0005472623026872598
58,0,3,4,1,1,7.949999809265137,7.95,7.95,0,0,2.5029540387088356e-05
58,0,3,4,1,1,139.0,139.0,139.0,0,0,0.0068488394788036285
35,0,13,4,1,1,29.989999771118164,29.99,29.99,0,0,7.359466274078951e-06
18,0,8,0,1,1,15.949999809265137,15.95,15.95,0,0,1.968289985955307e-05
58,0,6,1,1,1,37.0,37.0,37.0,0,0,2.041620703291727e-05
31,0,4,4,1,1,15.0,15.0,15.0,0,0,1.968289985955307e-05
12,0,13,4,2,3,42.79333241780599,81.38,22.0,0,0,0.4084578143088213
35,1,4,4,1,1,7.989999771118164,7.99,7.99,0,0,8.38068749601134e-06
56,1,4,2,1,1,296.45001220703125,296.45,296.45,1,1,1.0
69,0,13,4,1,2,28.5,29.0,28.0,0,0,0.0006281930026523062
20,0,12,2,2,6,50.32166655858358,87.0,12.95,1,1,0.9530903258466387
54,0,12,2,1,1,7.0,7.0,7.0,0,0,2.5029540387088356e-05
29,1,7,4,1,1,38.0,38.0,38.0,0,0,1.1026084933102857e-05
14,0,3,4,1,1,30.989999771118164,30.99,30.99,0,0,0.0001932162876298591
55,1,10,3,2,2,62.814998626708984,66.13,59.5,0,0,0.0635488913068911
17,0,13,4,1,1,24.989999771118164,24.99,24.99,0,0,5.3890425515197304e-05
44,0,4,4,3,6,39.24625018239021,69.0,2.99,1,1,0.9364379951092664
17,1,4,4,1,1,88.0,88.0,88.0,0,0,0.0037673016225866825
50,0,4,4,1,2,18.994999885559082,22.99,15.0,0,0,0.0006783703385273732
45,0,13,4,1,1,32.0,32.0,32.0,0,0,1.02311040648322e-05
22,0,3,2,1,1,15.0,15.0,15.0,0,0,1.968289985955307e-05
48,0,13,3,1,2,16.639999866485596,18.0,15.28,0,0,0.0007243142593345723
39,1,4,4,1,2,51.1449990272522,89.99,12.3,0,0,0.11664767089862575
43,0,3,4,1,1,72.0,72.0,72.0,0,0,0.0005546283549262952
37,0,13,4,4,6,31.447143282209122,46.0,15.9,1,1,0.7675987720714624
36,0,3,2,2,2,40.49000072479248,54.99,25.99,0,0,0.004868776673454483
63,1,3,1,1,2,148.47500228881836,179.99,116.96,1,1,0.9961170212765958
54,1,4,4,1,1,55.0,55.0,55.0,0,0,0.0007412289094553649
22,0,13,4,2,2,24.0,36.0,12.0,0,0,0.0003670029220842793
18,1,4,4,1,1,69.5,69.5,69.5,0,0,0.0003410584047599929
23,1,8,4,3,5,66.10100049972534,266.66,8.63,1,1,0.9999462904753453
22,0,4,4,1,3,63.3033332824707,86.75,37.99,1,1,0.9445612180442121
26,0,4,4,1,1,42.5,42.5,42.5,0,0,6.264528453628347e-05
20,1,7,4,1,1,42.0,42.0,42.0,0,0,0.00044657425769057784
12,0,4,4,1,1,8.449999809265137,8.45,8.45,0,0,1.848739495798291e-05
67,1,4,3,1,1,59.9900016784668,59.99,59.99,0,0,0.00043576703268959164
30,1,4,4,1,1,145.0,145.0,145.0,0,0,0.004272722393544393
34,0,13,4,3,3,17.33500027656555,32.99,8.98,0,0,0.0004997812467553346
43,0,13,1,1,1,79.0,79.0,79.0,0,0,0.004109113275877024
58,0,4,2,2,2,29.5,34.0,25.0,0,0,0.0008677107998418686
58,0,3,0,1,3,46.98750019073486,86.0,24.95,1,1,0.5936852665970526
19,0,13,2,1,4,40.87249994277954,99.5,10.0,0,0,0.36209406906795366
63,0,6,4,1,2,25.699999809265137,29.41,21.99,0,0,0.0004369646866943682
43,0,13,0,1,2,38.75,59.5,18.0,0,0,0.006262084401870297
17,0,13,1,1,2,22.489999771118164,29.98,15.0,0,0,0.0008530681199769581
33,1,3,3,3,4,27.342500686645508,39.99,7.5,0,0,0.015535461589792307
42,1,4,3,3,3,81.64000002543132,169.0,18.97,1,1,0.9989932554779689
14,1,13,4,1,1,69.94999694824219,69.95,69.95,0,0,0.00040565391963356105
51,0,4,3,1,1,26.989999771118164,26.99,26.99,0,0,6.694716627403562e-05
62,1,4,4,2,2,55.79999923706055,69.95,41.65,0,0,0.04376312158448625
53,0,0,4,1,1,17.270000457763672,17.27,17.27,0,0,2.5029540387088356e-05
41,1,4,4,1,2,33.99000072479248,45.99,21.99,0,0,0.00045618524831575984
39,0,13,0,3,4,27.81250023841858,58.52,15.88,0,0,0.15678182708796823
62,0,6,4,2,2,7.585000276565552,9.27,5.9,0,0,0.00048377528858632024
43,1,4,1,4,4,60.982000732421874,128.0,33.75,1,1,0.9999335259590745
40,1,13,4,1,1,51.95000076293945,51.95,51.95,0,0,0.00017714792797261284
37,1,4,4,1,1,35.0,35.0,35.0,0,0,9.181360217042095e-06
15,1,13,3,1,1,56.95000076293945,56.95,56.95,0,0,0.000218022865285357
12,1,13,4,1,1,17.979999542236328,17.98,17.98,0,0,2.0709650697224966e-06
23,1,4,4,1,1,29.989999771118164,29.99,29.99,0,0,8.172249087616648e-06
50,0,13,3,1,1,4.110000133514404,4.11,4.11,0,0,1.968289985955307e-05
29,1,4,4,1,1,69.0,69.0,69.0,0,0,0.0007646566858284769
58,0,3,4,1,2,11.200000286102295,12.6,9.8,0,0,0.00024553218739930286
49,1,3,4,2,4,38.85400047302246,52.0,25.0,1,0,0.4393545113568287
60,0,13,4,1,2,14.944999694824219,19.99,9.9,0,0,0.00022481527261631918
50,0,13,4,4,4,238.44749927520752,695.0,40.8,1,1,0.9999760991097267
33,0,13,4,2,6,69.70999990190778,146.0,12.0,1,1,0.9957501563794986
50,1,13,2,2,2,39.7450008392334,44.99,34.5,0,0,0.008500185744945946
22,0,3,4,2,5,94.8,141.0,43.0,1,1,0.9997444118899119
46,0,4,2,1,1,40.0,40.0,40.0,0,0,0.0002790368966880895
69,1,12,4,1,1,16.969999313354492,16.97,16.97,0,0,0.00019543202799050908
42,0,12,4,2,2,79.49499988555908,150.0,8.99,0,0,0.37243073490152534
40,0,13,4,4,5,95.46285697392055,343.0,10.36,1,1,0.9998272856535819
35,0,4,4,3,3,54.2475004196167,119.0,24.0,1,1,0.6588106046813594
41,0,4,4,1,1,69.0,69.0,69.0,0,0,0.0005970368576109293
67,0,13,1,1,1,28.989999771118164,28.99,28.99,0,0,2.584686123206186e-05
63,1,13,3,2,4,50.24400100708008,93.98,12.76,1,1,0.9537776303984394
64,0,11,4,1,1,10.779999732971191,10.78,10.78,0,0,2.5029540387088356e-05
34,1,4,4,1,1,274.989990234375,274.99,274.99,1,1,1.0
26,1,13,4,3,3,45.8,65.0,22.0,1,1,0.5240314489569168
20,0,13,4,3,4,50.21500047047933,79.0,26.99,1,1,0.9766689155878978
26,0,3,4,1,1,45.98999881744385,78.99,12.99,0,0,0.021549276853723643
52,0,10,4,1,1,89.98999786376953,89.99,89.99,0,0,0.0041100664929313085
60,1,13,4,1,2,104.98999786376953,109.99,99.99,1,1,0.9524527758453636
66,1,7,2,1,1,29.989999771118164,29.99,29.99,0,0,0.00016889188619018426
33,1,13,4,1,1,25.0,25.0,25.0,0,0,4.840324911832688e-05
15,0,0,4,1,1,39.95000076293945,39.95,39.95,0,0,1.7207848250878683e-05
22,1,6,4,1,1,23.0,23.0,23.0,0,0,3.2664699712926596e-06
51,1,4,3,1,2,43.25,60.0,26.5,0,0,0.027673990738077425
52,1,4,0,1,1,39.95000076293945,39.95,39.95,0,0,4.941992169530692e-05
58,0,7,4,2,2,33.60000038146973,44.99,22.21,0,0,0.0072255511593442715
55,0,2,4,1,1,179.9499969482422,179.95,179.95,1,1,1.0
57,1,10,4,1,3,32.31333351135254,52.0,19.95,0,0,0.00717262941503491
42,1,4,3,1,2,39.92500019073486,49.95,29.9,0,0,0.000686384538100296
59,1,4,4,1,1,90.0,90.0,90.0,0,0,0.00472477013135086
36,0,4,0,1,1,25.0,25.0,25.0,0,0,6.160052574650034e-05
34,0,4,0,1,1,33.99000072479248,45.99,21.99,0,0,0.00011780970231417807
61,0,13,4,1,1,35.95000076293945,35.95,35.95,0,0,1.02311040648322e-05
36,0,12,3,2,6,84.66500027974446,169.0,35.0,1,1,0.9943199546391761
63,0,8,4,1,1,69.0,69.0,69.0,0,0,0.000498622152296451
43,0,3,4,2,3,60.97666645050049,148.0,14.94,1,1,0.9972175694753461
53,0,7,4,1,1,60.0,60.0,60.0,0,0,0.0004243892282982174
19,1,3,4,2,5,75.69599952697754,169.0,17.99,1,1,0.9988101657811232
14,1,13,2,4,4,111.25750064849854,179.95,35.09,1,1,0.999974108933845
60,1,3,4,1,1,19.989999771118164,19.99,19.99,0,0,8.38068749601134e-06
32,0,4,3,1,1,24.979999542236328,24.98,24.98,0,0,6.160052574650034e-05
48,1,13,4,1,1,178.0,178.0,178.0,1,1,1.0
63,0,10,4,3,3,120.4966672261556,261.0,41.99,1,1,0.9992704442484006
23,0,4,4,3,3,60.24333381652832,118.75,24.99,1,1,0.9872833533257078
64,0,4,4,1,1,26.0,26.0,26.0,0,0,5.6067789918546884e-05
43,1,4,4,2,2,28.683333079020183,31.99,25.0,0,0,0.0007113278750558208
39,0,4,4,1,1,147.0,147.0,147.0,0,0,0.0037746668373277096
48,0,4,2,2,5,42.77599945068359,125.95,10.0,1,1,0.9783286698237695
56,0,10,3,1,1,169.5,169.5,169.5,0,0,0.004771500114867343
28,0,13,3,1,2,66.75,89.5,44.0,0,0,0.11279283403156447
31,1,4,4,1,1,24.8799991607666,24.88,24.88,0,0,3.2664699712926596e-06
36,1,3,4,1,1,88.0,88.0,88.0,0,0,0.004741956704528317
40,0,4,4,2,3,50.11666742960612,77.65,12.75,0,0,0.4607845976657368
26,1,4,4,1,1,179.9499969482422,179.95,179.95,1,1,1.0
45,0,3,2,1,1,10.979999542236328,10.98,10.98,0,0,2.5029540387088356e-05
42,0,9,4,2,2,200.49499988555908,379.0,21.99,1,1,0.9992757158428692
45,1,13,3,2,3,54.016666412353516,79.99,25.0,0,0,0.42637522435314196
22,1,4,4,1,1,57.2450008392334,69.5,44.99,0,0,0.03442058367417309
62,1,0,3,1,1,19.989999771118164,19.99,19.99,0,0,0.00023428430195384227
35,1,2,4,1,2,117.5,185.0,50.0,1,1,0.9996174249466943
18,1,13,0,1,2,70.86999893188477,71.75,69.99,0,0,0.048021097470012576
26,1,10,4,1,1,54.95000076293945,54.95,54.95,0,0,0.0002209445623401007
41,1,9,4,2,4,57.920000076293945,158.0,23.25,1,1,0.9976631515461142
13,0,13,4,2,1,64.77999877929688,67.2,62.36,0,0,0.04678538628612939
22,0,4,1,1,2,40.17499923706055,45.35,35.0,0,0,0.0008939850276724952
66,1,13,4,2,2,39.72500038146973,39.95,39.5,0,0,0.0016362706550243316
27,1,11,4,1,2,82.70499801635742,84.99,80.42,0,0,0.08090794294633666
23,0,4,4,1,1,19.309999465942383,19.31,19.31,0,0,1.968289985955307e-05
66,1,3,4,2,2,36.97500038146973,49.95,24.0,0,0,0.004919951708812082
68,1,4,4,2,3,81.20999972025554,163.64,24.99,1,1,0.997297795683738
20,0,4,4,1,1,750.0,750.0,750.0,1,1,1.0
14,0,4,2,1,1,25.0,25.0,25.0,0,0,6.040502084493018e-05
43,1,13,3,1,1,25.0,25.0,25.0,0,0,4.5584755920151746e-05
29,1,3,4,1,3,102.5,179.0,59.5,1,1,0.9999906738167406
49,1,3,4,2,2,63.61666679382324,125.0,31.99,1,1,0.5264825380726051
36,0,13,4,1,2,86.93999767303467,149.98,23.9,1,1,0.9667251704688258
37,0,10,4,1,1,25.200000762939453,25.2,25.2,0,0,6.160052574650034e-05
55,1,7,3,1,2,35.97500038146973,42.0,29.95,0,0,0.0005939301775040228
18,0,11,0,2,3,19.65999984741211,34.0,11.99,0,0,0.0011039587086914355
48,1,4,4,2,3,60.15666707356771,79.99,40.49,1,1,0.9334159911433773
51,0,4,4,1,1,89.98999786376953,89.99,89.99,0,0,0.003404020471412559
50,1,4,3,1,1,112.0,112.0,112.0,0,0,0.008439938012376224
18,1,13,4,1,1,26.989999771118164,26.99,26.99,0,0,2.6355233439738017e-05
25,1,10,4,1,4,50.049999952316284,98.0,15.21,1,1,0.9547799665488858
33,0,4,4,1,2,61.4950008392334,88.0,34.99,0,0,0.14940287055508525
36,1,10,4,2,3,42.31666564941406,75.95,25.0,0,0,0.21604199289729054
49,1,13,3,2,2,49.47500038146973,59.95,39.0,0,0,0.012287158843942731
62,0,6,3,2,1,43.875,53.75,34.0,0,0,0.016232362895994
22,0,3,4,3,6,37.326666831970215,82.0,13.99,1,1,0.9736808360111645
49,0,13,4,1,2,20.989999771118164,30.0,11.98,0,0,0.0005873945643047923
43,1,3,4,2,4,70.66799926757812,158.0,20.0,1,1,0.9981574804541211
35,0,4,4,2,2,33.99499988555908,50.0,17.99,0,0,0.0011915487156168405
28,0,13,4,1,1,70.0,70.0,70.0,0,0,0.000542615086939053
53,1,3,1,3,5,133.81000073750815,328.0,36.99,1,1,0.9999661813777919
18,0,4,4,1,1,28.989999771118164,28.99,28.99,0,0,3.355696146336489e-05
27,1,3,1,2,2,31.450000762939453,41.95,20.95,0,0,0.0005764385725000208
12,1,0,4,1,1,17.0,17.0,17.0,0,0,2.0709650697224966e-06
61,0,4,4,1,1,24.989999771118164,24.99,24.99,0,0,3.273964061839139e-05
28,0,13,2,1,3,57.80666700998942,100.0,14.45,1,1,0.9303633446453929
12,0,3,4,1,2,107.77999877929688,110.0,105.56,1,1,0.9380244217348068
21,1,10,1,2,1,325.0,525.0,125.0,1,1,0.995
29,0,4,4,1,1,70.0,70.0,70.0,0,0,0.0005163840466862164
25,0,4,4,1,1,72.0,72.0,72.0,0,0,0.00041293241580546896
18,0,3,3,2,2,12.994999885559082,14.0,11.99,0,0,0.0003886800952009886
35,0,3,1,1,1,59.9900016784668,59.99,59.99,0,0,0.00015703914449223245
62,0,11,2,1,1,58.0,58.0,58.0,0,0,0.00033404969175360844
63,0,13,4,1,1,40.0,40.0,40.0,0,0,2.581821871671985e-05
12,1,13,4,1,2,33.97500038146973,33.98,33.97,0,0,0.006174036900212629
59,1,3,4,2,2,41.25,48.0,34.5,0,0,0.0029184042438079403
29,0,4,4,2,2,43.993333180745445,67.99,27.0,0,0,0.019731639872354562
51,1,4,4,4,6,70.63571402004787,228.0,3.99,1,1,0.9998885774407773
64,1,10,4,1,1,35.59500026702881,49.5,21.69,0,0,0.001095381305512127
13,0,13,4,1,1,86.0,86.0,86.0,0,0,0.0049934895721412435
54,1,6,4,1,1,10.989999771118164,10.99,10.99,0,0,2.5314485649881535e-05
37,1,3,4,1,1,34.0,34.0,34.0,0,0,9.181360217042095e-06
62,1,4,4,1,1,19.579999923706055,19.58,19.58,0,0,0.00023428430195384227
69,0,12,3,2,3,45.43666776021322,72.37,8.99,0,0,0.45302949119065644
33,0,4,4,2,2,12.769999980926514,14.9,10.64,0,0,0.0003704509847567488
65,1,4,3,4,4,33.93500089645386,45.5,20.37,0,0,0.1474168034059216
65,1,4,4,3,4,62.1225004196167,95.0,43.99,1,1,0.9988630014360125
52,1,11,1,1,1,54.5,54.5,54.5,0,0,0.00017506422815418736
18,1,12,3,1,1,50.0,50.0,50.0,0,0,0.0001471031221676654
52,0,13,4,1,1,19.979999542236328,19.98,19.98,0,0,1.968289985955307e-05
56,0,13,4,1,1,8.319999694824219,8.32,8.32,0,0,1.968289985955307e-05
54,0,4,4,1,1,30.0,30.0,30.0,0,0,2.3287844823670516e-05
16,0,4,4,1,2,57.489999771118164,80.0,34.98,0,0,0.07976967647335584
46,0,13,4,2,4,27.99500036239624,49.99,16.99,0,0,0.03828811559030705
21,0,3,3,1,1,34.9900016784668,34.99,34.99,0,0,2.4917948482181724e-05
22,1,4,3,1,1,86.11000061035156,86.11,86.11,0,0,0.004083774492152807
50,0,13,4,1,1,50.0,50.0,50.0,0,0,0.0002394186872300582
36,0,8,3,1,2,99.49499988555908,175.0,23.99,1,1,0.9926958437279515
53,0,4,4,1,2,52.24499988555908,79.5,24.99,0,0,0.05562798897349965
65,1,3,4,2,5,91.71399993896485,189.95,13.73,1,1,0.9998733975699067
51,1,3,4,2,4,60.5919994354248,110.0,19.99,1,1,0.985408588016289
12,1,4,4,1,1,25.0,25.0,25.0,0,0,2.0709650697224966e-06
48,1,13,4,1,1,14.5,14.5,14.5,0,0,4.840324911832688e-05
12,1,13,4,2,2,78.9749984741211,83.95,74.0,0,0,0.12891957270099774
33,0,13,4,1,1,38.0,38.0,38.0,0,0,1.02311040648322e-05
18,1,13,4,4,3,59.64199981689453,139.0,25.0,1,1,0.9970126443412287
62,0,4,4,1,1,80.0,80.0,80.0,0,0,0.0010507766974268743
62,0,4,4,1,1,12.989999771118164,12.99,12.99,0,0,4.835768968724385e-05
64,0,10,1,1,2,10.869999885559082,11.99,9.75,0,0,0.0003453631822815456
56,1,4,4,2,2,24.244999885559082,34.5,13.99,0,0,0.0015155540166356387
18,0,10,3,3,5,136.3819995880127,325.0,18.5,1,1,0.9999929241611508
66,0,3,4,1,1,60.0,60.0,60.0,0,0,0.0005141809722956907
69,0,4,4,1,1,13.390000343322754,13.39,13.39,0,0,1.968289985955307e-05
15,0,13,4,1,1,39.9900016784668,39.99,39.99,0,0,1.7207848250878683e-05
22,0,10,2,1,1,42.0,42.0,42.0,0,0,2.204631069142847e-05
45,0,10,3,1,1,15.0,15.0,15.0,0,0,2.5029540387088356e-05
56,0,3,4,1,1,20.0,20.0,20.0,0,0,2.5029540387088356e-05
26,1,4,4,1,1,59.9900016784668,59.99,59.99,0,0,0.00041604986922312895
21,0,12,4,1,2,48.98999881744385,84.99,12.99,0,0,0.07967733101867934
28,0,7,1,1,1,12.989999771118164,12.99,12.99,0,0,1.968289985955307e-05
30,0,13,4,1,1,33.0,33.0,33.0,0,0,1.02311040648322e-05
21,0,4,3,3,4,27.272500038146973,60.0,11.99,0,0,0.12740830449894028
25,1,3,0,1,2,38.4950008392334,54.99,22.0,0,0,0.0016040713277080138
42,1,10,4,1,2,115.75,219.5,12.0,1,1,0.9917215370654688
14,0,4,4,1,1,29.989999771118164,29.99,29.99,0,0,0.00019034464983910587
52,0,13,4,1,1,19.200000762939453,19.2,19.2,0,0,1.968289985955307e-05
18,0,7,4,1,1,33.4900016784668,33.49,33.49,0,0,2.4917948482181724e-05
19,1,13,4,1,2,21.450000762939453,24.95,17.95,0,0,0.0008264760480187166
31,1,3,4,2,2,39.970001220703125,49.99,29.95,0,0,0.0030468582842139423
32,1,4,0,1,4,40.99250030517578,69.0,24.99,0,0,0.13439909332550834
68,1,13,4,1,1,4.949999809265137,4.95,4.95,0,0,0.00017787038495488934
52,1,6,3,1,1,40.790000915527344,40.79,40.79,0,0,3.307410061169173e-05
23,0,6,4,2,2,42.885000228881836,74.25,11.52,0,0,0.03937216936283166
30,0,4,4,1,3,65.2933333714803,161.0,8.88,1,1,0.997338550904836
65,1,13,3,3,3,75.99333318074544,169.0,20.0,1,1,0.9989216673460695
68,1,4,4,4,5,106.97800045013427,300.0,10.95,1,1,0.9999080173243758
22,1,10,4,2,3,63.3266658782959,111.99,22.99,1,1,0.9766734389282052
50,1,4,1,1,1,49.5,49.5,49.5,0,0,9.646000307207431e-05
29,0,13,2,1,1,33.0,33.0,33.0,0,0,7.359466274078951e-06
17,0,13,4,1,2,67.47500038146973,95.0,39.95,0,0,0.15157185607786336
27,1,4,4,2,3,49.582499980926514,74.95,29.99,1,0,0.4519077303422513
64,1,4,3,1,1,169.0,169.0,169.0,0,0,0.00707834103923789
36,1,3,4,2,3,74.82666905721028,129.99,37.5,1,1,0.9914825701617136
39,1,13,4,1,1,26.0,26.0,26.0,0,0,4.840324911832688e-05
33,0,12,4,1,1,9.5,9.5,9.5,0,0,1.968289985955307e-05
56,1,13,4,2,2,267.6649932861328,293.33,242.0,1,1,0.9999490154205194
66,1,11,3,2,2,16.464999675750732,19.98,12.95,0,0,0.001391279519918177
53,1,4,4,2,4,88.8125,146.25,25.0,1,1,0.9978268578440036
47,0,13,2,2,2,33.02500057220459,49.06,16.99,0,0,0.0013633318389764575
70,0,13,4,2,3,70.24000072479248,98.0,39.99,1,1,0.9670945768918721
59,0,4,3,2,2,24.994999885559082,38.0,11.99,0,0,0.0004930750838770282
15,1,13,1,2,2,94.0999984741211,100.0,88.2,1,1,0.9812929201119396
12,1,3,4,2,4,88.62249994277954,169.0,17.99,1,1,0.9997718994882011
54,1,10,4,2,2,132.48999786376953,199.98,65.0,1,1,0.99970632864937
39,1,3,4,1,1,23.5,30.0,17.0,0,0,8.38068749601134e-06
64,1,4,4,2,2,39.734999656677246,54.5,24.97,0,0,0.005487192448312956
25,1,4,2,1,1,34.97999954223633,34.98,34.98,0,0,0.0010081722490876167
68,1,3,4,1,1,19.989999771118164,19.99,19.99,0,0,2.4561917269474136e-05
34,1,4,4,2,1,84.0,128.0,40.0,0,0,0.3828296150350213
55,1,4,4,1,3,40.74749994277954,52.0,21.99,0,0,0.046000798780342994
13,0,3,4,1,1,28.790000915527344,28.79,28.79,0,0,3.236145656179473e-05
18,0,4,4,1,1,39.0,39.0,39.0,0,0,0.0004936679484821816
21,1,4,4,1,4,78.62249994277954,188.0,22.0,1,1,0.9975988610840685
43,1,7,3,4,5,94.78600044250489,239.99,17.99,1,1,0.9998493488571293
51,0,4,4,2,2,43.99499988555908,80.0,7.99,0,0,0.05141019168325697
50,0,13,4,1,1,13.989999771118164,13.99,13.99,0,0,1.968289985955307e-05
21,1,4,4,4,6,29.11666711171468,49.99,19.99,1,1,0.7733578195853842
26,0,4,4,2,2,11.244999885559082,13.54,8.95,0,0,0.00043510615717054187
44,1,13,4,1,1,159.99000549316406,159.99,159.99,0,0,0.005169018765879076
36,1,4,4,1,1,68.0,68.0,68.0,0,0,0.0005172986343836027
58,0,4,4,1,1,20.0,20.0,20.0,0,0,2.5029540387088356e-05
65,1,4,4,1,1,50.0,50.0,50.0,0,0,0.00048106779582820505
57,0,3,4,2,2,99.9749984741211,130.0,69.95,1,1,0.9950005875037408
57,0,0,4,1,2,21.050000190734863,27.95,14.15,0,0,0.00024553218739930286
68,1,13,3,2,5,62.096000289916994,140.0,18.0,1,1,0.9977425551904027
45,0,13,4,3,3,27.990000406901043,44.99,15.99,0,0,0.01838032530380829
30,1,4,4,2,2,95.49500274658203,135.99,55.0,1,1,0.9981177025727854
28,1,3,4,3,2,23.156666437784832,29.0,18.48,0,0,0.0027097245275555172
54,0,4,4,1,2,29.984999656677246,37.98,21.99,0,0,0.0013387398480041435
31,1,4,4,1,1,36.95000076293945,36.95,36.95,0,0,1.1026084933102857e-05
27,1,3,4,3,3,46.61250019073486,89.0,14.0,1,1,0.6615537659938038
40,1,11,4,2,3,72.94999885559082,181.95,11.9,1,1,0.9972625625466521
37,1,4,0,2,5,62.41600036621094,128.0,15.0,1,1,0.9944871192097728
22,1,4,4,1,1,16.0,16.0,16.0,0,0,3.2664699712926596e-06
69,0,4,0,1,2,54.98999881744385,84.99,24.99,0,0,0.10494000137281832
34,1,4,4,2,2,79.9950008392334,110.0,49.99,0,0,0.20391872811615733
52,1,13,4,1,1,24.5,25.0,24.0,0,0,4.840324911832688e-05
31,0,10,4,2,2,27.579999923706055,28.0,27.16,0,0,0.0008902069259166776
48,1,3,4,1,1,38.0,38.0,38.0,0,0,1.614030245782154e-05
30,1,13,3,1,1,69.94999694824219,69.95,69.95,0,0,0.0005026248878379811
69,0,4,4,2,2,29.47000026702881,43.95,14.99,0,0,0.0012039616661799631
50,0,7,4,2,6,45.86833381652832,85.0,16.26,1,1,0.9515567770281487
68,0,12,4,1,1,29.950000762939453,29.95,29.95,0,0,1.5069566505381985e-05
45,0,13,4,1,1,59.9900016784668,59.99,59.99,0,0,0.0009328442107703228
36,0,13,4,1,2,94.5,175.0,14.0,1,1,0.99476096849591
38,0,11,4,1,2,28.97000026702881,37.95,19.99,0,0,0.0005764212460791848
19,0,6,4,3,3,27.59000047047933,59.99,8.99,0,0,0.062154829942047816
39,1,4,4,1,3,91.2124981880188,197.37,29.99,1,1,0.9995369301791822
41,1,4,4,1,2,43.7450008392334,62.99,24.5,0,0,0.026719604888146224
26,0,3,4,2,6,41.524999936421715,90.0,9.99,1,1,0.9448955439494057
51,1,8,4,1,2,33.41999912261963,54.85,11.99,0,0,0.0024930899462920807
20,0,7,4,1,1,9.5,9.5,9.5,0,0,1.968289985955307e-05
22,1,12,3,1,2,68.45999908447266,88.0,48.92,0,0,0.11978415947693558
48,1,13,3,1,2,19.5,25.0,14.0,0,0,0.001207933204034294
43,1,3,4,1,1,62.0,62.0,62.0,0,0,0.000453935398138423
36,1,13,1,1,2,29.489999771118164,29.99,28.99,0,0,0.00024269393756808208
55,1,3,4,1,3,27.976666768391926,40.0,13.0,0,0,0.0040673112948180256
39,0,11,4,3,6,65.41333357493083,136.5,10.0,1,1,0.9999481730814561
39,1,6,4,1,1,239.99000549316406,239.99,239.99,1,1,1.0
23,0,3,4,2,2,50.99499988555908,75.0,26.99,0,0,0.04568012936568312
24,1,3,3,1,1,14.550000190734863,14.55,14.55,0,0,3.2664699712926596e-06
28,0,8,3,2,3,39.973333994547524,49.99,25.95,0,0,0.039580496981790565
29,0,10,4,1,1,89.0,89.0,89.0,0,0,0.0031968161150516938
29,1,13,4,2,2,52.4950008392334,55.0,49.99,0,0,0.017202575169518588
42,0,4,4,1,1,12.0,12.0,12.0,0,0,2.5029540387088356e-05
18,1,4,4,2,2,37.25,49.5,25.0,0,0,0.002918842878709699
12,1,0,0,2,3,73.1225004196167,113.9,34.99,1,1,0.9618079039252941
31,1,4,4,1,1,74.96999740600586,79.99,69.95,0,0,0.014772381691045292
32,0,3,4,1,1,72.0,72.0,72.0,0,0,0.0004770505747518897
36,0,4,1,1,3,17.65999984741211,29.99,7.99,0,0,0.00032364396370998874
18,0,4,3,1,1,24.25,24.25,24.25,0,0,5.3890425515197304e-05
70,0,4,1,1,1,46.6266663869222,89.0,8.9,0,0,0.10472855078056453
30,0,13,4,1,1,12.010000228881836,12.01,12.01,0,0,1.968289985955307e-05
30,1,6,2,1,1,12.989999771118164,12.99,12.99,0,0,3.2664699712926596e-06
17,1,3,4,1,1,198.0,198.0,198.0,1,1,1.0
13,0,13,4,1,2,36.72499990463257,65.0,8.45,0,0,0.008471210012330938
69,1,3,4,1,1,55.0,55.0,55.0,0,0,0.0004303503587686696
38,0,4,4,1,1,59.5,59.5,59.5,0,0,0.0005056524339527779
44,1,9,4,1,1,109.0,109.0,109.0,0,0,0.008102454856962807
67,1,13,4,3,3,70.82999992370605,168.0,13.49,1,1,0.9986948376913334
24,0,4,4,1,2,38.93499994277954,69.5,8.37,0,0,0.004739407890379593
56,1,11,2,1,3,30.763333638509113,59.0,13.75,0,0,0.011049226426556862
32,1,13,4,1,1,69.9800033569336,69.98,69.98,0,0,0.0006191524712503029
35,1,4,4,1,1,41.93000030517578,41.93,41.93,0,0,3.172741710970919e-05
64,1,6,0,1,1,33.75,33.75,33.75,0,0,1.1955049015701636e-06
46,0,4,4,1,1,69.5,69.5,69.5,0,0,0.0005970368576109293
68,0,4,2,3,4,67.75,122.5,15.99,1,1,0.9989884925921884
39,0,3,2,2,2,40.33500003814697,65.0,15.67,0,0,0.015610214242396383
59,1,13,2,1,3,33.71666717529297,52.95,13.0,0,0,0.017538076242577944
24,0,3,4,1,1,595.0,595.0,595.0,1,1,1.0
63,0,13,3,1,1,69.5,69.5,69.5,0,0,0.0005161732809136847
59,1,4,2,1,1,199.0,199.0,199.0,1,1,1.0
27,0,3,3,2,4,62.9975004196167,106.0,39.99,1,1,0.9802338404128911
30,0,4,4,2,2,42.99499988555908,69.0,16.99,0,0,0.02305406608789383
65,1,3,3,2,5,141.29599952697754,399.0,29.99,1,1,0.9999551414391165
36,1,13,3,1,4,120.12249946594238,286.0,25.0,1,1,0.9999622556639364
15,0,4,4,1,1,68.0,68.0,68.0,0,0,0.0003164114356152041
46,1,6,4,1,2,62.44999885559082,69.95,54.95,0,0,0.059510350781904725
23,1,12,3,3,7,38.991428920200896,63.75,20.0,1,1,0.9440958497233709
29,0,12,4,2,2,55.333333333333336,120.0,14.0,0,0,0.29403263505675414
14,1,12,4,1,1,99.88999938964844,99.89,99.89,0,0,0.008376834154932629
63,0,3,4,2,2,23.885000944137573,41.99,5.78,0,0,0.0004777416310377621
45,1,4,0,1,2,29.4950008392334,44.99,14.0,0,0,0.0035394844164093595
48,1,4,4,1,1,59.0,59.0,59.0,0,0,0.00048788206846666417
66,1,4,3,2,4,98.48499917984009,239.5,12.99,1,1,0.9988523465846737
52,1,3,4,3,3,41.71999979019165,83.95,17.99,0,0,0.2851572081355235
15,1,11,2,1,1,59.9900016784668,59.99,59.99,0,0,9.081685902668283e-05
43,1,4,4,4,6,97.7666670481364,346.5,10.76,1,1,0.9999475708593191
29,0,13,3,1,2,196.25,343.0,49.5,1,1,0.99978738170347
51,1,13,4,1,1,24.0,24.0,24.0,0,0,4.840324911832688e-05
68,0,2,3,2,3,73.99666659037273,164.0,28.0,1,1,0.997580887798248
46,1,13,4,1,1,12.0,12.0,12.0,0,0,4.840324911832688e-05
36,1,0,2,2,2,52.0,88.0,16.0,0,0,0.11426053576659148
68,0,4,4,2,5,46.04999961853027,78.95,25.0,1,1,0.9387977757529359
70,1,3,4,2,3,29.663333257039387,43.66,6.83,0,0,0.010089144315222232
68,1,12,4,1,1,123.98999786376953,123.99,123.99,0,0,0.008788835746890792
12,1,3,4,3,3,84.81999969482422,139.5,39.96,1,1,0.9993791733712152
69,1,13,4,2,2,32.99000072479248,53.99,11.99,0,0,0.0073110129757771635
13,1,13,4,2,5,34.478000450134275,54.95,11.5,1,1,0.8609544069064838
69,0,0,4,1,1,22.989999771118164,22.99,22.99,0,0,1.968289985955307e-05
66,0,3,3,1,1,125.0,125.0,125.0,0,0,0.0036158604253077177
32,0,13,0,2,5,28.598000717163085,44.99,13.27,0,0,0.2431597175000889
31,1,13,4,1,1,14.979999542236328,14.98,14.98,0,0,2.6355233439738017e-05
18,1,13,4,1,1,19.989999771118164,19.99,19.99,0,0,2.6355233439738017e-05
26,0,10,4,1,3,41.993334452311196,55.99,22.0,0,0,0.025712916942006697
56,1,4,3,2,4,47.10599899291992,79.45,25.0,1,1,0.9608738972666955
41,0,13,1,2,3,54.65000025431315,109.0,25.0,0,1,0.5280630418208152
64,0,4,4,2,2,112.0,169.0,55.0,1,1,0.9991305334445706
34,0,3,3,1,1,9.949999809265137,9.95,9.95,0,0,1.968289985955307e-05
38,0,4,4,2,2,73.4950008392334,100.0,46.99,0,0,0.19722717977430385
53,1,10,3,2,2,23.69499969482422,25.0,22.39,0,0,0.0009488640260900383
60,0,13,4,1,1,89.5,89.5,89.5,0,0,0.004401224251957775
62,1,10,4,1,2,18.994999885559082,25.0,12.99,0,0,0.0013430515158149138
52,0,3,4,1,2,14.489999771118164,18.99,9.99,0,0,0.00113255974237607
57,1,6,4,1,3,15.99666659037272,21.0,8.0,0,0,0.0032367235489147196
37,0,3,4,2,8,67.18000030517578,150.0,19.99,1,1,0.9982797057157068
23,1,13,4,2,2,50.48999881744385,79.99,20.99,0,0,0.04438670510142337
50,1,4,3,1,1,23.950000762939453,23.95,23.95,0,0,8.38068749601134e-06
69,1,4,4,3,4,83.24749946594238,165.0,50.0,1,1,0.999957885159564
59,1,4,3,1,2,71.5,118.0,25.0,0,0,0.17742416741420558
39,1,10,3,1,2,102.25,167.0,37.5,1,1,0.9971848335308942
53,1,10,4,2,2,82.49500274658203,139.99,25.0,0,0,0.38119044259409207
65,0,4,3,1,1,95.79000091552734,95.79,95.79,0,0,0.0037113903095413914
57,1,3,4,1,3,25.99333381652832,42.99,12.99,0,0,0.003991298378514728
55,1,4,1,1,1,25.0,25.0,25.0,0,0,3.2664699712926596e-06
30,0,0,4,1,1,95.81999969482422,95.82,95.82,0,0,0.01265898484153459
38,0,12,4,2,2,10.769999901453653,19.98,1.95,0,0,0.0011004673780268092
20,0,3,0,1,1,79.0,79.0,79.0,0,0,0.0010638073831075604
43,1,4,4,2,2,80.98999977111816,110.99,50.99,0,0,0.21540765718847715
63,1,13,4,1,1,75.0,75.0,75.0,0,0,0.00043723816992012805
13,0,6,2,1,2,28.994999885559082,33.0,24.99,0,0,0.0008270956418563364
25,0,3,4,1,1,29.5,29.5,29.5,0,0,1.5069566505381985e-05
19,0,3,4,1,3,152.31666564941406,258.0,69.95,1,1,0.9949950738916256
63,0,4,4,1,1,96.0,96.0,96.0,0,0,0.008051760187779361
70,1,4,3,1,1,325.0,325.0,325.0,1,1,1.0
65,1,13,4,1,2,35.25,39.5,31.0,0,0,0.0008133652253910685
67,0,4,4,1,1,68.0,68.0,68.0,0,0,0.0005795439426968099
53,1,3,4,4,5,63.39999961853027,129.0,10.99,1,1,0.9995800476680223
45,0,13,2,2,4,53.170000076293945,101.4,11.34,1,1,0.9596383955964862
70,0,3,4,1,1,10.699999809265137,10.7,10.7,0,0,1.968289985955307e-05
64,0,3,4,1,1,27.950000762939453,27.95,27.95,0,0,5.6067789918546884e-05
20,0,4,4,1,1,32.0,32.0,32.0,0,0,2.4917948482181724e-05
12,1,13,4,1,1,32.95000076293945,32.95,32.95,0,0,2.87163779075325e-06
40,1,8,4,2,2,30.996667226155598,51.99,16.0,0,0,0.0011839561982826606
57,0,4,2,1,2,91.75,118.5,65.0,1,1,0.9643938117878734
22,0,4,4,1,1,32.0,32.0,32.0,0,0,2.4917948482181724e-05
40,0,3,4,1,2,57.9900016784668,67.98,48.0,0,0,0.05489552665641942
65,1,13,4,1,1,46.9900016784668,46.99,46.99,0,0,0.00029651575115516396
16,1,4,4,1,1,30.0,30.0,30.0,0,0,1.1043886878369898e-05
41,0,7,4,1,2,33.42500019073486,57.95,8.9,0,0,0.0008169149708601886
63,0,4,4,1,1,17.5,17.5,17.5,0,0,4.835768968724385e-05
67,0,3,1,3,4,30.77500009536743,60.52,15.0,0,0,0.2864938035620075
36,1,13,4,1,1,16.040000915527344,16.04,16.04,0,0,4.840324911832688e-05
12,0,3,4,2,2,23.494999885559082,32.0,14.99,0,0,0.0008750395780377922
37,1,13,4,1,1,77.98999786376953,77.99,77.99,0,0,0.0005135136105996348
33,1,4,2,1,2,36.44000053405762,39.5,33.38,0,0,0.0007699695806649753
23,1,13,4,1,2,15.989999771118164,21.99,9.99,0,0,0.0011533180683696803
39,1,2,3,1,1,24.5,24.5,24.5,0,0,8.38068749601134e-06
30,0,10,3,1,1,29.0,29.0,29.0,0,0,3.355696146336489e-05
65,0,4,4,1,1,61.0,61.0,61.0,0,0,0.0005437288863918643
61,0,4,4,3,4,57.37000131607056,129.99,27.94,1,1,0.9986988808493495
61,1,4,4,3,3,36.78000068664551,48.65,19.99,0,0,0.09721957781749843
32,0,0,4,1,2,77.49499893188477,99.99,55.0,0,0,0.11568926854119337
57,0,10,4,3,3,27.579999923706055,38.0,17.75,0,0,0.0066704031462689614
16,0,3,3,2,2,86.65499877929688,109.0,64.31,1,1,0.944302178971369
42,0,13,4,2,2,114.8650016784668,129.74,99.99,1,1,0.998824821006028
24,0,0,4,3,7,44.324286052158904,79.0,11.99,1,1,0.9797624845951199
26,0,4,0,1,1,24.989999771118164,24.99,24.99,0,0,6.160052574650034e-05
15,1,4,4,4,3,53.83166662851969,95.0,24.99,1,1,0.8203395020833795
32,0,4,4,1,1,29.989999771118164,29.99,29.99,0,0,1.5069566505381985e-05
51,0,13,4,1,1,16.989999771118164,16.99,16.99,0,0,1.968289985955307e-05
36,1,10,4,1,3,75.1233336130778,125.0,20.37,1,1,0.9680847736244766
37,1,4,4,1,1,100.0,100.0,100.0,0,0,0.006412503380543787
67,1,13,2,1,1,12.800000190734863,12.8,12.8,0,0,0.0001750518917567142
57,1,12,3,2,2,27.494999885559082,29.99,25.0,0,0,0.0011041567420508188
17,1,13,3,1,1,154.5,219.0,90.0,1,1,0.945325564250827
68,0,3,4,1,1,59.9900016784668,59.99,59.99,0,0,0.00047838038207145974
48,1,13,4,2,2,68.22500038146973,99.5,36.95,0,0,0.24710521708914282
45,1,3,3,1,2,54.5,79.0,30.0,0,0,0.0425579243378632
26,1,3,3,1,2,31.75,39.5,24.0,0,0,0.0002006483670560885
67,0,11,4,1,3,23.75,39.98,13.02,0,0,0.002051847306219142
57,0,3,4,1,1,46.0,46.0,46.0,0,0,0.00023419077441141155
21,1,6,4,1,1,14.0,14.0,14.0,0,0,3.2664699712926596e-06
60,0,4,4,1,2,70.5,75.0,66.0,0,0,0.035058564147209065
64,1,4,4,1,1,265.0,265.0,265.0,1,1,1.0
54,0,8,3,2,2,44.9950008392334,57.0,32.99,0,0,0.01531642145737603
38,0,6,3,3,4,34.577500343322754,48.11,15.84,0,0,0.3994969911207912
16,0,13,4,1,1,36.0,36.0,36.0,0,0,1.7207848250878683e-05
55,1,4,4,1,1,29.989999771118164,29.99,29.99,0,0,6.309722426288844e-06
24,1,4,4,1,1,180.0,180.0,180.0,1,1,1.0
16,0,4,4,1,1,29.950000762939453,29.95,29.95,0,0,2.204631069142847e-05
60,1,3,4,1,1,118.0,118.0,118.0,0,0,0.016742876112409245
12,0,0,3,1,2,66.0,107.0,25.0,0,0,0.19159610751589007
48,0,10,4,1,1,79.0,79.0,79.0,0,0,0.001710582698777334
26,1,4,4,2,3,53.166666666666664,69.5,25.0,0,0,0.41171018454909103
31,1,3,4,1,1,79.98999786376953,79.99,79.99,0,0,0.001466754163688308
30,0,4,4,1,1,34.5,34.5,34.5,0,0,0.00013698882334375428
17,1,6,4,1,1,10.890000343322754,10.89,10.89,0,0,3.2664699712926596e-06
49,0,4,4,1,1,96.0,96.0,96.0,0,0,0.004867753429770233
34,0,4,4,1,1,11.329999923706055,11.33,11.33,0,0,1.968289985955307e-05
49,1,4,3,4,4,52.9350004196167,110.0,24.0,1,1,0.996410794093879
54,1,7,3,1,4,38.99749994277954,49.5,29.99,0,0,0.06648620896769708
55,1,3,4,2,5,20.731999778747557,29.99,10.69,0,0,0.035146974861136375
23,0,11,3,3,2,56.65000025431315,119.0,18.0,0,1,0.7422165916853618
65,1,3,1,2,3,35.606666564941406,56.7,14.0,0,0,0.13351715210394904
33,0,3,4,1,2,10.494999885559082,11.99,9.0,0,0,0.00047418968874484075
58,0,4,2,1,1,94.98999786376953,94.99,94.99,0,0,0.007275733093746525
13,1,4,0,1,4,31.744999885559082,62.0,9.99,0,0,0.04001482753348535
13,0,13,3,1,2,57.30999994277954,100.0,14.62,0,0,0.16076536167989863
60,0,4,4,1,4,41.19250011444092,89.0,18.78,0,0,0.31737621216056183
56,1,3,2,1,1,14.949999809265137,14.95,14.95,0,0,8.38068749601134e-06
56,1,10,4,1,1,50.0,50.0,50.0,0,0,0.0001261382023048547
47,0,13,4,1,2,47.060001373291016,52.99,41.13,0,0,0.007317600148250995
60,1,3,4,1,1,82.12000274658203,82.12,82.12,0,0,0.003096596902167717
17,1,13,4,2,3,45.33000055948893,52.0,34.0,0,0,0.20849022511519702
22,0,4,2,1,2,41.984999656677246,65.0,18.97,0,0,0.00758707622803796
64,1,10,3,4,6,35.05428627559117,69.5,13.0,1,1,0.9670160277351296
12,1,13,4,2,2,30.875,36.75,25.0,0,0,0.0006259094119761471
68,1,4,4,1,1,55.0,55.0,55.0,0,0,0.00043740254494638466
52,0,7,4,3,4,26.594000244140624,45.0,10.0,0,0,0.023216331895270025
12,1,4,4,1,1,22.0,22.0,22.0,0,0,2.0709650697224966e-06
28,0,3,4,1,1,12.0,12.0,12.0,0,0,1.968289985955307e-05
56,1,4,4,4,4,39.56799964904785,69.95,14.0,1,1,0.7137233856231758
32,1,13,4,1,3,52.44666735331217,78.0,24.35,0,1,0.515395328119505
37,0,11,4,1,1,99.98999786376953,99.99,99.99,0,0,0.005274176510702213
54,1,4,3,1,1,12.0,12.0,12.0,0,0,8.38068749601134e-06
38,1,7,4,2,2,72.5,75.0,70.0,0,0,0.054184022525790375
23,0,4,4,2,2,30.4950008392334,42.99,18.0,0,0,0.0006570329998070452
39,1,13,4,2,2,12.509999910990397,14.0,11.0,0,0,0.0016014729551778225
60,0,4,4,1,1,44.5,44.5,44.5,0,0,0.0002636256252748336
17,1,3,4,1,1,54.0,54.0,54.0,0,0,0.00015615776761546195
39,0,4,4,1,1,49.9900016784668,49.99,49.99,0,0,0.0002566655377501212
52,0,4,4,1,1,29.989999771118164,29.99,29.99,0,0,2.041620703291727e-05
28,0,13,4,2,1,101.0,166.5,35.5,1,1,0.9843238989728528
59,0,4,4,2,4,42.895999908447266,102.5,13.99,1,1,0.9618846668150887
61,1,4,4,2,2,166.0,178.0,154.0,1,1,0.9949902152641878
40,0,4,4,1,1,20.489999771118164,28.99,11.99,0,0,2.5029540387088356e-05
66,1,4,4,2,3,69.54333241780598,126.63,22.0,1,1,0.9852331222220885
24,1,4,4,1,1,17.950000762939453,17.95,17.95,0,0,3.2664699712926596e-06
51,0,4,4,1,2,116.9950008392334,199.0,34.99,1,1,0.9950767010858893
20,0,4,4,1,1,12.0,12.0,12.0,0,0,1.968289985955307e-05
47,0,13,3,1,1,18.0,18.0,18.0,0,0,1.968289985955307e-05
14,1,4,4,1,2,62.994998931884766,99.99,26.0,0,0,0.17106086840328666
14,0,3,4,1,1,48.119998931884766,48.12,48.12,0,0,0.0002716341347633678
25,1,13,4,1,4,35.62000036239624,49.5,23.0,0,0,0.0917023500341009
44,0,4,4,1,1,68.0,68.0,68.0,0,0,0.0005552628383678631
33,1,6,4,2,6,82.79500071207683,198.0,25.0,1,1,0.9980464203095671
12,0,13,4,1,1,98.0,98.0,98.0,0,0,0.015353627101038518
33,1,4,4,1,2,52.4950008392334,55.0,49.99,0,0,0.006738208503792353
31,1,12,2,1,1,21.899999618530273,21.9,21.9,0,0,3.2664699712926596e-06
37,1,4,4,2,3,24.133333206176758,35.0,11.4,0,0,0.001095693553281015
42,1,7,4,1,1,21.950000762939453,21.95,21.95,0,0,2.5314485649881535e-05
40,1,13,4,1,1,14.970000267028809,14.97,14.97,0,0,4.840324911832688e-05
24,1,3,4,1,3,72.0,99.5,28.5,1,1,0.9652295776428192
70,1,4,4,2,4,58.86999988555908,109.99,12.0,1,1,0.980374233778491
61,0,4,2,1,1,12.989999771118164,12.99,12.99,0,0,2.5029540387088356e-05
51,0,10,4,1,1,134.0,134.0,134.0,0,0,0.004793894025339397
52,0,6,4,1,2,43.99499988555908,63.0,24.99,0,0,0.027860277231868964
62,0,13,4,1,1,25.5,25.5,25.5,0,0,1.968289985955307e-05
35,1,4,4,2,2,39.23500061035156,58.97,19.5,0,0,0.00380518544795401
27,1,4,4,2,3,38.98750019073486,96.0,12.0,0,0,0.35646230707308035
14,0,6,4,1,2,45.469998836517334,78.99,11.95,0,0,0.0420450655296233
12,0,3,4,4,4,32.172499656677246,74.99,12.75,0,0,0.37603893639512864
32,1,4,4,1,1,25.0,25.0,25.0,0,0,0.00019807166477648751
68,0,13,4,1,1,46.9900016784668,46.99,46.99,0,0,0.00014208899691770544
13,1,11,4,2,3,39.4966672261556,55.0,18.5,0,0,0.06499830784116345
50,1,4,3,1,1,199.99000549316406,199.99,199.99,1,1,1.0
33,0,3,4,3,4,45.05250024795532,98.0,10.0,1,1,0.9865831709761816
32,1,4,4,1,1,54.5,54.5,54.5,0,0,0.0004427877470672742
15,0,3,3,1,1,31.5,31.5,31.5,0,0,2.4917948482181724e-05
47,1,4,3,3,3,34.13333257039388,40.91,27.3,0,0,0.013073171762088642
29,1,13,4,1,3,48.65000089009603,100.01,19.99,0,1,0.6988084866416264
48,0,10,4,1,1,142.1999969482422,142.2,142.2,0,0,0.0029712242976125047
49,0,13,4,1,1,36.0,36.0,36.0,0,0,1.02311040648322e-05
67,0,6,0,2,2,59.334999084472656,79.17,39.5,0,0,0.15380623964701676
38,0,13,3,1,1,21.989999771118164,21.99,21.99,0,0,1.968289985955307e-05
17,0,13,4,1,2,13.0,14.0,12.0,0,0,0.0007438814079062841
15,0,13,3,1,1,49.9900016784668,49.99,49.99,0,0,0.00040766285792755966
12,1,11,0,1,1,140.0,140.0,140.0,0,0,0.013593645984771457
43,1,13,3,2,3,81.72333399454753,117.18,42.99,1,1,0.9765859345323737
23,1,3,4,1,4,80.28750133514404,115.0,28.95,1,1,0.9756399302866576
32,0,4,4,2,2,47.9950008392334,49.99,46.0,0,0,0.005334387862619087
38,0,3,4,1,1,248.0,248.0,248.0,1,1,1.0
41,0,12,3,1,2,52.69500160217285,65.4,39.99,0,0,0.018321112248887536
61,1,6,4,1,4,70.0,120.0,25.0,1,1,0.9804911600905658
36,0,13,2,1,1,42.0,42.0,42.0,0,0,7.359466274078951e-06
34,1,4,1,1,1,49.9900016784668,49.99,49.99,0,0,0.00010384414040095122
32,0,3,4,1,2,28.984999656677246,39.98,17.99,0,0,0.0005525186704680782
66,1,13,2,2,5,69.33600044250488,169.0,23.99,1,1,0.9996061724099564
21,0,4,4,1,1,9.949999809265137,9.95,9.95,0,0,1.968289985955307e-05
55,0,4,4,2,4,40.913333574930824,132.0,14.99,1,1,0.7423994873957124
32,0,4,4,1,1,37.9900016784668,37.99,37.99,0,0,1.7941204296135235e-05
52,0,4,3,1,3,72.00333340962727,158.0,13.01,1,1,0.9968907574493451
49,1,4,3,2,3,84.66333262125652,119.0,65.0,1,1,0.9682703963710605
46,0,4,4,3,3,72.66000111897786,78.98,65.0,1,1,0.9749084701275423
58,1,13,4,4,4,70.58399963378906,107.99,28.95,1,1,0.998785004548483
17,1,4,3,4,7,54.798571722848074,155.0,23.5,1,1,0.9990206722972046
25,1,4,4,1,1,45.0,45.0,45.0,0,0,0.00028963893638670715
25,0,13,4,1,1,118.0,118.0,118.0,0,0,0.01300518499479127
24,0,10,0,1,2,62.474998474121094,84.95,40.0,0,0,0.10766884065859089
50,1,13,4,1,1,19.950000762939453,19.95,19.95,0,0,4.840324911832688e-05
65,0,4,4,1,1,34.0,34.0,34.0,0,0,4.661599412382602e-05
40,1,13,4,1,1,110.0,110.0,110.0,0,0,0.016277223019835287
44,1,12,4,1,1,25.0,25.0,25.0,0,0,6.596489215394662e-05
30,1,3,4,1,1,19.989999771118164,19.99,19.99,0,0,3.2664699712926596e-06
25,0,7,4,1,2,29.949999809265137,48.0,11.9,0,0,0.0006898811575063968
68,1,12,3,1,1,25.0,25.0,25.0,0,0,0.00017096285125990676
67,0,8,2,3,3,87.66666666666667,126.0,58.0,1,1,0.9935337009816736
55,0,11,4,1,1,19.989999771118164,19.99,19.99,0,0,2.5029540387088356e-05
52,0,3,4,1,1,10.0,10.0,10.0,0,0,2.5029540387088356e-05
49,0,4,4,2,2,60.939998626708984,97.88,24.0,0,0,0.2544144109987209
42,0,13,4,1,1,20.0,20.0,20.0,0,0,1.968289985955307e-05
52,1,4,4,1,1,26.15999984741211,26.16,26.16,0,0,8.38068749601134e-06
13,0,11,4,4,4,40.9350004196167,49.0,33.33,0,0,0.3641869164590789
46,1,13,0,2,3,72.48333358764648,87.5,59.95,1,1,0.9277569866609561
48,1,3,4,2,3,65.63999811808269,129.93,28.0,1,1,0.9950740153348256
65,1,4,4,1,1,19.8799991607666,19.88,19.88,0,0,0.00025046553172730504
20,1,4,4,1,2,27.30500030517578,33.95,20.66,0,0,0.00034910152060225926
60,0,4,4,1,1,19.979999542236328,19.98,19.98,0,0,2.5029540387088356e-05
35,1,4,4,2,2,26.5,35.0,18.0,0,0,0.00038836549094459715
45,0,6,4,1,2,15.925000190734863,16.86,14.99,0,0,0.0006595558132696282
39,0,7,4,1,1,27.950000762939453,27.95,27.95,0,0,2.739300009085611e-05
34,1,13,4,1,1,50.0,50.0,50.0,0,0,0.00017714792797261284
17,1,3,4,1,3,68.98999977111816,110.0,16.97,1,1,0.9631337973803754
25,1,13,3,1,2,33.99499988555908,48.0,19.99,0,0,0.0006113730155855385
67,0,3,1,1,4,13.574999809265137,18.32,7.99,0,0,0.0014934947297223977
27,1,3,4,1,1,98.0,98.0,98.0,0,0,0.005774603615240842
19,1,0,4,1,1,28.43000030517578,28.43,28.43,0,0,8.769423732588935e-05
17,0,3,0,4,3,47.897999954223636,79.99,15.99,1,1,0.7770102189721636
32,0,4,4,1,1,5.989999771118164,5.99,5.99,0,0,1.968289985955307e-05
16,1,7,4,1,3,70.08333333333333,148.0,16.25,1,1,0.9901183842185446
40,0,12,0,1,2,15.319999933242798,25.0,5.64,0,0,0.0010151561741127608
23,0,12,4,1,1,15.949999809265137,15.95,15.95,0,0,1.968289985955307e-05
62,0,13,0,2,3,50.769999186197914,84.99,9.32,0,0,0.49788435064768033
57,0,13,0,1,1,49.0,49.0,49.0,0,0,0.001801816590642712
45,1,8,4,1,2,31.99000072479248,49.99,13.99,0,0,0.003170528379066805
65,1,13,4,1,1,23.5,23.5,23.5,0,0,0.00019405161472835211
48,1,13,4,1,1,31.329999923706055,31.33,31.33,0,0,4.920392183935764e-05
30,1,10,4,1,1,29.989999771118164,29.99,29.99,0,0,1.1955049015701636e-06
43,1,4,4,1,1,69.5,69.5,69.5,0,0,0.0005023320273382464
13,1,13,4,1,1,44.95000076293945,44.95,44.95,0,0,0.0004697125937063702
68,1,10,4,1,1,45.0,45.0,45.0,0,0,0.00043626537855844
34,0,4,4,2,2,74.49000263214111,128.99,19.99,0,0,0.21150109639898004
16,1,4,4,1,1,25.0,25.0,25.0,0,0,3.2664699712926596e-06
35,0,4,4,2,2,60.80333391825358,92.43,29.99,1,0,0.20640211695649563
27,0,13,4,1,1,65.0,65.0,65.0,0,0,0.00045907015341240193
50,1,13,3,1,1,399.0,399.0,399.0,1,1,1.0
50,1,4,3,1,1,189.0,189.0,189.0,1,1,1.0
61,1,2,4,3,6,104.03500016530354,398.0,8.99,1,1,0.9999462904753453
20,0,4,4,1,1,10.75,10.75,10.75,0,0,1.968289985955307e-05
50,0,10,3,1,2,41.40000057220459,52.81,29.99,0,0,0.006653772165288468
21,1,12,4,2,2,16.225000381469727,24.95,7.5,0,0,0.001451480418380384
28,1,3,4,3,3,51.4975004196167,63.99,25.0,1,0,0.45350461969312533
28,1,4,4,1,2,79.99500274658203,129.99,30.0,0,0,0.20961315186370405
45,0,11,4,1,3,80.65666898091634,170.99,25.99,1,1,0.9956205523433361
22,0,4,3,1,1,35.0,35.0,35.0,0,0,2.4917948482181724e-05
53,1,13,3,1,1,149.97999572753906,149.98,149.98,0,0,0.005026366447369157
40,1,3,3,1,1,14.0,14.0,14.0,0,0,8.38068749601134e-06
32,1,4,2,2,5,40.32600059509277,59.99,24.99,1,1,0.9045275526737468
45,0,10,4,1,1,96.99500274658203,148.99,45.0,1,1,0.8823238216640383
41,0,13,4,2,3,18.776666800181072,26.43,7.9,0,0,0.0009941696678314274
30,0,6,4,1,1,24.0,24.0,24.0,0,0,5.3890425515197304e-05
33,0,4,4,4,5,40.48833401997884,49.99,28.0,1,1,0.8698883890977247
29,1,13,3,1,1,19.889999389648438,19.89,19.89,0,0,2.3536740241562884e-05
68,1,4,4,2,4,87.06500101089478,153.95,9.99,1,1,0.9946384269644226
40,0,4,4,1,1,74.94999694824219,74.95,74.95,0,0,0.0007415466000908342
25,1,4,4,1,1,54.93000030517578,54.93,54.93,0,0,0.0003517893116321572
30,0,4,0,1,3,18.96666653951009,25.9,14.0,0,0,0.0012940403348003673
57,0,3,4,1,1,14.0,14.0,14.0,0,0,2.5029540387088356e-05
45,1,6,4,1,1,7.949999809265137,7.95,7.95,0,0,2.5314485649881535e-05
25,0,13,4,1,1,39.95000076293945,39.95,39.95,0,0,3.2794962902766336e-05
52,1,4,2,1,1,27.649999618530273,27.65,27.65,0,0,8.38068749601134e-06
19,0,3,4,1,1,76.22000122070312,76.22,76.22,0,0,0.00031577695217363625
54,1,13,4,2,2,60.46500205993652,80.98,39.95,0,0,0.21291941147570895
46,0,6,4,1,1,59.9900016784668,59.99,59.99,0,0,0.0004243892282982174
52,0,13,4,1,1,46.0,46.0,46.0,0,0,0.0001921501805192323
15,0,3,4,1,4,58.49749994277954,158.0,19.99,1,1,0.9963612497774754
65,0,4,4,1,4,35.80250072479248,58.33,22.9,0,0,0.08562177561550602
68,1,6,4,2,2,66.375,99.0,33.75,0,0,0.2941221545612781
43,1,4,4,1,1,37.99499988555908,62.0,13.99,0,0,0.002034858336873364
26,1,3,4,1,1,60.0,60.0,60.0,0,0,0.00040457551323409315
26,1,13,4,2,3,34.81666692097982,55.0,15.0,0,0,0.05958160754967112
20,1,13,4,2,5,116.16800003051758,399.0,15.34,1,1,0.9998518578291197
18,0,4,4,1,1,54.9900016784668,54.99,54.99,0,0,0.00018190238414406972
51,0,12,4,2,2,14.975000381469727,19.95,10.0,0,0,0.0005219828653098996
27,1,12,4,2,3,25.833333333333332,36.0,12.0,0,0,0.0022647957911011655
59,0,4,4,1,1,28.0,28.0,28.0,0,0,3.273964061839139e-05
40,0,3,4,4,3,39.2325005531311,58.0,19.99,0,0,0.21886149174454395
39,1,4,4,2,3,138.31250190734863,405.26,20.0,1,1,0.9994910621238017
69,1,3,2,1,2,463.5,758.0,169.0,1,1,0.9949468085106383
57,0,13,3,1,1,49.0,49.0,49.0,0,0,5.5919755527060996e-05
16,1,4,1,1,3,70.56333287556966,138.0,34.19,1,1,0.9803396165790375
49,0,13,4,1,2,52.25,58.0,46.5,0,0,0.007857438782952439
39,0,3,4,1,1,22.0,22.0,22.0,0,0,1.968289985955307e-05
30,0,8,4,1,1,17.725000381469727,23.45,12.0,0,0,1.968289985955307e-05
40,1,13,1,1,1,44.38999938964844,44.39,44.39,0,0,0.000130637535684158
62,0,13,3,1,1,36.9900016784668,36.99,36.99,0,0,1.02311040648322e-05
65,0,13,1,2,5,41.57400074005127,59.99,14.39,1,1,0.8607413656968036
25,1,4,3,1,1,29.989999771118164,29.99,29.99,0,0,8.172249087616648e-06
65,1,4,4,1,3,37.90000033378601,60.0,10.72,0,0,0.062145326682473495
69,0,10,4,1,2,59.72500038146973,79.5,39.95,0,0,0.15693265299160872
49,1,4,4,2,2,27.739999771118164,30.48,25.0,0,0,0.0006401073120047871
37,0,13,0,2,2,22.489999771118164,29.99,14.99,0,0,0.0011229593367931747
25,1,3,4,1,1,44.5,44.5,44.5,0,0,0.00028963893638670715
50,1,4,4,1,1,85.0,85.0,85.0,0,0,0.004381475559384216
63,0,3,4,3,3,103.3499984741211,158.0,68.95,1,1,0.9998615118449671
24,0,4,4,1,1,21.0,21.0,21.0,0,0,1.968289985955307e-05
40,1,13,4,2,3,77.71750068664551,198.0,35.97,1,1,0.9975814131505492
47,1,7,4,1,1,69.5,69.5,69.5,0,0,0.0005234158494747613
26,1,12,4,1,1,38.9900016784668,38.99,38.99,0,0,5.8653235623214423e-05
23,0,13,0,2,3,52.22999906539917,79.99,11.99,1,0,0.44278582909851394
15,0,13,4,2,6,40.676666577657066,118.0,8.99,1,1,0.9675748483495608
64,0,10,4,2,2,14.670000076293945,18.84,10.5,0,0,0.0007637850701891993
48,0,10,4,1,1,89.0,89.0,89.0,0,0,0.003496886696314096
53,1,13,4,2,2,68.74000263214111,129.99,7.49,0,0,0.3045530078914583
20,0,4,2,2,3,35.576666514078774,84.0,9.78,0,0,0.18013817514719885
35,0,11,4,3,5,75.99800033569336,188.0,31.0,1,1,0.999984076433121
45,1,9,2,2,4,20.619999885559082,29.99,9.59,0,0,0.008266110747813131
70,1,3,4,1,1,21.989999771118164,21.99,21.99,0,0,2.4561917269474136e-05
46,0,3,3,1,2,27.494999885559082,48.0,6.99,0,0,0.001280327030672243
23,1,2,4,1,1,49.9900016784668,49.99,49.99,0,0,0.0002302500979358417
41,1,13,4,1,1,23.18000030517578,23.18,23.18,0,0,4.840324911832688e-05
20,0,4,3,2,3,28.49250078201294,34.99,18.0,0,0,0.002206264343194249
64,0,4,4,1,1,36.79999923706055,36.8,36.8,0,0,8.788146867678334e-05
68,0,10,4,1,1,25.0,25.0,25.0,0,0,2.739300009085611e-05
25,1,4,4,1,1,99.94999694824219,99.95,99.95,0,0,0.005771971491972389
19,0,4,4,2,3,19.570000330607098,24.95,11.76,0,0,0.0007346145886546389
27,1,4,4,2,2,85.80499982833862,158.0,13.61,1,1,0.973702268660898
27,0,4,3,2,2,269.5,475.0,64.0,1,1,0.9999824555950956
30,0,11,4,3,4,41.3016668955485,59.5,29.95,1,1,0.5239206565387031
33,0,3,2,1,1,29.989999771118164,29.99,29.99,0,0,1.5069566505381985e-05
56,1,4,2,3,3,42.49666659037272,60.0,17.99,0,0,0.2963701120059464
41,1,13,4,1,3,79.19666798909505,129.99,25.0,1,1,0.974126202780688
59,0,3,3,1,1,24.229999542236328,24.23,24.23,0,0,2.5029540387088356e-05
51,0,6,4,1,3,62.66333325703939,140.0,19.99,1,1,0.9867498634832356
26,1,7,3,1,1,15.270000457763672,15.27,15.27,0,0,3.2664699712926596e-06
17,0,13,4,2,2,21.27500057220459,32.97,9.58,0,0,0.00042045720100890825
50,0,4,3,1,1,25.0,25.0,25.0,0,0,6.694716627403562e-05
26,1,6,3,1,1,177.99000549316406,177.99,177.99,1,1,1.0
68,1,3,4,1,1,29.5,29.5,29.5,0,0,2.249095219975164e-05
24,1,6,3,2,3,150.87999725341797,197.65,109.99,1,1,1.0
44,1,13,4,1,2,209.97500038146973,383.0,36.95,1,1,0.9999346289525184
32,0,4,4,1,1,118.0,118.0,118.0,0,0,0.01063578236186564
36,1,13,4,1,1,50.63999938964844,66.28,35.0,0,0,0.02048599169868169
16,1,4,4,2,2,40.5,56.0,25.0,0,0,0.0038580205977898543
34,0,3,4,1,2,45.5,66.0,25.0,0,0,0.02863926880399693
31,0,3,4,1,1,48.0,48.0,48.0,0,0,0.00021984654955782223
30,1,4,4,1,1,46.0,46.0,46.0,0,0,0.00025385821416853516
50,0,3,4,1,1,90.0,90.0,90.0,0,0,0.0089494872537651
22,1,13,0,2,2,127.0,200.0,54.0,1,1,0.999673993388419
37,0,10,4,1,1,12.989999771118164,12.99,12.99,0,0,1.968289985955307e-05
29,0,11,4,1,1,25.0,25.0,25.0,0,0,6.160052574650034e-05
45,0,4,4,1,1,110.0,110.0,110.0,0,0,0.005893396725759197
38,0,4,4,1,2,48.864999771118164,72.0,25.73,0,0,0.03261100160004892
65,0,4,3,1,1,28.494999885559082,42.0,14.99,0,0,8.8643875175288e-05
26,1,13,3,1,1,33.9900016784668,33.99,33.99,0,0,0.0008207878413591664
56,1,6,0,1,2,57.994998931884766,90.99,25.0,0,0,0.16382365747264926
30,0,13,1,1,1,62.0,62.0,62.0,0,0,0.0004384394049548303
47,1,4,4,1,1,15.0,15.0,15.0,0,0,8.38068749601134e-06
55,1,4,0,1,4,106.47000026702881,225.0,25.89,1,1,0.9999501973768035
36,0,13,4,1,1,30.0,30.0,30.0,0,0,1.02311040648322e-05
40,0,4,4,2,2,83.74499893188477,111.99,55.5,0,0,0.1979232185096986
19,0,4,3,1,1,6.989999771118164,6.99,6.99,0,0,0.00010411066721414975
50,0,3,4,1,1,29.0,29.0,29.0,0,0,3.890360199090018e-05
55,1,12,4,1,1,53.9900016784668,53.99,53.99,0,0,0.00023170902273614063
34,1,12,4,1,1,78.0,78.0,78.0,0,0,0.0013718982277425593
52,0,4,4,2,2,31.994999885559082,44.0,19.99,0,0,0.0013359607852959036
57,1,4,4,1,1,69.0,69.0,69.0,0,0,0.0004583169724640656
58,0,3,4,4,3,45.11000061035156,57.95,32.99,1,1,0.5793236837061149
30,0,4,1,2,5,23.38000030517578,32.45,18.0,0,0,0.019057246834269258
67,1,3,3,1,1,142.99000549316406,142.99,142.99,0,0,0.0055838077207017766
14,0,12,4,1,1,59.9900016784668,59.99,59.99,0,0,0.004047076500126095
29,0,6,4,1,1,52.79999923706055,52.8,52.8,0,0,0.00028995513795287064
57,0,12,4,2,2,34.47499990463257,57.0,11.95,0,0,0.02344743710666413
64,1,13,0,2,2,58.97999954223633,104.46,13.5,0,0,0.2290848987432482
63,0,11,3,2,4,52.485000133514404,129.0,25.0,1,1,0.9793320212655133
50,1,3,1,1,2,86.99499893188477,119.99,54.0,1,1,0.9694181600932726
21,0,4,3,1,1,15.0,15.0,15.0,0,0,1.968289985955307e-05
36,0,6,3,1,1,159.0,159.0,159.0,0,0,0.004122160898992419
15,0,4,4,3,5,34.25857189723423,49.99,24.99,1,1,0.6958956143129079
61,1,7,4,1,1,38.0,38.0,38.0,0,0,0.00016254123644825417
35,1,7,4,1,2,280.69999980926514,550.0,11.4,1,1,0.9949846234920563
53,0,4,0,3,4,74.78999977111816,238.0,13.99,1,1,0.9998095759831694
33,1,9,4,1,3,80.65333302815755,138.0,48.96,1,1,0.9854669560932656
66,0,4,3,1,1,48.0,48.0,48.0,0,0,0.00019342263690528327
46,0,4,4,2,5,28.988000106811523,50.0,10.0,0,0,0.3521098398211013
20,0,10,2,1,1,27.950000762939453,27.95,27.95,0,0,2.739300009085611e-05
68,1,4,4,1,2,74.74499893188477,79.99,69.5,0,0,0.06259968372097069
54,0,13,4,1,2,73.49499988555908,118.0,28.99,0,0,0.2080739372666219
42,0,13,1,1,1,26.0,26.0,26.0,0,0,5.3890425515197304e-05
38,0,4,4,2,2,133.5,169.0,98.0,1,1,0.9999607657338881
28,0,11,4,2,4,22.96250033378601,42.99,10.88,0,0,0.017143497707007464
41,1,13,4,1,1,97.5,97.5,97.5,0,0,0.0058341319749157265
61,0,3,1,2,2,44.540000915527344,52.99,36.09,0,0,0.009096690530469067
38,1,11,4,2,3,43.96666566530863,99.95,3.95,0,1,0.6151961123827387
40,1,4,4,1,2,37.25,49.5,25.0,0,0,0.0005714835877046835
19,0,6,4,4,6,59.68428584507534,188.0,12.0,1,1,0.9999929241611508
65,1,3,1,1,1,49.5,49.5,49.5,0,0,8.47202706462243e-05
36,1,4,4,1,1,11.989999771118164,11.99,11.99,0,0,8.38068749601134e-06
46,0,4,4,1,2,72.5,90.0,55.0,0,0,0.10790672344154358
22,1,4,4,1,3,48.602500915527344,94.48,27.98,1,1,0.6890423047193596
35,0,4,1,1,2,14.149999618530273,18.15,10.15,0,0,0.00036908213250467635
36,1,3,1,1,2,107.44666544596355,198.0,56.39,1,1,0.9996174249466943
64,1,13,4,1,3,46.97999954223633,67.99,18.95,0,0,0.47327699065652856
12,1,13,4,1,1,20.0,20.0,20.0,0,0,2.0709650697224966e-06
39,1,4,4,1,1,59.9900016784668,59.99,59.99,0,0,0.0004099609260174694
52,1,4,4,1,1,6.989999771118164,6.99,6.99,0,0,8.38068749601134e-06
28,1,13,4,2,3,41.32666778564453,51.99,33.99,0,0,0.07041815984949801
45,0,4,3,1,2,48.97500038146973,50.0,47.95,0,0,0.010051444621752805
19,0,3,4,1,2,22.494999885559082,25.0,19.99,0,0,0.00150215124455302
51,1,4,4,1,1,34.9900016784668,34.99,34.99,0,0,9.181360217042095e-06
47,0,3,2,2,3,84.73666763305664,163.0,21.95,1,1,0.9987767928377754
67,1,3,4,3,3,41.32999928792318,69.99,12.0,0,0,0.2254958186431837
56,1,4,4,1,1,49.9900016784668,49.99,49.99,0,0,0.0001988759997252534
12,1,12,4,2,2,19.125,21.99,16.26,0,0,0.00147368251438552
54,1,3,3,4,8,96.03099956512452,236.84,17.99,1,1,0.999840247986916
54,0,4,4,1,4,44.6850004196167,68.65,16.0,1,1,0.9196445632047846
53,1,4,3,1,2,98.44999885559082,159.95,36.95,1,1,0.9993630203673562
41,1,6,3,3,4,43.93499994277954,89.78,15.89,1,1,0.9900238789347143
61,1,4,4,1,2,52.30500030517578,72.61,32.0,0,0,0.04253797912051944
49,0,8,3,1,1,11.989999771118164,11.99,11.99,0,0,2.5029540387088356e-05
48,1,6,3,1,1,34.9900016784668,34.99,34.99,0,0,2.6115158370912287e-05
63,0,4,4,1,1,26.979999542236328,26.98,26.98,0,0,5.6067789918546884e-05
50,1,7,4,1,1,21.360000610351562,21.36,21.36,0,0,2.5314485649881535e-05
69,0,4,4,1,1,58.5,58.5,58.5,0,0,0.00048448171205997754
62,1,4,1,1,1,69.94999694824219,69.95,69.95,0,0,0.0012404880240357706
35,0,4,4,1,2,80.99499893188477,82.0,79.99,0,0,0.04198927593639064
69,0,3,2,1,2,42.994998931884766,79.99,6.0,0,0,0.12229265960042758
43,1,4,3,1,1,68.0,68.0,68.0,0,0,0.0003339326799397703
52,1,6,2,1,2,59.7450008392334,69.5,49.99,0,0,0.10269283579407133
16,0,2,4,2,3,46.75,61.0,24.0,1,0,0.31051731949644285
67,1,11,4,1,2,36.32000017166138,57.0,15.64,0,0,0.00236866396463999
13,0,13,4,4,3,82.88750076293945,151.6,24.0,1,1,0.9999572484993695
36,0,13,4,1,2,25.22499990463257,42.0,8.45,0,0,0.0006500803220983924
33,1,4,4,1,1,45.0,45.0,45.0,0,0,0.0002877764097253794
32,0,13,4,1,1,38.0,38.0,38.0,0,0,1.02311040648322e-05
37,0,4,4,1,1,44.5,44.5,44.5,0,0,0.0002714216218234584
67,1,4,4,1,3,54.21666590372721,74.95,38.2,0,0,0.4735614305566193
16,1,3,3,1,1,54.9900016784668,54.99,54.99,0,0,0.00012087221099906035
62,1,13,0,1,1,24.5,24.5,24.5,0,0,2.3536740241562884e-05
63,0,13,4,1,1,22.0,22.0,22.0,0,0,1.968289985955307e-05
38,0,4,4,1,1,31.989999771118164,31.99,31.99,0,0,1.7941204296135235e-05
49,1,10,3,2,2,55.60000038146973,86.0,25.2,0,0,0.12529403262701236
60,0,4,4,1,1,40.619998931884766,40.62,40.62,0,0,8.01404340285155e-05
33,0,4,4,2,1,35.0,45.0,25.0,0,0,0.00436588075469288
49,1,13,4,1,4,66.625,119.0,3.5,1,1,0.9756087334899546
26,1,4,4,1,1,20.989999771118164,20.99,20.99,0,0,3.2664699712926596e-06
19,0,4,1,1,4,29.9975004196167,47.99,20.0,0,0,0.022948946700652378
58,0,8,1,2,2,39.0,42.0,36.0,0,0,0.00116403278275565
42,0,11,3,1,1,84.98999786376953,84.99,84.99,0,0,0.0017377217597302423
34,1,3,4,2,3,75.82999992370605,158.0,19.99,1,1,0.9985943313896718
36,0,8,4,1,1,22.989999771118164,22.99,22.99,0,0,1.968289985955307e-05
55,1,6,4,1,1,55.0,55.0,55.0,0,0,0.00020041174588391534
46,0,4,4,2,5,25.87400002479553,49.5,3.95,0,0,0.10294231163461764
70,0,4,3,1,1,25.0,25.0,25.0,0,0,2.739300009085611e-05
58,0,3,4,2,2,16.986666679382324,28.0,9.0,0,0,0.00047097610026479545
55,0,4,3,1,1,88.0,88.0,88.0,0,0,0.003493807300592006
57,1,13,4,2,2,44.994998931884766,64.99,25.0,0,0,0.024286109010025845
29,1,4,4,4,5,44.18600006103516,107.1,3.0,1,1,0.9960862088561245
60,0,4,4,1,1,13.0,13.0,13.0,0,0,2.5029540387088356e-05
34,0,13,4,1,1,27.899999618530273,27.9,27.9,0,0,1.968289985955307e-05
56,0,4,4,1,1,378.0,378.0,378.0,1,1,1.0
47,1,4,2,2,3,71.65000025431316,98.0,37.95,1,1,0.9691817524342521
61,0,10,2,1,1,160.0,160.0,160.0,0,0,0.004128413010960062
38,1,3,1,1,1,39.9900016784668,39.99,39.99,0,0,8.154447142349609e-06
20,0,13,4,2,3,58.31999969482422,118.99,10.98,1,1,0.9745227346098132
43,1,13,4,2,2,46.5,68.0,25.0,0,0,0.026850015232617347
38,0,4,4,1,1,29.989999771118164,29.99,29.99,0,0,1.5069566505381985e-05
33,1,4,3,1,2,43.540000915527344,49.95,37.13,0,0,0.004414062273795154
69,1,13,4,1,1,64.94999694824219,64.95,64.95,0,0,0.0009659773139984454
41,1,3,4,4,4,52.56666660308838,160.0,14.99,1,1,0.9987126593310972
12,0,2,4,1,1,98.08000183105469,98.08,98.08,0,0,0.0048168589210008704
62,0,4,0,1,2,74.73500061035156,100.0,49.47,0,0,0.151635886204602
50,1,3,3,1,1,21.0,21.0,21.0,0,0,8.38068749601134e-06
67,1,3,4,3,7,62.98857116699219,175.0,16.0,1,1,0.999950560651384
65,1,3,0,1,3,32.95666758219401,44.99,23.95,0,0,0.01789239042330738
62,1,4,3,1,1,59.5,59.5,59.5,0,0,0.00039413530130031385
67,1,12,1,3,3,90.92333221435547,169.0,38.82,1,1,0.9997109651775348
51,0,4,3,1,1,45.220001220703125,45.22,45.22,0,0,0.00022015567120665466
26,1,13,2,1,1,7.5,7.5,7.5,0,0,2.3536740241562884e-05
64,0,3,4,1,1,59.5,59.5,59.5,0,0,0.000472549240906413
48,0,7,4,1,1,14.949999809265137,14.95,14.95,0,0,2.5029540387088356e-05
46,0,12,1,1,2,69.99499893188477,79.99,60.0,0,0,0.05316809878617473
51,0,4,4,1,1,179.0,179.0,179.0,1,1,1.0
39,0,12,4,2,1,39.74499988555908,49.5,29.99,0,0,0.0027608446746222298
18,1,4,3,2,2,66.0,98.0,34.0,0,0,0.24011959002849817
37,1,13,4,4,4,34.02799968719482,64.95,14.05,1,0,0.45164974468293323
29,1,13,4,1,1,84.94999694824219,84.95,84.95,0,0,0.002069451824148386
22,0,13,3,2,3,41.5766658782959,84.99,14.75,0,0,0.2405001961405139
59,1,13,4,1,2,50.295000076293945,52.59,48.0,0,0,0.007608885571833115
22,1,4,4,2,2,40.0,55.0,25.0,0,0,0.003119376679428747
69,1,3,4,1,1,23.989999771118164,23.99,23.99,0,0,2.4561917269474136e-05
28,1,4,4,1,1,10.6899995803833,10.69,10.69,0,0,3.2664699712926596e-06
39,1,6,4,2,2,117.64500045776367,198.0,37.29,1,1,0.9993710302125989
36,0,7,3,1,1,29.989999771118164,29.99,29.99,0,0,1.5069566505381985e-05
43,0,3,1,1,1,69.0,69.0,69.0,0,0,0.00032558140200674774
51,1,13,4,2,2,57.47999954223633,79.99,34.97,0,0,0.17595860940508135
62,1,13,4,1,1,18.649999618530273,18.65,18.65,0,0,0.00017787038495488934
33,1,4,4,1,2,72.96499633789062,129.93,16.0,0,0,0.21194896669250685
24,1,10,3,1,1,34.5,34.5,34.5,0,0,6.701403613210124e-05
62,1,13,4,1,2,27.84000062942505,44.99,10.69,0,0,0.00412363850733996
64,0,11,3,1,4,50.60249948501587,119.7,16.5,1,1,0.9683893879268648
18,1,13,4,1,3,30.413333257039387,44.25,21.99,0,0,0.006097088334499238
28,0,4,4,1,1,8.989999771118164,8.99,8.99,0,0,1.968289985955307e-05
27,0,4,4,2,2,32.4950008392334,36.99,28.0,0,0,0.0006880052256102478
49,1,4,4,1,1,38.0,38.0,38.0,0,0,1.614030245782154e-05
27,1,2,4,1,1,25.0,25.0,25.0,0,0,3.2664699712926596e-06
60,1,13,4,1,1,109.0,109.0,109.0,0,0,0.013931464204240036
67,0,8,4,1,1,14.0,14.0,14.0,0,0,2.5029540387088356e-05
29,0,4,4,1,1,9.920000076293945,9.92,9.92,0,0,1.968289985955307e-05
34,1,4,4,1,1,54.0,54.0,54.0,0,0,0.00033182432772344483
31,1,0,4,1,1,54.9900016784668,54.99,54.99,0,0,0.00040890503603338
36,0,13,3,2,4,48.21000003814697,90.0,15.9,1,1,0.952979476820821
20,0,4,4,1,1,12.0,12.0,12.0,0,0,1.968289985955307e-05
52,1,4,4,1,1,59.0,59.0,59.0,0,0,0.00048788206846666417
30,1,13,4,2,4,69.73750019073486,209.0,19.95,1,1,0.9993304666374035
14,0,11,1,1,1,89.0,89.0,89.0,0,0,0.003407547904232254
24,1,3,1,3,4,95.48750114440918,229.99,20.0,1,1,0.9999603604070887
26,0,4,2,2,2,37.4950008392334,39.99,35.0,0,0,0.0020678800293147006
59,1,4,4,1,1,124.9749984741211,179.95,70.0,1,1,0.9909387090993398
39,0,4,2,2,3,26.316666920979817,28.0,25.0,0,0,0.00105190539358661
49,1,3,4,2,3,42.40999984741211,52.28,32.95,0,0,0.07873609412502856
14,0,4,4,1,1,37.9900016784668,37.99,37.99,0,0,0.0001932162876298591
36,0,13,4,1,2,12.869999885559082,13.75,11.99,0,0,0.0005691437301062832
64,0,3,2,1,1,25.0,25.0,25.0,0,0,5.6067789918546884e-05
23,1,4,2,2,3,105.66333389282227,239.0,28.0,1,1,0.999529776472992
60,0,7,3,1,1,29.979999542236328,29.98,29.98,0,0,2.041620703291727e-05
40,0,4,2,1,4,115.49749946594238,308.0,24.0,1,1,0.999716286549872
15,0,13,3,1,1,39.9900016784668,39.99,39.99,0,0,1.7207848250878683e-05
53,0,4,1,1,1,32.95000076293945,32.95,32.95,0,0,2.041620703291727e-05
56,1,13,4,1,1,64.5,64.5,64.5,0,0,0.0003337459096381677
68,0,4,4,1,2,11.489999771118164,14.99,7.99,0,0,0.0007489674139688476
24,0,13,4,3,2,46.70000012715658,79.5,14.6,0,0,0.3117534429368064
28,0,4,4,2,1,26.0,44.0,8.0,0,0,0.0005504836962702992
55,0,3,4,1,1,39.5,39.5,39.5,0,0,6.455331937662784e-05
60,1,13,2,2,2,63.0,119.0,25.0,1,0,0.3639671996645643
35,0,6,4,1,1,61.9900016784668,61.99,61.99,0,0,0.0003425023415452425
17,1,10,4,1,1,15.6899995803833,15.69,15.69,0,0,3.2664699712926596e-06
68,1,11,4,2,3,99.86666615804036,128.0,61.6,1,1,0.9980666642349115
28,1,4,3,1,1,89.53500175476074,140.08,38.99,1,1,0.9311436885867834
35,0,8,4,1,1,47.99499988555908,73.0,22.99,0,0,0.024543082393894862
36,1,4,1,2,1,104.94999694824219,129.95,79.95,1,1,0.9586291778475757
30,1,3,4,1,2,71.67999839782715,92.95,50.41,0,0,0.13016371424793632
42,1,4,4,1,3,51.32666778564453,60.0,33.99,0,0,0.34441710272159753
64,0,6,3,1,2,91.25,102.5,80.0,1,1,0.965501239196005
34,0,4,4,3,6,43.63999993460519,79.0,6.99,1,1,0.9801309600391275
35,1,4,4,1,1,118.0,118.0,118.0,0,0,0.01573519505691528
39,0,7,0,4,5,53.14166736602783,120.0,11.0,1,1,0.9976320579585021
24,0,12,4,2,3,96.0,175.0,25.0,1,1,0.9999315350494019
18,0,10,4,1,2,50.994998931884766,69.99,32.0,0,0,0.034735367285992816
12,0,13,4,2,4,54.125,130.0,10.0,1,1,0.9730966070204841
45,0,3,3,1,1,19.989999771118164,19.99,19.99,0,0,2.5029540387088356e-05
68,1,13,2,1,1,24.989999771118164,24.99,24.99,0,0,0.000191233121530177
31,1,4,4,1,1,19.950000762939453,19.95,19.95,0,0,3.2664699712926596e-06
60,1,4,4,1,1,44.9900016784668,44.99,44.99,0,0,0.00027463377264921933
30,1,10,4,1,1,169.9499969482422,169.95,169.95,0,0,0.005210736672227522
50,0,3,4,1,4,54.5625,81.75,22.5,1,1,0.9207217448771496
43,0,6,4,1,1,25.0,25.0,25.0,0,0,6.694716627403562e-05
51,0,6,4,2,4,32.28400001525879,79.5,15.98,0,0,0.21421285109274474
14,1,13,4,2,1,23.97000026702881,27.95,19.99,0,0,0.0006152834475061297
21,0,12,4,1,1,32.0,32.0,32.0,0,0,2.4917948482181724e-05
33,0,4,3,1,1,34.900001525878906,34.9,34.9,0,0,1.7941204296135235e-05
29,0,10,4,1,1,18.610000610351562,18.61,18.61,0,0,1.968289985955307e-05
32,1,13,4,1,2,201.61499977111816,375.0,28.23,1,1,0.9991879855806138
51,1,13,4,1,4,50.239999771118164,119.0,7.99,1,1,0.9499086348339199
21,1,4,4,1,1,99.0,99.0,99.0,0,0,0.006886368611970565
53,0,13,4,4,2,42.67600059509277,67.4,12.99,1,1,0.5070100937127511
62,0,0,4,2,4,45.07999954223633,124.99,12.43,1,1,0.976336232653828
51,1,4,4,2,2,69.5,115.0,24.0,0,0,0.2864569255362613
59,1,11,4,3,3,35.49749946594238,55.0,14.99,0,0,0.10985821277561683
36,1,3,4,2,1,122.0,189.0,55.0,1,1,0.9999437458636664
45,0,11,4,4,5,45.48999996185303,74.99,14.95,1,1,0.9897367135064138
30,0,13,4,1,4,17.99749994277954,25.0,9.99,0,0,0.006301773173149338
57,0,3,4,3,3,31.729999542236328,50.0,10.91,0,0,0.029793035310834402
42,1,13,3,2,1,15.489999771118164,16.99,13.99,0,0,0.0012175230304905325
38,0,8,4,1,1,14.949999809265137,14.95,14.95,0,0,1.968289985955307e-05
27,1,4,4,1,1,28.0,31.0,25.0,0,0,3.2664699712926596e-06
67,0,10,2,1,2,16.614999771118164,23.99,9.24,0,0,0.00033014273200012
54,1,6,3,1,2,69.4950008392334,89.0,49.99,0,0,0.13716736495659776
41,1,4,4,1,1,29.899999618530273,29.9,29.9,0,0,6.309722426288844e-06
50,1,13,4,2,1,39.65500068664551,45.0,34.31,0,0,0.008328576963196097
35,0,2,2,1,1,26.799999237060547,26.8,26.8,0,0,5.3890425515197304e-05
70,0,13,1,1,1,22.989999771118164,22.99,22.99,0,0,1.968289985955307e-05
40,1,4,2,2,3,63.40999984741211,71.0,55.0,1,1,0.9165266190620938
53,1,10,4,2,3,62.12666702270508,76.3,53.48,1,1,0.9614136090226638
43,1,4,4,1,1,21.0,21.0,21.0,0,0,8.38068749601134e-06
55,1,4,4,1,2,33.0,36.0,30.0,0,0,0.0005260625626990857
18,1,4,4,1,2,15.010000228881836,20.0,10.02,0,0,0.0013160237153545015
40,1,12,3,3,3,38.33000055948893,40.0,35.0,0,0,0.026641497519580983
27,0,13,2,2,2,76.05000114440918,127.15,24.95,0,0,0.18894027590090057
49,1,4,4,4,6,63.34857191358294,173.0,12.47,1,1,0.9998959493537888
18,0,7,4,1,2,23.489999771118164,29.99,16.99,0,0,0.0008090021175616862
57,0,4,4,1,1,26.0,26.0,26.0,0,0,3.273964061839139e-05
53,0,4,4,1,1,18.0,18.0,18.0,0,0,2.5029540387088356e-05
43,1,13,2,1,1,16.610000610351562,16.61,16.61,0,0,4.5584755920151746e-05
18,1,11,1,1,1,25.0,25.0,25.0,0,0,3.2664699712926596e-06
61,0,6,3,1,1,33.95000076293945,33.95,33.95,0,0,2.3287844823670516e-05
12,1,4,4,1,1,73.97000122070312,73.97,73.97,0,0,0.00045513686753292774
60,1,3,4,3,3,35.97800064086914,62.0,17.95,1,0,0.24184936079340122
60,1,4,4,1,1,52.95000076293945,52.95,52.95,0,0,0.0004724426913668286
70,0,4,3,1,1,15.949999809265137,15.95,15.95,0,0,1.968289985955307e-05
70,0,7,4,3,4,27.281666199366253,89.99,7.81,0,0,0.45851428120522864
38,1,13,4,1,2,62.0,69.0,55.0,0,0,0.05676932597877103
45,0,4,2,1,1,20.0,20.0,20.0,0,0,2.5029540387088356e-05
12,0,11,4,1,1,23.5,23.5,23.5,0,0,1.848739495798291e-05
70,0,4,4,1,1,16.299999237060547,16.3,16.3,0,0,1.968289985955307e-05
41,1,4,4,1,1,42.9900016784668,42.99,42.99,0,0,0.00046251826881614256
56,1,7,4,2,2,229.33333333333334,350.0,149.0,1,1,0.9999902152641879
18,1,0,4,3,3,21.50333372751872,29.61,13.95,0,0,0.010744129176410138
43,1,3,3,1,1,47.18000030517578,47.18,47.18,0,0,0.0001616623641135709
45,0,10,4,2,2,42.760000228881836,59.5,26.02,0,0,0.01686287041366923
54,1,4,4,1,4,56.297500133514404,99.0,14.24,1,1,0.9442863324710136
45,1,4,4,1,1,13.920000076293945,13.92,13.92,0,0,8.38068749601134e-06
34,0,4,4,1,1,97.80000305175781,97.8,97.8,0,0,0.005709640510416613
60,0,4,4,1,3,15.613333066304525,18.99,9.95,0,0,0.0005325672771377188
50,1,4,2,1,1,20.989999771118164,20.99,20.99,0,0,8.38068749601134e-06
68,1,13,4,1,1,119.94999694824219,119.95,119.95,0,0,0.009269113992628392
31,1,4,4,1,2,39.4399995803833,49.0,29.88,0,0,0.000572464353990996
50,0,13,4,1,2,106.330002784729,209.99,2.67,1,1,0.979889982871136
47,1,13,4,1,1,12.949999809265137,12.95,12.95,0,0,4.840324911832688e-05
16,0,4,0,1,1,40.0,40.0,40.0,0,0,1.5069566505381985e-05
54,0,4,1,1,1,19.989999771118164,19.99,19.99,0,0,2.5029540387088356e-05
58,0,13,4,1,3,36.66333325703939,69.0,15.99,0,0,0.06580644688449637
12,1,4,4,1,1,63.9900016784668,63.99,63.99,0,0,0.0003064856319523434
67,0,3,4,1,1,13.0,13.0,13.0,0,0,4.835768968724385e-05
59,1,3,4,1,4,52.14999961853027,89.6,22.5,1,1,0.9414080136926474
63,0,13,4,2,4,33.237499713897705,79.5,7.95,0,0,0.27486042486571427
42,0,0,4,2,1,37.4350004196167,49.5,25.37,0,0,0.007845578609078151
13,0,4,1,2,2,54.21999931335449,59.19,49.25,0,0,0.025454211556579107
26,0,4,4,1,1,49.9900016784668,49.99,49.99,0,0,0.00026364228193616763
41,1,3,4,1,1,49.9900016784668,49.99,49.99,0,0,0.00022679696192456618
19,0,10,4,2,2,51.8849983215332,69.95,33.82,0,0,0.03174284736850384
59,0,3,4,1,4,85.5,161.0,12.0,1,1,0.9990774981468213
30,1,3,3,1,2,28.144999504089355,40.3,15.99,0,0,0.0006977379614051215
15,1,4,4,3,3,43.49500036239624,78.0,10.99,1,1,0.5653898179645551
34,0,10,4,1,1,129.97999572753906,129.98,129.98,0,0,0.0042148482098616265
26,1,4,3,1,1,69.0,69.0,69.0,0,0,0.00045369525042864906
66,1,13,4,1,1,282.239990234375,282.24,282.24,1,1,1.0
47,1,11,4,1,1,26.989999771118164,26.99,26.99,0,0,2.5314485649881535e-05
34,0,11,4,1,4,48.37249994277954,138.0,13.5,1,1,0.9790436332389152
27,0,4,4,1,1,100.0,100.0,100.0,0,0,0.004762722132247131
30,1,13,4,1,1,32.0,32.0,32.0,0,0,2.715590616076877e-05
12,0,3,3,1,1,19.81999969482422,19.82,19.82,0,0,1.848739495798291e-05
22,1,4,3,1,1,63.599998474121094,63.6,63.6,0,0,0.0005589897269973618
61,0,13,3,1,1,48.0,48.0,48.0,0,0,7.069808065021371e-05
30,1,3,4,1,1,12.180000305175781,12.18,12.18,0,0,3.2664699712926596e-06
54,1,13,4,2,2,23.989999771118164,28.0,19.98,0,0,0.0010844063915307147
60,1,6,3,1,2,30.9950008392334,49.99,12.0,0,0,0.002626407772564483
30,0,4,3,1,2,79.49499893188477,99.99,59.0,0,0,0.10289697800774855
39,0,13,3,1,1,18.6200008392334,18.62,18.62,0,0,1.968289985955307e-05
43,1,4,4,1,1,36.5,36.5,36.5,0,0,1.614030245782154e-05
63,0,4,4,2,5,42.29599952697754,93.99,19.99,1,1,0.9382380505126933
43,1,13,4,1,1,149.9499969482422,149.95,149.95,0,0,0.004021698079389071
64,0,3,2,1,1,11.690000057220459,13.39,9.99,0,0,4.835768968724385e-05
49,1,3,4,1,1,49.5,49.5,49.5,0,0,0.0002194128245956893
41,1,4,3,2,1,9.46999990940094,14.99,3.95,0,0,0.000785294774987937
25,1,11,4,1,1,59.0,59.0,59.0,0,0,0.00030432334647295146
43,0,3,4,1,1,25.0,25.0,25.0,0,0,6.694716627403562e-05
12,1,6,4,1,1,58.9900016784668,58.99,58.99,0,0,0.00011494080684649013
54,0,4,4,1,3,32.34500002861023,73.0,11.38,0,0,0.04877296684653416
30,0,7,4,1,1,10.989999771118164,10.99,10.99,0,0,1.968289985955307e-05
70,0,13,4,1,1,118.25,138.0,98.5,1,0,0.4756043148483067
52,0,3,4,4,4,60.49499988555908,178.0,13.99,1,1,0.9998652773500423
36,0,4,1,2,4,47.92800064086914,86.75,25.0,1,1,0.94976049375195
14,0,4,4,1,1,44.0,44.0,44.0,0,0,0.00030106898562678986
28,1,13,4,1,1,65.0,65.0,65.0,0,0,0.0010157800443473663
43,1,13,4,1,1,169.0,169.0,169.0,0,0,0.005999911430865666
58,0,4,4,2,2,20.4950008392334,34.99,6.0,0,0,0.0005781459406771391
34,1,12,4,1,2,14.989999771118164,17.99,11.99,0,0,0.0011567845773715242
47,1,7,4,1,1,20.0,20.0,20.0,0,0,2.5314485649881535e-05
24,0,12,4,2,3,19.079999923706055,27.25,12.0,0,0,0.002007183754168142
26,1,4,4,1,1,195.72000122070312,195.72,195.72,1,1,1.0
60,1,8,3,3,3,38.75,43.99,32.76,0,0,0.030950830269035254
53,0,12,4,4,5,61.3300005197525,172.0,9.88,1,1,0.9998475513859525
35,0,4,4,2,2,44.605000019073486,79.0,10.21,0,0,0.039636836689171784
18,1,3,4,1,1,99.5,99.5,99.5,0,0,0.005740414200973708
47,1,4,3,1,1,63.0,63.0,63.0,0,0,0.0012060470659876787
47,0,3,3,4,3,45.64500013987223,148.0,15.99,1,1,0.9653917329620617
34,0,4,1,2,2,54.99499988555908,85.0,24.99,0,0,0.09213610609972031
64,0,7,4,1,1,14.739999771118164,14.74,14.74,0,0,2.5029540387088356e-05
63,1,13,3,1,2,15.684999465942383,16.38,14.99,0,0,0.0014273574810013095
25,1,7,4,1,1,45.9900016784668,45.99,45.99,0,0,0.00014799020906252507
35,0,11,4,2,2,31.994999885559082,49.0,14.99,0,0,0.0018197433271198574
30,0,3,4,1,3,60.3233331044515,109.0,21.99,1,1,0.940188000552976
69,1,4,4,1,2,64.74499893188477,89.99,39.5,0,0,0.22479522492682227
64,1,3,4,1,2,54.94999885559082,64.99,44.91,0,0,0.026415342599683412
24,0,13,4,1,1,25.0,25.0,25.0,0,0,5.3890425515197304e-05
13,1,4,4,1,1,25.200000762939453,25.2,25.2,0,0,2.0709650697224966e-06
13,0,3,4,1,3,31.49000072479248,39.99,24.99,0,0,0.0012465582686487144
50,0,6,4,1,1,44.0,44.0,44.0,0,0,0.00019217892713087686
37,0,4,4,1,1,145.0,145.0,145.0,0,0,0.0039148537532155605
62,1,13,4,3,4,38.880000305175784,54.0,22.0,1,1,0.5618672947699114
51,1,3,4,1,1,24.989999771118164,24.99,24.99,0,0,8.38068749601134e-06
39,1,0,4,1,1,139.9499969482422,139.95,139.95,0,0,0.004898582855520523
51,1,4,3,3,3,254.91333389282227,698.0,25.0,1,1,0.9993827244489628
55,1,4,3,3,3,34.54333305358887,49.03,21.6,0,0,0.07522279188190822
33,0,4,4,2,2,35.99000072479248,41.99,29.99,0,0,0.00190304289891397
56,1,13,4,2,2,61.57500076293945,103.19,19.96,0,0,0.26818996690562635
28,1,13,4,2,4,38.74499988555908,60.0,16.99,0,1,0.6353821910759291
16,0,4,4,1,1,288.0,288.0,288.0,1,1,1.0
58,0,3,3,2,2,104.0,178.0,30.0,1,1,0.9988723016582081
29,1,4,2,1,1,49.9900016784668,49.99,49.99,0,0,0.0002509570741218394
62,0,0,4,2,2,18.994999885559082,19.99,18.0,0,0,0.0011272662398986641
44,0,4,0,2,2,20.6850004196167,25.0,16.37,0,0,0.002006454914503637
37,1,13,4,1,1,36.0,36.0,36.0,0,0,4.920392183935764e-05
50,1,13,4,1,1,69.5,69.5,69.5,0,0,0.0005220650926095262
13,0,7,3,3,5,24.513333479563396,62.0,9.11,0,0,0.271815158088345
54,0,13,4,2,3,38.13333320617676,65.0,9.99,0,0,0.14277027824746452
20,1,9,4,1,1,45.0,45.0,45.0,0,0,0.0002646553483048319
57,1,10,3,1,2,21.663333257039387,24.0,18.0,0,0,0.0003985242376521515
22,0,13,0,1,1,50.0,50.0,50.0,0,0,0.002103937195675749
15,1,3,3,2,4,46.86500000953674,100.0,12.97,1,1,0.9658039425449475
68,0,4,1,1,1,69.94999694824219,69.95,69.95,0,0,0.0005650199835710811
27,0,13,4,1,2,27.27500057220459,39.95,14.6,0,0,0.0006746529275047503
42,1,13,1,1,1,11.989999771118164,11.99,11.99,0,0,2.3536740241562884e-05
58,1,6,4,2,3,115.5,180.0,37.5,1,1,0.9997909767437051
38,1,13,4,2,4,57.53199996948242,115.0,22.0,1,1,0.9842490703531247
60,1,4,3,1,1,75.5999984741211,75.6,75.6,0,0,0.00026210646216947187
60,0,8,4,2,3,38.40999889373779,69.95,15.28,0,0,0.14979956616330442
68,0,11,4,1,2,30.989999771118164,31.99,29.99,0,0,0.0008272573032056012
28,1,4,4,1,1,8.0,8.0,8.0,0,0,3.2664699712926596e-06
69,0,4,4,1,3,20.476666768391926,32.45,8.99,0,0,0.00259606865482932
52,0,4,4,1,2,23.1899995803833,25.0,21.38,0,0,0.001359307775651718
23,0,13,4,1,1,81.0,81.0,81.0,0,0,0.004712581948592844
68,0,3,4,1,3,32.98333326975504,64.5,9.45,0,0,0.02750756038456054
43,0,6,4,1,1,12.0,12.0,12.0,0,0,2.5029540387088356e-05
41,1,3,3,1,2,42.295000076293945,44.99,39.6,0,0,0.00046137888988065747
69,0,3,4,4,5,33.07833353678385,84.0,10.51,1,1,0.8053135766983084
13,1,4,1,1,1,49.9900016784668,49.99,49.99,0,0,9.595228341763771e-05
51,0,3,4,1,1,25.0,25.0,25.0,0,0,6.694716627403562e-05
33,1,4,4,4,4,61.98750019073486,106.0,34.0,1,1,0.9984239784385022
47,0,13,4,2,2,37.485000133514404,64.0,10.97,0,0,0.015141248197257342
24,1,4,4,3,2,69.99000231424968,129.99,24.99,1,1,0.8568137672846825
20,0,3,0,2,2,32.49499988555908,36.0,28.99,0,0,0.0020331546433559554
47,1,3,3,2,2,35.0,45.0,25.0,0,0,0.004272216758037611
31,1,13,4,3,5,45.85999997456869,76.0,8.66,1,1,0.9881946277992277
50,1,8,4,2,2,116.4950008392334,198.0,34.99,1,1,0.9996032668581316
68,1,13,4,1,3,39.6233336130778,50.0,31.99,0,0,0.03168494086396006
50,0,6,4,2,3,78.39999961853027,122.6,28.0,1,1,0.9826593856588608
63,0,4,4,4,4,28.78749990463257,38.0,18.15,0,0,0.052636754998172414
70,0,13,4,3,3,88.66333389282227,199.0,25.0,1,1,0.999610375361109
42,1,4,3,1,2,45.4950008392334,58.0,32.99,0,0,0.007075697024905487
14,0,6,4,2,2,134.31666692097983,320.0,24.0,1,1,0.9978168697931958
26,0,3,4,1,1,34.11000061035156,34.11,34.11,0,0,2.4917948482181724e-05
41,1,4,3,1,1,55.0,55.0,55.0,0,0,0.00020050061038089431
17,0,13,4,1,1,53.33000183105469,53.33,53.33,0,0,0.000392783831370682
45,0,6,3,1,2,82.0,149.0,15.0,0,0,0.3935617691927042
49,0,4,2,2,2,47.0,62.0,32.0,0,0,0.019733299161102603
12,1,12,4,1,2,40.790000915527344,46.31,35.27,0,0,0.0022361144700447054
16,1,6,4,3,6,58.03166643778483,148.0,12.76,1,1,0.9998071916904188
70,1,4,3,1,1,14.34000015258789,14.34,14.34,0,0,8.38068749601134e-06
39,0,13,4,1,1,119.0,119.0,119.0,0,0,0.009523054118725336
67,0,8,4,1,1,29.950000762939453,29.95,29.95,0,0,2.041620703291727e-05
26,0,3,2,1,1,750.0,750.0,750.0,1,1,1.0
15,1,4,3,1,1,39.9900016784668,39.99,39.99,0,0,1.8002829119149342e-05
16,0,11,4,1,2,73.46500015258789,98.0,48.93,0,0,0.10884543469369522
58,0,3,3,1,1,21.100000381469727,21.1,21.1,0,0,2.5029540387088356e-05
40,0,13,4,1,1,50.0,50.0,50.0,0,0,0.0001626157713227424
30,1,4,4,1,1,60.5,87.0,34.0,0,0,0.09437832936638381
19,1,4,3,1,1,75.55999755859375,75.56,75.56,0,0,0.00037520960908221353
42,1,4,4,1,2,60.75,79.5,42.0,0,0,0.1312081161057675
66,1,13,4,1,1,99.98999786376953,99.99,99.99,0,0,0.008984414733200205
23,0,0,4,2,4,52.389999580383304,84.99,13.96,1,1,0.9310338015793799
14,0,4,4,1,2,29.110000610351562,44.99,13.23,0,0,0.0013225226225853162
66,1,13,4,1,2,50.494998931884766,84.99,16.0,0,0,0.07760681115472687
32,1,13,4,2,5,25.09799995422363,37.5,11.99,0,0,0.13327530640202154
36,1,4,4,2,4,143.625,358.0,54.5,1,1,0.999962173314993
14,0,4,4,2,2,24.27500057220459,41.56,6.99,0,0,0.0007229171123414007
23,0,10,0,3,4,49.61333386103312,169.0,12.95,1,1,0.9947952084634497
36,1,13,4,1,1,22.049999237060547,22.05,22.05,0,0,4.840324911832688e-05
70,0,4,4,1,1,45.9900016784668,45.99,45.99,0,0,0.0002582789847472983
30,1,13,2,1,2,89.2249984741211,103.5,74.95,1,1,0.9593207443258152
36,0,6,0,2,2,26.830000559488933,63.99,3.5,0,0,0.014943426386925498
52,0,7,0,3,7,46.19000053405762,89.0,8.99,1,1,0.9892070452148716
37,0,13,4,2,3,18.46666717529297,38.4,4.01,0,0,0.0009941696678314274
36,0,4,4,4,5,44.98800048828125,110.0,9.99,1,1,0.9975057521529798
62,0,7,4,1,1,11.989999771118164,11.99,11.99,0,0,2.5029540387088356e-05
19,0,4,4,2,2,38.970001220703125,42.95,34.99,0,0,0.0028957564541532083
57,1,13,4,1,1,199.99000549316406,199.99,199.99,1,1,1.0
31,1,10,4,1,1,18.0,18.0,18.0,0,0,3.2664699712926596e-06
65,1,13,2,1,2,62.22500038146973,99.5,24.95,0,0,0.18030184638057978
57,0,4,4,1,1,34.0,34.0,34.0,0,0,2.3287844823670516e-05
37,0,4,4,1,1,25.0,25.0,25.0,0,0,6.160052574650034e-05
15,1,3,1,2,2,37.49499988555908,55.0,19.99,0,0,0.007981530183203571
37,1,13,3,2,2,62.5,100.0,25.0,0,0,0.24316250205331946
28,1,7,2,1,2,77.49499988555908,125.0,29.99,0,0,0.18406553437146925
37,1,4,1,1,1,30.0,30.0,30.0,0,0,1.1955049015701636e-06
47,1,4,4,1,3,77.18333371480306,178.0,13.6,1,1,0.9969103442759752
26,0,4,4,1,1,26.0,26.0,26.0,0,0,6.160052574650034e-05
58,1,13,4,1,1,36.75,36.75,36.75,0,0,5.616286408013709e-05
42,1,2,4,2,2,53.0,88.0,18.0,0,0,0.12255812412633302
42,0,9,1,2,3,67.9966672261556,119.5,38.99,1,1,0.9749671591760685
34,0,13,4,2,3,86.74500179290771,179.99,38.0,1,1,0.9999483009651229
70,1,4,1,1,2,32.40999984741211,34.82,30.0,0,0,0.0007102169193424268
17,0,13,4,1,2,50.00500011444092,88.0,12.01,0,0,0.08912555746864165
52,0,4,4,1,1,143.63999938964844,143.64,143.64,0,0,0.0031923950706474946
31,0,13,4,1,1,60.0,60.0,60.0,0,0,0.0008606130711234525
13,0,0,0,2,2,29.550000190734863,34.11,24.99,0,0,0.0018196336479693364
59,1,8,1,1,1,40.0,40.0,40.0,0,0,8.154447142349609e-06
61,0,12,4,1,4,26.22250008583069,41.0,10.95,0,0,0.0017486129387270955
17,0,4,4,1,1,38.95000076293945,38.95,38.95,0,0,0.0004936679484821816
53,0,13,4,1,1,9.989999771118164,9.99,9.99,0,0,1.968289985955307e-05
39,0,4,4,4,7,73.88749980926514,159.0,33.59,1,1,0.9999968982630273
37,1,4,3,1,1,109.98999786376953,109.99,109.99,0,0,0.008267252148155215
65,0,7,4,1,1,35.0,35.0,35.0,0,0,2.3287844823670516e-05
38,1,13,4,1,1,87.5,87.5,87.5,0,0,0.004268582127847521
55,1,13,4,1,1,47.95000076293945,47.95,47.95,0,0,0.00012881936986654976
60,0,3,4,2,3,59.56999969482422,129.95,8.77,1,1,0.9814404259575472
40,0,7,4,1,2,9.319999694824219,9.66,8.98,0,0,0.0004966402102680462
23,0,4,4,1,2,34.65999984741211,44.32,25.0,0,0,0.0010449460841436683
49,1,4,4,1,2,61.5,98.0,25.0,0,0,0.21119673099633907
27,0,11,4,3,3,58.626665115356445,129.98,20.9,1,1,0.9968989222136169
13,1,4,4,2,1,41.97000026702881,53.95,29.99,0,0,0.0036981727531234542
24,0,11,4,4,6,42.204999923706055,60.3,8.99,1,1,0.9511286767950702
31,0,13,4,2,5,54.56999969482422,99.99,32.95,1,1,0.9583602753480455
51,0,0,4,1,1,148.0,148.0,148.0,0,0,0.004147969709219767
23,1,4,1,4,4,91.14333470662434,239.99,25.0,1,1,0.9999168675726993
57,0,3,4,1,2,20.96999979019165,27.99,13.95,0,0,0.00024553218739930286
34,0,4,4,1,2,20.494999885559082,26.0,14.99,0,0,0.0005508465084043978
32,1,8,4,1,2,21.989999771118164,21.99,21.99,0,0,0.00041155284725816405
54,0,4,4,1,1,10.0,10.0,10.0,0,0,2.5029540387088356e-05
69,0,10,4,2,2,37.02333354949951,55.0,9.12,0,0,0.020521375021042045
48,0,13,4,1,1,10.0,10.0,10.0,0,0,1.968289985955307e-05
53,0,11,4,1,1,45.9900016784668,45.99,45.99,0,0,0.00020520692127807064
65,1,4,4,2,2,51.660000483194985,85.0,29.99,0,0,0.1586635181846012
31,0,3,1,2,3,59.66333325703939,128.0,19.99,1,1,0.98909267956236
38,1,4,4,1,1,39.0,39.0,39.0,0,0,1.614030245782154e-05
36,0,3,4,2,2,66.49666659037273,122.5,12.99,1,0,0.3793436246065578
27,0,4,4,1,1,12.949999809265137,12.95,12.95,0,0,1.968289985955307e-05
27,1,10,4,1,1,230.0,230.0,230.0,1,1,1.0
52,0,4,2,1,2,59.489999771118164,73.99,44.99,0,0,0.0837304483003181
14,0,4,4,2,4,58.74250030517578,129.0,25.99,1,1,0.9872448613519851
37,0,10,0,1,2,94.19499683380127,158.4,29.99,1,1,0.9928866188401823
54,0,4,3,1,1,12.130000114440918,12.13,12.13,0,0,2.5029540387088356e-05
41,0,3,4,1,1,25.0,25.0,25.0,0,0,6.694716627403562e-05
20,1,13,4,1,1,91.43000030517578,91.43,91.43,0,0,0.01038388560145601
48,0,2,2,3,4,35.86750030517578,41.98,25.0,0,0,0.14771027511416862
52,1,4,4,1,1,32.45000076293945,32.45,32.45,0,0,9.181360217042095e-06
33,1,6,4,2,4,62.58599967956543,190.0,16.95,1,1,0.9989563747760062
29,0,4,4,1,2,41.96000099182129,45.36,38.56,0,0,0.0036381878026281794
38,1,13,4,1,1,19.989999771118164,19.99,19.99,0,0,4.840324911832688e-05
57,1,2,1,2,2,86.8566665649414,229.0,12.18,1,1,0.988408001221485
63,0,13,4,2,5,156.74599952697753,338.0,15.74,1,1,0.9999893525681987
65,0,13,4,1,1,132.0,132.0,132.0,0,0,0.004494336223821898
34,0,6,3,2,2,104.00999736785889,178.76,29.26,1,1,0.9991500273297557
34,0,13,2,2,3,20.746666590372723,30.99,11.26,0,0,0.0008409833927732743
63,0,13,4,2,2,52.24499988555908,89.5,14.99,0,0,0.08964579422626034
39,0,4,4,1,3,72.4966672261556,157.5,22.0,1,1,0.9963563800590052
20,1,8,4,1,1,36.880001068115234,36.88,36.88,0,0,7.397297837288068e-05
40,0,4,3,4,4,39.13400039672852,88.0,7.87,1,1,0.7813504162633671
56,1,4,3,1,1,36.880001068115234,36.88,36.88,0,0,5.740577701077884e-05
28,0,7,4,1,3,133.1833356221517,316.6,28.98,1,1,0.9997125332480714
48,0,4,4,3,3,62.25,138.0,12.0,1,1,0.9974132321297573
63,0,13,4,3,3,26.663333257039387,46.0,14.0,0,0,0.028059871714688114
15,1,4,4,1,1,134.9499969482422,134.95,134.95,0,0,0.00346066232383317
49,1,4,2,1,1,156.0,156.0,156.0,0,0,0.004976909163247638
70,1,13,4,4,4,101.12249994277954,235.0,29.99,1,1,0.9999657279996916
21,1,7,3,1,2,27.450000762939453,34.95,19.95,0,0,0.0002312290451669426
63,1,4,4,1,1,219.0,219.0,219.0,1,1,1.0
43,0,13,2,1,1,190.0,190.0,190.0,1,1,1.0
18,1,13,4,1,1,44.9900016784668,44.99,44.99,0,0,0.0005427854529523278
68,0,3,0,1,1,3.700000047683716,3.7,3.7,0,0,1.968289985955307e-05
63,0,4,4,3,3,33.66333325703939,50.0,12.99,0,0,0.06114141915861799
61,1,13,0,1,1,50.58000183105469,50.58,50.58,0,0,0.001835726767986813
12,1,3,2,1,1,45.61000061035156,45.61,45.61,0,0,5.5001754626364974e-05
35,0,7,4,1,1,139.0,139.0,139.0,0,0,0.003826433174280984
57,1,4,4,1,2,119.4950008392334,189.0,49.99,1,1,0.9997914707452848
31,0,13,0,2,2,19.355000019073486,29.99,8.72,0,0,0.001482450950534573
29,0,4,4,2,5,42.634999910990395,78.0,18.61,1,1,0.9511198232883757
44,0,4,3,1,1,11.210000038146973,11.21,11.21,0,0,2.5029540387088356e-05
40,0,13,4,2,3,33.663333892822266,50.0,12.0,0,0,0.006681241669587254
36,0,4,4,1,1,36.9900016784668,36.99,36.99,0,0,1.7941204296135235e-05
42,0,11,1,2,5,46.583999443054196,88.0,9.47,1,1,0.9390260078260109
14,1,4,3,1,1,95.0,95.0,95.0,0,0,0.0080476432804571
35,1,3,3,1,1,50.0,50.0,50.0,0,0,0.00019684828514347387
37,0,4,4,2,4,55.05000019073486,90.99,36.0,1,1,0.9277500292054967
70,1,10,4,1,1,22.989999771118164,22.99,22.99,0,0,0.00017096285125990676
23,0,4,4,1,1,22.950000762939453,22.95,22.95,0,0,1.968289985955307e-05
68,1,11,3,2,2,40.4950008392334,44.99,36.0,0,0,0.005591569635914135
13,0,10,2,1,3,105.05333773295085,280.67,10.5,1,1,0.9981054636075369
64,0,11,4,1,1,29.989999771118164,29.99,29.99,0,0,2.041620703291727e-05
21,0,12,3,2,3,134.48333326975504,374.0,6.45,1,1,0.999523419770806
32,1,13,4,3,3,63.65000025431315,80.0,32.95,1,1,0.9282540776459903
43,0,4,4,1,1,75.0,75.0,75.0,0,0,0.000588485375601038
25,0,4,4,1,1,44.0,44.0,44.0,0,0,0.0002783983660095049
46,0,3,4,1,2,88.4950008392334,122.0,54.99,1,1,0.9822906534967484
40,0,13,4,1,2,18.5,25.0,12.0,0,0,0.0005307947460372582
44,1,12,4,1,1,40.0,40.0,40.0,0,0,8.931162176764448e-05
14,1,4,4,2,2,42.5,65.0,20.0,0,0,0.01480073402578526
60,0,4,1,1,1,25.350000381469727,25.35,25.35,0,0,3.273964061839139e-05
30,1,13,4,1,1,25.0,25.0,25.0,0,0,2.6355233439738017e-05
56,0,8,4,3,4,33.86999988555908,60.0,14.99,0,0,0.3698790635586793
54,0,10,4,3,5,53.50800094604492,84.26,27.95,1,1,0.9809505520792275
38,0,4,4,1,1,33.9900016784668,33.99,33.99,0,0,1.7941204296135235e-05
37,0,7,4,1,1,14.949999809265137,14.95,14.95,0,0,1.968289985955307e-05
46,0,4,4,1,1,72.0,72.0,72.0,0,0,0.000588485375601038
15,1,13,4,1,3,40.4966672261556,62.0,24.5,0,0,0.044433599776361035
23,1,3,4,1,2,47.4950008392334,55.0,39.99,0,0,0.0064206227585499685
34,0,4,4,3,5,36.34000034332276,52.81,14.95,1,1,0.8842707614577637
41,0,3,0,1,1,78.0,78.0,78.0,0,0,0.0010334022600219047
18,1,4,0,1,1,14.220000267028809,14.22,14.22,0,0,3.2664699712926596e-06
67,0,12,4,1,1,31.979999542236328,31.98,31.98,0,0,2.3287844823670516e-05
24,1,3,2,2,2,86.9950008392334,129.0,44.99,1,1,0.9802875230867133
48,1,13,1,1,2,54.470001220703125,59.99,48.95,0,0,0.010638725490411916
37,0,4,3,1,1,162.5,162.5,162.5,0,0,0.006880853457232681
19,1,13,4,1,1,29.899999618530273,29.9,29.9,0,0,0.00011568877991065869
67,0,4,4,1,2,29.710000038146973,34.0,25.42,0,0,0.0005105127282747652
12,1,13,4,2,3,56.39666748046875,65.0,49.99,0,0,0.4785543630238815
15,0,13,4,1,1,78.0,78.0,78.0,0,0,0.0011574516878472803
14,0,4,4,1,1,28.979999542236328,28.98,28.98,0,0,3.236145656179473e-05
17,1,13,4,3,3,55.14666620890299,82.49,30.0,0,0,0.4895876980049422
57,1,4,3,2,2,113.58499908447266,186.95,40.22,1,1,0.9993712825410296
57,1,10,4,1,3,134.98750019073486,325.0,58.0,1,1,0.9999611133851822
26,1,8,4,1,1,193.9499969482422,193.95,193.95,1,1,1.0
54,1,4,4,2,2,21.0,26.0,16.0,0,0,0.0007354408426445269
14,1,2,3,2,3,100.65999984741211,264.0,17.99,1,1,0.9989925578078287
50,0,13,4,1,1,100.0,100.0,100.0,0,0,0.006960374887320835
41,0,4,4,1,2,41.40500020980835,69.5,13.31,0,0,0.007411922183469165
17,1,7,4,1,3,94.45750093460083,239.99,18.35,1,1,0.9998405683706647
26,1,13,3,1,2,42.5,60.0,25.0,0,0,0.0037605671360640175
46,1,2,3,1,1,32.9900016784668,32.99,32.99,0,0,9.181360217042095e-06
13,0,4,4,4,5,50.73199996948242,134.5,13.5,1,1,0.9990727766554955
54,0,11,4,1,1,10.989999771118164,10.99,10.99,0,0,2.5029540387088356e-05
54,0,10,4,1,1,39.5,39.5,39.5,0,0,2.3287844823670516e-05
70,1,4,0,2,2,63.47500038146973,99.0,27.95,0,0,0.25425339754909904
59,0,3,4,1,2,91.5,158.0,25.0,1,1,0.9919139448710625
42,1,3,4,2,2,28.484999656677246,29.99,26.98,0,0,0.0011604641678495309
58,0,10,2,1,1,44.0,44.0,44.0,0,0,0.00010302340502051289
14,1,13,1,2,2,41.97500038146973,61.95,22.0,0,0,0.009456905489093326
23,1,4,3,1,1,65.0,65.0,65.0,0,0,0.0007797763248982482
30,0,4,4,1,1,21.989999771118164,21.99,21.99,0,0,1.968289985955307e-05
18,1,2,4,1,2,49.47500038146973,49.95,49.0,0,0,0.004864564325285576
65,0,13,1,2,3,364.2733332316081,903.0,14.82,1,1,0.9998588538563675
56,0,3,4,2,2,86.61999845504761,159.95,13.29,1,1,0.9896249387737295
56,0,13,4,2,2,38.49499988555908,52.0,24.99,0,0,0.0059714150632202805
43,0,13,4,3,3,59.32333501180013,139.99,17.99,1,1,0.9989737986974242
54,0,3,4,1,1,42.0,42.0,42.0,0,0,8.01404340285155e-05
19,1,4,4,2,3,50.97999986012777,109.0,13.95,0,1,0.5816027019267289
30,1,4,4,1,2,58.25,69.5,47.0,0,0,0.09551023630876065
22,1,2,4,2,2,42.045000076293945,44.99,39.1,0,0,0.002499929338487457
57,0,4,1,1,2,56.25,88.0,24.5,0,0,0.12120408281916141
39,1,8,4,2,3,36.28666687011719,47.98,28.0,0,0,0.015875526322705703
60,0,3,4,1,1,149.0,149.0,149.0,0,0,0.007470146520948663
32,1,10,3,2,3,40.976667404174805,59.99,29.99,0,0,0.06071386039733179
51,0,4,4,2,3,60.97999954223633,124.99,18.0,1,1,0.9780501747689562
39,0,6,4,3,3,94.33000055948894,158.0,49.99,1,1,0.9998615118449671
68,1,4,4,1,1,21.0,21.0,21.0,0,0,2.4561917269474136e-05
44,1,4,4,1,1,79.5,79.5,79.5,0,0,0.0011390925087072575
44,1,4,3,1,2,98.77499771118164,127.56,69.99,1,1,0.9944200782740665
67,1,13,4,1,1,119.0,119.0,119.0,0,0,0.013762464002783801
35,0,4,4,1,1,44.9900016784668,44.99,44.99,0,0,0.0002714216218234584
23,0,4,1,1,1,248.0,248.0,248.0,1,1,1.0
44,0,3,1,1,1,209.9499969482422,209.95,209.95,1,1,1.0
32,0,10,4,4,4,87.55250072479248,139.99,12.27,1,1,0.9998789587238907
53,0,13,4,2,2,91.6349983215332,139.95,43.32,1,1,0.9818632996094879
69,0,4,3,1,1,34.9900016784668,34.99,34.99,0,0,5.920667884909254e-05
45,1,4,4,1,2,46.593332290649414,79.95,28.9,0,0,0.05155221416055691
69,1,3,1,1,2,51.864999771118164,62.0,41.73,0,0,0.02217631170863984
40,1,10,4,1,1,63.9900016784668,63.99,63.99,0,0,0.0003589652748847732
42,1,13,3,1,2,76.33500051498413,144.72,7.95,0,0,0.25629459011299194
56,0,7,4,1,2,41.89500045776367,44.79,39.0,0,0,0.0036372184868552803
57,1,0,4,1,1,88.0,88.0,88.0,0,0,0.011684399029212254
58,0,3,4,1,1,55.7599983215332,55.76,55.76,0,0,0.00029850758553913795
19,0,13,0,2,5,44.7,88.0,25.0,1,1,0.9525723940369473
61,1,11,3,3,3,122.35749769210815,299.99,29.99,1,1,0.9992461205068891
29,0,4,4,1,2,39.785000801086426,59.58,19.99,0,0,0.002082405696556577
39,1,4,3,1,1,88.0,88.0,88.0,0,0,0.004602709674832128
17,0,6,4,1,1,15.949999809265137,15.95,15.95,0,0,1.968289985955307e-05
23,1,13,2,1,1,64.98999786376953,64.99,64.99,0,0,0.0006430297851642562
32,0,7,3,1,1,42.5,42.5,42.5,0,0,4.008142569834934e-05
56,0,13,4,1,4,56.75749969482422,114.99,9.5,1,1,0.9729739114825096
51,0,12,1,1,2,49.98500061035156,77.97,22.0,0,0,0.052419609510588216
33,1,13,3,1,1,19.989999771118164,19.99,19.99,0,0,4.5584755920151746e-05
60,1,10,4,1,1,27.979999542236328,27.98,27.98,0,0,2.5314485649881535e-05
16,0,3,4,2,3,30.4900000890096,44.5,14.97,0,0,0.003071778489657962
12,1,7,4,1,1,55.0,55.0,55.0,0,0,0.0003748135037504664
21,0,3,4,2,5,77.46999985831124,123.0,29.99,1,1,0.987015202933982
64,1,4,3,1,1,17.850000381469727,17.85,17.85,0,0,0.00023428430195384227
15,1,3,4,1,1,175.0,175.0,175.0,1,1,1.0
54,1,4,4,1,1,14.5,14.5,14.5,0,0,8.38068749601134e-06
45,1,4,4,1,1,18.950000762939453,18.95,18.95,0,0,8.38068749601134e-06
17,1,4,3,2,5,35.273333390553795,64.99,9.97,1,1,0.91640887624773
46,1,13,3,1,1,68.0,68.0,68.0,0,0,0.0005356103658546128
68,0,4,4,1,1,36.0,36.0,36.0,0,0,0.0004342066788490924
14,0,3,3,1,1,26.989999771118164,26.99,26.99,0,0,6.040502084493018e-05
33,0,7,4,1,2,21.5,25.0,18.0,0,0,0.0006513689316890042
31,0,4,4,1,1,78.0,78.0,78.0,0,0,0.0006767482359146226
39,1,13,1,2,3,111.66333262125652,170.0,69.0,1,1,0.9998868778280543
49,1,4,4,1,1,22.75,22.75,22.75,0,0,8.38068749601134e-06
49,1,3,2,2,5,62.96199951171875,129.17,19.16,1,1,0.9948409802250435
15,1,13,4,1,1,30.040000915527344,30.04,30.04,0,0,1.1043886878369898e-05
66,1,13,4,1,1,35.9900016784668,35.99,35.99,0,0,0.0001948522874493829
31,1,6,4,1,1,24.989999771118164,24.99,24.99,0,0,3.2664699712926596e-06
60,1,3,2,2,2,233.0,375.0,91.0,1,1,0.9999468085106383
58,1,4,4,2,4,32.90199966430664,49.03,18.99,0,0,0.08666395215819346
24,0,13,3,3,4,47.85000014305115,121.0,13.95,1,1,0.9928003149773531
41,1,3,3,2,3,40.73500061035156,74.97,11.99,0,0,0.1275439800097555
32,0,12,3,2,2,70.0,128.0,12.0,0,0,0.21298360348696257
12,1,4,1,4,6,78.57142666407994,293.33,17.88,1,1,0.9999408177451972
48,0,4,4,2,5,57.997999572753905,111.0,13.0,1,1,0.9809193444977362
26,0,7,3,1,1,42.439998626708984,42.44,42.44,0,0,4.7058169884395826e-05
59,0,3,4,1,1,24.989999771118164,24.99,24.99,0,0,3.273964061839139e-05
46,1,10,4,1,3,24.640000025431316,34.95,16.0,0,0,0.001879924817498106
31,0,4,3,1,2,14.994999885559082,16.99,13.0,0,0,0.00042675826789080216
24,1,3,4,2,2,42.35000038146973,59.5,25.2,0,0,0.007120790089832938
19,0,4,0,3,5,34.869999726613365,100.78,7.99,1,1,0.9706990986348781
21,1,12,4,3,5,51.7483336130778,149.0,25.0,1,1,0.9977916285138215
42,1,4,4,1,2,34.5,34.5,34.5,0,0,0.0006231466204871481
35,0,4,4,1,1,25.0,25.0,25.0,0,0,6.160052574650034e-05
54,1,11,1,1,1,72.25,72.25,72.25,0,0,0.0005992487439590078
65,0,4,4,1,2,30.5,36.0,25.0,0,0,0.0005105127282747652
40,0,13,4,2,3,73.82999992370605,159.0,10.49,1,1,0.9983543525856861
25,0,4,4,1,2,11.699999809265137,14.9,8.5,0,0,0.0005695609134904029
23,0,4,4,2,4,90.52749991416931,125.0,10.11,1,1,0.9985768339520972
13,1,3,1,1,1,21.950000762939453,21.95,21.95,0,0,2.0709650697224966e-06
26,0,4,4,1,1,11.880000114440918,11.88,11.88,0,0,1.968289985955307e-05
51,0,3,4,1,1,16.989999771118164,16.99,16.99,0,0,2.5029540387088356e-05
65,1,7,0,1,1,21.25,21.25,21.25,0,0,3.2664699712926596e-06
24,0,7,4,3,4,42.11999931335449,74.95,15.9,1,1,0.74012865849723
61,0,4,4,1,1,14.359999656677246,14.36,14.36,0,0,2.5029540387088356e-05
57,1,4,4,1,4,158.38749980926514,295.0,53.55,1,1,0.9999611133851822
59,1,11,4,1,2,29.989999771118164,31.99,27.99,0,0,0.0004291579576600578
47,1,4,3,2,2,85.81999969482422,154.0,17.64,1,1,0.9972792496247979
43,0,13,3,1,1,86.0,86.0,86.0,0,0,0.004789679718652627
36,1,13,4,1,1,49.9900016784668,49.99,49.99,0,0,0.00013704097610095506
68,1,4,4,2,4,75.47999906539917,168.0,23.97,1,1,0.9972107320479706
39,0,3,4,4,5,63.28799934387207,137.0,21.99,1,1,0.9996782600794072
25,0,6,4,2,3,12.643333117167154,17.99,9.95,0,0,0.0004443856967868074
24,0,12,4,1,3,31.733333349227905,50.0,3.2,0,0,0.0020848326662695617
28,1,4,4,2,4,104.98500156402588,189.99,16.95,1,1,0.999801275224005
24,0,3,4,1,1,9.949999809265137,9.95,9.95,0,0,1.968289985955307e-05
53,1,10,4,1,3,60.823333740234375,108.0,29.5,1,1,0.9608878476340343
52,1,4,4,2,2,30.65000057220459,34.31,26.99,0,0,0.0006746165134257298
70,1,13,4,1,1,72.98999786376953,72.99,72.99,0,0,0.00040482935501303156
50,1,6,4,1,4,48.244999408721924,94.99,17.99,1,1,0.951531055715064
61,1,13,4,1,2,25.984999895095825,45.0,6.97,0,0,0.004011985519489448
62,1,4,4,1,2,30.0,40.0,20.0,0,0,0.00045375825150582595
40,1,8,4,1,1,44.209999084472656,44.21,44.21,0,0,0.00019186545858719303
54,0,4,4,1,3,52.4966672261556,63.49,46.0,0,0,0.3699595388365076
51,1,13,4,1,1,21.0,21.0,21.0,0,0,4.840324911832688e-05
41,1,8,1,1,1,89.98999786376953,89.99,89.99,0,0,0.0034698370523264547
52,1,4,3,1,1,60.0,60.0,60.0,0,0,0.0002632582892899261
39,0,13,4,1,1,34.75,34.75,34.75,0,0,0.00012927872311245124
61,0,4,4,1,1,16.899999618530273,16.9,16.9,0,0,2.5029540387088356e-05
19,1,3,2,1,2,41.0,54.0,28.0,0,0,0.002123089476554314
55,0,10,4,2,3,23.84666697184245,30.6,15.99,0,0,0.0026446407563585966
49,1,4,1,1,1,55.0,55.0,55.0,0,0,0.00022440633341734524
35,0,3,4,1,1,4.949999809265137,4.95,4.95,0,0,1.968289985955307e-05
12,1,3,4,1,1,42.4900016784668,42.49,42.49,0,0,0.00047072959480985775
69,1,3,4,1,2,132.32500457763672,132.66,131.99,1,1,0.9275194101529486
66,1,3,4,3,5,36.30833355585734,49.95,14.95,1,1,0.8957951770802777
17,1,3,2,1,1,45.0,45.0,45.0,0,0,0.0003776922674603931
68,0,4,4,2,2,29.989999771118164,29.99,29.99,0,0,0.001101041539329555
45,0,13,4,3,6,44.22999966144562,111.99,7.95,1,1,0.9883863820838711
53,1,4,3,1,1,40.599998474121094,40.6,40.6,0,0,5.740577701077884e-05
14,0,4,4,1,1,69.0,69.0,69.0,0,0,0.0003541346852120376
14,1,6,4,2,1,64.9749984741211,65.0,64.95,0,0,0.03935845975419539
23,1,12,2,1,1,14.989999771118164,14.99,14.99,0,0,3.2664699712926596e-06
39,1,6,4,1,1,36.5,36.5,36.5,0,0,3.307410061169173e-05
31,0,4,4,2,3,19.996666590372723,25.0,15.0,0,0,0.0019018526163799732
26,1,4,4,1,2,28.350000381469727,33.75,22.95,0,0,0.0003706842544152088
51,1,2,4,1,2,39.85499906539917,64.99,14.72,0,0,0.012069691349794886
52,0,13,4,1,1,33.63999938964844,33.64,33.64,0,0,1.02311040648322e-05
22,0,3,3,2,2,31.104999542236328,44.21,18.0,0,0,0.0007763429650502862
37,0,3,4,1,1,12.949999809265137,12.95,12.95,0,0,1.968289985955307e-05
15,1,7,3,1,2,115.03999900817871,177.95,52.13,1,1,0.9994555267112993
34,1,4,4,3,4,62.102500915527344,90.41,25.0,1,1,0.9974319336528796
44,0,2,4,2,2,28.75,32.0,25.5,0,0,0.0013528408638916881
28,0,3,1,2,3,37.12999963760376,84.28,11.24,0,0,0.1886697422643005
26,0,12,3,1,1,21.989999771118164,21.99,21.99,0,0,1.968289985955307e-05
28,1,6,2,1,1,70.0,70.0,70.0,0,0,0.0003669188979317592
56,1,13,4,1,1,59.9900016784668,59.99,59.99,0,0,0.0006869587610235154
22,1,8,3,1,1,178.0,178.0,178.0,1,1,1.0
67,1,6,4,1,2,43.5,55.0,32.0,0,0,0.01339714571243017
13,1,13,4,1,1,79.0,79.0,79.0,0,0,0.0023398808514347585
38,1,3,4,1,1,69.0,69.0,69.0,0,0,0.0004951507451900806
29,1,3,0,1,1,26.5,26.5,26.5,0,0,3.2664699712926596e-06
33,0,4,4,1,1,27.899999618530273,27.9,27.9,0,0,2.739300009085611e-05
61,0,13,2,1,1,75.0,75.0,75.0,0,0,0.0007021185821656717
62,1,13,3,1,1,61.150001525878906,61.15,61.15,0,0,0.00032844313422703637
57,0,11,4,2,3,77.46750020980835,190.0,29.99,1,1,0.9987480381175086
15,1,11,1,2,3,27.333333333333332,44.5,12.5,0,0,0.010187095112760646
38,1,4,4,1,2,45.0,65.0,25.0,0,0,0.026635074945480085
20,0,13,2,1,1,108.98999786376953,108.99,108.99,0,0,0.012294705561864178
58,1,4,3,1,1,50.0,50.0,50.0,0,0,0.00016892732294416105
35,0,4,4,1,1,38.0,38.0,38.0,0,0,1.7941204296135235e-05
64,1,13,3,1,1,129.99000549316406,129.99,129.99,0,0,0.007087812869435665
44,1,13,2,1,1,89.98999786376953,89.99,89.99,0,0,0.0069791641370894565
26,0,4,4,1,1,35.9900016784668,35.99,35.99,0,0,2.4917948482181724e-05
45,1,13,4,4,5,45.97400054931641,99.5,12.0,1,1,0.9959609689342641
57,1,4,4,1,2,43.994998931884766,69.99,18.0,0,0,0.03389648570250126
27,0,7,4,1,1,121.87999725341797,121.88,121.88,0,0,0.004101337181747124
68,1,3,3,1,2,49.0,65.0,33.0,0,0,0.03394146221574305
41,1,2,4,1,2,72.49499893188477,75.0,69.99,0,0,0.03290692388707435
23,0,13,4,1,1,25.0,25.0,25.0,0,0,5.3890425515197304e-05
41,1,4,3,1,1,14.949999809265137,14.95,14.95,0,0,8.38068749601134e-06
32,0,3,4,1,1,49.5,49.5,49.5,0,0,0.00021984654955782223
30,0,12,4,2,3,55.489999771118164,128.0,18.9,0,1,0.7178634280554974
53,1,4,4,1,3,23.31666660308838,40.0,9.95,0,0,0.00338770544162736
40,1,10,4,3,4,271.9949994087219,903.0,26.99,1,1,0.9999355700263411
66,0,12,4,1,1,37.97999954223633,37.98,37.98,0,0,2.3287844823670516e-05
58,1,10,4,2,2,79.63333384195964,125.0,44.9,1,0,0.308650947134061
42,1,4,4,2,2,27.389999389648438,32.78,22.0,0,0,0.0013405730008215228
47,1,13,3,2,3,55.3133331934611,135.0,7.95,0,1,0.687081869996415
52,0,11,4,1,1,198.0,198.0,198.0,1,1,1.0
44,1,3,4,2,5,49.094000244140624,119.0,10.99,1,1,0.9700825016483102
67,1,4,4,1,1,40.880001068115234,40.88,40.88,0,0,0.0003150777358939603
65,1,13,4,2,4,35.446001052856445,54.99,15.99,1,1,0.5214225358980721
13,0,6,4,1,1,81.87000274658203,81.87,81.87,0,0,0.0021361556683770085
51,1,13,3,2,3,26.413333257039387,31.24,23.0,0,0,0.004594988234833544
26,0,2,1,1,1,53.0,53.0,53.0,0,0,0.00010220922170308601
47,1,6,4,1,1,39.9900016784668,39.99,39.99,0,0,0.0003072819049187516
21,1,13,4,1,1,49.9900016784668,49.99,49.99,0,0,0.00012843060563511388
52,0,4,4,1,2,25.43000078201294,39.33,11.53,0,0,0.0011658191658793962
14,1,3,4,4,5,45.349999237060544,91.45,12.99,1,1,0.9959482075635055
22,0,4,2,1,1,54.0,54.0,54.0,0,0,0.0001893797278779227
13,1,3,2,1,1,83.94999694824219,83.95,83.95,0,0,0.0041367575822932046
51,0,4,4,2,2,12.5,15.0,10.0,0,0,0.0004582408251911614
68,0,13,4,1,2,165.9949951171875,319.99,12.0,1,1,0.991408363327245
34,0,12,1,1,1,198.0,198.0,198.0,1,1,1.0
24,0,3,4,1,2,94.50999641418457,159.54,29.48,1,1,0.9929803966113073
44,0,4,4,2,2,16.18000030517578,22.36,10.0,0,0,0.00044350938247003863
40,1,4,4,2,3,126.96000061035156,346.0,25.0,1,1,0.9999682214275067
31,1,4,3,1,1,75.0,75.0,75.0,0,0,0.0004636817448061982
53,1,3,4,1,1,14.989999771118164,14.99,14.99,0,0,8.38068749601134e-06
37,1,4,3,1,1,64.98999977111816,95.99,33.99,0,0,0.09712614270933012
52,1,4,3,1,2,69.39500045776367,69.49,69.3,0,0,0.034192530031958164
58,0,3,4,1,1,131.94000244140625,131.94,131.94,0,0,0.00922774867740545
55,1,6,4,1,1,49.5,49.5,49.5,0,0,9.2124202053107e-05
63,1,3,3,1,1,9.989999771118164,9.99,9.99,0,0,0.00023428430195384227
27,0,13,4,1,2,19.47499990463257,24.0,14.95,0,0,0.0006746529275047503
16,1,3,4,3,5,70.58600006103515,159.5,25.0,1,1,0.9999059317803988
27,1,11,4,1,2,62.48999881744385,99.99,24.99,0,0,0.17995268469025888
28,0,13,4,1,1,22.989999771118164,22.99,22.99,0,0,1.968289985955307e-05
44,1,4,4,2,2,35.99499988555908,50.0,21.99,0,0,0.004560113851745615
58,0,13,4,2,2,36.44500160217285,37.9,34.99,0,0,0.0017017195232102494
30,1,4,4,1,1,49.95000076293945,49.95,49.95,0,0,0.00031650020323646595
47,0,4,1,1,1,59.25,59.25,59.25,0,0,0.00033251904708752266
16,1,7,1,1,1,99.98999786376953,99.99,99.99,0,0,0.0052840921768151205
24,0,13,4,1,1,66.0,66.0,66.0,0,0,0.002761094973791238
36,1,6,4,2,1,25.494999885559082,36.0,14.99,0,0,0.00030496343033152606
31,0,13,2,3,3,21.616666793823242,40.0,5.49,0,0,0.010086186776709251
58,1,2,4,1,2,99.9749984741211,179.95,20.0,1,1,0.9893603305520026
22,0,4,4,1,1,14.949999809265137,14.95,14.95,0,0,1.968289985955307e-05
65,1,4,4,1,1,23.989999771118164,23.99,23.99,0,0,0.00025046553172730504
22,0,3,2,1,1,28.0,28.0,28.0,0,0,2.739300009085611e-05
34,0,11,4,1,1,75.0,75.0,75.0,0,0,0.0011142231016443497
36,1,13,4,2,2,42.47500038146973,59.95,25.0,0,0,0.006149724796857885
67,0,13,4,1,1,315.0,315.0,315.0,1,1,1.0
12,1,4,1,4,4,82.88833236694336,169.95,25.98,1,1,0.9948289943819488
67,1,8,4,1,1,25.0,25.0,25.0,0,0,0.00017096285125990676
27,1,13,4,1,4,48.97250008583069,135.0,11.95,1,1,0.9683192701096072
23,1,13,2,1,1,36.9900016784668,36.99,36.99,0,0,0.0006079205455681319
42,1,7,0,2,2,124.1133352915446,185.85,28.99,1,1,0.9996498221846057
33,1,12,3,2,5,96.3600009918213,139.99,28.99,1,1,0.997114818207994
24,0,4,3,2,2,26.225000381469727,27.45,25.0,0,0,0.0006107346623592055
49,1,6,4,2,2,28.494999885559082,49.0,7.99,0,0,0.00385873285229205
32,0,11,4,2,2,40.66333262125651,64.99,25.0,0,0,0.007839886582690879
68,0,4,3,1,1,16.989999771118164,16.99,16.99,0,0,1.968289985955307e-05
55,0,4,4,1,1,25.0,25.0,25.0,0,0,3.273964061839139e-05
40,0,4,4,1,1,36.0,36.0,36.0,0,0,2.3287844823670516e-05
43,0,13,4,1,1,17.899999618530273,17.9,17.9,0,0,1.968289985955307e-05
58,0,13,2,1,1,62.689998626708984,62.69,62.69,0,0,0.002502188952158543
46,1,7,3,1,1,49.5,49.5,49.5,0,0,4.998953559966963e-05
44,0,4,1,1,1,13.899999618530273,13.9,13.9,0,0,2.5029540387088356e-05
60,1,13,4,1,1,66.55000305175781,66.55,66.55,0,0,0.0006380117595543835
15,0,4,4,1,1,20.989999771118164,20.99,20.99,0,0,1.968289985955307e-05
46,0,13,4,1,1,15.0,15.0,15.0,0,0,1.968289985955307e-05
29,0,8,3,1,1,54.0,54.0,54.0,0,0,0.00010873801136767042
57,1,3,4,2,4,57.58199958801269,149.95,21.97,1,1,0.9971987584276178
44,0,12,4,2,2,22.989999771118164,25.99,19.99,0,0,0.0008342036051845873
69,0,13,4,3,4,64.23500045140584,146.0,11.95,1,1,0.9993559978127807
47,1,4,4,2,2,117.47500038146973,205.0,29.95,1,1,0.9995308881166841
51,0,4,4,2,2,52.333333333333336,78.0,36.0,0,0,0.06343294788703133
18,0,4,4,2,5,27.97599983215332,59.5,13.5,0,0,0.1456911071245198
36,0,13,4,2,2,22.5,35.0,10.0,0,0,0.0003670029220842793
36,0,12,0,2,2,36.75,59.5,14.0,0,0,0.01653920179073566
39,1,11,4,1,1,8.0,8.0,8.0,0,0,2.5314485649881535e-05
43,1,3,4,1,1,29.989999771118164,29.99,29.99,0,0,6.309722426288844e-06
56,1,8,4,1,2,113.01500034332275,198.0,28.03,1,1,0.9984020530847896
56,0,4,4,2,4,34.72250056266785,59.5,6.45,0,1,0.5038812379965576
31,0,10,3,1,2,74.2450008392334,108.5,39.99,0,0,0.15131792577111583
22,1,4,4,1,2,149.99499893188477,225.0,74.99,1,1,1.0
42,0,7,4,1,1,13.880000114440918,13.88,13.88,0,0,2.5029540387088356e-05
56,0,13,3,1,1,16.950000762939453,16.95,16.95,0,0,1.968289985955307e-05
41,0,13,3,1,1,19.5,19.5,19.5,0,0,1.968289985955307e-05
58,0,13,4,1,3,43.117499351501465,90.99,9.99,1,1,0.6022667009648158
13,0,13,4,1,1,39.9900016784668,39.99,39.99,0,0,9.035599163262037e-06
42,0,11,4,1,3,23.134999990463257,55.0,10.1,0,0,0.003204538121785614
43,0,13,4,1,1,18.0,18.0,18.0,0,0,1.968289985955307e-05
59,1,13,4,3,4,45.994999408721924,79.99,19.99,1,1,0.9781791157178554
44,0,4,4,2,3,91.23333358764648,250.0,10.39,1,1,0.9996795132473456
38,0,6,4,2,3,73.73999977111816,175.0,24.98,1,1,0.9988719714732517
45,1,4,4,2,3,90.02666727701823,140.08,55.0,1,1,0.9997062773793026
69,0,4,4,1,1,18.0,18.0,18.0,0,0,1.968289985955307e-05
66,0,3,4,1,3,41.99333381652832,59.99,17.99,0,0,0.050708835748849115
64,1,13,1,3,3,333.4833335876465,903.0,37.95,1,1,0.9997048226713923
20,1,12,4,1,1,42.9900016784668,42.99,42.99,0,0,0.0002843954399866167
17,0,4,4,2,3,23.193333943684895,33.99,15.6,0,0,0.0018660151779563278
66,1,4,4,1,2,71.80000019073486,129.0,14.6,0,0,0.22134782175820664
40,1,4,4,1,1,10.0,10.0,10.0,0,0,8.38068749601134e-06
13,1,7,4,1,2,78.11999893188477,99.99,56.25,0,0,0.12639120359853237
45,1,4,4,1,4,50.46250057220459,59.95,38.0,1,1,0.8710050234111509
56,1,3,4,1,1,54.5,54.5,54.5,0,0,0.0003107272200494697
67,1,13,4,1,1,69.98999786376953,69.99,69.99,0,0,0.00041788018409361907
62,1,4,4,2,3,63.7633310953776,69.95,56.39,1,1,0.9070146485284292
28,1,3,2,4,4,44.8,95.0,25.0,1,1,0.9865288642731707
34,1,4,4,1,1,39.9900016784668,39.99,39.99,0,0,3.172741710970919e-05
52,0,4,1,1,1,49.5,49.5,49.5,0,0,0.00013033993181042302
34,1,12,4,1,3,65.13333543141682,138.6,12.8,1,1,0.978437128212061
25,1,4,1,1,2,32.25,39.5,25.0,0,0,0.0002697962754097874
44,0,3,4,1,1,29.989999771118164,29.99,29.99,0,0,2.041620703291727e-05
68,1,4,0,2,1,37.47500038146973,44.95,30.0,0,0,0.006895997327804932
36,1,4,4,1,1,59.9900016784668,59.99,59.99,0,0,0.0004099609260174694
28,0,3,4,4,4,51.08800048828125,109.0,14.5,1,1,0.9966461739375403
28,1,4,2,4,6,91.54625034332275,296.0,33.0,1,1,1.0
44,1,6,3,1,2,38.649999936421715,60.0,13.95,0,0,0.005312501871266811
50,0,3,4,2,2,86.75,88.5,85.0,1,1,0.8792609629015417
50,0,13,4,1,2,44.32500076293945,68.65,20.0,0,0,0.03762855164398979
52,0,7,4,3,5,36.03799934387207,69.95,16.75,1,1,0.9515842171541933
13,0,11,4,1,1,25.0,25.0,25.0,0,0,6.040502084493018e-05
28,0,3,4,1,1,31.989999771118164,31.99,31.99,0,0,1.7941204296135235e-05
24,0,13,3,1,1,111.0,111.0,111.0,0,0,0.01223666322420631
46,0,10,4,2,3,17.050000190734863,22.19,13.97,0,0,0.0016902510724854513
49,1,3,4,1,1,25.0,25.0,25.0,0,0,8.38068749601134e-06
61,0,13,4,1,1,44.0,44.0,44.0,0,0,0.00016422921831991952
55,0,13,4,2,2,50.48999881744385,79.99,20.99,0,0,0.0534756558357406
64,1,13,4,1,3,44.5,65.0,22.5,0,0,0.4813008789695041
47,1,13,2,3,3,57.77499961853027,88.0,25.0,1,1,0.9825032516944353
37,0,7,4,1,1,14.899999618530273,14.9,14.9,0,0,1.968289985955307e-05
54,1,13,4,1,1,22.5,22.5,22.5,0,0,4.840324911832688e-05
46,0,8,4,1,1,24.0,24.0,24.0,0,0,5.923706604273259e-05
30,1,7,4,2,3,41.48333326975504,79.5,12.95,0,0,0.13120372718890003
59,1,6,3,1,2,64.20999908447266,99.99,28.43,0,0,0.18823563896924062
38,0,12,4,2,2,25.99000072479248,36.99,14.99,0,0,0.0006517369519038776
20,0,0,4,1,1,26.989999771118164,26.99,26.99,0,0,5.3890425515197304e-05
62,0,13,4,1,1,38.70000076293945,44.95,32.45,0,0,0.00013498968905854868
15,0,3,2,2,2,36.34499979019165,58.0,14.69,0,0,0.01029329504130222
12,0,13,4,3,5,48.58666626612345,163.42,7.95,1,1,0.9965470490174606
23,1,7,0,1,1,35.0,35.0,35.0,0,0,5.71656541553015e-05
13,0,11,1,1,1,56.0,56.0,56.0,0,0,0.00030525538353814655
63,1,13,4,2,2,106.5,178.0,35.0,1,1,0.9995923480170744
57,0,4,2,3,4,36.27999997138977,69.0,11.13,0,1,0.6779716506204475
66,0,4,4,1,2,13.47000002861023,20.0,6.94,0,0,0.00032198495923196424
51,0,13,0,2,3,22.742499828338623,29.99,9.99,0,0,0.00152280470064557
40,1,3,4,1,1,21.0,21.0,21.0,0,0,8.38068749601134e-06
34,0,3,4,2,2,45.90666580200195,99.99,12.73,0,0,0.15685880222438078
45,1,13,4,1,2,47.693333307902016,69.5,24.08,0,0,0.030282863495257665
17,1,4,2,4,6,42.16714232308524,99.99,8.99,1,1,0.9930809327027998
56,1,4,3,1,2,27.5,30.0,25.0,0,0,0.0004445743816239259
39,0,3,3,1,1,39.5,39.5,39.5,0,0,1.7941204296135235e-05
17,0,10,4,1,1,22.950000762939453,22.95,22.95,0,0,1.968289985955307e-05
40,0,4,3,1,2,32.5,35.0,30.0,0,0,0.0005895783684837112
21,1,11,4,2,2,71.48999977111816,90.99,51.99,0,0,0.2027630708137184
57,0,13,3,2,2,116.5,135.0,98.0,1,1,0.999343182101137
57,0,7,4,1,1,62.9900016784668,62.99,62.99,0,0,0.0005117030097191584
16,0,13,1,1,2,72.32999801635742,75.07,69.59,0,0,0.06658194311938086
58,0,3,4,2,3,170.38000011444092,695.0,9.95,1,1,0.9997864692577048
66,0,4,4,3,7,28.679999709129333,64.99,8.0,1,1,0.8474101748227807
41,0,12,4,2,3,20.893333276112873,47.0,7.69,0,0,0.0032623038686079124
25,0,7,4,1,1,19.989999771118164,19.99,19.99,0,0,1.968289985955307e-05
26,0,13,4,2,4,28.194999933242798,61.0,10.17,0,0,0.0708120244666388
59,1,10,4,1,1,36.9900016784668,36.99,36.99,0,0,3.307410061169173e-05
38,0,4,1,1,1,158.0,158.0,158.0,0,0,0.004946698357749056
63,1,4,4,2,2,132.4900016784668,199.99,64.99,1,1,0.9995950632931048
31,0,4,4,1,1,399.0,399.0,399.0,1,1,1.0
62,1,6,4,1,1,159.0,159.0,159.0,0,0,0.007634722614096325
45,1,3,4,3,3,54.29333368937174,68.0,39.88,0,0,0.3352132953922864
27,1,6,3,3,4,49.48750019073486,64.0,29.0,1,1,0.9688477772421697
24,1,13,3,1,1,39.95000076293945,39.95,39.95,0,0,3.827309938941957e-05
51,0,4,4,1,1,34.0,34.0,34.0,0,0,2.3287844823670516e-05
13,0,2,4,4,5,52.40500005086263,124.99,14.0,1,1,0.9834404133053064
48,1,8,3,1,3,72.22333272298177,99.99,54.0,1,1,0.9697170552170834
47,0,10,4,1,1,12.989999771118164,12.99,12.99,0,0,2.5029540387088356e-05
28,0,4,4,1,1,88.0,88.0,88.0,0,0,0.003876407715047988
46,1,4,2,2,2,42.4950008392334,59.99,25.0,0,0,0.006697383058420376
18,0,13,3,1,1,36.0,36.0,36.0,0,0,1.7207848250878683e-05
68,0,3,4,4,5,50.097999572753906,99.99,27.5,1,1,0.99107164766544
19,1,4,3,1,1,28.0,28.0,28.0,0,0,8.769423732588935e-05
55,0,13,4,1,1,178.0,178.0,178.0,1,1,1.0
56,0,12,4,3,2,35.663333892822266,63.99,15.0,0,0,0.09060381439559748
66,0,13,4,1,1,29.0,29.0,29.0,0,0,2.584686123206186e-05
61,0,4,4,1,2,29.7450008392334,39.99,19.5,0,0,0.00041538195288141867
55,0,7,4,3,6,85.3483346303304,191.0,36.0,1,1,0.9999968982630273
17,1,4,4,2,5,63.99333381652832,159.5,22.5,1,1,0.9994127543514663
56,1,4,4,1,2,61.974998474121094,64.95,59.0,0,0,0.041463516826097946
25,1,13,4,1,1,98.0,98.0,98.0,0,0,0.009980731158654457
43,1,3,4,2,2,109.13500022888184,199.5,18.77,1,1,0.9999184084769067
23,1,4,4,1,2,108.19500350952148,179.99,36.4,1,1,0.9995685012676335
43,0,4,2,1,2,41.70000076293945,51.4,32.0,0,0,0.0016667868134465685
52,1,13,1,1,1,32.0,32.0,32.0,0,0,2.1465775171840388e-05
34,0,13,1,1,1,20.989999771118164,25.0,16.98,0,0,1.968289985955307e-05
61,0,3,4,3,3,39.163333892822266,59.5,18.0,0,0,0.14270661318056618
32,0,10,4,1,1,49.0,49.0,49.0,0,0,0.00016294173422516854
50,1,2,1,1,1,36.0,36.0,36.0,0,0,1.1955049015701636e-06
39,1,13,4,1,1,60.0,60.0,60.0,0,0,0.0006860058059947241
48,0,0,4,1,1,34.9900016784668,34.99,34.99,0,0,1.5577744592367483e-05
15,0,13,3,1,1,42.0,42.0,42.0,0,0,1.7207848250878683e-05
64,0,3,4,1,1,125.0,125.0,125.0,0,0,0.010511110505127813
15,0,3,4,1,1,25.0,25.0,25.0,0,0,6.160052574650034e-05
59,1,11,4,1,1,89.94999694824219,89.95,89.95,0,0,0.004264772084102404
34,0,13,4,1,1,49.9900016784668,49.99,49.99,0,0,0.0001626157713227424
22,1,13,4,1,1,36.0,36.0,36.0,0,0,0.0006066517343162808
47,0,4,3,1,1,39.9900016784668,39.99,39.99,0,0,0.00028190853447884273
13,1,0,4,1,1,79.98999786376953,79.99,79.99,0,0,0.0022163459506502284
59,0,3,4,1,1,7.949999809265137,7.95,7.95,0,0,2.5029540387088356e-05
51,1,4,4,3,4,73.23250102996826,129.99,34.95,1,1,0.9992542591537018
12,1,2,4,1,2,22.75,27.0,18.5,0,0,0.0009384295158442388
24,0,7,4,1,2,34.5,44.0,25.0,0,0,0.0010092989087384565
25,1,3,1,1,1,95.0,95.0,95.0,0,0,0.0032757095406922105
70,1,3,4,1,1,28.600000381469727,28.6,28.6,0,0,2.4561917269474136e-05
39,1,3,4,3,2,59.079999923706055,89.0,15.99,1,1,0.703261366486429
51,0,4,3,1,2,14.130000114440918,16.0,12.26,0,0,0.0005459199689833212
34,0,4,4,1,1,23.5,23.5,23.5,0,0,1.968289985955307e-05
42,1,3,4,2,2,56.96000099182129,59.95,53.97,0,0,0.029547430707611816
17,0,4,4,1,4,22.46000027656555,36.99,11.95,0,0,0.0004986265016514765
54,1,4,1,3,3,104.62750148773193,276.32,39.6,1,1,0.9949031581817153
14,0,4,4,1,1,30.950000762939453,30.95,30.95,0,0,0.0001932162876298591
27,0,4,4,1,1,20.0,20.0,20.0,0,0,1.968289985955307e-05
26,1,9,3,1,1,45.95000076293945,45.95,45.95,0,0,9.141166935856191e-05
49,1,4,4,1,1,399.0,399.0,399.0,1,1,1.0
53,0,4,4,3,3,61.576666514078774,100.99,39.24,1,1,0.9890648365131063
50,1,13,3,1,2,49.45000076293945,65.0,33.9,0,0,0.029410641775615143
51,0,3,4,2,2,29.994999885559082,40.0,19.99,0,0,0.0007475787349047941
60,0,11,4,1,1,79.80000305175781,79.8,79.8,0,0,0.0012023093202879899
50,1,4,4,1,1,59.0,59.0,59.0,0,0,0.00048788206846666417
70,1,3,4,3,6,116.2185731615339,399.95,19.99,1,1,0.9997794169042865
53,1,8,4,1,1,118.5,118.5,118.5,0,0,0.00994382061378802
64,0,8,4,1,2,23.994999885559082,29.99,18.0,0,0,0.00039308317598585904
64,0,4,4,2,2,34.47500038146973,39.95,29.0,0,0,0.002873489364012603
51,0,4,3,1,1,39.5,39.5,39.5,0,0,2.3287844823670516e-05
55,0,10,4,1,1,24.030000686645508,24.03,24.03,0,0,2.5029540387088356e-05
60,1,13,4,1,4,74.75,199.0,15.0,1,1,0.996260769244669
34,1,4,3,1,1,39.9900016784668,39.99,39.99,0,0,1.614030245782154e-05
21,1,6,3,1,1,44.9900016784668,44.99,44.99,0,0,0.00012021564739068749
12,1,13,4,1,1,29.989999771118164,29.99,29.99,0,0,0.0
38,0,10,4,2,1,24.975000381469727,25.0,24.95,0,0,0.0008190983247762303
68,0,3,4,1,2,114.9950008392334,180.0,49.99,1,1,0.9988553747795098
65,0,13,4,1,3,26.976666768391926,30.95,19.99,0,0,0.002512358345427364
25,0,4,4,2,5,46.19199981689453,125.0,15.99,1,1,0.9788083404935211
29,0,3,4,1,1,54.0,54.0,54.0,0,0,0.0003252058665078626
66,0,13,4,1,1,46.9900016784668,46.99,46.99,0,0,0.00014208899691770544
50,1,4,4,1,1,60.0,60.0,60.0,0,0,0.00046430875210442597
66,0,11,4,1,2,106.24500274658203,143.49,69.0,1,1,0.9958622801604942
46,1,3,4,1,1,27.950000762939453,27.95,27.95,0,0,8.38068749601134e-06
46,0,11,4,1,1,109.98999786376953,109.99,109.99,0,0,0.007963023723367341
26,1,4,4,1,1,46.619998931884766,46.62,46.62,0,0,0.00023869473695236753
22,1,13,4,2,3,103.65000025431316,225.0,36.0,1,1,0.9998713465730272
38,0,6,4,2,2,99.9950008392334,139.0,60.99,1,1,0.9916852047002789
23,1,4,3,2,3,35.646666844685875,50.0,16.99,0,0,0.04510003794453883
36,1,10,4,1,2,38.40000009536743,63.0,13.8,0,0,0.0060484872756950995
26,1,8,4,1,1,19.989999771118164,19.99,19.99,0,0,3.2664699712926596e-06
64,0,11,4,2,3,34.484999895095825,68.5,6.45,0,0,0.13786483412679781
19,1,4,4,3,3,41.6499989827474,79.95,20.0,0,0,0.22250714161948681
70,1,13,4,1,1,49.9900016784668,49.99,49.99,0,0,0.00026292438239430485
62,1,13,3,1,1,145.0,145.0,145.0,0,0,0.006228575324926589
38,0,4,4,2,4,56.670000076293945,158.0,7.08,1,1,0.9345084270472789
46,0,13,4,1,1,110.0,110.0,110.0,0,0,0.009417974996373457
51,0,3,3,3,3,47.13333384195963,78.0,12.0,0,1,0.5641109728897105
38,1,4,4,1,4,109.50750017166138,346.5,23.53,1,1,0.9999890839916213
70,1,13,3,3,3,56.6266663869222,98.0,31.88,0,1,0.6731407552849629
46,1,7,4,3,4,49.09000015258789,74.5,29.98,1,1,0.9777253039569631
42,0,11,4,2,2,41.22500038146973,49.5,32.95,0,0,0.0029399316224623284
60,0,13,4,1,1,24.989999771118164,24.99,24.99,0,0,1.968289985955307e-05
64,1,8,3,1,1,4.96999979019165,4.97,4.97,0,0,0.00015478162148644398
60,1,7,4,1,1,159.5,159.5,159.5,0,0,0.006393519329752845
33,0,4,3,1,2,31.0,52.0,10.0,0,0,0.0009560619940887974
21,1,10,3,1,1,299.0,299.0,299.0,1,1,1.0
44,0,3,1,1,1,36.9900016784668,36.99,36.99,0,0,2.041620703291727e-05
27,0,4,4,1,1,58.0,58.0,58.0,0,0,0.000575989928194586
12,1,4,4,2,2,64.83000183105469,65.66,64.0,0,0,0.045633082072814954
36,1,4,4,1,4,51.41999959945679,112.99,17.95,1,1,0.9643639589761679
36,1,4,4,1,1,26.979999542236328,26.98,26.98,0,0,8.38068749601134e-06
12,1,13,4,1,1,47.16999816894531,47.17,47.17,0,0,0.0004409086156742447
63,0,4,4,1,1,48.0,48.0,48.0,0,0,0.00026481355317277503
34,1,13,3,1,1,34.95000076293945,34.95,34.95,0,0,4.638542864118251e-05
52,0,0,3,2,2,34.99499988555908,50.0,19.99,0,0,0.026307511088556584
12,0,10,4,2,2,28.8233323097229,67.95,7.9,0,0,0.006002151828331741
60,0,3,4,1,1,25.0,25.0,25.0,0,0,3.273964061839139e-05
39,0,10,4,1,4,72.24500036239624,199.0,15.0,1,1,0.9975766821240658
53,0,3,3,1,1,150.0,150.0,150.0,0,0,0.00441745550580969
34,1,13,3,2,2,41.0,55.0,27.0,0,0,0.005080262930356864
65,1,3,4,1,1,19.5,19.5,19.5,0,0,0.00025046553172730504
20,1,6,4,1,1,19.989999771118164,19.99,19.99,0,0,3.2664699712926596e-06
16,1,3,4,2,2,41.60000038146973,45.7,37.5,0,0,0.0024926647898044284
47,1,13,3,1,1,101.48999786376953,101.49,101.49,0,0,0.01288824707639622
35,1,4,4,2,1,48.99499988555908,68.0,29.99,0,0,0.022313890365691615
35,0,4,2,1,1,18.989999771118164,18.99,18.99,0,0,1.968289985955307e-05
21,0,4,4,1,1,49.0,49.0,49.0,0,0,0.0002406710299554031
16,0,3,4,1,2,111.98999786376953,169.98,54.0,1,1,0.9969658368029418
46,0,4,4,1,1,44.0,44.0,44.0,0,0,0.0002767682623509937
70,1,13,4,1,1,26.239999771118164,26.24,26.24,0,0,0.00019405161472835211
38,0,4,4,2,4,50.13399963378906,74.0,25.0,1,1,0.9528143294951009
66,1,4,4,1,2,8.690000057220459,9.38,8.0,0,0,0.0011684286949036296
49,0,4,2,1,1,9.5600004196167,9.56,9.56,0,0,2.5029540387088356e-05
65,1,4,4,4,6,47.69571386064802,89.95,19.99,1,1,0.9960930328193514
48,1,13,4,2,2,20.99333318074544,29.99,8.0,0,0,0.0018088394495108964
15,0,3,3,1,1,6.989999771118164,6.99,6.99,0,0,1.968289985955307e-05
40,1,4,4,2,3,37.45666631062826,69.5,19.99,0,0,0.10783260690606417
47,1,3,4,1,4,33.80750036239624,50.0,16.5,0,0,0.02357866608351058
48,1,8,1,1,2,44.595001220703125,49.99,39.2,0,0,0.006485119668406014
53,1,9,4,3,4,44.34999942779541,69.95,28.0,1,1,0.975701929750833
68,0,4,4,1,1,55.0,55.0,55.0,0,0,0.0003195207651247172
30,0,8,4,1,4,41.73500061035156,68.0,25.0,0,0,0.1250522857937284
50,0,12,4,1,1,120.0,120.0,120.0,0,0,0.007587550846926325
47,0,13,4,2,1,28.975000381469727,40.0,17.95,0,0,0.0006754783685802991
63,1,3,4,1,1,33.96999979019165,52.0,15.94,0,0,0.0007991072156301927
18,0,4,1,1,1,119.0,119.0,119.0,0,0,0.004219772653562018
54,0,10,4,2,4,37.37599925994873,78.77,11.12,1,1,0.6082638152276844
41,0,0,4,4,6,72.58285740443638,140.0,25.0,1,1,1.0
20,1,4,4,1,1,14.989999771118164,14.99,14.99,0,0,3.2664699712926596e-06
18,1,4,3,1,1,150.17999267578125,150.18,150.18,0,0,0.008132325068755625
25,1,8,4,1,2,49.48999881744385,89.99,8.99,0,0,0.12127596456094539
45,1,7,4,1,1,14.670000076293945,14.67,14.67,0,0,2.5314485649881535e-05
20,0,4,4,1,1,19.989999771118164,19.99,19.99,0,0,1.968289985955307e-05
17,0,0,4,4,5,21.513999938964844,49.95,8.0,0,0,0.10137451897589266
53,0,3,1,2,2,44.35000038146973,48.75,39.95,0,0,0.00709177564037828
49,0,13,4,3,4,71.68000221252441,159.6,15.0,1,1,0.9998550104095907
13,1,10,4,1,3,123.91666666666667,328.0,18.75,1,1,0.9993567492117266
39,1,0,4,1,1,46.79999923706055,46.8,46.8,0,0,0.00022800168543486054
53,0,13,4,1,1,44.0,44.0,44.0,0,0,0.0001921501805192323
27,0,4,4,1,3,116.66666666666667,300.0,25.0,1,1,0.9991935296454569
22,1,12,4,1,1,69.0,69.0,69.0,0,0,0.0007854602644448646
17,1,4,4,1,4,50.71000003814697,99.99,30.87,1,1,0.9588702811844552
27,0,13,4,1,1,14.989999771118164,14.99,14.99,0,0,1.968289985955307e-05
41,1,7,4,1,1,15.520000457763672,15.52,15.52,0,0,2.5314485649881535e-05
25,1,3,4,1,1,50.0,50.0,50.0,0,0,0.00037096803662304715
56,1,7,4,1,1,30.0,30.0,30.0,0,0,2.6115158370912287e-05
51,1,4,4,1,1,45.0,45.0,45.0,0,0,0.0003025547348485321
35,1,7,0,1,2,48.96500015258789,69.5,28.43,0,0,0.029686354429873378
63,0,3,4,4,8,35.86874985694885,79.99,6.5,1,1,0.9805489626050413
36,1,3,3,1,1,29.989999771118164,29.99,29.99,0,0,6.309722426288844e-06
43,1,10,4,1,2,50.994998931884766,69.99,32.0,0,0,0.03331923919735084
69,0,7,4,2,2,20.489999771118164,27.99,12.99,0,0,0.0007356185031833016
65,1,3,3,2,4,56.52799911499024,87.5,12.0,1,1,0.958573440852404
49,1,0,4,1,3,50.23250126838684,130.99,15.95,1,1,0.7623160105384824
33,0,4,4,1,1,29.989999771118164,29.99,29.99,0,0,1.5069566505381985e-05
20,0,4,4,1,1,63.0,63.0,63.0,0,0,0.0004759408893056553
19,0,4,4,1,1,10.0,10.0,10.0,0,0,0.00010411066721414975
53,0,4,2,1,1,32.0,32.0,32.0,0,0,2.041620703291727e-05
21,1,12,4,1,1,129.0,129.0,129.0,0,0,0.007539086250482252
18,1,3,4,2,3,45.663333892822266,59.99,25.0,0,0,0.2878552416643058
17,0,6,4,1,1,49.9900016784668,49.99,49.99,0,0,0.00018602634344101692
29,0,4,4,1,1,24.559999465942383,24.56,24.56,0,0,5.3890425515197304e-05
47,0,13,4,1,2,41.48500156402588,69.98,12.99,0,0,0.008802563062696991
70,1,4,1,1,1,52.20000076293945,52.2,52.2,0,0,0.0004797057257883585
42,1,4,4,1,1,149.0,149.0,149.0,0,0,0.005108471786031874
52,0,12,4,2,2,46.864999771118164,72.78,20.95,0,0,0.03519827193211064
42,1,12,3,4,4,81.52999954223633,214.0,23.23,1,1,0.9999157532916993
59,0,12,3,1,1,65.0,65.0,65.0,0,0,0.0004472494605885576
43,0,4,3,1,1,19.649999618530273,19.65,19.65,0,0,2.5029540387088356e-05
23,0,4,4,1,1,41.75,41.75,41.75,0,0,4.0505063134069376e-05
62,1,4,4,4,6,54.15666675567627,98.0,22.0,1,1,0.9957364600438988
59,1,13,4,1,1,149.99000549316406,149.99,149.99,0,0,0.005933509633833227
31,0,6,2,1,1,164.9499969482422,164.95,164.95,0,0,0.0058642012751012555
28,1,13,4,2,3,69.31199951171875,185.0,18.96,1,1,0.9981398778998576
53,0,13,3,1,1,214.0,214.0,214.0,1,1,1.0
53,0,0,4,1,1,41.0,41.0,41.0,0,0,7.243033379721244e-05
39,0,10,4,1,4,170.73500204086304,398.0,29.99,1,1,0.9995926433814633
54,0,4,4,1,1,9.989999771118164,9.99,9.99,0,0,2.5029540387088356e-05
24,1,4,3,1,1,24.350000381469727,24.35,24.35,0,0,3.2664699712926596e-06
61,0,3,4,1,1,64.0,64.0,64.0,0,0,0.0004929439864663369
26,0,13,4,1,1,8.899999618530273,8.9,8.9,0,0,1.968289985955307e-05
57,1,13,4,1,1,36.33000183105469,36.33,36.33,0,0,4.920392183935764e-05
14,1,3,3,1,1,65.0,65.0,65.0,0,0,0.00066488353891971
25,0,3,4,1,1,16.0,16.0,16.0,0,0,1.968289985955307e-05
53,0,12,2,1,1,48.0,48.0,48.0,0,0,0.0001088041458176116
26,0,4,4,1,2,58.9950008392334,78.0,39.99,0,0,0.06940863442517842
65,1,3,4,1,1,54.4900016784668,54.49,54.49,0,0,0.000522754793804248
53,0,4,4,1,2,38.2450008392334,46.99,29.5,0,0,0.001945144726282288
44,0,3,4,1,1,59.0,59.0,59.0,0,0,0.000491018094508623
67,1,6,4,2,3,75.0999984741211,106.96,44.0,1,1,0.9753830078279728
47,0,12,4,1,1,44.9900016784668,44.99,44.99,0,0,0.00020520692127807064
41,0,4,3,2,3,28.423333485921223,44.0,9.27,0,0,0.012430451254819418
46,0,10,4,1,1,21.600000381469727,21.6,21.6,0,0,2.5029540387088356e-05
48,0,13,4,1,1,69.9800033569336,69.98,69.98,0,0,0.0006179212573362308
66,1,4,4,1,1,28.450000762939453,28.45,28.45,0,0,0.00025046553172730504
28,1,3,4,1,1,21.5,25.0,18.0,0,0,3.2664699712926596e-06
43,1,0,4,4,7,67.38571534837995,176.0,11.99,1,1,0.9999580445093033
51,1,11,4,1,3,343.97333272298175,903.0,41.42,1,1,0.9999291050621522
47,0,13,3,1,1,19.950000762939453,19.95,19.95,0,0,1.968289985955307e-05
22,0,3,4,1,1,19.679999828338623,25.0,14.36,0,0,1.968289985955307e-05
17,1,13,4,1,2,47.869998931884766,70.74,25.0,0,0,0.03622799655158557
60,1,4,4,1,1,32.4900016784668,32.49,32.49,0,0,9.181360217042095e-06
55,1,4,4,2,3,97.83333333333333,176.0,28.0,1,1,0.9997841674591057
24,0,13,4,2,2,42.7450008392334,49.5,35.99,0,0,0.00605566486778291
48,1,4,4,1,2,69.69000053405762,88.5,50.88,0,0,0.1312395504148391
14,0,3,4,1,1,14.989999771118164,14.99,14.99,0,0,1.848739495798291e-05
47,1,3,3,1,1,9.989999771118164,9.99,9.99,0,0,8.38068749601134e-06
23,0,6,0,1,1,59.5,59.5,59.5,0,0,0.000105965195514333
31,1,13,4,1,1,25.0,25.0,25.0,0,0,2.6355233439738017e-05
12,0,3,4,1,1,11.0,11.0,11.0,0,0,1.848739495798291e-05
59,0,8,4,1,2,54.989999771118164,69.99,39.99,0,0,0.023962371044580863
54,0,4,0,1,1,7.989999771118164,7.99,7.99,0,0,2.5029540387088356e-05
44,1,6,1,1,2,26.494999885559082,38.0,14.99,0,0,0.0013979964412472456
23,1,4,4,1,1,18.75,18.75,18.75,0,0,3.2664699712926596e-06
16,1,4,4,2,2,54.53999900817871,69.2,39.88,0,0,0.02967285250149125
47,1,13,4,2,2,22.225000381469727,29.95,14.5,0,0,0.0017788210285597814
58,0,13,3,1,2,48.49499988555908,82.0,14.99,0,0,0.07269442909081053
51,1,11,4,2,2,324.9949951171875,375.0,274.99,1,1,1.0
37,1,3,3,1,2,19.994999885559082,25.0,14.99,0,0,0.0014891188768440663
58,1,7,2,2,3,67.39666748046875,140.08,17.18,1,1,0.9965043895218222
61,1,12,4,1,1,25.0,25.0,25.0,0,0,0.00019543202799050908
36,0,13,4,1,1,39.9900016784668,39.99,39.99,0,0,2.581821871671985e-05
21,0,4,4,1,1,24.989999771118164,24.99,24.99,0,0,6.160052574650034e-05
56,1,4,4,1,1,24.989999771118164,24.99,24.99,0,0,8.38068749601134e-06
66,0,4,4,2,3,23.286666870117188,34.99,16.88,0,0,0.003306893440704467
15,0,13,4,2,2,41.72500002384186,79.5,3.95,0,0,0.046157435711484555
59,1,4,4,1,1,9.380000114440918,9.38,9.38,0,0,8.38068749601134e-06
63,0,6,4,1,1,29.5,29.5,29.5,0,0,2.041620703291727e-05
62,0,7,4,2,3,43.74000024795532,75.0,26.99,1,0,0.42666070317186944
23,1,7,4,1,3,27.31333351135254,39.95,20.0,0,0,0.005684817222047216
50,1,13,2,1,1,54.900001525878906,54.9,54.9,0,0,0.00019533449842445755
47,0,3,4,1,2,10.96999979019165,12.99,8.95,0,0,0.0005178626700450143
25,0,11,1,1,1,20.950000762939453,20.95,20.95,0,0,1.968289985955307e-05
46,1,13,4,1,3,30.366666793823242,49.5,13.6,0,0,0.006090991836257156
15,1,4,4,2,2,75.68499851226807,134.95,16.42,0,0,0.2754613753810295
69,1,4,4,3,3,53.98249959945679,85.0,28.99,1,1,0.5359665040098559
14,0,10,4,1,2,99.9950008392334,150.0,49.99,1,1,0.9887282245723346
13,0,4,3,1,1,25.0,25.0,25.0,0,0,6.040502084493018e-05
15,0,4,1,1,2,23.484999656677246,24.0,22.97,0,0,0.0006862416105507777
60,1,13,4,2,5,50.38600082397461,85.0,29.95,1,1,0.9502587652035206
58,0,7,4,1,1,158.0,158.0,158.0,0,0,0.0038814950570720285
64,0,7,4,1,1,42.0,42.0,42.0,0,0,3.887495947555817e-05
61,0,13,3,1,1,46.70000076293945,46.7,46.7,0,0,7.069808065021371e-05
61,0,6,4,1,1,50.0,50.0,50.0,0,0,0.00013472355573507415
31,0,4,2,1,1,65.0,65.0,65.0,0,0,0.0003728868330823446
41,1,13,4,1,1,100.0,100.0,100.0,0,0,0.009630542570971953
29,1,4,4,1,2,41.084999084472656,48.42,33.75,0,0,0.0007563392231895525
29,0,13,4,2,3,48.766666412353516,71.31,32.0,0,0,0.37645197063717006
69,0,13,0,2,4,110.49749994277954,347.5,15.5,1,1,0.9997619007931888
13,0,2,4,1,1,48.0,48.0,48.0,0,0,8.745344629677069e-05
64,0,13,4,2,2,49.0,78.0,20.0,0,0,0.053291478728347386
60,1,4,4,1,1,40.0,40.0,40.0,0,0,7.29928916626665e-05
26,0,4,3,1,1,22.989999771118164,22.99,22.99,0,0,1.968289985955307e-05
39,1,4,4,1,1,81.2699966430664,81.27,81.27,0,0,0.0021762543451108673
49,1,6,4,1,1,30.09000015258789,30.09,30.09,0,0,2.6115158370912287e-05
52,0,4,3,4,3,66.99750018119812,130.0,12.79,1,1,0.9958231853072027
52,0,4,4,3,3,17.93999989827474,29.41,11.41,0,0,0.0023123416790227923
66,1,4,3,1,1,99.98999786376953,99.99,99.99,0,0,0.0063279006373646455
67,1,4,4,1,1,12.979999542236328,12.98,12.98,0,0,0.00023428430195384227
47,1,13,4,2,3,86.12333424886067,168.0,34.99,1,1,0.9998322050501229
51,0,4,4,1,1,57.95000076293945,57.95,57.95,0,0,0.0007303706242763073
18,1,3,4,1,1,56.0,56.0,56.0,0,0,0.00015203380831851478
54,0,4,4,2,3,50.97666676839193,61.0,31.98,0,0,0.2946024742116822
55,0,3,4,1,1,35.88999938964844,35.89,35.89,0,0,6.455331937662784e-05
70,0,13,3,1,1,11.779999732971191,11.78,11.78,0,0,1.968289985955307e-05
46,0,10,4,1,1,69.0,69.0,69.0,0,0,0.0005106971914148536
18,0,3,4,3,2,45.53000005086263,88.0,21.6,0,1,0.5154491569058717
20,0,4,4,2,2,13.839999914169312,20.0,7.68,0,0,0.00043130098213249016
38,0,13,4,1,2,112.77999877929688,120.0,105.56,1,1,0.9776614741154251
42,0,3,1,2,3,29.833333333333332,44.5,20.0,0,0,0.004638655428120751
38,0,4,4,1,1,59.0,59.0,59.0,0,0,0.0005195284746558306
51,0,13,4,2,4,46.19799957275391,74.99,28.0,1,1,0.9493320144186096
61,0,4,4,1,1,105.55999755859375,105.56,105.56,0,0,0.010601852656698073
48,0,10,4,2,5,198.28799934387206,695.0,16.99,1,1,0.9999893525681987
62,1,3,4,1,2,38.5,59.0,18.0,0,0,0.0013729701150902022
38,1,7,4,1,1,240.75,240.75,240.75,1,1,1.0
17,1,4,4,1,2,152.0,199.0,105.0,1,1,1.0
39,0,13,4,1,2,147.82333374023438,300.0,48.0,1,1,0.9995479997764414
17,0,4,4,1,1,25.0,25.0,25.0,0,0,6.160052574650034e-05
33,1,0,0,1,2,59.0,68.0,50.0,0,0,0.06397619029159717
30,1,12,2,1,1,19.989999771118164,19.99,19.99,0,0,3.2664699712926596e-06
65,1,4,2,1,1,22.899999618530273,22.9,22.9,0,0,0.00025046553172730504
15,1,3,4,1,1,240.0,240.0,240.0,1,1,1.0
46,0,13,2,1,1,32.97999954223633,32.98,32.98,0,0,7.359466274078951e-06
36,1,13,3,1,1,249.88999938964844,249.89,249.89,1,1,1.0
67,0,4,4,1,1,11.0,11.0,11.0,0,0,4.835768968724385e-05
63,0,4,3,1,1,75.11000061035156,75.11,75.11,0,0,0.0006254336589240423
62,1,4,4,2,4,65.49749946594238,115.0,27.0,1,1,0.9864559900882142
30,1,3,1,1,1,19.989999771118164,19.99,19.99,0,0,3.2664699712926596e-06
29,1,13,4,1,1,40.9900016784668,40.99,40.99,0,0,4.970196305343586e-05
67,0,4,1,1,1,66.33000183105469,66.33,66.33,0,0,0.00028920257221164093
55,1,3,4,1,1,25.0,25.0,25.0,0,0,8.38068749601134e-06
40,1,10,4,1,1,18.969999313354492,18.97,18.97,0,0,2.5314485649881535e-05
59,1,13,4,1,1,30.0,30.0,30.0,0,0,4.920392183935764e-05
22,0,6,4,2,2,66.5250015258789,105.05,28.0,0,0,0.24152154129108966
20,0,13,4,3,3,46.41999959945679,94.71,29.99,1,1,0.6050707348917174
69,0,13,2,1,1,69.0,69.0,69.0,0,0,0.0004813414056402984
45,0,7,4,3,4,44.21999979019165,100.0,14.0,1,1,0.9879457101112705
65,0,3,4,2,2,84.81500005722046,159.0,10.63,0,1,0.5259996547783249
37,1,4,0,1,2,50.49499988555908,69.0,31.99,0,0,0.036612645338220166
35,0,13,3,4,6,37.93666638268365,73.99,8.55,1,1,0.9768106134098598
48,1,3,4,1,1,13.0,13.0,13.0,0,0,8.38068749601134e-06
54,1,10,4,1,2,58.594998359680176,89.95,27.24,0,0,0.18588373503393985
17,0,13,4,1,2,118.93499755859375,124.03,113.84,1,1,0.9783971000274014
20,0,4,4,1,1,78.9800033569336,78.98,78.98,0,0,0.0006201491903610468
68,0,3,4,1,1,89.98999786376953,89.99,89.99,0,0,0.008494334874352858
22,0,4,4,2,3,46.65999984741211,98.0,19.99,0,1,0.5504349618452952
55,1,4,4,3,5,38.589999771118165,69.95,20.02,1,1,0.9446599361086764
49,0,13,4,3,3,27.980000178019207,44.5,10.49,0,0,0.008884315080114523
32,0,3,0,1,1,54.0,54.0,54.0,0,0,0.00012577362797665305
70,0,4,4,1,1,141.49499988555908,253.0,29.99,1,1,0.9411685976446134
56,0,2,4,1,1,27.09000015258789,27.09,27.09,0,0,2.5029540387088356e-05
67,1,3,4,1,1,32.95000076293945,32.95,32.95,0,0,0.0002512662044483358
34,0,13,4,1,4,71.21249961853027,140.0,32.0,1,1,0.9874404381248633
32,0,4,4,1,1,65.98999786376953,65.99,65.99,0,0,0.0019875559862235974
47,1,13,4,1,2,22.47499990463257,39.0,5.95,0,0,0.0010924951927710695
54,1,6,4,2,2,38.49000072479248,49.99,26.99,0,0,0.004977204078064677
53,0,13,4,1,1,17.0,17.0,17.0,0,0,1.968289985955307e-05
66,0,4,4,2,2,92.0,159.0,25.0,1,1,0.9988407548952236
38,1,4,4,1,1,17.969999313354492,17.97,17.97,0,0,8.38068749601134e-06
63,1,12,3,1,1,11.5,11.5,11.5,0,0,0.00015478162148644398
39,0,4,4,3,3,24.5024995803833,71.99,6.0,0,0,0.10455250126184078
60,1,7,4,1,4,67.95499992370605,89.6,24.0,1,1,0.9676766625055518
54,0,12,1,1,1,74.94999694824219,74.95,74.95,0,0,0.0014016214019219257
15,1,13,4,1,1,39.880001068115234,39.88,39.88,0,0,1.8002829119149342e-05
63,1,8,2,2,2,62.25,85.0,39.5,0,0,0.26589022903949416
57,0,4,0,2,2,31.49000072479248,49.99,12.99,0,0,0.0039699243494423775
29,0,3,4,1,1,16.0,16.0,16.0,0,0,1.968289985955307e-05
61,1,3,4,3,4,29.227499961853027,54.95,12.99,0,0,0.16239420667989407
29,0,6,4,1,1,44.9900016784668,44.99,44.99,0,0,0.00017205396148018887
21,1,4,4,1,1,39.5,39.5,39.5,0,0,1.8002829119149342e-05
27,1,13,3,2,3,36.496665954589844,64.99,14.5,0,0,0.12165146903950597
25,0,13,3,1,1,4.989999771118164,4.99,4.99,0,0,1.968289985955307e-05
14,0,13,4,2,5,28.395999908447266,49.0,15.0,0,0,0.23967281170102378
26,0,3,4,2,2,23.949999809265137,32.0,15.9,0,0,0.0006648055237278846
16,1,3,4,1,1,31.950000762939453,31.95,31.95,0,0,1.1043886878369898e-05
16,1,6,3,3,4,63.40999913215637,153.95,10.7,1,1,0.9997580105231676
41,0,13,4,3,3,18.667499899864197,31.99,7.68,0,0,0.0004997812467553346
24,0,13,3,1,1,8.989999771118164,8.99,8.99,0,0,1.968289985955307e-05
50,1,4,4,3,4,23.68000011444092,50.0,3.46,0,0,0.059274312717108986
60,0,4,1,2,2,97.71666717529297,131.0,73.15,1,1,0.9906413704376752
67,1,12,2,1,1,6.489999771118164,6.49,6.49,0,0,0.00015478162148644398
20,1,3,4,1,1,35.0,35.0,35.0,0,0,6.701403613210124e-05
16,0,3,1,1,1,19.56999969482422,19.57,19.57,0,0,1.968289985955307e-05
18,0,11,4,3,4,51.74250030517578,85.0,39.99,1,1,0.9583347171566504
53,0,3,4,1,1,29.950000762939453,29.95,29.95,0,0,2.041620703291727e-05
51,1,10,4,1,1,54.9900016784668,54.99,54.99,0,0,0.0002916585350417569
47,1,4,0,1,2,118.0,169.0,20.0,1,1,0.9992779083075652
21,1,3,4,1,1,64.94999694824219,64.95,64.95,0,0,0.0017658654393776833
58,1,3,4,1,2,38.49000072479248,46.99,29.99,0,0,0.0005442017749562508
52,0,4,4,1,1,12.0,12.0,12.0,0,0,2.5029540387088356e-05
26,1,4,4,1,1,15.979999542236328,15.98,15.98,0,0,3.2664699712926596e-06
25,0,7,4,1,1,25.0,25.0,25.0,0,0,6.160052574650034e-05
31,0,13,4,1,1,99.98999786376953,99.99,99.99,0,0,0.011450740489249229
60,1,13,4,1,1,17.989999771118164,17.99,17.99,0,0,4.840324911832688e-05
54,1,4,2,1,1,20.5,20.5,20.5,0,0,8.38068749601134e-06
25,0,13,4,1,1,36.0,36.0,36.0,0,0,1.7207848250878683e-05
65,0,7,4,1,1,129.0,129.0,129.0,0,0,0.002933415325299803
16,1,4,4,1,1,21.950000762939453,21.95,21.95,0,0,3.2664699712926596e-06
43,0,4,4,1,4,37.397499561309814,82.99,7.25,0,0,0.12194074347511584
31,0,6,4,3,4,51.75,78.0,22.0,1,1,0.97531150299667
48,0,13,4,1,1,42.9900016784668,42.99,42.99,0,0,0.00017123986569695195
58,1,0,3,1,1,21.399999618530273,21.4,21.4,0,0,8.38068749601134e-06
16,0,4,2,1,1,51.029998779296875,51.03,51.03,0,0,0.0001326578207160678
46,1,13,4,3,8,46.248749136924744,79.95,11.45,1,1,0.9893945211053108
46,1,11,4,1,1,59.5,59.5,59.5,0,0,0.00030681345238459833
59,1,4,4,2,3,122.14333852132161,296.45,34.99,1,1,0.9997909767437051
35,0,11,4,2,2,9.994999885559082,11.99,8.0,0,0,0.0005529641515798725
27,0,12,4,1,1,18.65999984741211,18.66,18.66,0,0,1.968289985955307e-05
62,1,4,3,1,1,25.0,25.0,25.0,0,0,0.00023428430195384227
61,1,4,4,1,1,68.0,68.0,68.0,0,0,0.00046899050566855187
16,1,3,4,1,2,88.9749984741211,98.0,79.95,1,1,0.9369434045540299
18,1,4,1,1,4,46.48250102996826,54.5,36.99,1,1,0.7455428737339106
23,0,4,4,1,2,78.0,120.0,36.0,0,0,0.20364260361285214
52,1,4,4,1,1,21.989999771118164,21.99,21.99,0,0,8.38068749601134e-06
25,0,13,4,1,1,34.5,34.5,34.5,0,0,0.00013625546729849772
24,1,4,4,1,1,8.970000267028809,8.97,8.97,0,0,3.2664699712926596e-06
63,0,3,2,1,4,41.23249959945679,69.99,4.99,0,0,0.10799436098026147
23,1,7,1,1,1,49.5,49.5,49.5,0,0,5.409464199496286e-05
28,0,4,4,2,4,28.99749994277954,79.0,6.0,0,0,0.14342935302803786
54,0,3,3,3,5,77.79200019836426,288.0,9.99,1,1,0.9998387161652389
38,0,3,4,1,1,3.990000009536743,3.99,3.99,0,0,1.968289985955307e-05
34,1,4,3,1,3,47.12666575113932,64.5,36.28,0,0,0.3885972018642774
55,0,11,0,1,1,59.95000076293945,59.95,59.95,0,0,0.00022035497509303396
69,0,0,3,1,1,12.989999771118164,12.99,12.99,0,0,1.968289985955307e-05
64,0,12,4,1,3,36.21000027656555,63.99,14.95,0,0,0.06831947193459251
37,1,13,4,3,6,38.519999742507935,99.99,8.99,1,1,0.9769154497297161
51,0,4,4,1,1,13.899999618530273,13.9,13.9,0,0,2.5029540387088356e-05
38,1,10,4,2,2,111.29999923706055,124.6,98.0,1,1,0.9994
66,1,4,3,1,2,23.975000381469727,28.0,19.95,0,0,0.000423522181469212
31,0,0,4,3,4,44.109999656677246,67.99,17.5,1,1,0.9370825042238764
21,0,13,3,3,6,99.65333382288615,300.0,14.95,1,1,0.9999929241611508
30,1,10,3,1,1,199.99000549316406,199.99,199.99,1,1,1.0
33,0,6,4,1,1,48.08500003814697,83.18,12.99,0,0,0.034170830089144295
63,1,4,4,4,3,42.8675012588501,62.49,34.99,1,1,0.7139056352640594
68,1,6,0,1,2,17.75,19.5,16.0,0,0,0.0005463860985610496
13,1,12,4,2,2,60.46999931335449,72.99,47.95,0,0,0.12577562726396033
64,1,4,3,1,1,16.059999465942383,16.06,16.06,0,0,0.00023428430195384227
40,1,4,3,1,1,10.0,10.0,10.0,0,0,8.38068749601134e-06
64,1,3,4,1,1,39.380001068115234,39.38,39.38,0,0,0.0002994906212420726
59,0,3,4,1,1,42.0,42.0,42.0,0,0,8.01404340285155e-05
27,1,4,4,2,2,17.90999984741211,21.0,14.82,0,0,0.00146760473470015
21,0,4,3,1,2,111.0,167.0,55.0,1,1,0.9954039367464764
26,1,4,4,1,2,46.25,59.5,33.0,0,0,0.012534774257375267
28,1,4,4,2,3,72.54666646321614,129.5,36.95,1,1,0.9897862036136015
22,0,13,4,1,1,37.0,37.0,37.0,0,0,1.7207848250878683e-05
59,0,13,3,1,2,29.45500087738037,44.99,13.92,0,0,0.001410170175748423
60,0,4,4,2,1,31.4950008392334,39.99,23.0,0,0,0.0011918295259436148
57,1,13,4,2,2,84.74499893188477,89.99,79.5,0,0,0.22604039008229695
58,1,12,4,1,1,56.95000076293945,56.95,56.95,0,0,0.00043417998949808615
32,1,3,4,4,5,47.30200004577637,87.99,21.59,1,1,0.9967965095990418
58,0,12,4,1,1,9.949999809265137,9.95,9.95,0,0,2.5029540387088356e-05
23,0,4,4,1,2,6.984999895095825,7.0,6.97,0,0,0.0005657557384523511
26,0,11,4,1,1,22.450000762939453,22.45,22.45,0,0,1.968289985955307e-05
16,0,3,4,1,1,79.16000366210938,79.16,79.16,0,0,0.0007777524841066818
13,0,4,4,1,1,39.9900016784668,39.99,39.99,0,0,1.6745699394565072e-05
16,1,13,4,1,2,43.45999813079834,69.95,16.97,0,0,0.02837357668428687
58,0,3,4,1,1,22.950000762939453,22.95,22.95,0,0,2.5029540387088356e-05
47,0,8,3,1,4,80.99500036239624,169.0,16.99,1,1,0.9970466263751234
22,1,4,4,1,1,64.94999694824219,64.95,64.95,0,0,0.0018667776147875028
62,1,13,4,1,1,59.9900016784668,59.99,59.99,0,0,0.0006869587610235154
51,0,13,3,1,1,399.0,399.0,399.0,1,1,1.0
24,0,4,4,3,3,65.85999870300293,98.0,29.99,1,1,0.9909688928484427
42,0,11,4,1,2,24.994999885559082,25.0,24.99,0,0,0.0007044169304782103
67,0,4,1,4,4,44.33600006103516,59.45,25.0,1,1,0.9303448821582235
31,0,4,4,1,1,22.0,22.0,22.0,0,0,1.968289985955307e-05
12,1,4,4,1,1,89.9800033569336,89.98,89.98,0,0,0.0028615164501287144
19,1,4,2,2,4,43.869999408721924,79.99,24.0,1,1,0.965910067703587
66,1,10,1,2,3,30.263333638509113,50.0,17.0,0,0,0.020962456627527305
55,1,13,4,2,2,25.454999923706055,30.96,19.95,0,0,0.0010844063915307147
51,1,13,4,1,1,31.899999618530273,31.9,31.9,0,0,4.920392183935764e-05
31,0,13,4,1,2,32.97500038146973,39.0,26.95,0,0,0.0005861513421685823
70,0,3,4,1,1,31.979999542236328,31.98,31.98,0,0,1.7941204296135235e-05
19,0,4,4,2,2,31.445000648498535,39.99,22.9,0,0,0.0011235646835155173
13,1,3,4,4,5,47.856000900268555,100.01,5.83,1,1,0.9954757282865024
23,1,4,3,1,3,65.19333394368489,125.0,31.95,1,1,0.984006058827259
60,0,4,4,1,2,24.949999809265137,34.0,15.9,0,0,0.00037816110920896215
27,1,13,4,1,1,43.84000015258789,62.68,25.0,0,0,0.017312520577335566
41,1,3,4,1,1,67.98999786376953,67.99,67.99,0,0,0.0005058242783945669
53,0,13,4,1,1,38.0,38.0,38.0,0,0,1.02311040648322e-05
54,1,4,4,3,5,74.56499926249187,155.0,20.0,1,1,0.9999204067299047
58,1,8,3,1,1,14.0,14.0,14.0,0,0,2.5314485649881535e-05
37,0,12,0,1,2,13.994999885559082,18.99,9.0,0,0,0.0009388231923157123
28,1,13,4,1,1,28.0,28.0,28.0,0,0,2.6355233439738017e-05
32,0,3,3,1,1,1.8200000524520874,1.82,1.82,0,0,1.968289985955307e-05
43,0,0,4,1,1,39.95000076293945,39.95,39.95,0,0,3.116485924425513e-05
70,0,13,4,2,2,36.20000076293945,39.95,32.45,0,0,0.0016851913486253685
17,0,3,0,1,1,29.950000762939453,29.95,29.95,0,0,1.5069566505381985e-05
25,1,3,4,1,1,35.0,35.0,35.0,0,0,1.1043886878369898e-05
46,1,8,3,1,1,48.970001220703125,48.97,48.97,0,0,6.229470377030132e-05
25,1,4,4,1,1,66.58999633789062,66.59,66.59,0,0,0.0008468465648355282
15,0,4,4,2,2,52.5,55.0,50.0,0,0,0.027344198026400934
44,0,3,4,1,1,39.9900016784668,39.99,39.99,0,0,3.887495947555817e-05
51,1,4,4,1,1,14.600000381469727,14.6,14.6,0,0,8.38068749601134e-06
63,1,11,4,1,2,142.5,160.0,125.0,1,1,0.9854157471790814
69,1,11,4,4,5,88.18999978474208,208.0,4.89,1,1,0.999874369948871
20,1,12,4,1,1,79.98999786376953,79.99,79.99,0,0,0.001931264904442173
41,0,4,4,1,1,59.0,59.0,59.0,0,0,0.0005248751151833658
70,1,13,0,1,3,137.23500061035156,229.99,25.0,1,1,0.9999122032783291
20,1,4,4,1,1,49.5,49.5,49.5,0,0,0.00021080245412984818
46,0,13,4,2,2,49.07500076293945,73.15,25.0,0,0,0.03666163087648362
18,0,4,4,3,4,31.94499969482422,44.0,24.99,0,0,0.05390233411639263
56,0,3,3,1,3,32.970000902811684,64.8,9.11,0,0,0.034040295841329886
26,1,4,4,1,1,75.0,75.0,75.0,0,0,0.0006538369503565519
61,1,4,1,1,1,46.0,46.0,46.0,0,0,0.00011776275556876003
26,0,4,4,1,1,21.0,21.0,21.0,0,0,1.968289985955307e-05
27,1,13,3,2,4,37.94249987602234,98.0,10.69,0,1,0.815941675852853
45,1,4,4,1,1,27.770000457763672,27.77,27.77,0,0,8.38068749601134e-06
54,0,7,4,2,4,100.94400100708008,325.0,8.0,1,1,0.999847663101218
39,1,2,4,1,2,29.59499979019165,43.75,15.44,0,0,0.00014956385314728092
57,1,3,4,1,1,9.0,9.0,9.0,0,0,8.38068749601134e-06
21,1,3,4,1,1,37.0,37.0,37.0,0,0,7.397297837288068e-05
29,1,13,4,1,1,18.989999771118164,18.99,18.99,0,0,2.6355233439738017e-05
15,1,4,3,1,1,67.94999694824219,67.95,67.95,0,0,0.000398727698137461
15,0,13,4,1,1,25.0,25.0,25.0,0,0,5.3890425515197304e-05
32,0,4,4,2,3,24.339999516805012,52.12,8.95,0,0,0.0031353679812216482
12,0,4,0,1,2,50.9900016784668,59.99,41.99,0,0,0.015832010719583577
16,1,3,3,1,2,28.994999885559082,45.0,12.99,0,0,0.0023468133387969255
16,0,13,4,1,2,75.99499988555908,140.0,11.99,0,0,0.221046255794972
22,1,11,4,2,2,44.720001220703125,49.45,39.99,0,0,0.0068211598445628765
18,0,11,4,1,1,97.9000015258789,97.9,97.9,0,0,0.008011748080573446
37,1,3,3,2,2,24.494999885559082,31.99,17.0,0,0,0.0015681057310183634
54,0,8,0,1,1,25.0,25.0,25.0,0,0,3.273964061839139e-05
48,0,13,4,1,1,349.0,349.0,349.0,1,1,1.0
49,0,13,4,1,1,170.0,170.0,170.0,0,0,0.015730440859947587
69,0,4,4,1,1,25.0,25.0,25.0,0,0,2.739300009085611e-05
22,1,4,4,1,1,37.2599983215332,37.26,37.26,0,0,7.397297837288068e-05
31,0,4,2,1,1,42.9900016784668,42.99,42.99,0,0,0.00019393326131360048
38,1,12,2,1,1,172.0,172.0,172.0,1,1,0.995
25,0,4,3,3,4,21.24749994277954,40.0,12.0,0,0,0.011795412650218101
57,1,4,1,2,5,43.89600028991699,95.0,6.5,1,1,0.9512739319498122
32,1,4,4,1,1,52.279998779296875,52.28,52.28,0,0,0.0006651878788257163
25,0,6,4,2,2,23.494999885559082,25.0,21.99,0,0,0.0006064826883324711
46,0,4,0,2,2,102.14999961853027,167.5,36.8,1,1,0.9986796793827896
40,0,13,4,1,1,36.0,36.0,36.0,0,0,1.02311040648322e-05
47,1,13,4,4,3,93.49749994277954,189.0,12.99,1,1,0.998248138451484
35,0,13,4,1,1,75.0,75.0,75.0,0,0,0.0012267938080932621
38,0,4,3,1,1,56.880001068115234,56.88,56.88,0,0,0.0003681277265057609
38,0,13,4,2,2,28.97000026702881,39.95,17.99,0,0,0.0006307177081750878
29,0,13,3,1,1,55.380001068115234,55.38,55.38,0,0,0.00043721029650207766
33,1,12,1,1,1,45.0,45.0,45.0,0,0,0.00011036726541388776
24,0,6,4,2,2,187.5,297.0,78.0,1,1,0.9999830256988546
51,0,13,4,1,1,129.9499969482422,129.95,129.95,0,0,0.005625882744893783
41,0,12,4,1,1,16.079999923706055,16.08,16.08,0,0,2.5029540387088356e-05
14,1,10,1,2,2,122.15999794006348,197.37,46.95,1,1,0.9995388879595812
57,1,11,4,1,1,48.95000076293945,48.95,48.95,0,0,9.095228127495171e-05
36,1,4,4,3,3,42.593332290649414,79.99,17.8,0,1,0.5107802646162485
58,1,0,4,1,1,39.9900016784668,39.99,39.99,0,0,7.29928916626665e-05
66,0,6,4,1,2,30.335000038146973,36.0,24.67,0,0,0.0005105127282747652
12,1,4,4,1,1,25.0,25.0,25.0,0,0,2.0709650697224966e-06
38,1,4,1,2,2,33.96500015258789,47.98,19.95,0,0,0.0009721317278254672
22,0,4,4,4,7,43.688571384974885,101.4,10.35,1,1,0.9973325120715235
45,1,4,4,1,1,25.625,45.0,6.25,0,0,0.0009739864369826643
60,0,12,4,1,1,59.45000076293945,59.45,59.45,0,0,0.000548253597600076
48,0,3,4,3,6,44.45428575788225,85.0,7.74,1,1,0.9831948666387202
45,1,7,1,3,3,42.16000111897787,49.5,35.99,0,0,0.07806338911815834
67,0,13,4,1,1,59.95000076293945,59.95,59.95,0,0,0.00092103935163794
47,0,3,4,1,1,30.600000381469727,30.6,30.6,0,0,2.3287844823670516e-05
47,0,7,3,1,1,7.690000057220459,7.69,7.69,0,0,2.5029540387088356e-05
17,0,13,4,1,1,189.0,189.0,189.0,1,1,1.0
65,1,13,4,1,1,238.97999572753906,238.98,238.98,1,1,1.0
44,1,4,3,1,1,11.369999885559082,11.37,11.37,0,0,8.38068749601134e-06
15,0,12,2,1,1,27.299999237060547,27.3,27.3,0,0,6.160052574650034e-05
24,1,6,1,1,3,55.88333225250244,79.95,10.7,0,0,0.4627444441680874
32,0,4,4,2,2,155.5,243.0,68.0,1,1,0.9999824555950956
12,1,13,3,2,2,84.33000055948894,168.0,35.0,1,1,0.6897895215601209
46,0,10,1,1,1,49.5,49.5,49.5,0,0,9.402582069445888e-05
45,1,4,4,1,1,18.0,18.0,18.0,0,0,8.38068749601134e-06
26,0,12,4,2,2,38.9900016784668,39.99,37.99,0,0,0.0009384493786266136
46,0,10,4,1,1,14.75,14.75,14.75,0,0,2.5029540387088356e-05
13,0,13,3,1,1,107.0,107.0,107.0,0,0,0.012487172903111673
30,0,3,4,1,1,6.389999866485596,6.39,6.39,0,0,1.968289985955307e-05
58,0,11,3,1,1,6.980000019073486,6.98,6.98,0,0,2.5029540387088356e-05
61,0,12,0,1,2,31.890000343322754,54.95,8.83,0,0,0.001459777114464578
57,0,7,4,1,1,44.0,44.0,44.0,0,0,0.00016425796493156405
41,0,10,4,1,1,82.0,82.0,82.0,0,0,0.002472897430552772
49,1,3,4,1,1,34.9900016784668,34.99,34.99,0,0,9.181360217042095e-06
18,0,11,4,1,1,16.260000228881836,16.26,16.26,0,0,1.968289985955307e-05
49,0,12,4,1,1,75.0,75.0,75.0,0,0,0.0013012899329136463
52,0,11,4,2,4,58.32666778564453,179.99,12.07,1,1,0.9987925485466704
24,1,4,4,1,1,95.0,95.0,95.0,0,0,0.0037158269144415474
62,0,7,4,1,2,117.26999998092651,225.0,9.54,1,1,0.9926868842274753
25,0,0,4,1,1,97.30000305175781,97.3,97.3,0,0,0.021583549557654052
57,0,3,2,3,6,37.65333366394043,88.0,10.74,1,1,0.9638439492280263
17,1,13,3,1,1,35.0,35.0,35.0,0,0,0.0006038332411181056
35,0,13,3,1,1,11.039999961853027,11.04,11.04,0,0,1.968289985955307e-05
19,1,11,4,2,4,57.945998954772946,98.0,9.95,1,1,0.9814867108726508
21,1,3,3,1,1,35.72999954223633,35.73,35.73,0,0,6.701403613210124e-05
14,1,11,4,2,3,28.797500371932983,55.99,10.69,0,0,0.02534890432268271
29,1,10,4,2,4,86.1,182.0,14.0,1,1,0.9997565115760662
48,0,4,1,1,1,31.979999542236328,31.98,31.98,0,0,2.041620703291727e-05
70,0,7,3,1,1,10.0,10.0,10.0,0,0,1.968289985955307e-05
37,0,13,3,1,3,16.71666653951009,32.0,8.99,0,0,6.957836804670473e-05
64,1,6,3,1,1,17.75,17.75,17.75,0,0,0.00015478162148644398
31,0,12,4,2,4,107.20200042724609,248.98,37.0,1,1,0.999917494556878
48,0,4,0,3,3,35.31666692097982,53.97,10.0,0,0,0.16504022604267843
21,1,13,4,1,1,109.0,109.0,109.0,0,0,0.012586462769348005
55,0,7,4,1,1,69.98999786376953,69.99,69.99,0,0,0.0004955471215461434
68,1,4,3,1,1,85.94999694824219,85.95,85.95,0,0,0.005721356673382616
67,1,13,3,2,2,58.61250114440918,98.0,35.74,1,0,0.32060212258171406
33,1,3,4,1,1,229.99000549316406,229.99,229.99,1,1,1.0
40,0,3,2,1,3,32.97333335876465,58.52,8.4,0,0,0.004640103366210591
66,1,10,4,1,1,70.58999633789062,70.59,70.59,0,0,0.00038931496936559
12,0,13,2,2,3,29.46750020980835,42.0,14.4,0,0,0.0029498376242331342
26,1,3,3,1,1,59.0,59.0,59.0,0,0,0.00027978740635432533
53,0,4,4,1,1,24.969999313354492,24.97,24.97,0,0,3.273964061839139e-05
52,0,4,2,1,1,68.0,68.0,68.0,0,0,0.00036768995851853596
12,1,3,4,1,2,58.66333325703939,130.0,17.0,1,0,0.4309502726432081
12,0,4,4,4,7,50.297500133514404,148.0,12.43,1,1,0.999730374416845
40,0,10,4,1,1,17.5,17.5,17.5,0,0,2.5029540387088356e-05
29,1,13,4,1,2,24.9950008392334,33.99,16.0,0,0,0.0002819172582478838
30,1,4,4,2,4,41.880000305175784,59.5,18.96,1,1,0.6707455975990984
23,1,3,4,1,1,35.58000183105469,35.58,35.58,0,0,6.701403613210124e-05
65,0,10,4,2,2,19.97000026702881,29.95,9.99,0,0,0.0008705158394199687
46,0,13,4,1,2,90.10000038146973,150.0,30.2,1,1,0.9736866879758176
53,0,12,1,2,3,68.0,124.0,34.0,1,1,0.9843408507280483
25,1,13,1,2,4,21.34749984741211,40.0,4.74,0,0,0.045788015814392645
37,0,4,1,1,1,42.0,42.0,42.0,0,0,1.5069566505381985e-05
42,0,13,4,2,2,75.31499671936035,131.43,19.2,0,0,0.24264212256921183
20,1,11,4,2,4,27.98999938964844,64.99,10.99,0,0,0.08134804182598669
36,1,4,2,1,1,213.9499969482422,213.95,213.95,1,1,1.0
52,1,13,4,1,2,48.89499855041504,79.99,17.8,0,0,0.054291498836767406
34,0,13,4,1,1,99.0,99.0,99.0,0,0,0.01037160407030302
48,0,7,3,2,3,35.49249982833862,46.0,24.0,0,0,0.05740242173033663
65,1,0,2,1,1,15.0,15.0,15.0,0,0,0.00023428430195384227
66,1,13,1,1,1,19.989999771118164,19.99,19.99,0,0,3.971797001502568e-05
42,1,3,3,3,4,34.59749948978424,68.99,7.9,0,1,0.5054647021325223
49,0,4,4,1,2,49.9900016784668,49.99,49.99,0,0,0.009993266657815884
32,0,3,4,1,1,13.529999732971191,13.53,13.53,0,0,1.968289985955307e-05
58,0,4,4,1,1,36.279998779296875,36.28,36.28,0,0,6.455331937662784e-05
52,1,4,3,4,3,104.73749923706055,179.0,40.0,1,1,0.9999031581817153
61,0,4,4,1,1,26.989999771118164,26.99,26.99,0,0,3.273964061839139e-05
58,0,4,4,1,1,85.0,85.0,85.0,0,0,0.004513283547260782
56,0,4,3,1,2,67.94999980926514,110.0,25.9,0,0,0.23453065094707903
31,1,4,4,1,1,32.9900016784668,32.99,32.99,0,0,4.067142692323414e-06
64,1,13,2,1,1,17.989999771118164,17.99,17.99,0,0,0.0001750518917567142
23,1,13,4,2,3,34.823333740234375,49.99,18.48,0,0,0.04860117019152666
23,1,13,3,1,1,67.98999786376953,67.99,67.99,0,0,0.0003774697292050736
30,1,4,4,2,2,55.5,89.0,22.0,0,0,0.1491889930512359
15,1,7,4,2,3,36.326667149861656,60.99,22.99,0,0,0.08651802870499199
12,1,13,4,1,1,186.0,186.0,186.0,1,1,1.0
42,0,0,3,2,2,20.239999771118164,28.49,11.99,0,0,0.00036736351068190383
42,0,3,0,1,1,19.989999771118164,19.99,19.99,0,0,2.5029540387088356e-05
56,1,4,4,1,3,79.0,188.0,20.0,1,1,0.9925893609189157
37,0,7,4,1,2,23.725000381469727,31.45,16.0,0,0,0.0005730399499657668
66,0,12,4,4,4,52.40800018310547,87.0,14.07,1,1,0.9865074909818233
63,1,10,4,1,1,71.25,71.25,71.25,0,0,0.0004141494064516827
44,1,13,1,2,2,50.766666412353516,79.99,34.31,0,0,0.06646957425079805
59,1,3,4,1,1,48.0,48.0,48.0,0,0,0.00021857535569016096
24,0,12,4,3,3,23.609999815622967,34.0,6.85,0,0,0.004497677459939066
41,1,13,1,1,1,25.0,25.0,25.0,0,0,2.3536740241562884e-05
67,1,4,0,1,2,50.4950008392334,65.0,35.99,0,0,0.026319693472025233
26,0,13,4,1,2,19.989999771118164,23.48,16.5,0,0,0.0006746529275047503
21,1,4,4,2,2,78.97500038146973,98.0,59.95,0,0,0.19785126141668652
67,0,13,4,3,5,88.48666826883952,170.99,44.99,1,1,0.9999546399318595
48,1,3,4,2,2,35.385000228881836,56.95,13.82,0,0,0.020240458882878527
18,0,13,3,1,1,125.0,125.0,125.0,0,0,0.008527817782546503
46,1,4,4,1,1,69.0,69.0,69.0,0,0,0.0005066251011791164
22,1,4,4,1,2,62.494998931884766,99.99,25.0,0,0,0.18626236776530955
50,0,6,4,2,2,88.5,135.0,42.0,1,1,0.9768173703146767
59,1,6,4,1,1,44.970001220703125,44.97,44.97,0,0,0.00019219991045981994
35,0,8,3,1,2,130.0,178.0,82.0,1,1,0.9997626753753153
20,1,10,1,1,1,89.5999984741211,89.6,89.6,0,0,0.0037038893571857833
53,1,4,4,2,2,18.494999885559082,24.99,12.0,0,0,0.001432909388536465
31,0,4,3,1,1,172.0,172.0,172.0,1,1,1.0
32,0,13,4,1,3,45.49499988555908,98.0,7.99,1,1,0.6362154114392377
65,1,10,4,3,4,53.37249994277954,74.5,29.99,1,1,0.9704479694775817
62,1,3,3,1,1,64.0,64.0,64.0,0,0,0.00045456519948674145
61,0,13,4,1,1,98.0,98.0,98.0,0,0,0.00800384210192771
43,1,7,4,1,1,95.0,95.0,95.0,0,0,0.0037705628247413758
33,0,3,4,1,1,24.0,24.0,24.0,0,0,5.3890425515197304e-05
58,0,4,0,2,5,27.94000026157924,69.0,9.5,1,0,0.18787599198990385
49,0,13,4,1,1,31.889999389648438,31.89,31.89,0,0,1.02311040648322e-05
21,1,13,4,2,2,79.0,125.0,52.01,1,0,0.3872276554897661
53,0,13,4,2,2,69.99499893188477,74.0,65.99,0,0,0.05046664879849733
68,1,4,4,3,4,98.35750007629395,219.5,18.94,1,1,0.9997969386003335
68,1,3,3,1,1,198.0,198.0,198.0,1,1,1.0
56,0,11,4,1,3,35.570000330607094,39.99,28.99,0,0,0.008027963489500602
57,0,12,4,1,1,54.9900016784668,54.99,54.99,0,0,0.00024160277020648428
61,0,13,4,1,1,16.989999771118164,16.99,16.99,0,0,1.968289985955307e-05
66,0,13,4,1,1,6.989999771118164,6.99,6.99,0,0,1.968289985955307e-05
65,1,10,4,1,1,44.0,44.0,44.0,0,0,0.0003243711871210582
21,0,4,4,2,2,9.444999933242798,10.99,7.9,0,0,0.00043130098213249016
44,0,3,4,1,1,12.989999771118164,12.99,12.99,0,0,2.5029540387088356e-05
34,0,13,4,3,3,67.96333312988281,99.95,49.99,1,1,0.995460159983068
14,0,3,4,1,1,64.93000030517578,64.93,64.93,0,0,0.00024908885903865397
59,1,4,1,1,1,29.989999771118164,29.99,29.99,0,0,1.1955049015701636e-06
24,0,4,4,1,1,33.75,33.75,33.75,0,0,2.4917948482181724e-05
29,1,3,4,1,1,24.989999771118164,24.99,24.99,0,0,3.2664699712926596e-06
16,1,3,2,1,3,25.356667200724285,38.99,12.08,0,0,0.0034000275632208037
22,1,3,3,1,4,51.55000019073486,95.0,30.95,1,1,0.932333818323691
64,1,3,4,2,2,41.5,55.0,28.0,0,0,0.005080252997268883
29,1,4,0,1,1,31.579999923706055,31.58,31.58,0,0,1.1955049015701636e-06
45,0,13,2,2,2,46.2450008392334,49.5,42.99,0,0,0.007295725076761036
29,1,13,4,1,1,43.95000076293945,43.95,43.95,0,0,0.00019290620637704952
50,1,4,4,1,1,19.989999771118164,19.99,19.99,0,0,8.38068749601134e-06
68,1,4,4,1,1,99.0,99.0,99.0,0,0,0.006057682737356628
58,1,4,3,2,2,311.5,525.0,98.0,1,1,0.9999902152641879
43,0,4,3,1,2,28.975000381469727,38.0,19.95,0,0,0.0006790782209222116
17,0,4,3,1,3,43.743333180745445,94.0,9.24,0,1,0.5940626528080586
65,1,7,3,1,1,28.81999969482422,28.82,28.82,0,0,0.00017096285125990676
58,1,8,2,2,2,18.475000381469727,19.95,17.0,0,0,0.000530643695875248
51,1,4,2,1,1,219.5,219.5,219.5,1,1,1.0
15,1,4,4,2,4,43.2400004863739,68.0,14.97,1,1,0.9465731628009094
67,0,4,4,1,1,25.0,25.0,25.0,0,0,5.6067789918546884e-05
56,1,4,2,1,1,59.5,59.5,59.5,0,0,0.00016536004905172972
25,1,10,4,2,3,127.66000048319499,298.0,29.99,1,1,0.9996743576884132
50,0,8,4,2,4,56.079999923706055,121.88,20.5,1,1,0.9759110462899465
32,1,2,4,1,2,15.950000286102295,16.95,14.95,0,0,0.0017966823295598594
24,1,3,2,1,2,76.0,110.0,42.0,0,0,0.17114416126557735
19,0,13,4,1,1,30.079999923706055,30.08,30.08,0,0,0.00010163561560547537
65,1,13,4,2,3,34.73250102996826,59.95,10.0,0,0,0.1216820477291747
48,1,10,4,2,2,42.49499988555908,75.0,9.99,0,0,0.02578031818040354
56,1,4,4,1,1,24.989999771118164,24.99,24.99,0,0,8.38068749601134e-06
60,0,10,4,1,1,55.0,55.0,55.0,0,0,0.00024160277020648428
64,0,13,4,3,5,90.79500102996826,209.99,19.99,1,1,0.9998813869409449
55,1,3,4,1,1,179.0,179.0,179.0,1,1,1.0
39,1,13,4,1,1,13.819999694824219,13.82,13.82,0,0,4.840324911832688e-05
50,1,7,2,1,1,26.389999389648438,26.39,26.39,0,0,2.5314485649881535e-05
56,1,4,4,1,4,68.88249921798706,100.99,15.6,1,1,0.9725318579431129
41,1,3,3,1,2,75.4000015258789,111.3,39.5,0,0,0.18674331798177257
48,1,13,4,1,1,26.990000247955322,38.68,15.3,0,0,4.840324911832688e-05
61,1,4,4,1,1,54.5,54.5,54.5,0,0,0.0003177794062271848
20,1,4,4,1,4,77.07499885559082,89.95,64.95,1,1,0.9538723655612162
65,1,12,3,1,1,118.1500015258789,118.15,118.15,0,0,0.012134322488917586
58,1,13,4,1,3,63.512500286102295,178.0,16.6,1,1,0.9981604923957099
27,0,4,4,1,1,29.950000762939453,29.95,29.95,0,0,1.5069566505381985e-05
31,1,0,3,2,2,87.98499965667725,149.0,26.97,1,1,0.964571890529267
23,1,4,4,1,1,66.33000183105469,66.33,66.33,0,0,0.0009520017111116948
32,1,4,4,3,4,69.28249859809875,137.7,11.45,1,1,0.9938249828006568
69,0,13,4,1,1,60.0,60.0,60.0,0,0,0.0009266713654025735
26,0,13,4,1,2,28.40000009536743,44.0,12.8,0,0,0.0007121921233406283
27,1,4,4,2,4,132.89750003814697,346.5,36.75,1,1,0.9999605834898739
21,1,4,4,2,3,42.326667149861656,50.0,29.99,0,0,0.05605576708946465
69,0,10,4,2,3,64.33333333333333,98.0,45.0,1,1,0.9769741983712414
46,0,4,4,2,3,67.01333236694336,91.85,50.0,1,1,0.9628807781651403
14,0,13,4,3,4,16.959999799728394,33.5,4.99,0,0,0.01964052356348988
19,0,4,4,1,1,25.0,25.0,25.0,0,0,0.00014602829310109705
16,0,13,4,1,1,26.989999771118164,26.99,26.99,0,0,5.3890425515197304e-05
56,1,4,4,1,1,400.0,400.0,400.0,1,1,1.0
15,0,7,4,1,1,29.5,29.5,29.5,0,0,1.5069566505381985e-05
67,0,11,2,1,2,46.44999885559082,64.95,27.95,0,0,0.03179195338140609
66,0,2,4,1,1,319.0,319.0,319.0,1,1,1.0
16,0,4,4,1,1,95.0,95.0,95.0,0,0,0.007045578093716404
15,1,4,4,1,1,150.47000122070312,150.47,150.47,0,0,0.00412271608944963
13,0,4,4,1,1,19.950000762939453,19.95,19.95,0,0,1.848739495798291e-05
48,1,4,4,1,1,264.0,264.0,264.0,1,1,1.0
70,0,4,4,3,5,81.40500052769978,280.0,15.06,1,1,0.9999475640930103
21,0,4,4,1,1,49.029998779296875,49.03,49.03,0,0,0.0002406710299554031
31,1,4,4,1,1,59.9900016784668,59.99,59.99,0,0,0.0005070483046582461
65,0,4,4,1,2,24.18000078201294,39.99,8.37,0,0,0.00032579013427001596
16,0,0,4,1,1,28.0,28.0,28.0,0,0,1.968289985955307e-05
55,1,4,4,1,1,14.989999771118164,14.99,14.99,0,0,8.38068749601134e-06
13,0,4,4,1,4,70.125,127.51,11.0,1,1,0.9703913318064177
17,1,4,4,1,1,110.0,110.0,110.0,0,0,0.008121974627498339
57,1,4,4,2,5,179.8483330408732,903.0,20.87,1,1,0.9999551414391165
23,1,4,2,2,2,31.475000381469727,37.95,25.0,0,0,0.00045158729689032665
67,1,10,3,1,1,22.0,22.0,22.0,0,0,0.00017096285125990676
20,1,10,4,1,1,330.0,330.0,330.0,1,1,1.0
48,1,4,4,1,2,37.4950008392334,40.0,34.99,0,0,0.0006670404309485252
70,1,3,4,3,3,79.99666595458984,130.0,25.0,1,1,0.9976225924944248
54,0,4,1,1,2,72.34500026702881,120.0,24.69,0,0,0.20234524923849181
48,1,4,1,1,1,42.9900016784668,42.99,42.99,0,0,0.00036691406326162893
13,1,3,3,1,3,38.536666552225746,75.0,10.61,0,0,0.05211099737966588
14,1,4,4,3,3,42.99666659037272,79.0,22.0,0,1,0.5787056933801517
63,1,6,4,2,2,67.49499893188477,109.99,25.0,0,0,0.302543125930172
44,0,4,4,2,3,32.18000030517578,48.0,12.73,0,0,0.0035148213635325747
21,1,4,4,1,4,36.71000051498413,49.99,16.9,0,0,0.08007745868569983
31,1,8,4,1,1,38.84000015258789,38.84,38.84,0,0,1.1026084933102857e-05
43,1,3,3,2,2,72.69499969482422,125.0,20.39,0,0,0.28663067303723627
45,1,12,4,1,1,25.0,25.0,25.0,0,0,6.596489215394662e-05
55,0,4,4,2,2,59.0,94.0,24.0,0,0,0.23138078888527816
47,1,3,4,1,1,14.130000114440918,14.13,14.13,0,0,8.38068749601134e-06
23,1,6,4,1,1,8.0,8.0,8.0,0,0,3.2664699712926596e-06
49,1,4,1,1,1,75.0,75.0,75.0,0,0,0.00025751739801365786
26,1,13,1,1,1,27.0,27.0,27.0,0,0,2.3536740241562884e-05
60,0,4,4,1,1,13.289999961853027,13.29,13.29,0,0,2.5029540387088356e-05
13,0,10,4,2,3,35.31666692097982,52.0,17.95,0,0,0.06754244563262314
13,0,4,0,1,1,17.899999618530273,17.9,17.9,0,0,1.848739495798291e-05
39,0,13,4,1,1,12.9399995803833,12.94,12.94,0,0,1.968289985955307e-05
69,1,4,3,1,1,188.9499969482422,188.95,188.95,1,1,1.0
39,1,13,3,3,4,26.1349995136261,40.6,13.94,0,0,0.017772283236856142
24,0,4,4,2,2,36.5,48.0,25.0,0,0,0.0037226741836025225
56,0,0,4,1,1,82.0,82.0,82.0,0,0,0.0015334950698728206
39,1,11,4,2,5,73.07333342234294,199.0,17.37,1,1,0.9980350990562907
33,0,13,4,1,2,49.974998474121094,75.95,24.0,0,0,0.03897784004651755
17,1,13,3,1,2,84.75,148.0,21.5,0,0,0.3284191455179449
19,1,4,4,1,1,27.950000762939453,27.95,27.95,0,0,8.769423732588935e-05
44,1,4,4,2,3,113.90499973297119,358.0,28.0,1,1,0.9995260959429959
24,1,3,4,2,3,88.81333287556966,169.95,43.99,1,1,0.9999757328567749
61,0,4,2,2,2,39.99499988555908,60.0,19.99,0,0,0.008804670656906677
21,1,4,4,1,2,98.0,188.0,8.0,1,1,0.9918620978731789
35,1,4,4,1,1,90.41000366210938,90.41,90.41,0,0,0.003610878654295755
67,1,4,2,1,1,49.95000076293945,49.95,49.95,0,0,0.0003606494401841669
69,1,13,4,1,1,15.989999771118164,15.99,15.99,0,0,0.00017787038495488934
40,1,4,4,1,2,97.92999649047852,146.9,48.96,1,1,0.9940570232108412
23,0,3,4,2,2,99.9749984741211,149.95,50.0,1,1,0.9963154928909806
48,1,13,4,1,1,75.0,75.0,75.0,0,0,0.0005135136105996348
65,1,13,3,3,4,35.670000076293945,62.36,14.99,1,1,0.6788220427955788
29,0,4,3,1,2,32.2450008392334,44.99,19.5,0,0,0.0009612967629102104
56,0,3,4,1,1,16.899999618530273,16.9,16.9,0,0,2.5029540387088356e-05
59,1,13,4,1,2,32.97500038146973,37.95,28.0,0,0,0.0004851544303231972
16,0,13,4,2,3,43.096665700276695,105.56,10.0,0,1,0.5953978414295602
60,0,8,4,2,2,38.514999866485596,68.0,9.03,0,0,0.016407902144516765
33,1,4,4,4,4,76.35999965667725,169.5,25.0,1,1,0.999928495479676
34,0,6,3,2,2,13.800000190734863,15.0,12.6,0,0,0.00038154565931296187
32,1,3,4,1,1,18.0,18.0,18.0,0,0,0.00019807166477648751
53,0,13,3,4,5,36.01400032043457,68.0,9.0,1,1,0.9682405251111039
18,1,4,4,1,3,107.86999893188477,224.95,43.98,1,1,0.9999639358488261
49,0,4,3,2,2,56.49000072479248,98.08,14.9,0,0,0.13149596057290383
57,0,2,2,1,1,42.95000076293945,42.95,42.95,0,0,0.0001489923136702506
28,0,13,4,1,1,118.98999786376953,118.99,118.99,0,0,0.00866114047876733
16,0,3,4,1,4,22.547500133514404,29.99,9.26,0,0,0.0005135758125971443
47,0,4,4,2,4,47.98249959945679,79.99,19.99,1,1,0.9519033897733182
37,0,4,1,2,2,107.9950008392334,179.0,36.99,1,1,0.9986796793827896
19,1,13,4,1,2,62.0,99.0,25.0,0,0,0.17348935322005274
14,1,10,3,2,3,60.74500131607056,179.99,15.0,1,1,0.998216502808237
70,0,13,0,1,1,84.0,84.0,84.0,0,0,0.0027467833185003954
63,1,8,3,1,2,138.125,251.25,25.0,1,1,0.9998962737624615
29,1,10,4,1,1,39.0,39.0,39.0,0,0,1.1026084933102857e-05
32,1,13,4,3,5,44.617143051964895,115.0,2.8,1,1,0.9935656910994684
24,0,13,1,1,1,11.0,11.0,11.0,0,0,1.968289985955307e-05
21,1,4,4,1,1,26.899999618530273,26.9,26.9,0,0,3.2664699712926596e-06
62,0,13,4,1,2,26.255000591278076,39.95,12.56,0,0,0.00022481527261631918
17,1,13,4,1,1,29.989999771118164,29.99,29.99,0,0,3.1261012556062e-05
41,0,3,4,1,1,205.8000030517578,205.8,205.8,1,1,1.0
25,0,4,3,2,2,46.470001220703125,59.99,32.95,0,0,0.011917441733888536
51,0,4,2,3,3,44.264999866485596,79.0,8.0,1,1,0.593540031483756
36,1,11,4,1,1,85.0,85.0,85.0,0,0,0.002631182044902199
60,0,3,1,1,1,159.9499969482422,159.95,159.95,0,0,0.006475850279159122
52,0,4,4,1,4,74.87499952316284,158.0,29.99,1,1,0.9968168457640892
57,0,4,4,1,1,72.0,72.0,72.0,0,0,0.0007868067516824609
54,1,13,4,2,3,63.83000055948893,89.5,49.99,1,1,0.9724258479953091
46,1,4,0,3,4,38.23499917984009,69.95,21.99,0,1,0.600850160615489
44,0,4,1,1,1,13.729999542236328,13.73,13.73,0,0,2.5029540387088356e-05
52,1,3,0,1,2,99.74499893188477,99.99,99.5,1,1,0.869926855946866
14,1,3,4,1,1,15.989999771118164,15.99,15.99,0,0,2.0709650697224966e-06
32,0,12,4,1,1,74.5,74.5,74.5,0,0,0.0006871182048152438
12,1,11,4,1,1,18.950000762939453,18.95,18.95,0,0,2.0709650697224966e-06
39,1,4,4,1,1,89.5,89.5,89.5,0,0,0.0035606671805428368
41,1,13,4,1,1,9.0600004196167,9.06,9.06,0,0,4.840324911832688e-05
69,1,13,4,1,2,87.48999786376953,149.98,25.0,1,1,0.9824094256407925
51,1,4,4,2,2,68.8149995803833,122.64,14.99,0,0,0.2881967937687439
14,0,7,4,1,1,72.0,72.0,72.0,0,0,0.0002147692497137744
21,0,13,4,2,2,39.300000508626304,44.95,28.0,0,0,0.002364996427114335
17,1,12,3,1,1,15.989999771118164,15.99,15.99,0,0,3.2664699712926596e-06
68,0,13,3,1,2,41.25,60.0,22.5,0,0,0.00774675256423503
68,0,12,4,1,1,20.790000915527344,20.79,20.79,0,0,1.968289985955307e-05
39,0,13,4,1,1,100.0,100.0,100.0,0,0,0.008109299168743186
22,0,3,4,1,1,9.949999809265137,9.95,9.95,0,0,1.968289985955307e-05
70,1,4,4,2,2,42.0,60.0,24.0,0,0,0.010926008066486073
44,1,7,4,1,1,31.950000762939453,31.95,31.95,0,0,2.6115158370912287e-05
39,1,3,3,1,1,46.0,46.0,46.0,0,0,0.00018891680304050366
31,0,4,4,1,1,148.99000549316406,148.99,148.99,0,0,0.007103490697180637
26,1,0,4,4,3,67.5,179.0,8.0,1,1,0.9930697456165385
65,0,3,3,2,2,36.49499988555908,50.0,22.99,0,0,0.010623026728208019
16,1,6,3,1,1,15.949999809265137,15.95,15.95,0,0,3.2664699712926596e-06
67,0,3,4,1,3,69.64999993642171,125.0,8.95,1,1,0.9651726585924734
28,1,4,4,1,1,195.0,195.0,195.0,1,1,1.0
68,0,4,4,1,1,25.0,25.0,25.0,0,0,2.739300009085611e-05
15,1,6,3,1,1,49.720001220703125,49.72,49.72,0,0,9.961203296713072e-05
45,0,10,3,1,1,21.0,21.0,21.0,0,0,2.5029540387088356e-05
20,0,4,4,1,4,66.23750019073486,198.0,16.95,1,1,0.997653217688661
60,0,4,4,2,2,54.69999885559082,79.99,29.41,0,0,0.05754948217951217
63,0,4,3,1,3,37.663333892822266,63.0,15.0,0,0,0.06347649427629269
62,1,12,4,1,1,39.599998474121094,39.6,39.6,0,0,0.00021877875760420692
50,0,3,3,1,2,60.974998474121094,77.95,44.0,0,0,0.10859112576760334
14,1,4,4,1,1,188.0,188.0,188.0,1,1,1.0
36,0,12,4,1,1,48.0,48.0,48.0,0,0,0.00016294173422516854
38,0,4,4,1,1,49.9900016784668,49.99,49.99,0,0,0.0002566655377501212
66,0,4,4,1,1,29.989999771118164,29.99,29.99,0,0,4.374435633307277e-05
27,1,13,4,1,1,24.989999771118164,24.99,24.99,0,0,2.6355233439738017e-05
31,1,6,2,2,3,39.970001220703125,44.95,34.97,0,0,0.019863767984357808
24,1,10,4,1,1,25.0,25.0,25.0,0,0,3.2664699712926596e-06
52,1,4,4,1,1,125.0,125.0,125.0,0,0,0.005810154684566849
60,0,4,4,1,1,95.81999969482422,95.82,95.82,0,0,0.003516268865614515
26,0,10,4,4,4,42.56599998474121,99.0,16.99,1,1,0.9943871463848388
49,0,4,3,3,1,70.83000055948894,141.0,28.5,1,1,0.7461342890534397
28,1,0,4,1,1,16.950000762939453,16.95,16.95,0,0,3.2664699712926596e-06
34,1,13,4,1,1,87.94999694824219,87.95,87.95,0,0,0.006722550642287212
36,0,13,4,2,2,136.0,220.0,52.0,1,1,0.9997063134169185
63,0,13,3,1,1,35.9900016784668,35.99,35.99,0,0,1.02311040648322e-05
61,1,11,4,2,2,60.635000228881836,76.28,44.99,0,0,0.16153968634938518
28,0,0,4,1,1,3.6700000762939453,3.67,3.67,0,0,1.968289985955307e-05
59,0,4,4,4,3,37.96749973297119,64.0,6.99,0,0,0.3680040501696814
56,1,4,3,2,2,50.5,54.0,47.0,0,0,0.008230211181962932
57,0,4,4,1,2,83.22999954223633,88.0,78.46,0,0,0.099058370199204
19,1,4,4,1,1,178.0,178.0,178.0,1,1,1.0
45,1,4,4,1,1,56.97999954223633,56.98,56.98,0,0,0.0005567503843057496
47,0,4,3,2,2,63.89999961853027,95.82,31.98,0,0,0.23796866358120508
31,0,3,2,2,2,112.49000263214111,199.99,24.99,1,1,0.9982884115576703
36,0,10,1,1,1,42.439998626708984,42.44,42.44,0,0,3.720978790759609e-05
44,1,7,4,1,1,78.3566665649414,129.0,26.57,1,0,0.26153291589788735
14,1,3,4,1,4,80.8600001335144,158.0,14.99,1,1,0.9914116067095274
41,0,13,4,1,2,127.18999862670898,190.0,64.38,1,1,0.9999607657338881
52,1,4,4,1,1,5.0,5.0,5.0,0,0,8.38068749601134e-06
18,1,4,3,3,3,16.945000171661377,21.95,9.99,0,0,0.0030452771813139655
17,1,13,0,1,2,85.9000015258789,132.3,39.5,1,1,0.936866150316153
38,1,13,4,1,1,193.9499969482422,193.95,193.95,1,1,1.0
36,0,3,4,4,7,44.255714416503906,99.0,6.99,1,1,0.9957314760922218
70,0,13,2,1,1,12.5600004196167,12.56,12.56,0,0,1.968289985955307e-05
41,0,13,4,1,1,249.0,249.0,249.0,1,1,1.0
63,1,4,4,2,2,15.789999961853027,16.58,15.0,0,0,0.001751590400273906
68,0,4,4,1,1,39.9900016784668,39.99,39.99,0,0,7.47937935009802e-05
32,1,4,2,2,2,112.9900016784668,129.99,95.99,1,1,0.9943815527538155
37,0,4,1,2,2,14.994999885559082,19.99,10.0,0,0,0.00028921100835333315
42,0,3,4,1,1,122.98999786376953,122.99,122.99,0,0,0.00454373293797083
19,1,3,4,1,2,16.739999771118164,24.99,8.49,0,0,0.002148488816688279
56,1,13,4,2,3,30.839999516805012,49.03,13.5,0,0,0.010829873556772705
53,1,13,4,1,1,41.9900016784668,41.99,41.99,0,0,7.174997873202474e-05
55,1,4,2,3,4,43.8725004196167,59.5,22.0,1,1,0.9581590855186713
18,0,13,2,1,2,57.04999923706055,89.1,25.0,0,0,0.12120709612946134
27,0,13,4,2,2,35.9966672261556,42.0,24.0,0,0,0.0017871748931010526
26,0,3,4,3,3,65.05000003178914,178.0,7.27,1,1,0.9969360043567279
20,1,3,4,2,2,169.96499633789062,210.0,129.93,1,1,1.0
31,0,11,4,1,3,43.056666692097984,88.0,12.43,0,1,0.6077992686308267
30,1,8,3,1,1,20.0,20.0,20.0,0,0,3.2664699712926596e-06
43,1,4,4,3,4,43.92666721343994,59.5,14.99,1,1,0.9444373814737194
36,0,3,4,1,4,22.15750002861023,43.79,11.9,0,0,0.001305248080639942
60,0,13,4,2,2,38.489999771118164,54.0,22.98,0,0,0.00765289685859733
35,0,4,4,1,1,24.989999771118164,24.99,24.99,0,0,6.160052574650034e-05
53,0,8,3,1,1,36.0,36.0,36.0,0,0,2.3287844823670516e-05
69,1,3,2,1,1,127.94999694824219,127.95,127.95,0,0,0.007910476516138118
61,1,13,0,1,2,25.99000072479248,39.99,11.99,0,0,0.0016565149875862103
53,0,13,4,4,6,34.70250058174133,50.0,14.48,1,1,0.8834337562706982
49,1,6,4,1,1,53.54999923706055,53.55,53.55,0,0,0.0003092595832874911
51,1,4,1,1,1,173.9499969482422,173.95,173.95,1,1,1.0
30,1,4,4,1,1,16.440000534057617,16.44,16.44,0,0,3.2664699712926596e-06
61,1,4,3,1,1,27.389999389648438,27.39,27.39,0,0,8.38068749601134e-06
63,0,8,4,1,2,48.47500038146973,63.95,33.0,0,0,0.02546588983397504
69,1,3,4,1,1,25.0,25.0,25.0,0,0,2.4561917269474136e-05
65,1,4,4,1,1,27.0,27.0,27.0,0,0,0.00025046553172730504
61,0,4,4,1,2,39.970001220703125,39.99,39.95,0,0,0.003676366026420998
36,0,0,4,1,3,58.13666661580404,124.5,24.91,1,1,0.9647322726591024
25,0,4,3,1,1,49.45000076293945,49.45,49.45,0,0,0.00018486722833979907
20,1,4,4,2,2,33.99499988555908,38.0,29.99,0,0,0.0005673204520762118
48,1,4,4,2,4,81.5450005531311,202.99,10.49,1,1,0.9965176334404339
37,0,13,4,1,4,55.62249994277954,96.5,12.99,1,1,0.9471511042435058
18,1,3,1,1,1,29.989999771118164,29.99,29.99,0,0,8.172249087616648e-06
66,0,7,3,1,1,18.989999771118164,18.99,18.99,0,0,2.5029540387088356e-05
38,1,3,4,1,1,14.0,14.0,14.0,0,0,8.38068749601134e-06
46,0,13,4,1,2,55.99499988555908,99.0,12.99,0,0,0.1360643140744087
54,1,2,4,2,2,64.71500015258789,109.5,19.93,0,0,0.29304167164925743
15,1,7,4,1,3,51.4966672261556,69.5,39.99,0,0,0.39336919347516963
55,1,7,4,1,3,57.117501735687256,133.49,25.0,1,1,0.9853290524940832
67,1,13,3,2,3,23.65999984741211,29.99,19.99,0,0,0.0051941794055660314
42,1,10,4,1,1,59.0,59.0,59.0,0,0,0.0002982344032672919
53,1,0,4,4,5,36.476000213623045,55.95,16.95,1,1,0.9297831651186361
53,1,9,4,1,2,39.95000076293945,54.9,25.0,0,0,0.0013884833498159308
65,1,13,4,1,1,57.95000076293945,57.95,57.95,0,0,0.0004220947977220501
38,1,3,4,1,1,14.949999809265137,14.95,14.95,0,0,8.38068749601134e-06
37,0,13,4,3,4,36.2574999332428,79.99,9.5,0,1,0.6668168897751072
30,0,6,3,1,1,34.0,34.0,34.0,0,0,1.7941204296135235e-05
55,1,3,4,2,4,46.56333351135254,88.0,19.99,1,1,0.9550454394431397
67,1,4,4,1,2,124.51000213623047,199.99,49.03,1,1,0.9997914707452848
68,1,4,4,1,3,27.397500038146973,42.75,16.0,0,0,0.004340681709850885
68,0,12,0,1,3,47.66333325703939,90.0,10.99,0,1,0.5219963689097725
68,0,7,4,1,1,38.0,38.0,38.0,0,0,1.7941204296135235e-05
15,1,13,4,1,1,50.0,50.0,50.0,0,0,0.0005301383454247919
35,0,13,4,1,1,42.9900016784668,42.99,42.99,0,0,0.00015646154057379926
43,0,4,4,1,1,39.9900016784668,39.99,39.99,0,0,3.887495947555817e-05
26,1,4,4,1,1,19.989999771118164,19.99,19.99,0,0,3.2664699712926596e-06
17,0,13,4,2,2,63.5,89.0,38.0,0,0,0.17295679665004254
68,1,13,3,1,3,75.87000036239624,219.5,9.99,1,1,0.9959682912453454
62,0,4,4,1,1,290.2799987792969,290.28,290.28,1,1,1.0
21,1,13,4,1,2,26.994999885559082,30.0,23.99,0,0,0.00046833515689599826
70,1,7,4,2,2,30.24000072479248,46.99,13.49,0,0,0.004789768174382057
40,0,4,3,1,1,62.0,62.0,62.0,0,0,0.0003170620316336762
29,0,13,4,1,1,129.0,129.0,129.0,0,0,0.005023670755820311
36,0,13,4,1,2,28.760000705718994,48.4,9.12,0,0,0.0011841114152554503
64,1,13,4,3,3,56.24500036239624,100.0,9.99,1,1,0.6378128509321035
56,0,4,3,1,1,68.0,68.0,68.0,0,0,0.0003715145513380803
30,0,3,4,1,1,6.0,6.0,6.0,0,0,1.968289985955307e-05
41,0,12,4,2,2,13.0,16.0,10.0,0,0,0.0005123551993836049
57,0,6,4,2,2,41.4950008392334,42.0,40.99,0,0,0.0011886088385311
51,1,4,4,1,1,119.26000213623047,119.26,119.26,0,0,0.0064146504843721275
42,1,13,4,1,2,29.975000381469727,36.0,23.95,0,0,0.0006402213293704762
66,0,4,4,1,3,23.37000020345052,30.17,13.99,0,0,0.0018675079505265854
48,0,6,4,2,3,44.367499351501465,74.95,18.56,1,0,0.48249738418905863
24,1,2,4,1,2,87.49000358581543,139.99,34.99,1,1,0.9756212631646598
67,0,13,4,1,1,42.0,42.0,42.0,0,0,2.581821871671985e-05
27,1,6,4,1,1,12.779999732971191,12.78,12.78,0,0,3.2664699712926596e-06
43,0,4,3,1,1,27.0,27.0,27.0,0,0,6.694716627403562e-05
15,0,11,4,3,3,57.83750057220459,69.9,49.45,1,1,0.8623731711793354
41,0,4,3,1,1,26.979999542236328,26.98,26.98,0,0,6.694716627403562e-05
38,1,4,4,1,1,42.9900016784668,42.99,42.99,0,0,0.00046251826881614256
33,0,8,4,1,1,42.0,42.0,42.0,0,0,3.352831894802289e-05
66,1,3,4,2,2,100.97500038146973,170.0,31.95,1,1,0.9999192696938113
51,1,12,3,2,2,100.06500053405762,142.5,57.63,1,1,0.9981780656066058
15,0,3,4,1,1,49.9900016784668,49.99,49.99,0,0,0.00015659149257759482
30,1,10,4,2,3,40.453332583109535,79.99,15.44,0,0,0.15875880251113833
63,0,4,4,1,1,19.989999771118164,19.99,19.99,0,0,4.835768968724385e-05
15,0,4,4,1,1,42.220001220703125,42.22,42.22,0,0,2.4917948482181724e-05
43,0,3,4,2,2,25.96500015258789,34.98,16.95,0,0,0.0006807443258730159
41,1,4,4,3,3,39.806666692097984,89.93,4.49,0,0,0.3691374937977502
54,0,8,2,1,1,242.0,242.0,242.0,1,1,1.0
17,0,3,4,2,2,19.264999866485596,29.99,8.54,0,0,0.0004422405930585687
30,1,7,4,1,1,63.7400016784668,63.74,63.74,0,0,0.000857308409686109
65,1,12,4,1,1,199.9499969482422,199.95,199.95,1,1,1.0
28,0,0,4,1,1,19.979999542236328,19.98,19.98,0,0,1.968289985955307e-05
31,1,6,4,1,1,9.949999809265137,9.95,9.95,0,0,3.2664699712926596e-06
17,1,4,3,1,1,15.0,15.0,15.0,0,0,3.2664699712926596e-06
58,1,10,3,1,1,298.0,298.0,298.0,1,1,1.0
66,0,8,0,1,1,23.989999771118164,23.99,23.99,0,0,2.5029540387088356e-05
19,1,6,1,1,3,61.72999827067057,89.95,24.0,1,1,0.93972041784867
18,1,4,4,1,3,47.1499989827474,69.45,25.0,0,0,0.49301790053234745
43,1,4,4,2,3,69.32333183288574,109.99,17.99,1,1,0.9747248380225005
31,1,3,3,4,3,19.480000019073486,31.95,11.99,0,0,0.006218814045840007
40,0,4,2,3,8,37.90999984741211,114.99,6.99,1,1,0.983891979353595
66,1,3,4,1,2,94.73249816894531,274.99,24.0,1,1,0.9996980900483992
58,0,2,4,1,1,199.0,199.0,199.0,1,1,1.0
29,1,4,4,1,1,48.0,48.0,48.0,0,0,0.00032880537140709767
24,0,10,4,1,1,35.959999084472656,35.96,35.96,0,0,2.4917948482181724e-05
27,0,3,4,2,2,32.5,50.0,15.0,0,0,0.0013679517126071559
69,0,4,4,1,4,59.052499532699585,129.95,9.88,1,1,0.9569242842889646
21,0,4,4,2,2,144.49499893188477,189.0,99.99,1,1,1.0
59,1,3,4,1,1,34.970001220703125,34.97,34.97,0,0,5.04468347699994e-05
58,0,13,0,3,4,85.16499996185303,184.72,10.0,1,1,0.9998030527258983
38,1,4,4,1,1,23.329999923706055,23.33,23.33,0,0,8.38068749601134e-06
34,1,4,3,1,1,19.989999771118164,19.99,19.99,0,0,8.38068749601134e-06
15,1,4,4,1,2,41.99000072479248,53.99,29.99,0,0,0.002005947421749252
20,0,13,4,1,1,23.450000762939453,23.45,23.45,0,0,1.968289985955307e-05
23,1,7,4,1,1,89.94999694824219,89.95,89.95,0,0,0.003369990368037503
68,1,13,2,1,3,45.47666613260905,76.49,19.99,0,0,0.44941536650802455
25,1,3,4,4,6,158.0849984486898,499.99,29.52,1,1,0.9999883720930233
64,1,4,4,2,2,45.51499938964844,48.05,42.98,0,0,0.011224167766776276
39,0,13,4,3,4,80.13399925231934,104.0,26.97,1,1,0.9979321116926083
18,1,10,4,3,4,150.1125030517578,349.98,55.0,1,1,0.9999500934666371
67,1,11,4,2,2,102.36500358581543,144.74,59.99,1,1,0.9992430343461177
44,0,4,4,1,4,30.72000026702881,52.0,12.99,0,0,0.007591557065225803
26,0,4,2,1,2,165.0,225.0,105.0,1,1,0.9997676014836898
64,1,4,1,1,1,30.0,30.0,30.0,0,0,1.737673467503296e-05
32,1,13,4,2,3,41.05250024795532,63.95,15.27,0,0,0.10782353613748256
17,0,11,4,1,1,76.75,76.75,76.75,0,0,0.000879040340910378
25,1,4,0,1,2,31.795000076293945,38.59,25.0,0,0,0.0002474715929580935
36,1,13,0,1,1,193.9499969482422,193.95,193.95,1,1,1.0
33,1,0,4,1,1,49.5,49.5,49.5,0,0,0.00030766967838028673
68,0,4,4,1,3,43.329999923706055,88.0,10.99,0,1,0.5014461187217372
54,0,4,3,1,1,39.900001525878906,39.9,39.9,0,0,6.455331937662784e-05
59,0,4,4,1,2,41.99499988555908,70.0,13.99,0,0,0.008842160393407695
59,0,8,4,1,3,99.16666666666667,238.0,25.5,1,1,0.9990065708699197
69,0,4,4,1,1,160.0,160.0,160.0,0,0,0.0056381082334399325
32,0,11,4,1,1,13.989999771118164,13.99,13.99,0,0,1.968289985955307e-05
63,1,7,3,1,1,3.990000009536743,3.99,3.99,0,0,0.00015478162148644398
55,1,13,4,1,2,37.5,50.0,25.0,0,0,0.0019173956636389547
46,0,13,4,1,1,57.0,57.0,57.0,0,0,0.000855887377896581
37,1,4,4,2,3,31.39000066121419,34.99,27.99,0,0,0.001518938357271084
66,1,3,4,2,4,42.72500038146973,59.95,24.95,1,1,0.936069298476673
14,1,13,1,1,1,59.9900016784668,59.99,59.99,0,0,0.0004705456477154119
50,0,10,4,1,4,20.25499963760376,35.03,6.99,0,0,0.001371429439038319
68,1,13,4,1,1,31.170000076293945,31.17,31.17,0,0,0.0001948522874493829
50,0,4,4,1,3,54.98750019073486,109.0,30.98,1,1,0.6688761769456594
18,0,4,4,1,1,59.9900016784668,59.99,59.99,0,0,0.00029188223007487444
30,1,13,3,2,4,92.20599899291992,208.0,25.0,1,1,0.9998624060781661
46,0,3,0,2,2,92.5,160.0,25.0,1,1,0.9985540077101256
53,0,6,4,1,1,45.08000183105469,45.08,45.08,0,0,0.00019217892713087686
15,0,13,4,2,2,70.0,120.0,20.0,0,0,0.19981848784243234
66,0,13,2,1,2,81.99499893188477,119.99,44.0,0,0,0.21633645444186272
16,0,3,4,1,2,29.494999885559082,34.0,24.99,0,0,0.0007421259584762384
26,0,4,4,1,1,25.0,25.0,25.0,0,0,6.160052574650034e-05
53,0,13,4,2,2,199.65000025431314,399.0,24.95,1,1,0.9993529395638215
59,0,0,4,1,1,119.0,119.0,119.0,0,0,0.008781922403596827
14,0,4,1,2,2,9.125,12.25,6.0,0,0,0.0004023197797521333
40,0,11,4,2,2,59.44999980926514,99.0,19.9,0,0,0.22006026805490872
20,1,3,4,2,2,23.65000009536743,35.0,12.3,0,0,0.0018708507047644882
35,1,8,4,1,1,240.0,240.0,240.0,1,1,1.0
65,1,12,4,4,5,210.21799964904784,903.0,20.0,1,1,0.9998869221928729
42,1,0,4,1,2,68.43000221252441,93.87,42.99,0,0,0.18440755220035815
58,0,4,4,2,2,21.489999771118164,22.99,19.99,0,0,0.0008646562891625142
66,0,10,2,2,2,58.97500038146973,69.0,48.95,0,0,0.11070508672077103
58,1,4,4,1,1,31.989999771118164,31.99,31.99,0,0,9.181360217042095e-06
55,0,4,4,1,2,21.27999973297119,24.0,18.56,0,0,0.0004506974868620013
33,1,13,4,1,1,11.989999771118164,11.99,11.99,0,0,4.840324911832688e-05
63,1,3,4,2,5,53.52199935913086,85.63,27.99,1,1,0.9271897497004263
48,1,13,4,2,2,52.9966672261556,63.99,40.0,0,0,0.020420225131198285
48,1,11,1,1,2,51.72000026702881,79.0,24.44,0,0,0.04982916316777152
59,1,13,4,1,1,89.0,89.0,89.0,0,0,0.0062997285442827535
47,1,11,4,2,5,52.40600028038025,135.0,3.8,1,1,0.9643901856565159
22,1,4,4,2,2,34.49499988555908,39.0,29.99,0,0,0.001252052724793046
20,0,13,2,3,6,47.78000036875407,98.0,20.0,1,1,0.9894844170288821
24,1,13,2,1,1,38.0,38.0,38.0,0,0,0.0006079205455681319
60,0,0,3,1,2,52.46999931335449,69.95,34.99,0,0,0.03418672370896158
35,0,3,4,1,1,24.950000762939453,24.95,24.95,0,0,5.3890425515197304e-05
26,0,10,4,1,1,169.0,169.0,169.0,0,0,0.013405103654207946
24,1,4,4,2,5,41.36600036621094,70.0,4.5,1,1,0.925449444925577
52,0,13,4,3,6,77.48625040054321,194.0,24.0,1,1,0.9999940678073238
26,1,4,4,1,1,120.0,120.0,120.0,0,0,0.008111437234350247
33,1,10,3,1,1,29.8799991607666,29.88,29.88,0,0,2.324352058015904e-05
44,0,13,4,1,2,54.355000019073486,100.0,8.71,0,0,0.15696452534716834
54,1,13,3,1,2,106.49500274658203,174.99,38.0,1,1,0.9997172968809018
50,1,4,3,1,1,18.0,18.0,18.0,0,0,8.38068749601134e-06
40,1,3,4,1,1,149.99000549316406,149.99,149.99,0,0,0.003940054755744703
56,0,10,4,1,1,15.899999618530273,15.9,15.9,0,0,2.5029540387088356e-05
28,0,3,4,3,4,26.775999355316163,69.95,7.9,0,0,0.11506830181447138
53,0,13,4,1,2,18.399999618530273,24.9,11.9,0,0,0.0009746747820104423
14,0,4,4,2,2,35.47000026702881,43.95,26.99,0,0,0.002596810554945822
14,1,7,4,1,1,25.0,25.0,25.0,0,0,2.0709650697224966e-06
18,0,4,4,4,5,43.03200054168701,98.5,8.39,1,1,0.9954137553217476
20,0,6,1,1,2,64.4950008392334,84.0,44.99,0,0,0.09012077037716201
15,1,13,4,1,1,23.43000030517578,23.43,23.43,0,0,3.2664699712926596e-06
38,0,10,4,1,3,16.65999984741211,25.0,5.99,0,0,6.957836804670473e-05
55,0,7,4,1,1,47.040000915527344,47.04,47.04,0,0,0.00014211774352934994
41,0,6,3,2,2,30.4950008392334,36.99,24.0,0,0,0.0008383046443969776
20,1,13,4,2,2,31.134999990463257,68.0,12.0,0,0,0.01248681383625456
67,0,12,4,2,2,62.25,99.5,25.0,0,0,0.2533335681190073
62,0,7,4,1,1,51.95000076293945,51.95,51.95,0,0,0.00013472355573507415
15,0,4,4,1,1,70.0,70.0,70.0,0,0,0.0003551104241079628
30,0,7,4,2,3,150.33333333333334,228.0,25.0,1,1,0.9998027838239348
67,1,11,4,1,1,38.5,38.5,38.5,0,0,0.00017872246622171697
38,0,12,4,3,4,47.24749994277954,99.0,12.0,1,1,0.9878061027825321
25,1,4,3,1,1,49.95000076293945,49.95,49.95,0,0,0.0002534213187697623
18,0,10,4,1,1,28.0,28.0,28.0,0,0,2.739300009085611e-05
26,0,3,2,1,2,51.13999938964844,67.93,34.35,0,0,0.02697782440563741
38,0,4,4,1,1,14.989999771118164,14.99,14.99,0,0,1.968289985955307e-05
41,1,3,1,1,2,81.98999977111816,109.99,53.99,0,0,0.1352533655801688
17,0,13,4,1,2,105.79999923706055,122.6,89.0,1,1,0.99084142655042
49,1,8,4,2,3,26.476666768391926,41.0,13.43,0,0,0.0032447151497200745
51,0,7,4,1,1,89.0,89.0,89.0,0,0,0.0035715780004125157
12,0,3,4,1,1,19.989999771118164,19.99,19.99,0,0,1.848739495798291e-05
62,1,10,4,2,4,70.84000015258789,189.0,24.5,1,1,0.998492448519524
25,0,3,2,1,1,41.95000076293945,41.95,41.95,0,0,2.204631069142847e-05
61,1,6,4,1,1,64.94999694824219,64.95,64.95,0,0,0.00082279327040582
13,1,11,1,1,1,25.0,25.0,25.0,0,0,2.0709650697224966e-06
19,0,6,1,1,3,88.32999992370605,129.0,11.99,1,1,0.9811182753626653
55,0,13,4,2,2,24.996666590372723,34.0,14.99,0,0,0.0008926578907326475
54,1,4,2,2,5,23.404000091552735,26.59,14.0,0,0,0.0326355378178265
23,0,4,3,1,1,12.949999809265137,12.95,12.95,0,0,1.968289985955307e-05
39,1,3,4,1,1,120.0,120.0,120.0,0,0,0.0071182513009672
33,1,7,4,2,2,33.9950008392334,42.99,25.0,0,0,0.000454155364348239
47,0,6,3,1,1,23.989999771118164,23.99,23.99,0,0,5.923706604273259e-05
33,1,13,4,2,4,47.532501220703125,81.9,14.5,1,1,0.9591498878795994
62,1,2,4,2,4,50.42500019073486,69.39,30.36,1,1,0.944308930946594
42,0,3,4,1,1,195.0,195.0,195.0,1,1,1.0
69,1,3,4,1,2,15.863333384195963,24.99,11.1,0,0,0.001465996993857524
28,0,13,2,2,5,56.47399978637695,130.0,14.49,1,1,0.9762628517867785
47,1,13,4,2,2,28.97000026702881,32.95,24.99,0,0,0.0007908474798595389
49,1,4,4,1,1,41.9900016784668,41.99,41.99,0,0,3.172741710970919e-05
17,0,4,1,3,6,76.38142844608852,348.0,7.46,1,1,0.9994092163702768
64,1,6,4,1,1,19.0,19.0,19.0,0,0,0.00017096285125990676
42,1,3,1,1,1,44.970001220703125,44.97,44.97,0,0,0.00015970937067704568
52,0,13,4,1,1,42.9900016784668,42.99,42.99,0,0,0.00017123986569695195
60,1,3,4,1,1,104.55999755859375,104.56,104.56,0,0,0.008047544765208199
44,1,4,4,2,2,111.48500061035156,189.0,33.97,1,1,0.9995308881166841
53,1,13,4,1,1,19.969999313354492,19.97,19.97,0,0,4.840324911832688e-05
42,0,3,4,4,6,33.56333303451538,69.95,6.99,1,1,0.9310904577773208
56,0,4,3,1,3,88.51749992370605,138.0,12.0,1,1,0.9895948057809753
18,1,4,2,3,3,51.95333353678385,78.92,36.95,0,0,0.41733518562410693
28,0,11,4,1,1,27.950000762939453,27.95,27.95,0,0,2.739300009085611e-05
14,1,13,3,1,1,18.989999771118164,18.99,18.99,0,0,2.0709650697224966e-06
61,1,13,4,3,4,45.7475004196167,59.99,25.0,1,1,0.9677132624550852
56,0,0,4,2,5,29.142000007629395,54.95,10.58,0,0,0.3858998457885373
33,1,7,0,1,2,59.7450008392334,59.99,59.5,0,0,0.03212637616520431
24,1,4,4,1,1,48.95000076293945,48.95,48.95,0,0,0.0003357821155931441
32,1,4,1,2,5,92.12000007629395,325.0,12.51,1,1,0.9998349224806559
52,0,3,3,1,2,23.22499942779541,35.96,10.49,0,0,0.001134794405118934
16,1,4,4,2,2,49.9950008392334,55.0,44.99,0,0,0.008473654282861827
39,1,4,4,2,2,118.19000244140625,179.99,56.39,1,1,0.9994276226033159
48,0,6,4,1,1,14.59000015258789,14.59,14.59,0,0,2.5029540387088356e-05
68,1,4,2,1,1,102.9000015258789,102.9,102.9,0,0,0.008990104085275338
45,1,4,4,2,2,36.2466672261556,39.9,29.27,0,0,0.002154676309363565
19,0,4,4,1,2,38.97500038146973,63.95,14.0,0,0,0.005658355541470863
57,0,3,4,1,2,62.25,76.5,48.0,0,0,0.12344238047373603
57,0,0,4,1,1,19.899999618530273,19.9,19.9,0,0,2.5029540387088356e-05
42,0,3,1,2,2,65.45000076293945,98.0,32.9,0,0,0.22228128846017722
32,1,4,4,1,3,126.66333516438802,179.99,74.0,1,1,1.0
48,1,13,4,1,1,160.0,160.0,160.0,0,0,0.004095306909794605
22,1,4,4,1,4,85.92499995231628,158.0,15.7,1,1,0.9947415823265535
56,0,13,3,1,1,29.989999771118164,29.99,29.99,0,0,7.359466274078951e-06
24,1,4,4,1,1,99.94999694824219,99.95,99.95,0,0,0.005771971491972389
67,0,4,4,2,2,44.4950008392334,54.0,34.99,0,0,0.014902543350985308
21,0,4,2,1,3,64.31333414713542,128.0,27.95,1,1,0.976266571124219
61,1,4,4,3,3,40.983333587646484,62.0,19.0,0,0,0.20155108066704194
52,1,4,3,1,1,25.0,25.0,25.0,0,0,8.38068749601134e-06
43,1,12,4,2,2,41.970001220703125,54.99,28.95,0,0,0.004653398808434967
59,1,4,4,1,1,15.0,15.0,15.0,0,0,8.38068749601134e-06
30,1,13,2,4,7,36.901110861036514,79.95,10.76,1,1,0.9837496578369485
39,1,3,4,1,1,30.0,30.0,30.0,0,0,9.181360217042095e-06
22,1,13,4,2,2,56.994998931884766,69.99,44.0,0,0,0.05003819451329099
19,1,0,3,1,1,53.0,53.0,53.0,0,0,0.000583205240431041
51,1,13,4,1,2,27.235000133514404,36.0,18.95,0,0,0.00046276699837827034
18,1,13,3,1,1,49.9900016784668,49.99,49.99,0,0,0.00012726644056627783
35,0,4,4,2,3,80.66666666666667,145.0,42.0,1,1,0.9960149386045903
22,0,13,4,1,3,63.98250150680542,129.99,16.49,1,1,0.9826938009581664
40,1,4,4,2,3,35.65000025431315,59.97,16.99,0,0,0.07552647248169236
42,1,4,2,1,1,115.0,115.0,115.0,0,0,0.010747724082860032
45,1,3,4,1,1,25.0,25.0,25.0,0,0,8.38068749601134e-06
26,0,7,4,2,2,33.99499988555908,36.0,31.99,0,0,0.0006610928442350316
50,0,10,4,4,3,95.875,148.0,58.0,1,1,0.9998615118449671
58,0,4,3,1,1,24.0,24.0,24.0,0,0,2.5029540387088356e-05
15,0,11,3,1,1,24.989999771118164,24.99,24.99,0,0,6.160052574650034e-05
62,1,4,4,1,2,59.084999084472656,68.67,49.5,0,0,0.079530780033455
66,1,4,4,1,1,73.9800033569336,73.98,73.98,0,0,0.0007280633331154775
66,1,0,4,2,3,108.66333516438802,160.0,26.0,1,1,0.9993162109187378
40,1,3,4,3,4,54.24749946594238,89.99,30.0,1,1,0.9829516090126862
19,1,13,4,1,1,39.9900016784668,39.99,39.99,0,0,0.00012551935994219138
15,1,4,4,2,2,59.96999931335449,99.99,19.95,0,0,0.2621041995938922
43,0,13,3,1,4,66.75,179.0,11.01,1,1,0.9983227012558763
58,1,4,3,1,1,124.98999786376953,124.99,124.99,0,0,0.009049018989052464
24,0,6,4,1,1,80.0,80.0,80.0,0,0,0.0005036746050020072
65,1,10,4,1,1,68.69000244140625,68.69,68.69,0,0,0.0003852199430593778
54,0,4,4,3,2,55.333333333333336,83.0,24.0,0,0,0.4986943105325248
44,1,7,4,1,4,72.62249994277954,176.0,19.99,1,1,0.9963187495746283
57,0,3,4,1,1,18.479999542236328,18.48,18.48,0,0,2.5029540387088356e-05
61,1,6,4,1,1,199.99000549316406,199.99,199.99,1,1,1.0
14,0,7,0,1,1,14.949999809265137,14.95,14.95,0,0,1.848739495798291e-05
67,0,12,4,1,2,57.5,79.0,36.0,0,0,0.12601820842253691
16,0,4,4,1,2,32.86999988555908,67.0,19.5,0,0,0.009179453596949091
63,1,2,2,1,1,69.48999786376953,69.49,69.49,0,0,0.000560213695813069
52,1,3,4,1,2,42.58500099182129,51.95,33.22,0,0,0.012956361671727194
21,1,13,4,1,3,93.2475004196167,205.0,25.0,1,1,0.9998725695652817
27,1,13,4,1,2,57.47500038146973,95.0,19.95,0,0,0.1711467699863686
14,1,4,4,1,1,49.5,49.5,49.5,0,0,0.00027120040980123486
65,0,4,4,1,1,15.539999961853027,15.54,15.54,0,0,4.835768968724385e-05
36,0,13,4,1,1,27.950000762939453,27.95,27.95,0,0,1.968289985955307e-05
17,1,8,4,2,1,43.96500015258789,59.5,28.43,0,0,0.01340081338478451
68,0,11,3,4,4,34.022499084472656,74.95,9.16,0,1,0.5355560283994717
69,1,13,4,1,1,60.0,60.0,60.0,0,0,0.0008205311300964822
54,0,3,4,2,3,19.3133331934611,28.0,14.95,0,0,0.0024502206875750697
17,1,10,4,1,1,18.0,18.0,18.0,0,0,3.2664699712926596e-06
20,0,3,2,1,1,65.94999694824219,65.95,65.95,0,0,0.0007148698585248063
59,0,6,2,1,2,73.9950008392334,98.0,49.99,0,0,0.14123175805166707
42,1,7,1,1,1,12.0,12.0,12.0,0,0,3.2664699712926596e-06
44,0,13,4,1,1,32.97000026702881,49.95,15.99,0,0,0.00015846010881824312
57,1,4,4,1,1,104.5,104.5,104.5,0,0,0.009073563564210525
41,0,4,4,1,1,176.55999755859375,176.56,176.56,1,1,1.0
62,1,4,3,2,3,33.91666603088379,46.76,25.0,0,0,0.009465669028189058
59,0,13,4,1,2,19.369999885559082,29.99,8.75,0,0,0.00022481527261631918
58,1,13,4,1,1,151.25,151.25,151.25,0,0,0.010795441909053216
24,1,4,2,3,3,48.826667149861656,82.5,23.99,0,1,0.5381151182537027
61,0,3,3,1,1,14.949999809265137,14.95,14.95,0,0,2.5029540387088356e-05
67,1,4,4,2,3,51.11999988555908,99.0,9.36,0,1,0.5644248314111081
24,1,3,4,1,2,23.989999771118164,29.99,17.99,0,0,0.0003057041244460282
31,0,3,2,1,1,37.0,37.0,37.0,0,0,1.5069566505381985e-05
19,0,0,1,2,3,43.99666659037272,88.0,15.99,0,1,0.5435376547984876
56,0,13,4,1,1,26.989999771118164,26.99,26.99,0,0,1.968289985955307e-05
63,1,1,2,1,1,19.5,19.5,19.5,0,0,0.0005227458404153808
42,0,13,4,1,1,27.950000762939453,27.95,27.95,0,0,1.968289985955307e-05
19,1,13,4,1,3,124.74666595458984,161.25,95.0,1,1,1.0
68,1,13,4,1,1,26.5,26.5,26.5,0,0,0.00019405161472835211
36,1,13,3,1,2,30.484999656677246,44.0,16.97,0,0,0.005575580414297546
30,0,4,3,3,3,39.99666659037272,68.0,24.99,0,0,0.14636766800078366
20,1,11,4,1,1,49.79999923706055,49.8,49.8,0,0,0.00020140598069986055
34,0,11,4,3,4,18.46250009536743,34.0,11.34,0,0,0.008476789398009736
40,0,13,4,1,1,12.0,12.0,12.0,0,0,1.968289985955307e-05
47,1,6,4,2,3,36.263333320617676,49.5,9.79,0,0,0.05483990060786786
37,1,6,4,1,1,121.48999786376953,121.49,121.49,0,0,0.01157277006633479
60,0,7,3,1,2,50.0,88.0,12.0,0,0,0.08700618134692294
34,0,13,4,1,1,29.950000762939453,29.95,29.95,0,0,7.359466274078951e-06
41,1,7,4,1,1,55.279998779296875,55.28,55.28,0,0,0.0003487841905630125
32,0,13,4,1,1,59.9900016784668,59.99,59.99,0,0,0.0020606130711234524
33,1,10,4,1,1,48.650001525878906,48.65,48.65,0,0,0.0002159606221150411
66,0,7,3,1,3,42.862499952316284,89.0,9.95,1,1,0.521031022390749
22,0,11,1,1,2,21.5,24.0,19.0,0,0,0.0006935042798145629
19,0,4,4,2,2,34.975000858306885,59.99,9.96,0,0,0.0187969504374537
34,1,4,4,1,1,16.5,16.5,16.5,0,0,8.38068749601134e-06
35,1,6,4,1,1,14.989999771118164,14.99,14.99,0,0,2.5314485649881535e-05
21,0,11,4,2,5,27.488000106811523,68.0,6.99,0,0,0.21093143453419722
33,0,13,4,2,2,90.5,148.0,33.0,1,1,0.9941670215147801
65,0,7,1,1,2,22.369999885559082,29.99,14.75,0,0,0.0005867789837992309
61,1,7,1,1,4,75.84499931335449,129.0,52.39,1,1,0.9855167815155856
69,1,12,2,2,3,26.610000610351562,54.99,11.05,0,0,0.02261883032127988
70,0,4,4,1,1,79.94999694824219,79.95,79.95,0,0,0.0007041075417009851
57,0,8,4,1,2,58.75,68.0,49.5,0,0,0.05798780739521765
49,1,11,4,1,1,5.989999771118164,5.99,5.99,0,0,2.5314485649881535e-05
58,1,3,4,2,2,56.470001220703125,62.95,49.99,0,0,0.03455598206968669
49,1,3,4,1,2,53.28999996185303,90.39,16.19,0,0,0.12417433988629606
48,1,12,3,2,4,50.48499870300293,82.95,16.0,1,1,0.9614582598241447
36,0,4,4,2,2,38.4950008392334,52.99,24.0,0,0,0.004773793900646179
53,1,3,2,1,1,35.0,35.0,35.0,0,0,4.757519697924615e-05
47,0,7,4,1,1,41.45000076293945,41.45,41.45,0,0,0.0002974956491307304
36,0,4,2,1,1,49.95000076293945,49.95,49.95,0,0,0.0001750188463629993
57,0,4,4,2,4,117.73750019073486,188.0,29.95,1,1,0.9999354583689087
60,1,13,4,1,2,47.29999923706055,55.0,39.6,0,0,0.008049799297291655
50,1,7,3,1,1,17.6200008392334,17.62,17.62,0,0,2.5314485649881535e-05
16,0,10,4,1,1,55.95000076293945,55.95,55.95,0,0,0.004138659872073735
56,1,13,4,1,1,9.75,9.75,9.75,0,0,4.840324911832688e-05
18,1,4,4,1,1,25.0,25.0,25.0,0,0,3.2664699712926596e-06
65,0,4,4,1,2,40.0699987411499,69.99,10.15,0,0,0.009754537191749214
35,1,11,4,1,1,48.0,48.0,48.0,0,0,0.0001188732434742645
34,0,13,4,1,1,62.0,62.0,62.0,0,0,0.0003344184426593611
17,1,7,3,1,3,40.96999867757162,89.95,15.99,0,0,0.21655555491261336
51,1,4,3,2,4,209.4,903.0,25.0,1,1,0.9998596739742928
58,0,4,3,1,1,54.9900016784668,54.99,54.99,0,0,0.00019940739074221516
24,0,3,4,1,1,28.989999771118164,28.99,28.99,0,0,3.355696146336489e-05
36,1,3,4,1,1,199.9499969482422,199.95,199.95,1,1,1.0
18,0,7,4,1,2,23.550000190734863,35.0,12.1,0,0,0.0007656047214054551
34,0,0,4,1,1,53.75,53.75,53.75,0,0,0.0003121888495951514
13,1,13,4,2,2,231.49499893188477,395.0,67.99,1,1,0.9996617543740676
54,1,4,4,1,1,40.0,40.0,40.0,0,0,7.29928916626665e-05
24,0,12,4,1,1,22.799999237060547,22.8,22.8,0,0,1.968289985955307e-05
23,1,3,3,1,1,149.5,149.5,149.5,0,0,0.00993626348462964
51,0,6,4,1,1,58.0,58.0,58.0,0,0,0.0006310029639330377
31,0,4,4,1,1,9.949999809265137,9.95,9.95,0,0,1.968289985955307e-05
15,0,4,4,1,1,104.0,104.0,104.0,0,0,0.008496127631763812
50,0,13,4,4,7,88.46777799394395,450.0,8.98,1,1,0.9998898097171203
18,1,3,0,2,4,42.99000015258789,85.0,15.0,1,1,0.9575105972202165
58,0,3,4,1,1,9.0,9.0,9.0,0,0,2.5029540387088356e-05
23,1,7,4,2,2,96.5,176.0,17.0,1,1,0.9977820833041677
34,1,7,4,2,1,68.69999885559082,100.95,36.45,0,0,0.1830433684681441
22,1,4,1,1,2,57.97500038146973,70.0,45.95,0,0,0.08160221281760262
44,1,7,0,3,3,161.86499881744385,424.5,57.98,1,1,0.9999068387117116
21,1,4,4,1,1,48.970001220703125,48.97,48.97,0,0,0.0002231076223004799
25,1,13,1,1,1,19.989999771118164,19.99,19.99,0,0,2.3536740241562884e-05
35,0,13,1,1,2,28.125,50.0,6.25,0,0,0.0017203428112035164
51,1,4,1,1,1,55.0,55.0,55.0,0,0,0.00022440633341734524
57,1,10,4,4,6,63.83999983469645,179.0,15.99,1,1,0.9998959493537888
38,0,3,4,1,1,13.619999885559082,13.62,13.62,0,0,1.968289985955307e-05
45,0,4,4,1,3,71.31666692097981,130.0,37.95,1,1,0.9747825628744397
55,0,3,4,2,3,21.483333269755047,29.5,9.95,0,0,0.0007417189532274221
61,1,11,0,1,2,54.0,75.0,33.0,0,0,0.04144590217207023
49,0,13,4,1,1,25.0,25.0,25.0,0,0,5.3890425515197304e-05
52,1,4,3,2,4,84.99749994277954,149.5,28.99,1,1,0.995382077660879
14,0,7,4,3,3,24.070000012715656,52.0,7.0,0,0,0.010517562291864797
45,1,13,4,2,2,22.02999973297119,29.99,14.07,0,0,0.0016612820798634683
50,1,11,4,2,3,46.643333435058594,64.95,34.99,0,0,0.4040349940284083
24,0,3,4,3,5,87.73000030517578,150.0,29.18,1,1,0.9999971695442966
37,0,4,4,1,1,25.0,25.0,25.0,0,0,6.160052574650034e-05
32,0,13,4,1,2,55.96000003814697,99.0,12.92,0,0,0.12331973566697091
55,1,11,1,1,1,47.95000076293945,47.95,47.95,0,0,4.628042890338799e-05
14,1,4,3,1,1,53.25,53.25,53.25,0,0,0.00028234669562140005
38,0,13,4,3,6,142.05999994277954,903.0,10.0,1,1,0.9999855522481395
15,0,3,4,1,2,79.27999877929688,105.56,53.0,0,0,0.12698676046587093
27,1,13,4,2,2,44.9900016784668,49.99,39.99,0,0,0.008346854353858638
13,0,2,4,1,1,12.890000343322754,12.89,12.89,0,0,1.848739495798291e-05
38,1,4,4,1,2,21.394999504089355,27.8,14.99,0,0,0.0011569265230718655
42,0,13,4,3,4,40.63799991607666,158.0,7.2,1,1,0.843571169496892
43,1,4,4,2,3,98.65999984741211,265.0,14.99,1,1,0.9996196038098171
64,0,7,4,1,1,49.5,49.5,49.5,0,0,0.00012733941840619724
64,0,4,3,2,3,44.21999994913737,86.0,11.66,0,1,0.5544346832820654
65,1,12,4,1,1,25.969999313354492,25.97,25.97,0,0,0.00021161325776397188
45,1,4,4,1,1,98.33000183105469,98.33,98.33,0,0,0.005053033966282595
22,1,4,0,1,2,75.25,124.0,26.5,0,0,0.18123525860525436
70,1,12,4,2,3,102.31666692097981,200.0,50.0,1,1,0.9984864715116817
25,1,4,4,1,1,101.76000213623047,101.76,101.76,0,0,0.0075713077615370775
24,0,6,4,1,1,58.0,58.0,58.0,0,0,0.00038562383241619953
39,1,13,4,1,1,90.38999938964844,90.39,90.39,0,0,0.004705155057163124
61,0,4,4,3,6,44.65142835889544,122.6,11.4,1,1,0.9935614978134
26,1,10,4,2,3,28.56666628519694,30.71,25.0,0,0,0.0022284108620293985
34,1,4,4,1,1,75.0,75.0,75.0,0,0,0.0004937805453283552
57,1,13,4,2,3,60.996665954589844,85.0,18.0,1,1,0.9434408895239137
64,1,3,4,2,3,61.66333262125651,77.99,32.0,1,1,0.9141883952199601
39,1,4,4,1,3,58.47749996185303,123.99,26.98,1,1,0.9793886349980486
12,1,4,4,4,5,34.30166737238566,54.5,9.38,1,1,0.8288914805009253
63,0,6,1,3,3,77.09000015258789,185.0,25.0,1,1,0.9992884271775379
29,0,4,4,2,2,26.994999885559082,29.99,24.0,0,0,0.0005977166725648985
70,1,4,2,1,1,57.630001068115234,57.63,57.63,0,0,0.0003073320075681657
30,1,11,4,1,1,12.0,12.0,12.0,0,0,3.2664699712926596e-06
69,0,13,3,1,1,40.0,40.0,40.0,0,0,1.02311040648322e-05
42,1,13,1,2,3,61.21000099182129,148.69,9.99,1,1,0.9969649079880107
48,0,6,4,2,6,66.95750081539154,159.0,10.2,1,1,0.9993009321534418
54,1,4,4,1,1,199.99000549316406,199.99,199.99,1,1,1.0
13,0,13,4,1,1,104.0,104.0,104.0,0,0,0.010445146565354915
32,0,3,4,1,2,16.994999885559082,21.99,12.0,0,0,0.00047418968874484075
12,0,2,4,1,1,17.0,17.0,17.0,0,0,1.848739495798291e-05
52,0,3,4,1,1,79.98999786376953,79.99,79.99,0,0,0.0011326138340244
14,1,0,4,2,2,40.74499988555908,69.5,11.99,0,0,0.023305794587893808
53,0,4,1,1,3,50.83750009536743,120.0,20.99,1,1,0.7617670026096605
26,1,13,3,1,3,54.24000040690104,80.22,19.5,0,0,0.4944491697103167
16,1,4,4,1,2,49.970001220703125,59.99,39.95,0,0,0.01025371771820986
62,1,13,4,1,2,22.69000005722046,36.0,9.38,0,0,0.0013276194170494817
22,1,3,4,1,1,22.75,22.75,22.75,0,0,3.2664699712926596e-06
44,1,6,4,1,2,58.969998359680176,89.95,27.99,0,0,0.2022806126244552
68,0,4,4,1,1,22.950000762939453,22.95,22.95,0,0,1.968289985955307e-05
24,1,10,3,2,2,471.4750003814697,903.0,39.95,1,1,0.9996987458636665
57,0,13,4,1,1,27.989999771118164,27.99,27.99,0,0,1.968289985955307e-05
54,0,0,3,1,1,24.0,24.0,24.0,0,0,2.5029540387088356e-05
19,0,3,3,1,2,58.44999980926514,85.0,31.9,0,0,0.12223743351596314
28,1,3,4,1,1,29.950000762939453,29.95,29.95,0,0,1.1955049015701636e-06
21,1,4,1,2,4,34.0260009765625,50.0,19.95,1,0,0.136764225368645
36,0,3,4,2,3,25.362500190734863,37.0,11.0,0,0,0.0005620721368160054
55,1,3,4,1,2,107.80000305175781,187.6,28.0,1,1,0.9996623867830265
49,1,13,4,1,2,46.5,54.0,39.0,0,0,0.007304819875345444
66,0,6,4,3,3,22.816667238871258,41.99,12.9,0,0,0.006698303896491682
45,0,4,3,2,3,36.13333384195963,54.99,24.0,0,0,0.03726590014763404
27,0,4,4,1,2,14.5,19.0,10.0,0,0,0.0005695609134904029
42,1,3,4,1,1,18.989999771118164,18.99,18.99,0,0,8.38068749601134e-06
17,0,3,4,2,2,15.464999914169312,23.99,6.94,0,0,0.0004384354180205169
68,1,4,4,1,1,139.99000549316406,139.99,139.99,0,0,0.006548819730819801
12,0,3,4,1,1,34.95000076293945,34.95,34.95,0,0,1.6745699394565072e-05
29,0,4,1,3,3,29.666666666666668,54.0,10.0,0,0,0.048545762779860516
28,0,4,4,1,1,19.989999771118164,19.99,19.99,0,0,1.968289985955307e-05
29,0,4,4,2,2,41.983333587646484,69.0,27.0,0,0,0.023536577123532867
30,0,7,4,2,2,28.210000038146973,40.0,16.42,0,0,0.0010682128344379836
44,1,13,4,1,1,43.959999084472656,43.96,43.96,0,0,0.0002149542220556384
30,1,7,2,1,1,59.9900016784668,59.99,59.99,0,0,0.0003376871151382947
37,0,4,4,1,2,49.0,65.0,33.0,0,0,0.019081372213466598
38,0,13,4,1,1,21.989999771118164,21.99,21.99,0,0,1.968289985955307e-05
22,1,4,4,2,3,72.66000111897786,120.0,39.99,1,1,0.9806429424233555
53,1,6,4,2,4,72.48500061035156,139.0,42.99,1,1,0.9950202964404536
38,1,6,4,1,1,108.0,108.0,108.0,0,0,0.011788009226485372
34,0,3,4,1,2,28.4950008392334,40.99,16.0,0,0,0.001062424982862488
24,1,4,1,2,4,70.37000007629395,166.0,29.99,1,1,0.9993308367953734
43,1,8,4,1,2,15.989999771118164,17.99,13.99,0,0,0.0012227718853446115
61,1,12,4,2,3,57.31666692097982,99.0,23.0,1,1,0.9587224117841174
12,1,4,4,1,1,69.94999694824219,69.95,69.95,0,0,0.0004636883495428189
54,0,13,4,1,2,27.5,30.0,25.0,0,0,0.001274092184258387
44,1,13,4,2,3,40.93000030517578,45.0,37.8,0,0,0.030798989712325166
45,0,13,4,1,1,11.010000228881836,11.01,11.01,0,0,1.968289985955307e-05
40,1,13,4,3,3,64.24749994277954,109.0,16.99,1,1,0.9843572020455446
27,1,4,4,1,1,25.0,25.0,25.0,0,0,3.2664699712926596e-06
52,0,11,4,4,4,98.2475004196167,220.0,25.0,1,1,0.9999112457532601
14,0,3,3,4,5,20.133999633789063,44.78,10.0,0,0,0.09442119475777673
19,1,13,3,1,2,34.49499988555908,49.0,19.99,0,0,0.0015286374939205815
60,0,4,4,2,2,28.5,44.0,13.0,0,0,0.0016311502489391324
65,0,13,4,3,4,61.4375,145.0,14.75,1,1,0.9998469192388374
59,0,3,2,2,2,61.0,75.0,47.0,0,0,0.12466049662189846
70,1,8,4,1,1,110.0,110.0,110.0,0,0,0.008747259077102897
62,1,4,4,1,1,89.98999786376953,89.99,89.99,0,0,0.009067701955242168
14,1,4,4,1,1,46.4950008392334,53.0,39.99,0,0,0.0014769566428408745
40,1,13,3,1,1,65.0,65.0,65.0,0,0,0.0007765304627069129
13,1,3,4,1,1,130.80999755859375,130.81,130.81,0,0,0.005900785197684038
66,1,7,4,1,1,78.0,78.0,78.0,0,0,0.0011854950863300373
53,0,3,4,2,2,37.97499990463257,65.0,10.95,0,0,0.021604235252761683
39,1,13,4,1,1,36.0,36.0,36.0,0,0,4.920392183935764e-05
44,1,12,3,1,1,75.0,75.0,75.0,0,0,0.0006905967719097004
45,0,6,4,2,2,19.739999771118164,28.98,10.5,0,0,0.00039149377778863436
66,0,8,4,1,1,79.0,79.0,79.0,0,0,0.0009840180501590455
41,0,3,4,1,1,159.0,159.0,159.0,0,0,0.006516424924454115
54,0,4,4,1,2,67.24499893188477,99.99,34.5,0,0,0.209489982189461
55,1,13,4,1,1,32.5,32.5,32.5,0,0,4.920392183935764e-05
64,0,4,4,3,5,64.94333330790202,195.0,24.99,1,1,0.9999518094761561
32,0,3,4,1,2,55.99499988555908,92.0,19.99,0,0,0.13620080806769777
55,0,11,4,1,1,59.5,59.5,59.5,0,0,0.0003967384460849246
21,0,4,2,1,1,52.0,52.0,52.0,0,0,0.0001893797278779227
34,1,13,3,2,2,102.5,180.0,25.0,1,1,0.9992566733486438
66,1,13,4,1,1,14.479999542236328,14.48,14.48,0,0,0.00017787038495488934
30,1,4,3,2,6,78.30500094095866,175.0,23.5,1,1,0.997907595636675
21,0,13,4,1,2,57.0,79.0,35.0,0,0,0.06440168913579267
67,1,4,4,1,3,21.836666742960613,28.0,12.51,0,0,0.003839290855420743
59,0,13,4,1,1,24.780000686645508,24.78,24.78,0,0,1.968289985955307e-05
36,1,4,4,1,1,14.550000190734863,14.55,14.55,0,0,8.38068749601134e-06
21,0,12,4,1,1,69.0,69.0,69.0,0,0,0.00031273261828277543
69,1,4,4,1,1,34.9900016784668,34.99,34.99,0,0,6.66280645434622e-05
33,1,3,4,2,3,70.6299991607666,105.0,29.9,1,1,0.9795904599680408
36,1,3,4,3,3,25.56000010172526,29.99,17.0,0,0,0.008259934083204636
56,0,4,3,3,3,95.59999974568684,149.0,52.8,1,1,0.9999236236462093
61,0,10,4,2,2,25.744999885559082,31.5,19.99,0,0,0.0011111454160503157
41,0,4,4,1,1,24.0,24.0,24.0,0,0,5.923706604273259e-05
67,1,3,4,2,2,15.989999771118164,19.99,11.99,0,0,0.001815617578295947
70,0,4,2,2,4,85.41249942779541,129.0,23.7,1,1,0.9980125602717904
34,1,4,4,1,1,89.5,89.5,89.5,0,0,0.0031978754704436317
17,0,3,4,1,2,39.95000076293945,49.95,29.95,0,0,0.001910439011928237
23,0,4,4,2,2,12.28000020980835,12.56,12.0,0,0,0.0003704509847567488
49,0,4,4,2,3,32.66333325703939,62.0,11.99,0,0,0.0392546247311369
65,1,13,4,1,2,41.060001373291016,44.99,37.13,0,0,0.0007582056177957544
57,0,11,3,2,1,19.97499990463257,30.0,9.95,0,0,0.0003832903495258509
42,1,6,4,1,1,49.5,49.5,49.5,0,0,0.0001200451642524198
63,0,7,3,1,1,42.0,42.0,42.0,0,0,2.3287844823670516e-05
60,0,13,2,1,1,49.9900016784668,49.99,49.99,0,0,6.0432255065184645e-05
57,1,4,1,2,4,59.367500364780426,179.0,3.99,1,1,0.9924394982763489
36,1,13,4,1,1,89.5,89.5,89.5,0,0,0.004343508920212205
49,0,7,4,2,2,30.994999885559082,36.0,25.99,0,0,0.0009444713381967257
19,1,8,2,1,1,20.989999771118164,20.99,20.99,0,0,8.769423732588935e-05
30,1,4,3,1,1,89.5,89.5,89.5,0,0,0.0035113773365608118
14,1,10,4,2,2,114.79999923706055,189.0,40.6,1,1,0.9995388879595812
63,1,10,3,2,2,29.975000381469727,34.95,25.0,0,0,0.0010731441647191663
14,0,13,0,1,2,76.5,138.0,15.0,0,0,0.19763096595713012
45,0,0,3,1,1,64.98999786376953,64.99,64.99,0,0,0.0004375656171196561
24,0,13,0,1,1,23.0,23.0,23.0,0,0,1.968289985955307e-05
44,0,13,3,1,2,15.324999809265137,16.66,13.99,0,0,0.0008337498393627199
34,1,8,4,4,5,52.06285721915109,127.95,9.0,1,1,0.9981308977705601
59,0,4,2,1,1,32.0,32.0,32.0,0,0,2.041620703291727e-05
56,1,4,0,1,3,135.45750093460083,239.99,21.6,1,1,0.9999301643800298
41,1,2,3,1,3,47.78499889373779,89.95,30.0,1,1,0.6168908863173663
16,0,4,4,1,2,25.540000438690186,39.95,11.13,0,0,0.0007434112798440863
45,0,3,4,1,1,10.0,10.0,10.0,0,0,2.5029540387088356e-05
28,1,3,3,1,2,51.470001220703125,62.95,39.99,0,0,0.01251780156667001
34,0,6,4,2,3,60.88000043233236,132.0,10.65,1,1,0.982381058703128
56,0,0,0,1,1,15.0,15.0,15.0,0,0,2.5029540387088356e-05
13,0,4,4,3,4,69.47750067710876,179.99,7.95,1,1,0.9991517171883275
15,0,12,4,1,1,62.0,62.0,62.0,0,0,0.00012034757495846459
13,1,3,4,1,1,49.95000076293945,49.95,49.95,0,0,0.0001406013811989684
24,1,3,4,1,1,49.95000076293945,49.95,49.95,0,0,0.0003234769474225124
36,1,13,3,1,3,73.33000055948894,138.0,32.0,1,1,0.9764782216668813
27,1,6,4,1,1,39.220001220703125,39.22,39.22,0,0,1.1026084933102857e-05
19,0,3,4,1,3,124.48500156402588,189.0,59.95,1,1,0.9949857477083661
44,0,13,4,1,1,22.989999771118164,22.99,22.99,0,0,1.968289985955307e-05
54,1,3,4,1,2,37.75,65.0,10.5,0,0,0.014766840221260433
64,0,3,3,1,1,7.679999828338623,7.68,7.68,0,0,4.835768968724385e-05
59,0,13,3,1,1,25.989999771118164,25.99,25.99,0,0,1.968289985955307e-05
18,0,13,3,2,2,31.970001220703125,46.99,16.95,0,0,0.006248218617442291
41,0,8,1,1,1,60.0,74.0,46.0,0,0,0.020353406306064595
55,1,3,4,2,3,98.02999941507976,249.95,16.78,1,1,0.999552145766428
14,1,3,4,1,1,128.0,128.0,128.0,0,0,0.006301699900639996
47,1,13,4,1,2,52.40999984741211,75.32,29.5,0,0,0.04661369265143467
32,1,3,4,2,2,143.99499893188477,168.0,119.99,1,1,1.0
58,1,7,3,1,1,110.0,110.0,110.0,0,0,0.020592911868320178
18,0,13,0,1,1,42.9900016784668,42.99,42.99,0,0,0.0013445587789888559
31,1,4,4,1,2,78.0,89.5,66.5,0,0,0.1106989276737089
45,0,13,4,2,2,44.67500019073486,59.45,29.9,0,0,0.012455505683356823
33,0,4,4,1,1,9.989999771118164,9.99,9.99,0,0,1.968289985955307e-05
54,0,4,1,1,1,178.0,178.0,178.0,1,1,1.0
33,1,13,4,3,5,39.045000076293945,109.0,8.0,1,1,0.9779986215444516
48,1,12,4,1,1,55.0,55.0,55.0,0,0,0.00033230894154582207
53,0,13,4,1,2,53.5,82.0,25.0,0,0,0.06972090168257876
38,1,4,4,1,2,45.2400016784668,75.48,15.0,0,0,0.037901900962276545
55,0,4,4,1,1,54.0,54.0,54.0,0,0,0.00033206639569950723
12,1,13,4,2,3,53.66000111897787,76.0,34.99,0,0,0.4054372643192587
55,1,4,4,2,2,23.994999885559082,29.99,18.0,0,0,0.000808130873906712
42,0,3,4,1,2,20.98500084877014,34.99,6.98,0,0,0.0005050939273510538
29,0,13,4,1,1,59.25,59.25,59.25,0,0,0.0008478552569622787
56,0,4,4,2,2,16.103333791097004,34.99,4.38,0,0,0.0005190908225669029
39,0,13,4,1,1,36.0,36.0,36.0,0,0,1.02311040648322e-05
23,0,13,3,1,1,41.0,41.0,41.0,0,0,1.7207848250878683e-05
50,0,6,4,1,1,39.9900016784668,39.99,39.99,0,0,3.887495947555817e-05
34,1,4,4,1,3,67.4033317565918,81.38,50.88,1,1,0.9542967911191994
48,0,11,4,1,1,25.0,25.0,25.0,0,0,6.694716627403562e-05
34,1,13,4,1,2,22.0,28.0,16.0,0,0,0.00030396527392647266
61,1,11,4,2,5,129.21600227355958,299.95,20.0,1,1,0.9999551414391165
27,1,7,4,1,2,39.97500038146973,54.95,25.0,0,0,0.0012302393523772918
42,1,4,0,1,2,54.744998931884766,69.99,39.5,0,0,0.028180253745332937
20,1,13,4,2,2,97.25,165.0,29.5,1,1,0.9979480460819127
34,0,0,4,1,1,90.29000091552734,90.29,90.29,0,0,0.00950440193128391
53,1,6,4,2,2,35.0,45.0,25.0,0,0,0.003941477696567702
70,1,4,4,1,1,66.95999908447266,66.96,66.96,0,0,0.0008400990503468956
55,0,13,4,2,2,57.57500076293945,61.15,54.0,0,0,0.046035058603878236
28,1,3,4,1,3,26.423333168029785,41.8,14.97,0,0,0.0014814087072277022
49,1,12,3,1,1,30.0,30.0,30.0,0,0,2.6115158370912287e-05
68,1,6,4,1,1,126.9749984741211,189.0,64.95,1,1,0.9859387090993398
66,1,0,1,2,2,29.75,49.5,10.0,0,0,0.00610989221505958
31,0,4,4,1,2,23.25,39.5,7.0,0,0,0.0005036439372101151
46,1,11,1,2,2,50.474998474121094,75.95,25.0,0,0,0.04173616619290594
58,0,6,1,2,2,84.0,120.0,48.0,0,0,0.2423916682619562
13,1,13,4,2,3,47.0,70.0,14.0,0,0,0.45883855851035416
53,0,6,4,2,2,35.99000072479248,39.99,31.99,0,0,0.005505293678487118
47,1,3,0,2,2,36.90999984741211,40.0,33.82,0,0,0.007080242337020187
25,0,6,2,1,1,44.9900016784668,44.99,44.99,0,0,0.0001047681516079904
31,0,4,4,1,1,46.0,46.0,46.0,0,0,0.0002714216218234584
63,1,13,3,2,2,81.99499893188477,119.99,44.0,0,0,0.24999130094757085
12,1,13,4,3,5,48.02000013987223,88.0,6.5,1,1,0.9896980419831978
15,1,13,4,1,1,18.0,18.0,18.0,0,0,3.2664699712926596e-06
22,1,4,4,1,1,19.989999771118164,19.99,19.99,0,0,3.2664699712926596e-06
28,0,12,4,1,1,32.95000076293945,32.95,32.95,0,0,1.7941204296135235e-05
67,0,10,2,1,2,23.449999809265137,35.0,11.9,0,0,0.00033014273200012
41,1,4,3,1,2,54.16499865055084,105.38,2.95,0,0,0.19993738999945507
34,0,10,4,2,3,42.413333892822266,63.49,12.0,0,0,0.1599374515982204
45,0,3,0,1,1,149.97000122070312,149.97,149.97,0,0,0.010325053651394798
69,0,13,1,1,1,158.0,158.0,158.0,0,0,0.00442526294766657
63,1,13,2,4,5,63.56571524483817,195.99,20.0,1,1,0.9998807796867303
26,0,7,4,1,1,129.99000549316406,129.99,129.99,0,0,0.0033272432599379276
20,1,3,4,1,1,24.989999771118164,24.99,24.99,0,0,3.2664699712926596e-06
46,0,3,2,1,1,99.94999694824219,99.95,99.95,0,0,0.006136195869794616
41,0,4,4,1,2,75.75,79.5,72.0,0,0,0.03919304151574037
42,1,4,4,1,1,17.5,17.5,17.5,0,0,8.38068749601134e-06
32,0,0,4,2,5,54.654000473022464,102.32,31.97,1,1,0.9484813866492297
24,1,13,4,1,1,42.9900016784668,42.99,42.99,0,0,0.00017897263574081568
37,0,13,4,1,3,42.49666659037272,68.0,19.99,0,0,0.1350573590701201
58,0,4,4,1,1,179.0,179.0,179.0,1,1,1.0
19,0,4,4,1,1,48.0,48.0,48.0,0,0,0.0006583748844219446
20,0,6,4,1,3,35.239999294281006,74.99,12.99,0,0,0.05830882574216725
68,1,4,1,1,2,103.98999786376953,127.99,79.99,1,1,0.9906859256107076
47,0,8,4,1,1,59.970001220703125,59.97,59.97,0,0,0.0004884343300443594
39,0,4,4,2,2,18.5,25.0,12.0,0,0,0.0003704509847567488
35,0,3,4,2,2,24.980000495910645,38.97,10.99,0,0,0.0004234688900645174
66,1,6,4,1,4,66.23499965667725,125.0,26.95,1,1,0.986559741246706
55,0,12,2,3,4,37.78000011444092,65.0,13.95,1,1,0.689499192612897
24,1,13,4,1,1,74.5,74.5,74.5,0,0,0.0006735700156278317
66,0,2,4,1,1,30.0,35.0,25.0,0,0,4.835768968724385e-05
58,0,13,4,2,5,37.794000244140626,63.0,9.99,1,1,0.9083911324396806
27,1,12,3,1,1,19.989999771118164,19.99,19.99,0,0,3.2664699712926596e-06
48,0,7,2,1,1,11.989999771118164,11.99,11.99,0,0,2.5029540387088356e-05
54,0,4,4,4,5,29.78777747684055,67.99,10.99,1,1,0.671124835775967
61,1,4,4,1,2,14.454999923706055,18.92,9.99,0,0,0.0011966505818244812
66,1,3,4,1,1,45.95000076293945,45.95,45.95,0,0,0.00048791463884838743
38,0,7,4,3,3,16.78666655222575,29.41,8.95,0,0,0.0035583714551265483
48,0,4,4,2,2,64.93499851226807,119.38,10.49,0,0,0.32818905966790396
66,0,4,4,1,1,39.9900016784668,39.99,39.99,0,0,0.00010346858332867098
43,1,4,4,2,2,28.000000476837158,44.95,11.05,0,0,0.0022414383239881884
16,0,13,4,1,2,25.983333587646484,34.99,19.97,0,0,0.0007872788040625152
70,0,4,4,1,1,38.0,38.0,38.0,0,0,5.920667884909254e-05
67,0,2,4,1,1,139.0,139.0,139.0,0,0,0.006467780431066474
59,0,4,1,2,3,59.52666727701823,109.0,13.59,1,1,0.9662547569374398
47,0,13,4,1,1,62.0,62.0,62.0,0,0,0.0012399829156395648
34,1,13,4,1,4,84.21000003814697,129.99,36.95,1,1,0.9771835457721658
35,1,4,4,4,7,70.69222217135959,159.95,10.0,1,1,0.9999506725962918
41,0,4,4,3,3,31.643333435058594,40.0,25.0,0,0,0.02131685317268742
42,1,13,0,3,4,59.00750017166138,99.95,27.4,1,1,0.99892890663244
31,1,4,4,4,4,87.05666573842366,224.95,14.99,1,1,0.9998598328730642
30,0,13,4,2,2,62.25,84.5,40.0,0,0,0.14681687780761002
65,1,3,4,2,3,61.32333183288574,89.99,14.99,1,1,0.9475815264968144
55,1,4,3,1,1,109.94999694824219,109.95,109.95,0,0,0.01061668875428235
39,1,4,3,1,1,9.949999809265137,9.95,9.95,0,0,8.38068749601134e-06
34,0,3,4,3,3,101.85999965667725,198.0,46.44,1,1,0.9998927618449671
42,0,12,4,1,1,44.9900016784668,44.99,44.99,0,0,0.0001904285961549179
36,0,4,4,1,1,25.0,25.0,25.0,0,0,6.160052574650034e-05
34,1,3,3,2,4,87.93250179290771,144.74,39.99,1,1,0.9999331413645853
34,0,4,4,1,1,7.989999771118164,7.99,7.99,0,0,1.968289985955307e-05
39,0,3,2,1,1,29.899999618530273,29.9,29.9,0,0,1.5069566505381985e-05
50,0,6,4,1,1,12.600000381469727,12.6,12.6,0,0,2.5029540387088356e-05
17,1,4,4,1,1,125.0,125.0,125.0,0,0,0.005445660292861694
26,1,4,4,1,1,54.5,54.5,54.5,0,0,0.0003517893116321572
27,1,4,3,1,3,59.996665954589844,89.99,30.0,1,1,0.9509237461253349
35,0,3,4,1,2,20.94499969482422,24.99,16.9,0,0,0.00047418968874484075
54,0,4,4,1,2,47.9950008392334,48.0,47.99,0,0,0.012082387658992357
62,1,4,4,2,3,94.1225004196167,198.0,25.0,1,1,0.9997615976203039
51,0,3,2,4,5,100.13799896240235,218.2,14.0,1,1,0.9998328693075959
16,0,4,4,3,3,28.660000483194988,39.99,12.99,0,0,0.018934898908745123
47,0,4,4,2,4,51.41333325703939,88.0,5.5,1,1,0.9408784196654348
36,1,3,4,1,1,69.5,69.5,69.5,0,0,0.0004908576713492106
12,1,13,4,1,1,49.5,49.5,49.5,0,0,0.001178603447503613
47,1,13,4,1,1,25.0,25.0,25.0,0,0,4.840324911832688e-05
46,0,4,3,1,1,57.0,57.0,57.0,0,0,0.0003959294568536555
49,1,8,4,1,1,24.0,24.0,24.0,0,0,2.5314485649881535e-05
59,1,4,4,1,1,99.5,99.5,99.5,0,0,0.005937258457925461
19,1,4,4,1,1,20.65999984741211,20.66,20.66,0,0,8.769423732588935e-05
30,0,13,2,1,2,7.880000114440918,10.0,5.76,0,0,0.00071765638410771
28,0,8,3,2,4,39.26600017547607,68.0,7.2,1,1,0.5546920268098121
14,0,3,4,1,1,54.9900016784668,54.99,54.99,0,0,0.0003207658724283251
12,0,13,3,3,2,30.626667022705078,36.99,23.99,0,0,0.021309959527351638
66,0,12,3,2,4,52.60000038146973,88.0,23.0,1,1,0.9413438919309067
28,1,13,3,2,2,70.99499988555908,112.0,29.99,0,0,0.24615522913731852
54,0,13,2,1,2,36.75,42.0,31.5,0,0,0.0017728361349995194
23,0,4,3,1,1,46.9900016784668,46.99,46.99,0,0,0.00018486722833979907
41,0,13,4,2,2,40.0,55.0,25.0,0,0,0.00490733151492815
63,0,9,4,1,1,315.0,315.0,315.0,1,1,1.0
60,0,3,1,1,1,8.970000267028809,8.97,8.97,0,0,2.5029540387088356e-05
66,0,0,4,1,2,125.68499755859375,186.37,65.0,1,1,0.9998520700817143
56,1,11,1,1,2,37.79500102996826,49.99,25.6,0,0,0.002267032866108345
47,1,13,4,1,3,64.10333506266277,129.99,28.0,1,1,0.9886651928144967
12,1,3,4,1,3,39.97666676839193,59.0,22.93,0,0,0.037571252233266524
22,1,4,0,2,3,43.81666564941406,69.95,22.0,0,0,0.3953525036424233
70,1,3,4,1,1,10.020000457763672,10.02,10.02,0,0,8.38068749601134e-06
45,0,3,1,1,1,49.5,49.5,49.5,0,0,0.00010090508094700094
26,1,11,4,1,1,12.0,12.0,12.0,0,0,3.2664699712926596e-06
53,1,7,4,1,1,59.9900016784668,59.99,59.99,0,0,0.00043104474815398424
58,0,4,3,1,1,8.470000267028809,8.47,8.47,0,0,2.5029540387088356e-05
28,1,13,0,1,2,84.09499740600586,88.2,79.99,0,0,0.13260928249095183
24,1,13,4,1,1,10.989999771118164,10.99,10.99,0,0,2.6355233439738017e-05
53,1,13,4,1,1,9.989999771118164,9.99,9.99,0,0,4.840324911832688e-05
68,0,13,4,1,2,28.52500009536743,48.0,9.05,0,0,0.0013292078026392413
21,1,6,4,1,1,77.98999786376953,77.99,77.99,0,0,0.0003679440919517216
49,0,13,4,1,1,48.0,48.0,48.0,0,0,0.00017000995911701822
22,0,4,3,2,4,62.38800048828125,179.0,18.0,1,1,0.9994192649333273
26,1,3,4,2,2,36.125,44.45,27.8,0,0,0.0020427800811896445
19,0,13,0,1,3,26.55333375930786,49.97,7.69,0,0,0.0029682741876924774
35,1,2,4,1,1,31.0,31.0,31.0,0,0,9.181360217042095e-06
19,1,12,2,1,1,78.98999786376953,78.99,78.99,0,0,0.0011918360430052842
19,1,10,4,1,3,80.46333567301433,169.99,27.0,1,1,0.9972489162105806
64,0,4,4,1,1,13.989999771118164,13.99,13.99,0,0,4.835768968724385e-05
64,1,10,0,3,4,60.40500020980835,128.0,19.12,1,1,0.9995239454731574
49,1,4,4,1,1,10.0,10.0,10.0,0,0,8.38068749601134e-06
24,0,3,2,2,2,118.99499988555908,208.0,29.99,1,1,0.9987189136489013
60,1,3,4,2,2,56.9950008392334,59.0,54.99,0,0,0.025192178368735815
49,0,12,4,4,4,71.64500045776367,103.68,49.95,1,1,0.9998045784602474
63,0,2,4,3,3,33.8033332824707,44.0,13.41,0,0,0.04581921926646181
18,0,13,1,1,2,17.459999561309814,29.97,4.95,0,0,0.0008058655487826753
56,1,3,3,1,2,58.5,99.5,17.5,0,0,0.16967221321482545
58,1,2,4,2,4,35.42000102996826,56.08,22.12,0,1,0.5530183049209958
68,0,11,0,1,1,64.94999694824219,64.95,64.95,0,0,0.00024041602017160123
15,1,13,4,2,3,30.833333333333332,42.0,25.0,0,0,0.0014067933001335156
68,0,4,4,3,2,31.573333422342937,43.79,14.97,0,0,0.03985045366537578
35,1,13,4,1,1,59.5,59.5,59.5,0,0,0.00045896227754783594
22,1,2,3,1,1,14.989999771118164,14.99,14.99,0,0,3.2664699712926596e-06
68,0,3,4,1,1,29.0,29.0,29.0,0,0,3.355696146336489e-05
27,1,4,3,1,2,20.460000038146973,21.0,19.92,0,0,0.0002813962692472102
19,1,7,4,2,2,117.49499893188477,135.0,99.99,1,1,0.9994380902912736
53,1,6,2,1,1,24.0,24.0,24.0,0,0,2.5314485649881535e-05
60,1,12,4,3,5,49.88999996185303,70.0,12.2,1,1,0.9847435205551694
21,0,3,4,1,1,46.38999938964844,46.39,46.39,0,0,0.0002112361790919811
25,0,13,1,2,2,55.415000915527344,85.83,25.0,0,0,0.07437576319466684
62,0,4,4,2,3,38.96666653951009,59.0,16.9,0,0,0.0700633087981914
48,1,13,4,2,3,215.83333333333334,318.0,49.5,1,1,0.9999090909090909
43,1,3,4,2,3,56.0,69.0,44.0,0,0,0.42773319420822864
48,0,3,2,1,1,6.75,6.75,6.75,0,0,2.5029540387088356e-05
46,0,13,4,1,1,65.0,65.0,65.0,0,0,0.0005737641380698879
37,0,3,4,2,1,40.720001220703125,44.99,36.45,0,0,0.005973798375694735
25,1,3,4,3,7,39.42857197352818,83.4,12.0,1,1,0.9679534450600411
30,1,13,3,2,2,31.475000381469727,36.95,26.0,0,0,0.0004716227607096302
14,1,4,4,1,2,22.6899995803833,25.0,20.38,0,0,0.0012514273160041675
31,1,13,1,2,4,35.10000038146973,79.0,14.0,0,1,0.6252369947169104
20,1,13,4,2,3,101.99666849772136,217.99,23.0,1,1,0.9998027439595417
29,0,3,4,2,3,70.06333287556966,98.0,42.99,1,1,0.9684865603329484
14,0,4,4,1,1,17.440000534057617,17.44,17.44,0,0,1.848739495798291e-05
60,1,3,4,1,1,198.0,198.0,198.0,1,1,1.0
67,1,10,4,1,1,22.0,22.0,22.0,0,0,0.00017096285125990676
22,0,3,0,1,1,16.5,16.5,16.5,0,0,1.968289985955307e-05
53,1,8,1,1,4,55.32500076293945,132.3,15.0,1,1,0.9688251986037799
31,1,10,4,1,2,99.52666727701823,138.6,69.99,1,1,0.9968727489022572
28,0,13,1,3,6,94.48999849955241,295.93,15.0,1,1,0.9999929241611508
15,0,4,4,1,3,19.616666475931805,25.9,8.95,0,0,0.0006123516340322481
52,0,3,4,3,7,80.74000017983573,325.0,12.2,1,1,0.9999440477762909
50,0,13,2,2,5,53.19800033569336,99.0,12.5,1,1,0.9588424842437471
24,0,13,4,3,3,38.20500040054321,65.0,19.95,0,0,0.16070365178501184
37,0,4,1,1,3,65.32999992370605,169.0,11.99,1,1,0.997930513308884
45,1,4,4,1,1,29.5,29.5,29.5,0,0,6.309722426288844e-06
25,0,13,3,2,2,17.539999961853027,28.0,7.08,0,0,0.0007771814315000704
45,0,4,4,1,1,26.5,26.5,26.5,0,0,6.694716627403562e-05
15,1,4,4,2,3,87.43666712443034,178.0,26.36,1,1,0.9994416801994567
31,1,6,4,1,1,74.0,74.0,74.0,0,0,0.000652444469634446
51,1,3,4,1,1,25.0,25.0,25.0,0,0,8.38068749601134e-06
19,1,3,4,1,2,39.9950008392334,53.99,26.0,0,0,0.0017767541360785128
19,1,4,4,1,1,9.989999771118164,9.99,9.99,0,0,8.769423732588935e-05
43,0,4,4,2,3,16.25666681925456,24.78,11.99,0,0,0.0010668999371773093
67,0,4,4,2,3,49.76666736602783,99.0,13.31,0,1,0.5227352640660611
64,1,4,4,2,2,46.71500015258789,53.98,39.45,0,0,0.01174283490018601
47,0,3,4,2,5,35.38799991607666,72.0,10.97,1,1,0.8967721637490449
47,1,4,4,1,1,34.5,34.5,34.5,0,0,0.0002678020498722143
13,1,13,4,1,2,58.34499931335449,72.7,43.99,0,0,0.08478355095789643
27,1,8,3,1,1,98.0,98.0,98.0,0,0,0.005591487524197381
66,1,13,4,1,2,54.47500038146973,79.0,29.95,0,0,0.06260720929569356
42,1,7,4,1,3,68.2900021870931,139.99,30.0,1,1,0.9863296058102775
47,1,3,4,1,2,52.45000076293945,61.95,42.95,0,0,0.013330640447657154
51,1,13,4,1,1,45.560001373291016,45.56,45.56,0,0,0.00020092856914666554
55,1,4,3,2,2,50.474998474121094,88.95,12.0,0,0,0.10692320641605128
21,1,4,4,1,2,28.719999313354492,32.44,25.0,0,0,0.0003619182386476362
59,0,3,4,4,4,54.097999572753906,74.99,29.0,1,1,0.9881389925326866
39,1,3,3,3,3,128.375,264.0,40.0,1,1,0.9999031581817153
37,1,0,4,2,4,61.75250005722046,160.0,12.51,1,1,0.9987908015623833
13,1,11,4,2,2,34.64666748046875,46.95,20.0,0,0,0.0058054793076286505
50,1,8,4,2,5,87.32285717555455,240.0,9.99,1,1,0.999858289298755
53,1,13,0,1,2,48.4950008392334,54.0,42.99,0,0,0.010173238920970223
38,0,4,4,1,2,13.635000228881836,14.27,13.0,0,0,0.0005182671956694679
22,0,13,3,1,1,30.0,30.0,30.0,0,0,1.7207848250878683e-05
65,0,4,4,1,1,148.0,148.0,148.0,0,0,0.0035558800218899104
54,1,4,4,1,1,39.5,39.5,39.5,0,0,5.740577701077884e-05
67,0,4,4,3,6,64.78833357493083,178.0,11.62,1,1,0.9999898224241781
23,0,6,3,2,5,59.14500045776367,140.0,19.99,1,1,0.9969006623412278
67,0,4,4,1,4,44.74749994277954,110.0,15.0,1,1,0.9465260063198626
45,1,7,4,1,1,41.25,41.25,41.25,0,0,0.0003072819049187516
33,0,4,4,2,2,35.49499988555908,44.0,26.99,0,0,0.002584299469527726
56,0,13,3,1,2,13.994999885559082,15.0,12.99,0,0,0.0002623654693397657
62,1,3,2,1,1,19.989999771118164,19.99,19.99,0,0,0.00023428430195384227
43,1,8,4,1,1,40.0,40.0,40.0,0,0,4.866121526357938e-05
68,1,13,4,1,1,18.989999771118164,18.99,18.99,0,0,0.00019405161472835211
39,0,6,4,2,6,35.74499988555908,80.0,12.5,1,1,0.9217213300320958
13,1,3,3,1,1,49.90999984741211,49.91,49.91,0,0,9.143978387951406e-05
37,1,13,3,1,1,35.959999084472656,35.96,35.96,0,0,4.638542864118251e-05
51,1,12,4,3,7,110.12750053405762,395.0,26.0,1,1,0.9999925161420807
32,1,3,4,1,1,30.889999389648438,30.89,30.89,0,0,0.00019887233749751827
17,0,10,4,2,2,61.47500038146973,68.0,54.95,0,0,0.0780801942523578
12,1,4,4,1,1,25.0,25.0,25.0,0,0,2.0709650697224966e-06
64,0,11,4,2,2,49.9900016784668,59.99,39.99,0,0,0.017489788407371663
69,1,10,1,1,1,24.0,24.0,24.0,0,0,1.9447699744755454e-05
69,0,4,3,3,4,46.20000076293945,65.83,16.0,1,1,0.949281641093962
26,1,3,3,1,1,76.0,76.0,76.0,0,0,0.00042937633858885187
22,1,2,4,1,2,37.5,50.0,25.0,0,0,0.0014860144672826376
30,1,0,4,3,4,41.389999866485596,89.99,16.99,0,1,0.8201833006649549
36,1,13,4,1,1,69.9800033569336,69.98,69.98,0,0,0.0005220650926095262
56,1,2,4,1,1,25.0,25.0,25.0,0,0,8.38068749601134e-06
13,1,13,0,2,2,65.99499893188477,119.99,12.0,0,0,0.2875499647539027
19,1,3,2,1,2,374.0,650.0,98.0,1,1,1.0
15,1,4,4,1,1,12.760000228881836,12.76,12.76,0,0,3.2664699712926596e-06
41,0,6,4,1,1,19.950000762939453,19.95,19.95,0,0,2.5029540387088356e-05
42,1,3,3,1,3,106.0399996439616,172.0,36.12,1,1,0.9995369301791822
59,0,10,1,1,4,53.947500228881836,80.0,27.8,1,1,0.9333951702634722
63,0,13,4,3,2,37.65000025431315,65.0,22.95,0,0,0.12956156092065627
38,0,13,3,1,1,62.0,62.0,62.0,0,0,0.0007050315440945815
20,1,13,4,1,1,40.880001068115234,40.88,40.88,0,0,4.109159258759469e-05
32,0,8,4,1,1,48.0,48.0,48.0,0,0,0.00014991374007797476
50,1,6,4,1,2,51.646666844685875,80.0,29.99,0,0,0.04930430572228445
55,1,6,4,1,1,49.0,49.0,49.0,0,0,0.0001044293702237387
14,0,4,4,1,2,28.9950008392334,37.99,20.0,0,0,0.001031436883324845
59,0,10,4,2,1,68.5,89.0,48.0,0,0,0.15987508698570038
46,1,4,3,1,3,65.32999928792317,89.99,50.0,1,1,0.9697936411498531
18,0,6,4,1,1,24.989999771118164,24.99,24.99,0,0,6.160052574650034e-05
12,1,4,0,2,2,38.97500038146973,52.95,25.0,0,0,0.008234860088124497
59,1,3,3,1,1,70.94999694824219,70.95,70.95,0,0,0.00025063210618043606
15,1,13,4,1,1,10.0,10.0,10.0,0,0,3.2664699712926596e-06
17,1,4,4,1,2,85.30500221252441,119.98,50.63,1,1,0.9025484017440221
60,1,11,4,2,2,74.80000114440918,99.65,49.95,0,0,0.2173803714666055
26,0,3,4,2,2,98.09000015258789,207.28,34.99,1,1,0.9991620755225267
24,0,4,4,1,2,59.49499988555908,92.0,26.99,0,0,0.14844275568725113
16,1,13,4,1,1,53.95000076293945,53.95,53.95,0,0,0.0005201723431992945
60,0,6,3,1,1,59.0,59.0,59.0,0,0,0.00019520074221154223
40,1,8,1,4,4,70.57799911499023,89.5,50.0,1,1,0.9996679853063203
30,0,10,2,1,1,56.880001068115234,56.88,56.88,0,0,0.00027891642251893204
26,0,7,3,4,6,44.352857044764924,65.0,27.99,1,1,0.9960403653584201
35,1,3,3,1,1,28.0,28.0,28.0,0,0,8.38068749601134e-06
48,0,3,4,2,4,72.99749946594238,120.0,20.0,1,1,0.9829687931698541
68,0,4,4,1,1,12.529999732971191,12.53,12.53,0,0,1.968289985955307e-05
33,1,4,4,2,2,34.964999198913574,49.94,19.99,0,0,0.0052131367836555234
31,1,10,2,2,3,38.9966672261556,59.99,12.0,0,0,0.09215576932103811
35,0,11,4,2,3,53.326666514078774,79.0,36.0,0,0,0.42088198394606324
30,1,10,4,2,2,25.0,25.0,25.0,0,0,0.0006271408967431694
25,1,2,3,3,3,73.97666613260905,109.99,26.94,1,1,0.9923914382888539
69,1,13,4,1,1,39.0,39.0,39.0,0,0,0.0002018112296901623
42,0,4,4,2,2,89.39500141143799,166.8,11.99,1,1,0.9962740907910763
67,0,6,4,3,3,25.96000027656555,49.99,14.95,0,0,0.020604721933802472
23,0,4,4,2,3,52.71333312988281,128.0,14.98,0,1,0.6959988918653681
36,1,4,4,1,2,19.836666425069172,24.99,12.53,0,0,0.001147287566525537
52,0,7,4,2,4,25.110000133514404,43.45,12.99,0,0,0.008286534630252309
16,1,11,4,2,3,133.08666865030924,179.0,50.27,1,1,0.9999866488651535
70,0,4,4,1,4,95.05749988555908,205.0,29.5,1,1,0.999090909090909
23,0,13,3,2,5,55.45,173.0,16.31,1,1,0.9915098190363426
40,0,13,4,2,3,33.313334147135414,49.99,24.95,0,0,0.007849734242702765
14,1,13,4,1,1,39.45000076293945,39.45,39.45,0,0,0.00018630116826682676
67,0,7,4,1,1,49.9900016784668,49.99,49.99,0,0,0.00013472355573507415
31,0,4,4,1,1,118.5,118.5,118.5,0,0,0.0065663078107806
57,0,4,4,1,1,55.9900016784668,55.99,55.99,0,0,0.00041519493397322875
33,0,13,4,1,1,31.920000076293945,31.92,31.92,0,0,1.02311040648322e-05
17,0,4,4,1,1,135.4499969482422,135.45,135.45,0,0,0.0037463442512539074
34,1,4,4,2,2,37.99499988555908,64.0,11.99,0,0,0.015521728143866168
29,1,7,4,1,1,59.0,59.0,59.0,0,0,0.0005292503533366399
19,1,13,1,1,1,20.0,20.0,20.0,0,0,0.00010796450759615956
44,1,13,4,1,1,25.0,25.0,25.0,0,0,4.840324911832688e-05
24,1,4,4,2,2,11.639999866485596,19.99,3.29,0,0,0.0023253545441574304
40,0,0,4,2,5,81.07200088500977,174.41,16.0,1,1,0.998609656536545
17,0,13,4,1,1,8.970000267028809,8.97,8.97,0,0,1.968289985955307e-05
15,0,13,4,3,2,20.890000025431316,28.0,9.67,0,0,0.011738748897223667
33,1,4,4,1,1,169.9499969482422,169.95,169.95,0,0,0.006289354034830354
63,0,8,4,2,2,39.4449987411499,67.24,11.65,0,0,0.01810967640326626
58,0,4,4,1,3,51.29666646321615,89.0,27.95,0,1,0.6399227534078936
69,0,6,4,1,1,19.5,19.5,19.5,0,0,1.968289985955307e-05
12,1,12,4,1,1,74.94999694824219,74.95,74.95,0,0,0.0007023545806241572
29,0,12,4,1,1,83.97000122070312,83.97,83.97,0,0,0.002155719888123264
34,1,13,4,1,1,59.95000076293945,59.95,59.95,0,0,0.00045896227754783594
53,1,4,4,1,3,26.629999955495197,59.0,4.89,0,0,0.014370718005162628
19,1,12,3,2,2,34.99499988555908,50.0,19.99,0,0,0.00600545890647121
59,0,4,4,1,2,36.47499990463257,68.0,4.95,0,0,0.01613411021622166
17,0,13,4,1,1,21.899999618530273,21.9,21.9,0,0,1.968289985955307e-05
61,0,4,4,1,1,36.9900016784668,36.99,36.99,0,0,6.455331937662784e-05
37,0,4,4,2,3,35.66666587193807,79.99,7.02,0,0,0.15518199357556603
50,1,7,4,1,1,52.5,52.5,52.5,0,0,0.0006659872382287703
62,0,3,4,1,3,52.183332443237305,92.56,7.99,0,1,0.6023217955497423
19,1,0,1,1,1,58.9900016784668,58.99,58.99,0,0,0.0006489275454813621
13,1,12,4,1,1,49.5,49.5,49.5,0,0,0.000428603447503613
35,0,4,4,3,3,68.94333299001057,151.0,14.19,1,1,0.9988670949113267
24,0,4,4,2,2,120.47000122070312,142.99,97.95,1,1,0.9988345898065135
25,1,13,3,1,1,116.66333262125652,155.0,79.99,1,1,0.8271903413334414
18,1,3,4,3,5,127.36800003051758,278.0,20.95,1,1,0.9999059317803988
61,0,13,4,1,1,19.0,19.0,19.0,0,0,1.968289985955307e-05
30,1,3,3,1,3,42.826666514078774,49.5,30.0,0,0,0.1489713996157887
24,1,4,4,1,1,9.989999771118164,9.99,9.99,0,0,3.2664699712926596e-06
54,1,13,3,2,1,56.795000076293945,63.6,49.99,0,0,0.026539461995932247
13,0,4,4,1,1,55.86000061035156,55.86,55.86,0,0,0.0001737301350564531
63,0,4,4,1,2,129.36000061035156,239.72,19.0,1,1,0.9946554391437872
58,1,3,3,1,1,249.5,249.5,249.5,1,1,1.0
32,1,13,4,1,2,27.92500066757202,39.99,15.86,0,0,0.00030396527392647266
46,1,4,4,1,1,129.5,129.5,129.5,0,0,0.0047853141250090445
42,1,13,1,1,1,29.950000762939453,29.95,29.95,0,0,2.1465775171840388e-05
43,1,6,1,4,6,63.08285794939314,179.99,18.95,1,1,0.9999549427723305
40,1,3,4,1,1,48.0,48.0,48.0,0,0,0.00023171799276632102
32,1,13,4,1,2,53.994998931884766,89.99,18.0,0,0,0.11895007652401876
70,0,13,2,1,1,49.9900016784668,49.99,49.99,0,0,5.7357224314877105e-05
23,1,4,4,1,2,20.494999885559082,35.0,5.99,0,0,0.0011383681739627666
65,0,13,4,1,1,34.79999923706055,34.8,34.8,0,0,0.00012927872311245124
66,1,7,3,1,2,18.494999885559082,25.0,11.99,0,0,0.001283687835597026
31,1,12,3,1,3,36.81333351135254,54.95,15.99,0,0,0.01605473985911471
20,0,4,4,1,1,11.170000076293945,11.17,11.17,0,0,1.968289985955307e-05
57,0,13,4,2,2,21.489999771118164,22.99,19.99,0,0,0.0008639965706434808
26,1,13,4,2,3,38.983333587646484,60.0,23.95,0,0,0.0664091734575484
28,0,4,3,1,1,63.9900016784668,63.99,63.99,0,0,0.0002635690298793091
49,0,4,4,1,1,10.0,10.0,10.0,0,0,2.5029540387088356e-05
20,1,6,4,2,2,57.474998474121094,69.95,45.0,0,0,0.09500699615185812
60,1,4,4,2,4,37.512001037597656,56.95,12.0,1,1,0.5753671730644959
20,1,12,4,1,1,129.92999267578125,129.93,129.93,0,0,0.006943801680622942
59,0,3,4,2,2,25.4950008392334,36.99,14.0,0,0,0.0006769971999475801
20,1,4,4,1,1,25.0,25.0,25.0,0,0,3.2664699712926596e-06
59,0,4,3,3,4,38.96250033378601,50.0,15.95,0,0,0.38287725250194066
56,1,10,0,1,1,29.40999984741211,29.41,29.41,0,0,3.2664699712926596e-06
47,0,4,4,2,2,72.54499816894531,99.09,46.0,0,0,0.19080256983271254
61,0,12,4,1,1,36.0,36.0,36.0,0,0,0.00039828784482367043
66,1,13,4,2,2,113.7450008392334,189.5,37.99,1,1,0.999513277684481
56,0,4,1,1,2,43.99499988555908,65.0,22.99,0,0,0.05044611653219792
54,0,11,4,3,7,34.264999866485596,114.0,8.47,1,1,0.9650735641427495
36,0,3,3,4,6,49.661666552225746,134.0,11.99,1,1,0.9985432413862203
37,0,13,4,1,1,74.0,74.0,74.0,0,0,0.0006901998601692653
39,1,13,3,1,2,50.48999881744385,79.99,20.99,0,0,0.04704678146850637
14,0,3,0,1,1,125.0,125.0,125.0,0,0,0.01996599452125878
36,1,4,2,1,1,134.61000061035156,134.61,134.61,0,0,0.018211595489674513
31,0,4,4,1,1,59.5,59.5,59.5,0,0,0.00043342129430590763
42,1,6,4,1,1,8.989999771118164,8.99,8.99,0,0,2.5314485649881535e-05
31,0,4,3,1,1,35.0,35.0,35.0,0,0,1.7941204296135235e-05
16,1,6,2,1,1,15.050000190734863,15.05,15.05,0,0,3.2664699712926596e-06
26,1,13,4,1,1,12.800000190734863,12.8,12.8,0,0,2.6355233439738017e-05
68,1,3,4,1,1,47.16999816894531,47.17,47.17,0,0,0.00038056897245784983
68,0,3,4,1,1,19.260000228881836,19.26,19.26,0,0,1.968289985955307e-05
54,1,3,4,2,3,77.07000223795573,139.99,34.97,1,1,0.9943937304713215
70,0,4,4,1,1,7.989999771118164,7.99,7.99,0,0,1.968289985955307e-05
57,0,4,0,1,1,5.989999771118164,5.99,5.99,0,0,2.5029540387088356e-05
44,1,2,4,1,1,45.0,45.0,45.0,0,0,0.00025544882351848287
12,1,4,4,1,1,29.950000762939453,29.95,29.95,0,0,0.0
40,1,7,1,1,1,9.0,9.0,9.0,0,0,3.2664699712926596e-06
31,0,4,4,1,4,74.24250173568726,179.99,8.99,1,1,0.9974116078104021
44,1,3,3,1,1,89.94999694824219,89.95,89.95,0,0,0.0035810190191367312
21,1,0,4,3,3,38.6499989827474,79.95,18.0,0,0,0.22929312305274496
16,0,2,4,1,1,31.950000762939453,31.95,31.95,0,0,1.7207848250878683e-05
41,1,3,3,2,4,31.420000076293945,62.0,18.69,0,0,0.16097198152364917
66,0,3,4,2,2,55.40999984741211,89.78,28.45,0,0,0.1365317318927949
37,0,10,4,3,6,42.26500082015991,83.76,11.44,1,1,0.9630370424056135
62,1,6,4,1,1,56.0,56.0,56.0,0,0,0.00027426245065281183
22,0,4,0,2,2,44.974998474121094,71.95,18.0,0,0,0.04238847305495954
22,0,4,4,2,5,65.99400062561035,139.99,17.99,1,1,0.9968507559268452
34,0,11,4,1,1,12.989999771118164,12.99,12.99,0,0,1.968289985955307e-05
36,0,3,4,2,3,69.26333427429199,148.58,29.26,1,1,0.9977677174075817
56,1,3,0,1,1,69.5,69.5,69.5,0,0,0.0016038819365569463
38,1,4,3,1,1,49.5,49.5,49.5,0,0,0.00014935719594293917
43,1,4,4,1,3,99.31333223978679,169.95,29.99,1,1,0.9994853837874297
17,0,3,4,1,1,25.0,25.0,25.0,0,0,6.160052574650034e-05
27,0,3,2,1,1,25.0,25.0,25.0,0,0,6.160052574650034e-05
20,0,4,0,2,2,82.97000122070312,131.94,34.0,0,0,0.25882337732506355
27,1,7,4,2,2,41.0,43.0,39.0,0,0,0.0009874412254055188
62,1,11,3,2,3,57.66333325703939,119.0,23.99,1,1,0.9814537385209582
32,0,3,4,1,1,18.989999771118164,18.99,18.99,0,0,1.968289985955307e-05
27,0,4,3,1,2,22.44499969482422,29.99,14.9,0,0,0.0004701556640470332
25,1,10,4,2,3,54.64999961853027,74.95,34.95,1,0,0.41461878771096417
12,1,13,4,4,5,64.69571495056152,149.99,16.95,1,1,0.9999346752390547
70,0,11,4,3,4,31.68250036239624,38.95,22.8,0,0,0.06109175888920432
47,0,13,2,1,1,13.229999542236328,13.23,13.23,0,0,1.968289985955307e-05
46,1,13,4,2,3,97.51666641235352,160.0,53.55,1,1,0.999879078904289
35,0,3,2,2,1,15.449999809265137,18.0,12.9,0,0,6.060360316729866e-05
51,1,13,4,1,1,48.650001525878906,48.65,48.65,0,0,0.00015674033206586257
25,1,3,4,4,6,40.74499988555908,64.99,8.99,1,1,0.9718206388057373
67,1,4,4,4,6,75.84714235578265,325.0,14.99,1,1,0.9999417240016761
58,1,3,4,1,1,14.550000190734863,14.55,14.55,0,0,8.38068749601134e-06
27,0,13,4,1,1,11.34000015258789,11.34,11.34,0,0,1.968289985955307e-05
34,0,4,4,1,2,66.0,110.0,22.0,0,0,0.2618227947468723
26,1,12,1,1,1,40.0,40.0,40.0,0,0,1.5131191328396092e-05
65,1,10,2,2,4,33.18249988555908,55.0,22.74,0,0,0.11029519715629384
48,0,4,4,1,1,84.0,84.0,84.0,0,0,0.0016767896181313171
57,0,3,4,2,2,83.97500038146973,148.0,19.95,0,0,0.2891269107139497
40,1,13,4,1,1,59.5,59.5,59.5,0,0,0.00045896227754783594
69,0,3,4,1,4,59.704999923706055,154.0,8.82,1,1,0.9901848891395566
21,1,4,1,1,1,49.970001220703125,49.97,49.97,0,0,0.0001034367472581208
50,1,4,4,1,1,119.98999786376953,119.99,119.99,0,0,0.005129642247139839
37,0,13,4,2,3,54.666666666666664,88.0,27.0,0,0,0.47574202642376634
57,0,4,4,1,1,17.989999771118164,17.99,17.99,0,0,2.5029540387088356e-05
33,0,4,4,1,3,36.473333994547524,46.99,29.98,0,0,0.007479588693178574
45,0,4,1,2,4,32.482499837875366,88.0,7.95,0,0,0.3955787878469846
53,0,3,4,1,2,49.579999923706055,54.95,44.21,0,0,0.008393538730151086
27,0,10,2,2,5,58.8140007019043,134.47,14.0,1,1,0.992143816023261
34,1,13,4,1,1,54.0,54.0,54.0,0,0,0.00024206834189983365
64,0,2,4,1,1,9.5,9.5,9.5,0,0,4.835768968724385e-05
46,1,4,4,1,1,29.950000762939453,29.95,29.95,0,0,6.309722426288844e-06
54,1,4,4,1,1,69.9800033569336,69.98,69.98,0,0,0.0008934054785467543
48,1,4,4,1,1,18.75,18.75,18.75,0,0,8.38068749601134e-06
70,0,4,4,1,2,84.0,158.0,10.0,0,1,0.504096460137523
64,1,3,4,1,1,15.949999809265137,15.95,15.95,0,0,0.00023428430195384227
68,1,3,3,1,1,78.98999786376953,78.99,78.99,0,0,0.0057522056468257456
12,1,4,2,2,2,423.0,758.0,88.0,1,1,1.0
66,1,11,4,2,2,65.82000160217285,69.9,61.74,0,0,0.06400554818899314
20,0,4,4,1,1,32.45000076293945,32.45,32.45,0,0,2.4917948482181724e-05
35,1,13,4,4,4,55.97799897193909,99.99,2.95,1,1,0.9755786038466018
33,0,4,3,1,4,122.90000057220459,378.0,16.11,1,1,0.9996931398913463
47,0,4,4,1,1,4.989999771118164,4.99,4.99,0,0,2.5029540387088356e-05
13,0,3,4,1,1,30.0,30.0,30.0,0,0,1.6745699394565072e-05
48,1,4,4,1,1,10.989999771118164,10.99,10.99,0,0,8.38068749601134e-06
64,1,4,4,1,1,249.9499969482422,249.95,249.95,1,1,1.0
32,0,13,4,1,2,11.5,15.0,8.0,0,0,0.0005653385550682314
68,0,4,4,3,4,51.28333330154419,98.0,14.81,1,1,0.9879303720880537
56,1,4,4,1,1,28.0,28.0,28.0,0,0,8.38068749601134e-06
17,0,7,0,1,2,56.52000045776367,83.79,29.25,0,0,0.0789710330903298
52,1,7,4,1,2,66.9749984741211,69.0,64.95,0,0,0.03391234551113297
56,1,10,4,1,1,33.9900016784668,33.99,33.99,0,0,2.6115158370912287e-05
61,1,6,4,1,1,25.0,25.0,25.0,0,0,0.00015478162148644398
27,1,4,4,4,7,77.34249997138977,192.5,13.49,1,1,0.9999580445093033
70,1,4,4,4,3,62.91000099182129,105.0,17.99,1,1,0.9768386436888402
68,0,3,1,1,2,16.02999973297119,25.06,7.0,0,0,0.00396489387272058
56,0,6,4,1,1,19.989999771118164,19.99,19.99,0,0,2.5029540387088356e-05
57,1,3,3,2,2,35.666666666666664,72.0,12.0,0,0,0.04311030113898174
22,1,12,3,1,1,15.239999771118164,15.24,15.24,0,0,3.2664699712926596e-06
63,0,4,4,2,2,30.263333320617676,49.0,13.79,0,0,0.003943063030174038
21,1,4,4,4,5,58.999999618530275,110.0,28.17,1,1,0.999658425550467
20,1,4,0,2,2,16.47499990463257,25.0,7.95,0,0,0.0029174423059580884
47,0,13,4,1,1,11.449999809265137,11.45,11.45,0,0,1.968289985955307e-05
33,0,10,4,2,4,89.87249994277954,158.0,21.99,1,1,0.9996678778068607
42,0,13,4,1,1,52.709999084472656,52.71,52.71,0,0,0.00029527303186876135
28,1,6,4,2,5,60.43333307902018,95.0,24.0,1,1,0.9850784432441675
40,0,13,4,1,2,75.5,135.0,16.0,0,0,0.2183251603102626
25,1,3,4,1,1,16.579999923706055,16.58,16.58,0,0,3.2664699712926596e-06
65,1,4,4,1,4,62.86250019073486,99.5,36.95,1,1,0.9763833395358904
18,0,3,4,2,4,17.58999991416931,25.0,9.12,0,0,0.002494679101706881
19,1,2,2,2,2,38.510000228881836,55.0,22.02,0,0,0.007543933638430552
68,1,0,4,1,2,88.86666742960612,147.5,36.98,1,1,0.9682950419368014
25,0,4,4,1,3,78.74250078201294,209.99,11.99,1,1,0.9963143761689559
20,1,11,4,1,1,64.94999694824219,64.95,64.95,0,0,0.0021738595810444268
15,1,4,4,2,2,54.994998931884766,79.99,30.0,0,0,0.05870536450651845
27,1,4,4,1,1,74.5,74.5,74.5,0,0,0.0007518121299777155
17,1,10,4,1,1,49.9900016784668,49.99,49.99,0,0,0.0004900313935531341
39,0,13,4,1,1,8.170000076293945,8.17,8.17,0,0,1.968289985955307e-05
28,1,4,2,2,3,47.36250019073486,85.0,20.99,1,1,0.5558894061193196
57,0,3,4,1,1,207.27999877929688,207.28,207.28,1,1,1.0
41,1,13,2,1,1,149.9499969482422,149.95,149.95,0,0,0.007593556432733938
13,0,4,3,1,3,51.1933339436849,68.65,24.98,0,0,0.4548600952951782
33,1,4,4,2,2,24.47000026702881,36.95,11.99,0,0,0.0013251974375538197
44,0,10,2,3,4,85.7099997997284,288.0,8.94,1,1,0.9998881375574414
47,0,4,4,1,1,23.0,23.0,23.0,0,0,2.5029540387088356e-05
27,1,4,4,1,3,57.81666692097982,110.0,23.95,1,1,0.9647471121565626
12,1,11,4,1,1,29.0,29.0,29.0,0,0,2.0709650697224966e-06
30,1,6,1,2,2,49.25,54.0,44.5,0,0,0.0081406234279821
62,1,6,4,1,1,62.0,62.0,62.0,0,0,0.0003177339650691384
32,0,3,0,3,5,125.07000001271565,275.0,31.99,1,1,1.0
48,0,4,1,1,2,37.4950008392334,49.99,25.0,0,0,0.002101215534425847
53,0,7,4,2,2,23.810000896453857,37.99,9.63,0,0,0.0005170059415651358
29,0,13,4,2,2,98.16333389282227,188.0,36.99,1,1,0.9991500273297557
48,0,10,4,1,1,19.989999771118164,19.99,19.99,0,0,2.5029540387088356e-05
54,1,12,4,2,5,61.779999542236325,179.95,11.99,1,1,0.9992597248117074
58,0,10,4,2,3,47.45666758219401,66.37,26.0,0,0,0.3666182889100477
62,0,11,4,1,1,13.949999809265137,13.95,13.95,0,0,2.5029540387088356e-05
34,0,13,4,3,3,16.573333263397217,25.0,4.73,0,0,0.002434305056279144
21,0,11,4,1,4,31.1850004196167,45.99,19.9,0,0,0.013458433479562305
20,0,4,4,1,1,102.58000183105469,102.58,102.58,0,0,0.007215325140299862
69,0,13,4,1,1,14.949999809265137,14.95,14.95,0,0,1.968289985955307e-05
52,1,13,4,1,1,18.0,18.0,18.0,0,0,4.840324911832688e-05
18,1,2,4,1,1,114.94999694824219,114.95,114.95,0,0,0.00766581060637301
41,0,4,4,3,6,31.12833309173584,99.0,11.99,1,1,0.9248022411881784
35,1,6,1,4,7,47.617499589920044,79.99,16.97,1,1,0.994301229606797
22,1,13,3,2,2,33.84999990463257,52.0,15.7,0,0,0.0025065231843372985
37,1,4,4,2,2,69.5,99.0,40.0,0,0,0.24126929318806176
48,1,4,2,1,1,10.0,10.0,10.0,0,0,8.38068749601134e-06
49,0,13,4,3,5,50.36800003051758,84.0,18.0,1,1,0.9869577470033681
19,0,13,3,1,1,903.0,903.0,903.0,1,1,1.0
20,0,13,2,1,1,17.5,17.5,17.5,0,0,1.968289985955307e-05
42,0,4,4,1,1,12.989999771118164,12.99,12.99,0,0,2.5029540387088356e-05
63,0,13,3,1,1,90.0,90.0,90.0,0,0,0.005394132734763513
14,1,13,4,2,2,57.474998474121094,89.95,25.0,0,0,0.22759798247088692
17,0,4,4,1,1,13.989999771118164,13.99,13.99,0,0,1.968289985955307e-05
68,0,13,4,1,1,14.789999961853027,14.79,14.79,0,0,1.968289985955307e-05
70,1,4,4,2,2,163.06000328063965,276.32,49.8,1,1,0.9996339499079225
57,1,13,4,1,1,119.0,119.0,119.0,0,0,0.01595960402170699
23,1,4,4,1,1,79.5,79.5,79.5,0,0,0.00133287548858305
62,0,7,4,1,1,32.0,32.0,32.0,0,0,2.3287844823670516e-05
13,1,7,4,1,2,159.49499988555908,299.0,19.99,1,1,0.9976500118747079
38,1,4,2,1,2,69.75,85.0,54.5,0,0,0.13396103767671563
35,0,4,4,3,4,67.00250005722046,148.0,12.99,1,1,0.9994190004979226
67,0,4,4,1,1,54.5,54.5,54.5,0,0,0.00036927058570271543
28,0,3,2,1,2,63.94000053405762,87.89,39.99,0,0,0.13939509523772498
55,1,13,4,1,2,34.99499988555908,55.0,14.99,0,0,0.002759127894537211
37,0,7,3,1,1,25.059999465942383,25.06,25.06,0,0,6.160052574650034e-05
22,0,13,4,2,4,65.38600044250488,135.0,16.99,1,1,0.9970205699261211
39,0,12,4,1,1,24.989999771118164,24.99,24.99,0,0,6.160052574650034e-05
45,0,13,4,2,3,32.323333740234375,44.99,12.0,0,0,0.009624851495478414
44,1,4,4,1,1,23.229999542236328,23.23,23.23,0,0,8.38068749601134e-06
28,1,3,3,1,1,63.0,63.0,63.0,0,0,0.0005145065305869851
61,0,11,4,3,4,74.16399993896485,199.95,11.23,1,1,0.9998436624402705
56,1,13,4,1,1,12.899999618530273,12.9,12.9,0,0,4.840324911832688e-05
41,1,4,1,1,1,26.989999771118164,26.99,26.99,0,0,3.2664699712926596e-06
13,0,3,4,4,5,63.83875024318695,130.0,13.31,1,1,0.9994563103465268
33,0,4,4,4,4,74.2475004196167,129.0,25.0,1,1,0.999239867554097
54,0,13,4,1,4,36.26250123977661,49.99,14.99,0,0,0.057767798951094414
44,1,11,4,1,2,129.9749984741211,181.95,78.0,1,1,0.9999180327868852
30,1,6,4,1,2,66.49499893188477,79.99,53.0,0,0,0.0869865001368003
52,0,4,3,2,2,76.25,108.0,44.5,0,0,0.20978720472043105
37,1,4,2,3,3,42.55666732788086,60.0,32.95,0,0,0.30972367440330417
65,0,13,2,1,1,40.75,40.75,40.75,0,0,7.359466274078951e-06
60,0,12,4,2,4,55.93399848937988,196.18,10.99,1,1,0.9916311406531634
47,1,0,2,2,4,74.4850001335144,219.0,19.99,1,1,0.9927887078909443
18,1,13,4,4,6,85.01166725158691,198.0,11.99,1,1,0.9999066267206791
20,1,3,4,1,1,55.0,55.0,55.0,0,0,0.0002140626321617779
34,1,4,3,1,1,15.949999809265137,15.95,15.95,0,0,8.38068749601134e-06
27,0,12,4,1,2,25.940000534057617,29.93,21.95,0,0,0.0006492976977130694
25,1,3,4,1,1,25.0,25.0,25.0,0,0,3.2664699712926596e-06
41,0,3,4,2,2,43.989999771118164,81.0,18.97,0,0,0.04971498065483301
43,1,10,4,2,2,186.82999992370605,319.0,54.66,1,1,0.9996987458636665
59,1,4,3,4,4,77.89799995422364,155.0,24.99,1,1,0.9999260202321512
51,0,3,0,1,1,29.989999771118164,29.99,29.99,0,0,2.041620703291727e-05
61,1,4,4,1,2,38.375,40.0,36.75,0,0,0.0006249983901047085
53,0,13,4,2,2,44.489999771118164,78.0,10.98,0,0,0.05394932129335681
69,0,3,4,1,1,39.93000030517578,39.93,39.93,0,0,7.47937935009802e-05
40,1,11,4,2,2,66.99499893188477,69.0,64.99,0,0,0.05224611794595944
64,1,3,4,1,1,19.989999771118164,19.99,19.99,0,0,0.00025046553172730504
24,0,3,4,4,6,51.11000006539481,148.5,10.0,1,1,0.9996446556983389
62,0,13,4,2,2,79.25,92.5,66.0,0,0,0.15697328711527017
45,0,4,2,1,1,9.899999618530273,9.9,9.9,0,0,2.5029540387088356e-05
20,1,11,4,2,2,50.5,56.0,45.0,0,0,0.009980399963850476
36,0,0,4,1,1,38.560001373291016,38.56,38.56,0,0,1.02311040648322e-05
45,1,13,0,1,1,167.0,167.0,167.0,0,0,0.007966048260260377
63,1,4,4,1,1,79.94999694824219,79.95,79.95,0,0,0.0015022652298451468
37,1,10,4,1,1,20.0,20.0,20.0,0,0,2.5314485649881535e-05
20,0,7,4,2,6,44.27499961853027,94.99,11.99,1,1,0.9600604256292347
63,1,4,4,2,2,64.98999881744385,99.99,29.99,0,0,0.27660376391547364
43,1,10,4,1,2,52.47500038146973,65.0,39.95,0,0,0.021882451050517338
30,0,6,4,2,4,46.89500021934509,84.97,8.71,1,1,0.9313289445975107
27,1,6,4,1,1,15.75,15.75,15.75,0,0,3.2664699712926596e-06
40,1,6,3,2,1,53.170000076293945,56.39,49.95,0,0,0.00695898605435568
44,0,3,3,1,2,77.94500255584717,129.99,25.9,0,0,0.21281381547836592
18,0,3,4,1,2,44.0,60.0,28.0,0,0,0.02295182347197971
16,0,3,4,1,2,40.98999881744385,69.99,11.99,0,0,0.006791968666857284
63,0,7,4,1,1,50.380001068115234,50.38,50.38,0,0,0.00013472355573507415
69,1,4,3,1,2,67.20499801635742,82.95,51.46,0,0,0.14877630255444146
63,1,13,4,3,3,37.96666717529297,39.99,34.95,0,0,0.036112990193125756
43,0,11,4,1,1,8.989999771118164,8.99,8.99,0,0,2.5029540387088356e-05
21,1,4,4,1,1,30.0,30.0,30.0,0,0,1.1043886878369898e-05
44,1,4,4,1,3,94.49249982833862,208.0,21.99,1,1,0.9999597248115881
64,0,13,4,1,1,9.949999809265137,9.95,9.95,0,0,1.968289985955307e-05
60,0,3,4,1,1,29.950000762939453,29.95,29.95,0,0,2.041620703291727e-05
53,0,13,4,1,1,91.72000122070312,91.72,91.72,0,0,0.01135184240940345
14,0,11,4,1,2,54.0,85.0,23.0,0,0,0.07862052776649758
21,0,6,3,2,2,60.994998931884766,99.99,22.0,0,0,0.19391569216347526
50,1,4,4,1,1,236.83999633789062,236.84,236.84,1,1,1.0
68,1,13,4,1,1,65.0,65.0,65.0,0,0,0.0007715841286273506
62,0,4,4,1,1,106.69999694824219,106.7,106.7,0,0,0.005856652462580436
38,0,4,4,1,2,22.425000190734863,27.0,17.85,0,0,0.0005988854354981554
33,1,13,4,2,2,42.33500003814697,54.68,29.99,0,0,0.00511475116423192
42,0,4,2,4,6,41.31857122693743,129.31,13.96,1,1,0.9915635870776667
18,1,13,4,1,1,19.959999084472656,19.96,19.96,0,0,2.6355233439738017e-05
55,0,7,3,1,1,39.95000076293945,39.95,39.95,0,0,2.3287844823670516e-05
32,0,3,1,1,2,34.67999982833862,59.0,10.36,0,0,0.0011182111442876097
18,0,4,4,3,3,41.22250032424927,92.0,9.9,0,0,0.3908409557185019
44,1,13,3,1,4,45.98500061035156,68.0,25.0,1,1,0.9472228470822744
38,0,4,4,2,3,41.663333892822266,60.0,18.0,0,0,0.09193284249538544
35,0,13,4,1,3,52.61999956766764,94.99,16.99,0,1,0.6407107630593251
60,1,11,4,1,2,28.994999885559082,33.0,24.99,0,0,0.00044628792403261655
22,0,12,3,1,2,69.2599999109904,99.0,9.78,1,0,0.15093232950406654
54,1,11,4,1,1,12.5,12.5,12.5,0,0,2.5314485649881535e-05
33,0,4,3,2,2,86.97500038146973,110.0,63.95,1,1,0.9770860056881919
26,0,13,4,2,2,352.27500009536743,695.0,9.55,1,1,0.9986621983008284
46,0,12,4,2,2,81.96499824523926,129.95,33.98,0,0,0.29168146370420006
64,0,0,0,1,2,151.38999938964844,258.0,44.78,1,1,0.9998520700817143
55,0,13,4,2,2,28.393332799275715,37.19,15.99,0,0,0.0014808931848502946
29,0,13,4,2,3,36.72000058492025,62.91,12.26,0,0,0.10190406442214466
68,0,4,4,1,1,6.989999771118164,6.99,6.99,0,0,1.968289985955307e-05
12,1,3,2,1,2,36.334999084472656,63.67,9.0,0,0,0.009899740417420071
20,0,13,4,1,1,19.0,19.0,19.0,0,0,1.968289985955307e-05
24,1,4,4,1,1,88.0,88.0,88.0,0,0,0.0039881041426356005
23,1,4,4,1,3,31.726666768391926,46.69,13.5,0,0,0.007547987696772377
22,1,13,4,1,4,77.23500156402588,169.99,25.0,1,1,0.9976252229074993
15,1,4,4,3,4,52.65199947357178,110.0,13.88,1,1,0.9911469306412813
24,1,3,4,1,2,58.295000076293945,61.6,54.99,0,0,0.03568021722213383
52,1,4,3,1,3,38.9825005531311,52.0,13.99,0,0,0.03996788791777411
64,1,4,4,2,4,45.235999488830565,119.7,14.63,1,1,0.9727300866903055
25,0,4,4,1,1,25.0,25.0,25.0,0,0,6.160052574650034e-05
17,0,0,4,1,1,52.59000015258789,52.59,52.59,0,0,0.00018356347327114727
52,0,13,0,2,3,144.3066670099894,375.0,9.95,1,1,0.999633466241555
34,1,13,4,2,2,54.99499988555908,88.0,21.99,0,0,0.12413803613904709
45,0,4,4,2,2,109.99499988555908,200.0,19.99,1,1,0.9981717732155205
49,0,4,4,2,5,39.555999755859375,69.99,15.0,1,1,0.9233990362695123
48,0,12,3,1,1,150.0,150.0,150.0,0,0,0.002918026493538313
30,1,10,4,1,1,47.9900016784668,47.99,47.99,0,0,0.0001188732434742645
18,1,4,3,1,2,53.98999881744385,89.99,17.99,0,0,0.11357305952500182
42,1,4,4,2,6,54.951666514078774,119.0,25.99,1,1,0.9714156655341867
56,0,2,3,1,1,94.94999694824219,94.95,94.95,0,0,0.004248758601097793
32,0,4,4,1,1,89.98999786376953,89.99,89.99,0,0,0.004062408550059699
32,0,4,1,2,2,73.4950008392334,88.0,58.99,0,0,0.14575890660287041
49,0,4,2,1,1,14.96999979019165,19.99,9.95,0,0,2.5029540387088356e-05
63,0,3,4,2,2,23.74500000476837,42.0,6.98,0,0,0.0004777416310377621
63,0,13,4,1,1,31.979999542236328,31.98,31.98,0,0,1.02311040648322e-05
66,0,4,3,1,1,79.0,79.0,79.0,0,0,0.0005690714412733079
38,0,3,4,1,1,95.0,95.0,95.0,0,0,0.0057344746919988235
70,1,13,4,2,2,80.76666673024495,160.0,12.8,1,1,0.7493749101839136
17,1,4,4,2,3,22.46666685740153,39.88,12.53,0,0,0.001973069015733322
13,1,4,2,2,2,149.4749984741211,209.0,89.95,1,1,1.0
62,0,7,4,1,1,159.99000549316406,159.99,159.99,0,0,0.0032249583750793946
62,1,4,4,1,1,180.0,180.0,180.0,1,1,1.0
42,1,4,3,2,2,80.96999835968018,139.95,21.99,0,0,0.3765350662959861
12,1,10,1,3,4,64.78250074386597,94.5,19.65,1,1,0.9975787195648933
51,1,6,4,1,1,24.5,24.5,24.5,0,0,2.5314485649881535e-05
56,1,4,0,1,1,29.989999771118164,29.99,29.99,0,0,1.1955049015701636e-06
54,0,4,4,2,2,48.239999771118164,61.5,34.98,0,0,0.017419375504683393
33,0,10,4,1,1,35.0,35.0,35.0,0,0,1.7941204296135235e-05
17,1,6,4,3,5,47.84599990844727,109.99,21.5,1,1,0.9920257257180535
50,0,3,3,1,1,38.0,38.0,38.0,0,0,2.3287844823670516e-05
16,1,4,4,2,2,56.5,85.0,28.0,0,0,0.13436749385171923
61,0,4,4,1,1,24.989999771118164,24.99,24.99,0,0,3.273964061839139e-05
46,0,3,4,1,1,8.670000076293945,8.67,8.67,0,0,2.5029540387088356e-05
33,0,4,4,1,4,131.375,375.0,42.0,1,1,0.9978260869565218
38,1,4,1,2,5,38.23799991607666,69.99,15.89,1,1,0.9348944830756081
49,1,4,4,1,1,87.94999694824219,87.95,87.95,0,0,0.006815897711495358
68,0,3,4,1,3,59.185001373291016,136.27,20.48,1,1,0.9730189448258854
27,1,4,4,1,1,69.5,69.5,69.5,0,0,0.0007603636119876069
49,0,3,4,2,3,21.983333587646484,25.0,19.95,0,0,0.0018421785458624799
38,0,4,4,1,2,56.9950008392334,63.99,50.0,0,0,0.02362851310876389
51,0,3,4,2,2,124.99500274658203,170.99,79.0,1,1,0.9991867875809041
27,1,4,4,1,1,159.0,159.0,159.0,0,0,0.004465800296095433
46,1,12,1,1,1,198.0,198.0,198.0,1,1,1.0
66,0,13,3,1,1,8.949999809265137,8.95,8.95,0,0,1.968289985955307e-05
23,1,3,4,1,1,50.0,50.0,50.0,0,0,0.0002738806579822705
34,0,4,4,2,2,42.666666666666664,78.0,25.0,0,0,0.07375720011473706
46,0,4,0,1,2,34.46000003814697,55.0,13.92,0,0,0.005759238451014774
60,0,4,4,1,1,31.989999771118164,31.99,31.99,0,0,2.3287844823670516e-05
63,1,12,3,1,2,42.326666514078774,67.0,29.99,0,0,0.009731870496388392
48,1,6,4,1,2,32.24499988555908,49.5,14.99,0,0,0.0021145503960444665
64,0,3,3,1,1,24.0,24.0,24.0,0,0,4.835768968724385e-05
41,1,13,3,1,2,57.98999881744385,95.99,19.99,0,0,0.21180206425975226
32,1,4,4,1,1,19.989999771118164,19.99,19.99,0,0,0.00019807166477648751
36,1,13,4,1,1,36.95000076293945,36.95,36.95,0,0,5.616286408013709e-05
52,0,13,3,1,1,32.0,32.0,32.0,0,0,1.02311040648322e-05
69,1,10,4,1,2,20.989999771118164,24.99,16.99,0,0,0.0005191607726632603
22,0,4,4,1,1,19.989999771118164,19.99,19.99,0,0,1.968289985955307e-05
44,0,4,4,1,1,51.9900016784668,51.99,51.99,0,0,0.00035998735789882
42,1,4,4,2,3,31.5,44.5,25.0,0,0,0.0023865638721170894
63,0,4,4,2,1,35.954999923706055,40.91,31.0,0,0,0.0024096119824309984
13,0,4,4,2,2,25.410000324249268,42.43,8.39,0,0,0.0007822758815045761
33,0,4,3,1,1,9.989999771118164,9.99,9.99,0,0,1.968289985955307e-05
23,1,13,4,1,1,99.97000122070312,99.97,99.97,0,0,0.010083547773505196
34,1,10,4,1,3,34.7325005531311,69.98,14.0,0,0,0.04683746041918138
24,1,13,4,3,3,34.46499991416931,100.0,9.9,0,0,0.48794532393072493
15,1,13,0,1,2,57.5,70.0,45.0,0,0,0.09005349788270595
22,0,4,4,2,2,30.535000324249268,49.95,11.12,0,0,0.0017939245238563697
50,1,10,4,4,3,43.19499969482422,64.99,18.5,1,1,0.8095856706086182
26,1,4,3,3,5,154.6328569139753,903.0,11.99,1,1,0.9999536623883567
66,1,7,4,1,1,39.9900016784668,39.99,39.99,0,0,0.00019430958087360465
58,1,4,4,3,3,25.3133331934611,40.0,14.95,0,0,0.008105654425089488
18,0,13,4,1,1,16.5,16.5,16.5,0,0,1.968289985955307e-05
46,0,4,4,2,2,46.285000801086426,72.58,19.99,0,0,0.033065265199656683
68,1,8,4,3,3,94.31333287556966,155.0,47.95,1,1,0.9998934875768651
17,1,12,4,1,1,33.9900016784668,33.99,33.99,0,0,0.0008411679775929613
26,0,4,4,1,1,75.0,75.0,75.0,0,0,0.00041293241580546896
59,0,10,4,1,1,49.9900016784668,49.99,49.99,0,0,0.00014775154988226792
23,0,6,4,1,1,79.94999694824219,79.95,79.95,0,0,0.000462465813793216
33,1,13,3,2,2,37.9950008392334,49.99,26.0,0,0,0.00571786259686552
12,0,13,4,1,4,62.14999961853027,126.0,15.0,1,1,0.9765337414941224
46,1,4,1,1,3,132.41000111897787,239.99,69.24,1,1,1.0
54,0,13,4,4,7,43.76111125946045,136.0,11.99,1,1,0.994002940069837
36,0,13,4,1,1,14.989999771118164,14.99,14.99,0,0,1.968289985955307e-05
59,1,0,4,1,1,12.949999809265137,12.95,12.95,0,0,8.38068749601134e-06
53,1,13,1,3,5,67.82333310445149,129.95,38.5,1,1,0.9941310294698938
56,0,12,4,1,1,89.0,89.0,89.0,0,0,0.0036408736825459974
15,0,0,4,2,2,29.982499837875366,68.0,9.95,0,0,0.006227484676688794
27,1,4,4,1,1,55.0,55.0,55.0,0,0,0.0004247877470672743
68,1,2,2,1,2,21.994999885559082,24.0,19.99,0,0,0.0001640168993947104
27,0,13,3,1,1,470.989990234375,470.99,470.99,1,1,1.0
35,1,3,4,1,1,29.899999618530273,29.9,29.9,0,0,6.309722426288844e-06
63,1,3,4,2,3,32.29333368937174,36.88,25.0,0,0,0.004761560972245517
15,0,4,4,1,1,36.0,36.0,36.0,0,0,2.4917948482181724e-05
25,0,3,4,1,1,39.0,39.0,39.0,0,0,2.4917948482181724e-05
17,1,3,3,1,1,30.270000457763672,30.27,30.27,0,0,1.1043886878369898e-05
49,1,4,4,1,4,37.579999923706055,98.0,8.99,0,0,0.28074108941978715
25,1,3,4,1,1,172.94000244140625,172.94,172.94,1,1,1.0
66,1,13,3,2,5,79.8,135.0,19.0,1,1,0.9873106043634743
25,1,4,4,1,1,24.989999771118164,24.99,24.99,0,0,3.2664699712926596e-06
39,0,3,3,1,1,85.0,85.0,85.0,0,0,0.0070575031812567255
39,1,3,4,1,1,100.0,100.0,100.0,0,0,0.008865809404915848
52,1,13,4,1,1,25.200000762939453,25.2,25.2,0,0,4.840324911832688e-05
38,0,7,4,1,1,74.0,74.0,74.0,0,0,0.0006368322992200292
64,0,4,3,1,1,42.9900016784668,42.99,42.99,0,0,0.00021233705185588444
62,1,4,4,2,2,47.3700008392334,51.75,42.99,0,0,0.007888584367478477
59,1,6,4,1,1,30.0,30.0,30.0,0,0,2.6115158370912287e-05
44,0,13,4,1,1,9.949999809265137,9.95,9.95,0,0,1.968289985955307e-05
19,0,8,4,1,2,65.29999923706055,97.0,33.6,0,0,0.15909076589656967
50,1,10,2,2,3,95.49000040690105,198.0,24.0,1,1,0.9997179280107978
32,0,7,0,1,2,170.82999515533447,329.99,11.67,1,1,0.9985029036071319
14,1,4,3,1,2,101.5,175.0,28.0,1,1,0.9980633155005124
18,1,13,4,1,1,155.0,155.0,155.0,0,0,0.00424409363854956
69,1,3,3,3,4,85.47999906539917,223.95,19.99,1,1,0.9998388940910303
18,1,6,4,1,2,64.5,69.0,60.0,0,0,0.038140075761172884
36,1,13,4,1,1,25.0,25.0,25.0,0,0,4.840324911832688e-05
19,0,13,4,1,1,49.9900016784668,49.99,49.99,0,0,0.0015510739637042247
32,1,2,4,1,1,54.95000076293945,54.95,54.95,0,0,0.00041421195271478824
21,1,3,1,1,1,149.5,149.5,149.5,0,0,0.01177536086971883
63,1,13,4,1,1,53.95000076293945,53.95,53.95,0,0,0.00021414737970052087
52,1,13,4,1,1,25.0,25.0,25.0,0,0,4.840324911832688e-05
20,0,13,4,1,1,18.950000762939453,18.95,18.95,0,0,1.968289985955307e-05
68,1,4,2,2,4,78.0380012512207,169.99,34.99,1,1,0.9980378520890143
26,0,3,4,2,3,35.660000483194985,44.0,29.99,0,0,0.009759532841731453
17,0,13,1,1,1,79.0,79.0,79.0,0,0,0.004186779827207161
63,1,0,4,1,1,51.95000076293945,51.95,51.95,0,0,0.0026245953670412598
15,0,4,4,1,1,22.5,22.5,22.5,0,0,1.968289985955307e-05
66,0,3,4,1,2,138.75,140.0,137.5,1,1,0.9352772777136077
43,1,13,4,1,1,29.989999771118164,29.99,29.99,0,0,4.633228404860439e-05
46,1,4,2,1,1,45.0,45.0,45.0,0,0,0.00021484914328187595
36,1,4,4,2,3,47.086666107177734,66.28,29.98,0,0,0.4023444116447491
44,1,13,4,1,1,42.9900016784668,42.99,42.99,0,0,0.00038969608114640153
32,0,4,4,2,5,99.5759994506836,218.95,6.0,1,1,0.9999046189511186
39,0,13,4,1,1,8.529999732971191,8.53,8.53,0,0,1.968289985955307e-05
36,1,3,4,1,1,16.989999771118164,16.99,16.99,0,0,8.38068749601134e-06
68,1,4,4,1,1,48.0,48.0,48.0,0,0,0.0003754547549331311
58,1,10,4,1,1,99.94999694824219,99.95,99.95,0,0,0.0082400655205181
27,1,13,4,2,3,40.40000089009603,59.99,8.76,0,0,0.09085592295648519
68,0,4,4,1,1,48.0,48.0,48.0,0,0,0.00023613876334508419
54,0,7,3,1,1,19.989999771118164,19.99,19.99,0,0,2.5029540387088356e-05
32,1,4,3,1,1,173.0,173.0,173.0,1,1,1.0
43,1,3,4,1,1,63.560001373291016,63.56,63.56,0,0,0.00046033566818779397
48,0,13,4,2,3,103.31333287556966,178.0,29.95,1,1,0.9999117480376853
28,0,4,3,1,1,29.979999542236328,29.98,29.98,0,0,1.5069566505381985e-05
64,0,10,4,4,4,37.30000066757202,79.23,16.99,0,1,0.7101300517577175
27,1,13,4,1,1,39.83000183105469,39.83,39.83,0,0,4.970196305343586e-05
22,1,4,4,1,2,82.49499893188477,99.99,65.0,0,0,0.1431425418320192
33,0,13,4,1,1,9.75,9.75,9.75,0,0,1.968289985955307e-05
39,1,6,4,2,2,31.475000381469727,39.95,23.0,0,0,0.0004043276301158117
32,0,4,4,1,1,62.0,62.0,62.0,0,0,0.0016418700018885125
16,1,4,4,2,3,35.66000111897787,44.99,20.0,0,0,0.02250888102319305
25,1,3,4,2,3,24.743332544962566,39.1,12.25,0,0,0.0017028934282511223
25,0,4,4,1,1,49.0,49.0,49.0,0,0,0.00025625814460729075
14,1,3,2,3,1,51.766666412353516,70.0,35.8,0,0,0.16064522735032824
22,1,4,4,1,1,99.0,99.0,99.0,0,0,0.006975806431391348
37,1,10,4,1,1,49.9900016784668,49.99,49.99,0,0,0.0001139522126325097
12,0,4,4,1,1,95.0,95.0,95.0,0,0,0.0034963601515280206
48,0,9,4,2,3,93.35666910807292,147.13,28.0,1,1,0.9986008774549175
25,0,4,4,2,2,27.919999440511067,64.99,9.0,0,0,0.003839943032248458
34,0,2,0,1,1,6.989999771118164,6.99,6.99,0,0,1.968289985955307e-05
19,0,13,2,1,1,19.670000076293945,19.67,19.67,0,0,0.00010411066721414975
69,1,7,0,3,3,41.829999923706055,74.5,17.49,0,0,0.2773336564038791
23,1,13,4,1,4,111.09249877929688,179.95,44.0,1,1,0.9999683981700788
31,1,10,0,1,1,115.0,115.0,115.0,0,0,0.012442760502521038
23,1,10,3,1,1,49.9900016784668,49.99,49.99,0,0,6.4350417114593e-05
52,0,10,4,1,1,29.950000762939453,29.95,29.95,0,0,2.041620703291727e-05
21,0,4,4,2,2,245.4749984741211,366.0,124.95,1,1,1.0
68,1,13,4,1,1,198.0,198.0,198.0,1,1,1.0
63,1,3,4,1,1,48.0,48.0,48.0,0,0,0.0007329405086095304
16,1,7,2,2,2,67.0,98.0,36.0,0,0,0.2325731512258303
43,1,4,4,1,1,59.5,59.5,59.5,0,0,0.0003972031118562956
61,1,4,4,1,1,178.0,178.0,178.0,1,1,1.0
58,0,9,4,1,1,19.979999542236328,19.98,19.98,0,0,2.5029540387088356e-05
63,1,4,4,1,2,19.994999885559082,27.99,12.0,0,0,0.0011966505818244812
34,1,4,4,1,2,15.474999904632568,25.0,5.95,0,0,0.0011434823914874854
41,1,13,4,1,2,14.494999885559082,16.99,12.0,0,0,0.0012390203815083017
13,1,4,0,2,2,61.23333231608073,140.7,19.0,1,1,0.5556272433195494
15,0,13,2,1,1,13.229999542236328,13.23,13.23,0,0,1.968289985955307e-05
14,0,13,4,1,2,65.49499893188477,84.99,46.0,0,0,0.10069586016343626
13,0,4,3,1,1,12.989999771118164,12.99,12.99,0,0,1.848739495798291e-05
48,1,4,4,1,2,28.0,40.0,16.0,0,0,0.00043468848085553824
68,0,12,4,2,4,64.8650004863739,118.0,13.56,1,1,0.9843734475147484
63,1,13,0,2,2,18.480000019073486,25.0,11.96,0,0,0.002649748378858408
63,1,4,1,1,1,55.0,55.0,55.0,0,0,0.0001196824553107167
18,0,13,0,1,1,13.109999656677246,13.11,13.11,0,0,1.968289985955307e-05
35,0,4,4,1,1,19.079999923706055,19.08,19.08,0,0,1.968289985955307e-05
46,1,13,4,1,2,82.0,89.0,75.0,0,0,0.0942901592410236
46,0,4,4,1,1,50.9900016784668,50.99,50.99,0,0,0.00028446726809801574
59,0,3,1,1,2,59.47500038146973,70.0,48.95,0,0,0.07471223251885435
42,0,3,4,1,1,29.68000030517578,29.68,29.68,0,0,2.041620703291727e-05
15,1,13,4,2,4,48.427999114990236,79.99,11.25,1,1,0.9383149699904432
26,1,13,4,1,1,25.190000534057617,25.19,25.19,0,0,2.6355233439738017e-05
60,0,4,4,2,3,51.250000635782875,67.76,19.99,0,0,0.37395117464071326
36,1,4,4,2,2,31.7450008392334,49.99,13.5,0,0,0.011486155329446017
28,0,4,2,2,2,59.96999931335449,99.99,19.95,0,0,0.18899303963417277
35,0,13,4,1,1,74.0,74.0,74.0,0,0,0.0006901998601692653
52,1,12,2,1,2,42.4950008392334,45.0,39.99,0,0,0.0006643517911486118
40,1,13,4,2,2,38.49499988555908,55.0,21.99,0,0,0.005108781475452117
39,0,4,1,1,2,93.9599962234497,157.93,29.99,1,1,0.994080754822162
56,0,10,4,1,1,198.0,198.0,198.0,1,1,1.0
50,1,4,4,2,2,28.49000072479248,46.99,9.99,0,0,0.003551762230526084
50,0,4,2,1,1,25.950000762939453,25.95,25.95,0,0,6.694716627403562e-05
21,1,4,4,1,1,44.9900016784668,44.99,44.99,0,0,0.00027405182173481955
22,1,13,2,4,4,70.18599967956543,165.0,17.99,1,1,0.9999205255361714
58,0,4,4,2,3,144.33333333333334,275.0,38.0,1,1,0.9993559953733583
56,0,11,4,2,2,29.985000610351562,39.99,19.98,0,0,0.0010151064552810043
17,0,4,4,3,4,46.06199989318848,125.0,19.31,1,1,0.9947116993205699
64,0,4,4,2,6,50.44333362579346,105.99,19.95,1,1,0.9592216944353789
43,1,4,4,1,1,60.0,60.0,60.0,0,0,0.0004099609260174694
57,1,12,4,1,1,115.0,115.0,115.0,0,0,0.01644662126806942
42,0,3,4,3,6,52.29000027974447,74.99,38.98,1,1,0.9525454373252896
13,1,13,4,1,2,46.47500038146973,74.0,18.95,0,0,0.033980298567857004
32,0,4,4,1,1,359.0,359.0,359.0,1,1,1.0
15,0,2,4,1,2,36.45000076293945,38.0,34.9,0,0,0.0009384580560149184
32,1,4,4,1,1,15.989999771118164,15.99,15.99,0,0,0.00019807166477648751
35,1,4,4,3,6,89.66500027974446,350.0,25.0,1,1,0.9999956178790534
33,1,4,4,1,1,24.0,24.0,24.0,0,0,8.38068749601134e-06
22,0,11,4,1,2,70.32666714986165,135.0,21.99,1,0,0.27573030118565145
56,1,4,1,1,1,24.0,24.0,24.0,0,0,3.2664699712926596e-06
17,1,4,4,1,2,107.49500274658203,169.99,45.0,1,1,0.9995658785549416
20,1,11,4,1,1,40.0,40.0,40.0,0,0,1.8002829119149342e-05
67,0,13,4,2,3,40.34333356221517,60.04,10.99,0,0,0.1470783035583317
38,1,4,4,1,1,69.5,69.5,69.5,0,0,0.0005023320273382464
20,1,7,4,2,3,48.99666659037272,65.0,29.99,0,0,0.38832709909042107
60,1,3,4,2,2,55.9950008392334,57.99,54.0,0,0,0.01626000175723939
68,1,4,1,2,2,28.75,30.0,27.5,0,0,0.0006477652968269985
23,1,10,4,1,1,28.0,28.0,28.0,0,0,3.2664699712926596e-06
18,0,13,4,1,1,26.079999923706055,26.08,26.08,0,0,5.3890425515197304e-05
69,0,10,4,1,1,79.0,79.0,79.0,0,0,0.0009876486341324712
16,1,6,3,1,1,55.0,55.0,55.0,0,0,0.00012792439717677543
58,0,4,4,1,1,158.0,158.0,158.0,0,0,0.005444575430376932
43,0,4,3,1,1,41.95000076293945,41.95,41.95,0,0,2.3287844823670516e-05
66,0,13,3,1,1,30.899999618530273,30.9,30.9,0,0,1.02311040648322e-05
32,1,4,4,3,3,86.7374997138977,145.0,20.38,1,1,0.9991450324527734
13,0,3,4,3,5,83.91166718800862,199.0,9.99,1,1,0.9999379979003133
56,1,10,4,1,1,8.0,8.0,8.0,0,0,2.5314485649881535e-05
57,0,10,4,1,1,13.989999771118164,13.99,13.99,0,0,2.5029540387088356e-05
19,0,13,4,1,2,98.5,128.0,69.0,1,1,0.9949135425160915
45,0,12,4,1,2,29.144999504089355,48.3,9.99,0,0,0.001154595120385365
22,1,3,0,1,1,39.95000076293945,39.95,39.95,0,0,8.154447142349609e-06
53,0,3,4,3,4,51.33333365122477,137.5,10.51,1,1,0.9959319240782399
65,1,7,4,1,1,80.5,80.5,80.5,0,0,0.0017696064343419363
12,0,10,4,1,1,25.0,25.0,25.0,0,0,6.040502084493018e-05
35,0,4,4,1,1,345.989990234375,345.99,345.99,1,1,1.0
24,1,10,3,1,1,69.0,69.0,69.0,0,0,0.0003543275900853796
39,1,6,4,1,1,35.0,35.0,35.0,0,0,2.6115158370912287e-05
31,0,8,4,2,2,17.46999979019165,24.0,10.94,0,0,0.0003532796426543843
21,0,4,4,1,2,25.97499990463257,42.0,9.95,0,0,0.000609847098978447
39,0,4,4,3,3,43.29999987284342,85.0,19.9,0,1,0.5764557228007869
18,0,3,4,1,1,72.75,72.75,72.75,0,0,0.00031577695217363625
46,0,13,4,3,3,37.29333305358887,79.0,10.98,0,0,0.21149148486137348
65,1,4,4,1,1,17.969999313354492,17.97,17.97,0,0,0.00023428430195384227
35,0,4,4,2,3,43.59999974568685,58.8,25.0,0,0,0.1682284620441249
39,1,4,4,1,1,90.0,90.0,90.0,0,0,0.004015789203622822
53,0,13,1,2,2,29.975000381469727,30.0,29.95,0,0,0.0008605024806566156
12,0,4,4,3,3,76.09000142415364,136.27,46.0,1,1,0.9998057097541634
17,1,13,2,1,1,86.0,86.0,86.0,0,0,0.005950805256622093
62,1,3,4,1,1,25.0,25.0,25.0,0,0,0.00023428430195384227
31,0,4,4,2,4,49.92750024795532,131.94,6.99,1,1,0.9813597114750064
65,0,2,3,2,4,57.14750003814697,129.0,14.59,1,1,0.9907350025488033
68,1,13,3,1,1,54.0,54.0,54.0,0,0,0.00021722935612472928
58,1,4,4,1,1,22.0,22.0,22.0,0,0,8.38068749601134e-06
39,1,12,3,3,4,131.94000015258788,383.0,19.2,1,1,0.9997173273699709
43,1,13,4,2,2,29.86333401997884,52.13,16.01,0,0,0.002870234348105659
30,1,13,3,2,5,111.07333437601726,180.0,17.0,1,1,0.99987612967378
13,1,4,4,1,1,78.0,78.0,78.0,0,0,0.0022712345669149577
58,0,4,4,4,8,47.86800012588501,92.5,10.78,1,1,0.994758691095748
21,1,11,4,1,1,10.0,10.0,10.0,0,0,3.2664699712926596e-06
44,1,4,4,1,1,10.75,10.75,10.75,0,0,8.38068749601134e-06
37,1,4,4,1,1,179.99000549316406,179.99,179.99,1,1,1.0
22,0,13,4,2,5,76.18333450953166,218.82,4.99,1,1,0.9984910020666056
67,1,11,4,1,1,48.41999816894531,48.42,48.42,0,0,0.00012191183617156721
39,1,12,0,1,1,49.9900016784668,49.99,49.99,0,0,5.450203513779328e-05
30,1,3,4,1,4,80.23749923706055,128.0,38.0,1,1,0.9720539457589308
40,0,10,4,1,1,20.0,20.0,20.0,0,0,2.5029540387088356e-05
52,0,13,4,1,1,95.0,95.0,95.0,0,0,0.006276578473007976
47,1,3,4,4,6,63.52833334604899,198.0,20.0,1,1,0.9999379048444856
33,1,4,2,1,1,57.0,57.0,57.0,0,0,0.0004274605725209139
62,1,13,4,1,2,26.494999885559082,27.0,25.99,0,0,0.0005603229611037471
25,1,6,4,1,2,32.785000801086426,36.58,28.99,0,0,0.00033893788831592373
60,1,6,4,1,3,37.980000813802086,52.0,16.95,0,0,0.02676931677054089
34,1,4,4,1,1,63.4900016784668,63.49,63.49,0,0,0.0004718100241768298
42,0,13,3,1,1,62.0,62.0,62.0,0,0,0.0003957531935791177
45,0,3,4,1,1,28.0,28.0,28.0,0,0,3.273964061839139e-05
63,1,3,3,1,1,53.95000076293945,53.95,53.95,0,0,0.0003775550357586447
29,1,6,0,1,1,39.5,39.5,39.5,0,0,8.154447142349609e-06
27,0,6,4,2,3,11.993333180745443,13.99,9.99,0,0,0.0004443856967868074
64,1,12,4,1,1,16.059999465942383,16.06,16.06,0,0,0.00019543202799050908
51,1,11,4,1,1,39.95000076293945,39.95,39.95,0,0,4.866121526357938e-05
27,1,4,0,1,3,26.333333333333332,28.0,25.0,0,0,0.0041776650087513075
55,0,3,0,2,3,64.76999819278717,196.18,5.9,1,1,0.9986747778164263
34,1,13,4,2,5,34.73600044250488,71.8,4.5,1,1,0.9020900591724093
15,0,4,4,2,3,41.74499988555908,68.0,28.0,0,0,0.07657767725654863
68,1,3,4,1,2,57.09999942779541,84.21,29.99,0,0,0.1468691225689134
25,1,13,2,1,1,28.989999771118164,28.99,28.99,0,0,2.3536740241562884e-05
15,0,13,1,1,3,63.3233331044515,148.0,11.98,1,1,0.9790921873851067
66,0,4,4,1,1,229.0,229.0,229.0,1,1,1.0
18,0,3,4,1,2,67.99499893188477,99.99,36.0,0,0,0.16153773651163267
38,0,4,4,1,4,81.28749990463257,149.0,17.99,1,1,0.9709058983254688
62,1,12,0,1,1,79.44999694824219,79.45,79.45,0,0,0.004587777039084363
65,1,13,4,1,1,72.61000061035156,72.61,72.61,0,0,0.00041240373283403536
63,1,4,3,1,2,46.439998626708984,68.88,24.0,0,0,0.035329126300342746
66,0,4,4,2,2,52.470001220703125,59.95,44.99,0,0,0.007155195102955807
37,1,4,4,4,6,77.94750034809113,189.95,12.13,1,1,0.9999580445093033
13,0,6,4,1,2,37.005001068115234,40.95,33.06,0,0,0.0011806269249930448
30,1,3,4,1,1,32.9900016784668,32.99,32.99,0,0,4.067142692323414e-06
65,0,7,2,1,1,34.9900016784668,34.99,34.99,0,0,2.041620703291727e-05
56,1,13,4,1,1,30.450000762939453,30.45,30.45,0,0,4.920392183935764e-05
36,1,4,4,2,5,62.79400100708008,139.99,25.0,1,1,0.9969872636646981
28,1,0,3,1,1,25.950000762939453,25.95,25.95,0,0,3.2664699712926596e-06
43,0,4,4,1,1,44.95000076293945,44.95,44.95,0,0,0.0002767682623509937
29,0,4,4,4,6,23.951428413391113,36.0,12.2,0,0,0.12260986049363241
29,0,13,4,1,2,56.164998054504395,100.34,11.99,0,0,0.15145378385439798
34,1,4,4,1,1,24.950000762939453,24.95,24.95,0,0,8.38068749601134e-06
37,1,3,4,1,1,14.069999694824219,14.07,14.07,0,0,8.38068749601134e-06
63,0,12,4,1,1,69.98999786376953,69.99,69.99,0,0,0.0005085751156933372
21,1,4,3,1,1,4.269999980926514,4.27,4.27,0,0,3.2664699712926596e-06
36,1,4,3,2,2,34.15000025431315,44.5,25.95,0,0,0.0030403910561767554
65,0,13,4,1,1,128.0,128.0,128.0,0,0,0.004171363150385811
17,0,10,4,1,1,69.94999694824219,69.95,69.95,0,0,0.0017768840189275293
34,0,3,3,1,1,72.0,72.0,72.0,0,0,0.00029234933269331584
40,1,12,4,3,3,54.99333254496256,79.99,29.99,0,0,0.4427334087248259
52,0,3,4,2,2,24.725000381469727,31.95,17.5,0,0,0.0007158839318594447
18,1,11,3,1,1,29.950000762939453,29.95,29.95,0,0,8.172249087616648e-06
43,0,3,4,1,2,40.97500038146973,52.0,29.95,0,0,0.0013917872654569138
24,0,10,4,1,1,24.0,24.0,24.0,0,0,5.3890425515197304e-05
14,1,13,1,1,1,25.0,25.0,25.0,0,0,2.0709650697224966e-06
40,1,4,4,1,1,74.5,74.5,74.5,0,0,0.0004937805453283552
12,0,3,4,1,1,68.0,68.0,68.0,0,0,0.0002785036452942286
62,0,11,2,1,1,47.20000076293945,47.2,47.2,0,0,8.088318361829879e-05
61,0,7,3,1,1,45.9900016784668,45.99,45.99,0,0,9.286704866407236e-05
41,1,3,4,1,1,17.989999771118164,17.99,17.99,0,0,8.38068749601134e-06
55,1,13,4,2,2,63.25000190734863,73.55,52.95,0,0,0.10749652542004451
41,1,13,2,1,4,119.7475004196167,219.0,41.99,1,1,0.9999683981700788
18,0,3,3,3,4,71.01749992370605,110.07,23.0,1,1,0.9981140588642051
13,0,6,2,1,1,62.0,62.0,62.0,0,0,0.0002932899627189973
59,0,4,4,2,1,35.84000015258789,58.5,13.18,0,0,0.017852038956532396
40,0,4,4,2,2,26.4950008392334,34.99,18.0,0,0,0.0004937491672651048
46,0,3,3,1,1,79.0,79.0,79.0,0,0,0.0006862715768396016
19,1,4,4,1,2,127.0,155.0,99.0,1,1,0.999656872950236
40,0,4,3,2,3,133.83333333333334,194.5,95.0,1,1,0.9999687500000001
68,1,4,4,1,2,44.99000072479248,59.99,29.99,0,0,0.017871400065124127
28,1,4,3,2,2,61.4950008392334,89.0,33.99,0,0,0.2503507133771982
44,1,3,4,1,2,36.7450008392334,38.99,34.5,0,0,0.0004769187295327445
56,0,10,2,2,2,49.44999980926514,79.0,19.9,0,0,0.05449555233586637
53,1,10,1,1,1,60.0,60.0,60.0,0,0,0.00010667116506894683
70,0,13,4,2,2,34.5,35.0,34.0,0,0,0.0015394065472186039
19,0,4,3,1,1,74.0,74.0,74.0,0,0,0.0004878828207746464
47,0,13,1,2,2,50.493333180745445,64.99,32.49,0,0,0.016828346308885012
45,1,3,4,1,1,39.45000076293945,39.45,39.45,0,0,1.614030245782154e-05
12,0,3,4,1,1,199.0,199.0,199.0,1,1,1.0
17,1,4,4,1,2,187.44499969482422,249.89,125.0,1,1,1.0
54,0,6,4,1,1,39.5,39.5,39.5,0,0,2.3287844823670516e-05
32,1,12,4,1,1,49.9900016784668,49.99,49.99,0,0,0.0002516899977773514
41,0,10,4,1,1,35.9900016784668,35.99,35.99,0,0,2.3287844823670516e-05
24,1,4,2,1,1,69.0,69.0,69.0,0,0,0.0005816375661262677
60,1,3,4,1,3,37.33000055948893,49.99,20.0,0,0,0.03364984881048854
27,0,8,4,1,1,13.670000076293945,13.67,13.67,0,0,1.968289985955307e-05
35,0,13,0,1,1,27.989999771118164,27.99,27.99,0,0,1.968289985955307e-05
69,1,4,4,1,2,36.25,47.5,25.0,0,0,0.0010974235979902714
66,0,3,4,1,1,16.0,16.0,16.0,0,0,4.835768968724385e-05
42,0,13,4,1,1,128.0,128.0,128.0,0,0,0.004344165903582192
24,0,6,4,1,1,54.95000076293945,54.95,54.95,0,0,0.00016015066229595095
31,1,11,3,1,1,129.97999572753906,129.98,129.98,0,0,0.003822841535183884
34,0,4,4,3,3,82.096666653951,147.0,9.79,1,1,0.9978961709125562
44,1,3,4,1,2,172.4949951171875,259.99,85.0,1,1,1.0
56,1,4,4,1,1,17.799999237060547,17.8,17.8,0,0,8.38068749601134e-06
13,1,13,4,1,1,34.95000076293945,34.95,34.95,0,0,0.0005753907217602188
60,0,4,4,1,1,165.0,165.0,165.0,0,0,0.005068235128776435
21,1,4,0,1,1,12.550000190734863,12.55,12.55,0,0,3.2664699712926596e-06
29,1,13,4,1,1,35.95000076293945,35.95,35.95,0,0,2.715590616076877e-05
60,1,0,4,1,2,40.74000072479248,49.99,31.49,0,0,0.004959450160888223
68,0,12,4,2,2,95.5,110.0,81.0,1,1,0.9827892705180064
34,0,12,4,2,2,48.9950008392334,58.0,39.99,0,0,0.011717951945389877
70,0,4,2,1,1,49.9900016784668,49.99,49.99,0,0,0.0001514069907422559
28,1,13,4,2,2,30.9950008392334,39.99,22.0,0,0,0.0005045524177608479
50,1,12,4,1,1,69.98999786376953,69.99,69.99,0,0,0.0007151231334662669
25,0,4,3,1,1,34.0,34.0,34.0,0,0,2.4917948482181724e-05
40,0,3,1,2,2,76.99499988555908,130.0,23.99,0,0,0.20510502235892059
25,1,3,0,4,7,95.73285634177071,345.0,11.95,1,1,0.9999464166023264
47,0,4,4,1,2,16.994999885559082,19.99,14.0,0,0,0.0005511220935483402
38,0,13,4,1,1,134.47000122070312,134.47,134.47,0,0,0.0034071288252629783
54,1,4,4,1,1,26.610000610351562,26.61,26.61,0,0,8.38068749601134e-06
27,1,13,2,1,1,20.010000228881836,20.01,20.01,0,0,2.3536740241562884e-05
61,1,4,4,3,4,37.661666552225746,98.0,9.99,1,1,0.7874675860955398
66,0,7,4,1,1,9.989999771118164,9.99,9.99,0,0,2.5029540387088356e-05
29,0,3,4,1,1,32.0,32.0,32.0,0,0,1.7941204296135235e-05
28,1,13,3,3,3,28.65333302815755,54.0,14.99,0,0,0.04057260727837658
37,1,12,4,1,1,98.94999694824219,98.95,98.95,0,0,0.006891686057755621
22,1,4,4,2,3,61.65000025431315,86.0,16.95,1,1,0.9565878582095109
36,1,13,3,1,1,150.0,150.0,150.0,0,0,0.006971299475301661
31,1,13,4,1,2,16.78666655222575,24.99,12.09,0,0,0.0011533180683696803
39,0,10,4,1,1,78.0,78.0,78.0,0,0,0.0013522948817792102
52,0,3,4,1,4,45.21500015258789,100.0,20.86,1,1,0.9524789921496037
70,1,6,3,2,2,26.239999771118164,30.48,22.0,0,0,0.0006540942492879509
16,0,3,4,2,3,56.0,108.0,12.0,0,1,0.5584790361943424
13,0,13,4,1,1,12.989999771118164,12.99,12.99,0,0,1.848739495798291e-05
59,1,4,4,1,1,20.0,20.0,20.0,0,0,8.38068749601134e-06
14,1,13,4,1,1,28.0,28.0,28.0,0,0,2.0709650697224966e-06
27,0,4,4,1,1,69.0,69.0,69.0,0,0,0.0005194590774365239
41,1,10,4,3,4,77.59000015258789,190.0,13.99,1,1,0.9998169327117372
28,1,3,0,1,1,25.0,25.0,25.0,0,0,3.2664699712926596e-06
42,0,4,4,1,1,39.9900016784668,39.99,39.99,0,0,3.887495947555817e-05
22,1,8,4,1,1,74.94999694824219,74.95,74.95,0,0,0.0004439048224237188
20,0,4,4,3,3,73.82666714986165,162.5,8.99,1,1,0.9977785236634739
62,0,4,2,2,2,86.5,148.0,25.0,1,1,0.9632590858593563
61,1,4,4,1,1,49.880001068115234,49.88,49.88,0,0,0.00019149186239637652
58,1,3,4,1,1,35.189998626708984,35.19,35.19,0,0,5.04468347699994e-05
19,1,4,3,1,1,89.98999786376953,89.99,89.99,0,0,0.0037914642153551005
58,1,3,4,1,1,139.9499969482422,139.95,139.95,0,0,0.007033394867117018
35,0,7,2,1,1,39.5,39.5,39.5,0,0,1.5069566505381985e-05
44,0,4,4,1,1,119.5,119.5,119.5,0,0,0.0036026980462391845
64,0,3,3,3,4,52.984999656677246,98.99,25.0,1,1,0.9888113819264686
29,1,4,4,1,2,23.0,24.0,22.0,0,0,0.0003706842544152088
29,1,7,4,2,2,20.589999198913574,24.97,16.21,0,0,0.0004537966274320233
60,1,13,4,1,1,34.9900016784668,34.99,34.99,0,0,4.920392183935764e-05
38,1,7,3,1,1,69.5,69.5,69.5,0,0,0.0003535269839797158
30,1,13,0,4,7,52.31888898213705,136.0,16.99,1,1,0.9937561713164544
54,1,4,4,1,1,321.0,321.0,321.0,1,1,1.0
43,1,13,4,3,4,24.99500012397766,45.0,13.04,0,0,0.08453811795898192
41,1,3,4,1,1,20.0,20.0,20.0,0,0,8.38068749601134e-06
25,0,3,3,1,1,8.979999542236328,8.98,8.98,0,0,1.968289985955307e-05
68,0,4,4,1,1,41.5,58.0,25.0,0,0,0.0040217794781702895
30,1,4,4,1,1,40.599998474121094,40.6,40.6,0,0,2.661319958499051e-05
33,1,13,0,1,1,79.98999786376953,79.99,79.99,0,0,0.0027796389979910835
58,1,13,4,1,3,168.19250011444092,389.0,25.0,1,1,0.9999497005239242
14,0,3,0,3,4,37.09500026702881,44.94,27.45,0,0,0.1788654865328978
63,1,10,2,1,1,37.5,37.5,37.5,0,0,0.0004481311371190395
34,0,13,3,3,4,26.005000352859497,39.99,12.06,0,0,0.019627932646281373
12,0,2,4,3,5,72.07999954223632,231.42,12.0,1,1,0.9998690339354621
61,1,13,4,1,1,50.0,50.0,50.0,0,0,0.00014922696577330006
48,1,13,2,2,2,41.5,58.0,25.0,0,0,0.0041922105104724985
29,1,4,4,1,1,43.880001068115234,43.88,43.88,0,0,0.0002826621922006607
43,0,13,4,2,2,43.6949987411499,72.49,14.9,0,0,0.03032078268984425
17,1,4,4,3,4,36.11000037193298,66.5,7.95,0,1,0.6232005361679233
38,1,4,4,1,1,25.0,25.0,25.0,0,0,8.38068749601134e-06
41,0,4,4,1,1,49.9900016784668,49.99,49.99,0,0,0.00026201217827765647
34,0,4,4,1,2,31.235000133514404,49.5,12.97,0,0,0.0006055759147027918
55,0,4,4,2,4,39.74499988555908,75.0,11.99,0,1,0.6774732446657573
52,1,4,4,4,6,35.17333380381266,57.5,25.0,1,1,0.9352057689524048
26,0,10,4,1,1,33.9900016784668,33.99,33.99,0,0,2.4917948482181724e-05
35,0,13,4,1,4,40.24249982833862,58.0,19.97,0,0,0.10525364836535657
45,1,3,0,1,2,34.99000072479248,39.99,29.99,0,0,0.0005068463439395482
43,1,3,1,1,1,11.989999771118164,11.99,11.99,0,0,3.2664699712926596e-06
54,0,4,3,3,4,73.19750022888184,104.0,24.0,1,1,0.9980787885676345
38,1,4,4,1,1,20.0,20.0,20.0,0,0,8.38068749601134e-06
23,1,4,4,2,2,58.75,75.0,42.5,0,0,0.14850844329891083
35,0,4,4,2,3,74.02333323160808,145.14,32.0,1,1,0.9948328029766066
53,1,3,4,2,4,35.807499408721924,89.99,11.99,0,1,0.6870268305420172
61,0,13,2,2,2,35.89666748046875,47.99,19.95,0,0,0.005383588123426703
55,1,4,4,1,1,40.0,40.0,40.0,0,0,7.29928916626665e-05
60,1,13,4,2,2,103.5,182.0,25.0,1,1,0.9991915546295929
27,1,13,3,1,1,26.989999771118164,26.99,26.99,0,0,2.3536740241562884e-05
67,1,13,0,1,1,69.23999786376953,69.24,69.24,0,0,0.001680661802958234
39,0,4,4,2,3,60.30333455403646,97.91,32.0,1,1,0.9732777393966019
19,0,3,4,1,1,54.9900016784668,54.99,54.99,0,0,0.000632200211590452
12,0,12,4,1,1,48.29999923706055,48.3,48.3,0,0,0.00033906598555246396
59,1,7,4,2,3,43.666666666666664,52.0,39.0,0,0,0.1327571763439842
70,0,11,4,1,1,39.9900016784668,39.99,39.99,0,0,3.352831894802289e-05
63,1,13,4,1,1,130.0,130.0,130.0,0,0,0.007977555034320018
39,0,13,4,1,1,12.989999771118164,12.99,12.99,0,0,1.968289985955307e-05
46,1,13,4,1,2,27.829999923706055,39.5,18.99,0,0,0.00043651568581264225
17,1,13,4,1,2,28.475000381469727,34.95,22.0,0,0,0.0004161258686185983
45,0,4,0,1,1,29.950000762939453,29.95,29.95,0,0,2.041620703291727e-05
44,1,3,4,3,4,45.36250066757202,75.47,11.99,1,1,0.975425972648689
13,0,12,1,1,2,52.5,59.0,46.0,0,0,0.01526248769005218
63,0,4,4,2,3,36.31000073750814,45.95,29.99,0,0,0.024489243859969024
28,1,4,4,1,2,27.99333318074544,36.0,14.0,0,0,0.0011421733490008183
54,1,4,4,1,2,64.79499816894531,66.59,63.0,0,0,0.031646478486911336
27,0,4,4,1,1,34.0,34.0,34.0,0,0,1.7941204296135235e-05
28,0,10,4,1,1,129.0,129.0,129.0,0,0,0.004003453204582624
26,0,10,4,1,1,128.0,128.0,128.0,0,0,0.003911875114804264
56,0,10,4,1,1,225.0,225.0,225.0,1,1,1.0
12,0,13,4,1,3,51.12249946594238,68.99,31.0,1,0,0.4235803562323786
52,0,12,4,1,1,43.970001220703125,43.97,43.97,0,0,0.00020520692127807064
39,0,4,0,2,3,55.230000495910645,104.94,13.99,1,1,0.5125838767892728
21,1,3,3,1,2,19.989999771118164,19.99,19.99,0,0,0.00018783164901071156
68,0,10,4,1,1,29.979999542236328,29.98,29.98,0,0,1.5069566505381985e-05
42,0,10,4,1,1,15.0600004196167,15.06,15.06,0,0,2.5029540387088356e-05
56,1,11,4,1,1,139.9499969482422,139.95,139.95,0,0,0.006382482278604095
63,1,4,4,1,2,86.97500038146973,112.0,61.95,1,1,0.9442598116643461
56,1,4,4,1,4,46.60749936103821,95.99,8.94,1,1,0.9363065844427318
31,1,4,0,1,1,29.989999771118164,29.99,29.99,0,0,1.1955049015701636e-06
60,0,4,4,2,1,37.0,48.0,26.0,0,0,0.0038691036006021145
70,1,2,4,2,3,78.7249984741211,98.0,62.0,1,1,0.9492122201395807
14,1,13,4,1,1,44.9900016784668,44.99,44.99,0,0,0.0006461831819416643
41,1,4,0,1,1,68.0,68.0,68.0,0,0,0.0002705386361241888
15,0,4,4,2,4,65.79200057983398,169.0,34.99,1,1,0.9996006029350134
36,1,4,3,2,3,100.07333374023438,120.0,85.72,1,1,0.9992307692307691
37,1,2,4,1,1,42.880001068115234,42.88,42.88,0,0,0.00041219068260924603
52,1,4,4,2,5,60.59199981689453,89.5,16.52,1,1,0.9807030708455337
54,0,3,4,2,4,65.875,132.0,8.5,1,1,0.9882465490085973
15,0,13,4,1,1,25.989999771118164,25.99,25.99,0,0,5.3890425515197304e-05
17,0,2,4,1,1,79.94999694824219,79.95,79.95,0,0,0.0007397010089166331
16,0,6,4,1,3,29.386666933695476,67.47,8.9,0,0,0.019196892288395672
12,0,13,4,1,1,316.6000061035156,316.6,316.6,1,1,1.0
19,0,13,4,1,1,46.0,46.0,46.0,0,0,0.0004657677484532698
64,1,13,1,1,1,69.5,69.5,69.5,0,0,0.00046170001714817313
36,1,7,3,1,1,14.0,14.0,14.0,0,0,2.5314485649881535e-05
22,0,13,4,1,1,140.0,140.0,140.0,0,0,0.0070688639784770736
44,0,4,4,2,4,32.0,49.0,22.0,1,0,0.036547757971200925
30,1,3,4,2,2,42.20666694641113,65.0,26.63,0,0,0.013910814870210642
15,1,12,4,2,2,18.894999980926514,24.99,12.8,0,0,0.0013836286402232126
23,0,10,4,4,4,53.74249982833862,179.0,7.99,1,1,0.99886281077171
61,0,6,4,1,1,84.0,84.0,84.0,0,0,0.001484663069104995
63,1,4,4,2,2,58.994998931884766,79.99,38.0,0,0,0.20971702849148863
22,1,3,4,1,1,199.99000549316406,199.99,199.99,1,1,1.0
67,0,11,4,1,1,14.949999809265137,14.95,14.95,0,0,2.5029540387088356e-05
64,0,4,4,3,3,69.79800033569336,135.0,34.99,1,1,0.99328531900417
32,1,4,4,1,1,28.0,28.0,28.0,0,0,0.00019807166477648751
70,0,13,3,1,2,31.994999885559082,34.0,29.99,0,0,0.0008244550284064907
69,1,0,3,1,1,68.94999694824219,68.95,68.95,0,0,0.0004367967509915331
42,0,13,4,1,1,17.969999313354492,17.97,17.97,0,0,1.968289985955307e-05
65,1,4,4,1,2,53.94000053405762,53.95,53.93,0,0,0.0073454137091140004
36,0,4,4,2,2,44.99499988555908,70.0,19.99,0,0,0.030367433979867728
54,0,13,4,1,2,67.75,112.5,23.0,0,0,0.24240526475808444
24,0,10,1,1,1,17.0,17.0,17.0,0,0,1.968289985955307e-05
20,0,3,4,1,1,10.109999656677246,10.11,10.11,0,0,1.968289985955307e-05
44,1,4,4,1,3,45.826666514078774,54.0,33.48,0,0,0.28516361166611026
23,1,3,2,2,3,34.303332010904946,69.95,14.99,0,0,0.10785069446476866
30,1,7,4,1,1,7.960000038146973,7.96,7.96,0,0,3.2664699712926596e-06
67,0,8,4,4,4,54.37599983215332,170.0,6.0,1,1,0.999203834133193
16,0,3,1,1,1,18.5,18.5,18.5,0,0,1.968289985955307e-05
46,1,11,4,1,2,26.0600004196167,29.58,22.54,0,0,0.00043951691294884693
15,0,3,4,1,2,58.0,100.0,16.0,0,0,0.18353752135197166
42,0,4,4,2,3,86.32999992370605,175.0,29.99,1,1,0.9999273799698623
47,1,4,4,1,1,67.94999694824219,67.95,67.95,0,0,0.0005172986343836027
51,1,4,2,4,3,34.24749994277954,60.0,14.99,0,0,0.22554127403118215
16,0,4,4,1,1,61.0,61.0,61.0,0,0,0.00028059637931025853
37,1,13,4,1,1,25.0,25.0,25.0,0,0,4.840324911832688e-05
49,0,13,4,1,1,32.9900016784668,32.99,32.99,0,0,1.02311040648322e-05
59,1,13,3,2,2,19.5,24.0,15.0,0,0,0.0018768381000358817
64,1,8,4,1,1,55.0,55.0,55.0,0,0,0.00018693465693512838
52,1,4,2,1,1,47.16999816894531,47.17,47.17,0,0,0.00017868326897068902
69,0,4,4,2,2,157.4749984741211,170.0,144.95,1,1,0.9849607657338882
62,0,3,4,1,4,23.69249963760376,40.0,10.99,0,0,0.0017122207493959335
58,0,7,4,1,1,39.0,39.0,39.0,0,0,2.3287844823670516e-05
19,0,3,4,1,1,74.98999786376953,74.99,74.99,0,0,0.0004688381766634321
56,0,8,4,1,1,69.80000305175781,69.8,69.8,0,0,0.000498622152296451
24,0,13,4,1,1,16.989999771118164,16.99,16.99,0,0,1.968289985955307e-05
60,1,3,4,1,1,12.760000228881836,12.76,12.76,0,0,8.38068749601134e-06
16,0,4,3,3,5,71.14400215148926,257.95,15.99,1,1,0.9999165882832882
27,0,10,4,3,3,46.90000057220459,68.61,15.0,1,0,0.4375375996815227
32,0,13,3,1,1,14.989999771118164,14.99,14.99,0,0,1.968289985955307e-05
17,0,13,4,2,4,28.24500036239624,50.99,15.99,0,0,0.03290058781378544
39,1,13,4,1,1,34.970001220703125,34.97,34.97,0,0,4.920392183935764e-05
15,0,4,3,1,2,29.0,51.0,7.0,0,0,0.00105652625631226
14,1,13,4,1,1,71.25,71.25,71.25,0,0,0.00039710243762366965
22,1,13,3,1,1,55.4900016784668,55.49,55.49,0,0,0.00010554891426563106
32,0,4,4,2,3,30.790000597635906,40.0,12.38,0,0,0.003511425384814174
54,1,10,2,1,4,33.85249948501587,69.99,10.43,0,0,0.06833082279654329
59,1,0,4,2,2,46.20000076293945,54.5,37.9,0,0,0.016537163336293355
42,0,10,0,1,1,109.0,109.0,109.0,0,0,0.010954616158094933
67,1,13,4,1,1,69.5,69.5,69.5,0,0,0.0004209552148439266
62,0,3,4,1,2,72.96999931335449,99.99,45.95,0,0,0.15026947344753366
34,0,13,4,1,1,12.859999656677246,12.86,12.86,0,0,1.968289985955307e-05
33,1,4,4,2,3,39.163333892822266,49.5,28.0,0,0,0.014619758557921391
51,1,4,4,3,3,34.16000032424927,59.99,20.2,0,0,0.15319066772236994
47,1,4,4,4,4,52.079999923706055,128.0,24.99,1,1,0.997813008687557
57,0,11,4,1,2,15.994999885559082,18.99,13.0,0,0,0.00028090954588986893
45,1,13,4,1,2,73.10499954223633,84.21,62.0,0,0,0.06600359985864994
38,1,13,4,1,3,82.16666666666667,157.5,25.0,1,1,0.9966528946981087
23,1,10,3,1,1,38.95000076293945,38.95,38.95,0,0,7.397297837288068e-05
44,1,13,4,1,1,17.989999771118164,17.99,17.99,0,0,4.840324911832688e-05
53,1,12,4,1,2,38.47500038146973,53.95,23.0,0,0,0.0020770015410611826
46,1,4,4,1,1,49.9900016784668,49.99,49.99,0,0,0.00024925205174492545
38,1,13,4,1,1,24.0,24.0,24.0,0,0,4.840324911832688e-05
45,1,7,0,3,3,50.283332188924156,79.45,21.4,0,1,0.5169880698971753
29,0,12,1,1,1,79.5,79.5,79.5,0,0,0.0033659923155962353
27,1,9,4,2,1,69.41500091552734,99.0,39.83,0,0,0.18395004846178284
57,0,13,4,4,5,44.33800048828125,60.99,24.99,1,1,0.9917721259731532
53,1,10,4,1,3,63.73333231608073,88.0,36.0,1,1,0.9491819939138542
23,1,4,4,1,1,12.0,12.0,12.0,0,0,3.2664699712926596e-06
53,0,4,3,1,4,17.232499837875366,25.0,10.5,0,0,0.0020302557819236533
61,1,13,4,1,1,95.0,95.0,95.0,0,0,0.006542719313038062
23,1,4,4,1,1,75.0,75.0,75.0,0,0,0.0006875635252041472
42,0,13,4,4,4,61.58500146865845,130.85,23.5,1,1,0.9998575408171351
61,0,6,4,2,2,28.05000114440918,33.15,22.95,0,0,0.0008883657986665972
35,0,4,4,1,3,57.833333333333336,72.0,42.5,1,1,0.879469601269828
29,1,4,4,2,2,69.30000114440918,102.9,35.7,0,0,0.24457616883327254
34,0,4,4,1,1,16.950000762939453,16.95,16.95,0,0,1.968289985955307e-05
23,1,4,4,1,4,63.2475004196167,99.0,24.0,1,1,0.9716473277447204
70,0,4,4,2,2,16.744999885559082,25.0,8.49,0,0,0.003080218236642475
57,1,4,4,1,1,25.0,25.0,25.0,0,0,8.38068749601134e-06
45,1,11,3,1,3,23.8133331934611,38.5,15.95,0,0,0.002325185050255466
21,1,4,4,2,3,41.233333587646484,51.75,34.99,0,0,0.056350174895805696
70,0,4,4,2,2,36.44999980926514,51.0,21.9,0,0,0.008767480574849433
34,0,4,4,1,2,59.5,74.0,45.0,0,0,0.06404491567620806
70,1,13,2,1,1,379.0,379.0,379.0,1,1,1.0
20,0,4,0,1,1,104.0,104.0,104.0,0,0,0.02260103233824471
43,0,10,0,1,1,125.0,125.0,125.0,0,0,0.011084677437550572
37,0,4,0,1,1,19.0,19.0,19.0,0,0,1.968289985955307e-05
48,1,10,4,1,1,18.75,18.75,18.75,0,0,2.5314485649881535e-05
52,0,3,4,1,1,8.989999771118164,8.99,8.99,0,0,2.5029540387088356e-05
22,1,13,4,1,1,23.989999771118164,23.99,23.99,0,0,2.6355233439738017e-05
61,0,4,3,1,1,41.86000061035156,41.86,41.86,0,0,6.455331937662784e-05
70,1,8,4,2,2,86.66333516438802,145.99,15.0,1,1,0.9137403991465074
18,1,13,0,1,2,62.46999931335449,74.99,49.95,0,0,0.08395675171318671
41,0,4,3,1,1,11.010000228881836,11.01,11.01,0,0,2.5029540387088356e-05
63,0,13,4,1,1,34.97999954223633,34.98,34.98,0,0,1.02311040648322e-05
34,1,3,4,1,2,112.47000312805176,169.99,54.95,1,1,0.9995658785549416
36,1,4,0,2,3,100.32666651407878,196.0,39.99,1,1,0.9988226444648965
33,1,6,4,1,1,85.0,85.0,85.0,0,0,0.0031035735038455066
51,1,12,4,3,4,86.60249900817871,106.96,65.0,1,1,0.9998364950030756
70,0,3,4,2,6,100.34333165486653,329.99,25.0,1,1,1.0
47,0,13,4,2,2,42.99499988555908,59.0,26.99,0,0,0.01462265064470854
28,0,12,2,1,1,78.0,78.0,78.0,0,0,0.0015112582638933676
68,1,13,3,4,8,44.5955556233724,78.99,8.0,1,1,0.9808763419187738
23,1,12,3,1,2,120.49499988555908,230.0,10.99,1,1,0.9921955081050552
60,1,11,4,1,2,83.0,148.0,18.0,0,0,0.2813242401737517
38,1,11,3,3,3,41.33000055948893,49.99,34.0,0,0,0.06168260796291502
63,1,4,4,1,1,8.0,8.0,8.0,0,0,0.00023428430195384227
14,0,10,4,3,2,23.796666463216145,49.5,4.99,0,0,0.015171091892148825
51,1,4,4,2,2,67.4749984741211,69.95,65.0,0,0,0.04651280472129999
37,0,3,2,2,4,52.735000133514404,110.0,16.99,1,1,0.9626854308696053
48,1,3,4,1,2,112.99000263214111,199.99,25.99,1,1,0.9997049269258086
59,0,7,1,2,2,81.54499816894531,84.09,79.0,0,0,0.10690399239857294
14,0,11,4,1,1,13.710000038146973,13.71,13.71,0,0,1.848739495798291e-05
63,0,6,0,2,3,39.5733331044515,75.0,19.99,0,0,0.20335049133689703
58,0,7,4,1,4,28.857499599456787,69.99,10.51,0,0,0.0428647707605728
66,1,13,3,1,1,12.350000381469727,12.35,12.35,0,0,0.0001750518917567142
51,1,4,3,1,1,21.950000762939453,21.95,21.95,0,0,8.38068749601134e-06
36,0,4,0,1,1,69.0,69.0,69.0,0,0,0.00043995303468928506
28,0,4,4,2,2,60.25,94.0,26.5,0,0,0.20516435799881327
27,1,13,4,1,1,48.4900016784668,59.99,36.99,0,0,0.010110927487168407
48,0,4,4,1,1,19.139999389648438,19.14,19.14,0,0,2.5029540387088356e-05
30,1,13,4,1,1,37.95000076293945,37.95,37.95,0,0,3.411484840154821e-05
12,1,4,3,1,2,34.75,63.0,6.5,0,0,0.004495145922687167
47,0,4,4,1,2,90.43499994277954,170.0,10.87,1,1,0.9932324768551127
40,1,0,4,4,7,69.24499988555908,165.0,24.99,1,1,1.0
24,0,4,2,2,4,108.37599983215333,352.0,29.9,1,1,0.9999261321856493
58,0,11,4,4,4,80.34749984741211,165.0,25.0,1,1,0.9999112457532601
45,1,0,4,1,1,16.0,16.0,16.0,0,0,8.38068749601134e-06
28,0,4,4,2,3,23.923333168029785,44.0,12.99,0,0,0.001826007678242405
24,0,7,3,1,2,77.25,99.0,55.5,0,0,0.09955853557023761
15,0,13,4,1,1,24.969999313354492,24.97,24.97,0,0,5.3890425515197304e-05
38,1,11,4,2,2,104.49499988555908,199.0,9.99,1,1,0.9894198473854808
37,0,13,4,1,1,25.0,25.0,25.0,0,0,5.3890425515197304e-05
69,1,7,2,1,1,109.0,109.0,109.0,0,0,0.00947436554368239
42,1,3,4,1,2,94.99499988555908,175.0,14.99,1,1,0.9954100711710814
38,1,4,3,1,1,89.5,89.5,89.5,0,0,0.0036140617536855324
32,0,13,4,1,1,6.989999771118164,6.99,6.99,0,0,1.968289985955307e-05
70,0,4,4,1,1,12.989999771118164,12.99,12.99,0,0,1.968289985955307e-05
36,0,4,3,1,1,19.975000381469727,27.95,12.0,0,0,1.968289985955307e-05
57,1,13,3,1,1,34.5,34.5,34.5,0,0,4.638542864118251e-05
47,1,10,4,1,2,55.49499988555908,95.0,15.99,0,0,0.13203938646531369
48,0,4,4,1,1,65.0,65.0,65.0,0,0,0.0005258480521122884
42,1,13,4,4,5,46.08600082397461,56.0,14.0,1,1,0.9844315764730865
47,0,7,4,1,1,44.95000076293945,44.95,44.95,0,0,0.00019217892713087686
57,1,4,4,1,1,3.0899999141693115,3.09,3.09,0,0,8.38068749601134e-06
70,0,4,4,1,1,38.0,38.0,38.0,0,0,5.920667884909254e-05
44,1,13,4,1,1,115.0,115.0,115.0,0,0,0.01381017840412916
31,1,12,4,4,8,35.9044443766276,79.5,13.98,1,1,0.9820818112520421
12,0,4,4,1,4,60.20499920845032,97.88,10.19,1,1,0.9534078855307261
18,1,13,4,1,2,68.37500190734863,100.8,35.95,0,0,0.13930775744437787
16,0,7,4,2,2,34.96666653951009,45.0,15.9,0,0,0.011984173794347762
65,0,13,3,2,3,20.31000010172526,22.99,17.95,0,0,0.004256218615539472
19,0,4,2,1,1,104.0,104.0,104.0,0,0,0.009288099115621602
30,1,4,4,3,6,43.13142844608852,189.0,14.95,1,1,0.9976280362384216
43,0,13,1,1,3,26.833333333333332,49.5,15.0,0,0,0.0040743553041876065
47,0,13,4,1,1,60.0,60.0,60.0,0,0,0.0009871920368572792
24,0,12,0,2,5,66.99800033569336,160.0,30.0,1,1,0.9994142896319427
64,0,8,4,1,3,113.16250014305115,286.0,10.78,1,1,0.9989958113031888
43,0,4,4,1,3,32.97333367665609,44.0,14.97,0,0,0.0018400966134896534
33,0,4,3,3,3,31.663333892822266,35.0,25.0,0,0,0.013155491864931836
65,1,4,0,1,1,135.0,135.0,135.0,0,0,0.027423059445797492
29,1,4,4,1,1,25.0,25.0,25.0,0,0,3.2664699712926596e-06
31,0,4,4,1,1,20.989999771118164,20.99,20.99,0,0,1.968289985955307e-05
24,0,13,3,1,2,16.130000114440918,21.99,10.27,0,0,0.0007214615591457619
14,0,13,4,4,4,71.8725004196167,130.0,25.0,1,1,0.9996308590029694
20,1,13,4,1,1,12.0,12.0,12.0,0,0,2.6355233439738017e-05
63,0,13,4,1,2,22.475000381469727,29.95,15.0,0,0,0.00035950030490323505
51,1,4,4,1,3,66.32999928792317,76.0,58.0,1,1,0.9197647031802597
50,0,8,4,1,1,9.989999771118164,9.99,9.99,0,0,2.5029540387088356e-05
47,1,3,4,1,2,161.75,264.0,59.5,1,1,1.0
60,0,3,3,2,2,53.99499988555908,89.0,18.99,0,0,0.0995932216018475
69,0,4,4,1,1,15.0,15.0,15.0,0,0,1.968289985955307e-05
54,0,13,4,3,3,52.206665674845375,119.99,11.66,0,1,0.6627467355331
56,1,13,4,1,1,24.989999771118164,24.99,24.99,0,0,4.840324911832688e-05
59,0,7,3,1,1,29.989999771118164,29.99,29.99,0,0,2.041620703291727e-05
60,1,4,4,3,5,27.292000579833985,39.99,18.5,0,0,0.0496988257198381
57,0,7,4,1,1,12.25,12.25,12.25,0,0,2.5029540387088356e-05
29,0,4,3,2,2,19.489999771118164,25.99,12.99,0,0,0.00038154565931296187
20,0,13,4,1,2,35.99000072479248,46.99,24.99,0,0,0.0008371487166155434
14,0,12,4,3,4,63.795000076293945,152.25,25.99,1,1,0.9998581317302423
55,1,3,4,1,3,312.62249994277954,903.0,19.99,1,1,0.9998589100246292
37,1,8,4,1,1,49.0,49.0,49.0,0,0,0.0001188732434742645
52,0,13,4,1,1,27.989999771118164,27.99,27.99,0,0,1.968289985955307e-05
65,0,3,4,2,2,35.75,39.5,32.0,0,0,0.0020583424463152863
46,1,13,3,1,1,37.9900016784668,37.99,37.99,0,0,0.00031196506053713416
57,0,4,4,2,4,36.487999725341794,99.0,9.58,1,1,0.6841781327528176
15,0,4,4,4,6,34.92875015735626,88.0,12.29,1,1,0.9703883322669009
22,0,3,4,1,1,59.95000076293945,59.95,59.95,0,0,0.0004393797916844196
33,0,12,4,1,1,158.0,158.0,158.0,0,0,0.004534840897245995
70,1,4,4,1,1,19.0,19.0,19.0,0,0,2.4561917269474136e-05
28,1,0,4,1,3,29.829999923706055,44.5,17.0,0,0,0.0034741846513498074
56,0,13,1,2,3,68.5533332824707,88.0,43.66,1,1,0.9572482505202524
57,0,13,4,3,2,57.313334147135414,110.0,24.95,1,1,0.7501996894979299
24,1,4,3,2,3,48.56666692097982,64.0,27.7,0,0,0.39177333611204757
43,1,3,4,2,2,28.15666611989339,35.94,14.55,0,0,0.0024303701267194187
15,1,4,4,2,2,63.494998931884766,79.99,47.0,0,0,0.14733151284584628
41,0,13,4,2,3,29.839999516805012,53.53,10.99,0,0,0.006178961937584057
24,0,4,4,1,1,35.27000045776367,35.27,35.27,0,0,2.4917948482181724e-05
18,1,3,4,1,1,35.040000915527344,35.04,35.04,0,0,6.701403613210124e-05
53,1,3,4,1,1,25.0,25.0,25.0,0,0,8.38068749601134e-06
54,1,4,4,1,1,49.9900016784668,49.99,49.99,0,0,0.0006403255029534334
29,1,3,3,1,2,45.9950008392334,55.0,36.99,0,0,0.0087217936994566
27,1,13,4,1,1,86.0,86.0,86.0,0,0,0.004593116212840967
38,1,4,4,1,4,56.92250108718872,148.69,15.99,1,1,0.9935286593617231
22,0,13,4,2,6,34.65500068664551,64.3,11.68,1,1,0.9028699375252245
54,0,13,4,2,2,73.93499994277954,139.0,8.87,0,0,0.2789984349312663
45,0,13,4,1,3,19.84666633605957,26.99,13.99,0,0,0.0013324421406510855
58,1,3,4,1,3,25.833333333333332,55.0,3.5,0,0,0.006256618495664956
50,0,4,4,1,1,39.0,39.0,39.0,0,0,2.3287844823670516e-05
24,0,4,2,3,4,29.828333218892414,69.0,12.99,1,0,0.1720018838614429
66,0,13,4,2,2,35.16333325703939,69.5,7.99,0,0,0.049041805235866376
22,1,4,3,1,1,145.0,145.0,145.0,0,0,0.006935980306208161
20,1,3,4,1,3,26.326666831970215,39.37,5.37,0,0,0.003326125330487606
49,1,7,4,1,1,62.5099983215332,62.51,62.51,0,0,0.006404096572518656
60,0,0,4,1,1,41.130001068115234,41.13,41.13,0,0,7.243033379721244e-05
35,0,3,1,1,1,49.95000076293945,49.95,49.95,0,0,9.555844041946566e-05
39,0,13,4,2,3,15.676666577657064,27.99,7.99,0,0,0.0009941696678314274
50,0,13,4,4,8,41.52249985933304,85.0,7.14,1,1,0.9839852856198762
32,0,3,4,2,3,53.993333180745445,99.0,20.0,0,1,0.5139279731933765
55,0,3,0,1,1,29.979999542236328,29.98,29.98,0,0,2.041620703291727e-05
62,0,3,4,1,2,23.994999885559082,34.0,13.99,0,0,0.00021021665341872033
58,0,3,4,1,1,48.0,48.0,48.0,0,0,0.0002120505530091974
48,1,3,4,1,1,50.0,50.0,50.0,0,0,0.00034370682970353986
52,0,4,4,2,3,13.963333129882812,15.95,12.95,0,0,0.00251708955322796
22,1,11,4,2,3,23.623332977294922,29.99,16.91,0,0,0.002397083964586522
54,0,0,4,2,1,19.97499990463257,25.0,14.95,0,0,0.0009816711053189859
56,0,13,4,1,1,17.360000610351562,17.36,17.36,0,0,1.968289985955307e-05
18,0,13,3,1,2,41.49500000476837,79.0,3.99,0,0,0.02425844421963857
65,0,11,3,3,4,66.28500080108643,152.25,21.95,1,1,0.9999247001207009
31,0,2,4,1,1,25.0,25.0,25.0,0,0,5.3890425515197304e-05
66,0,0,4,1,1,60.0,60.0,60.0,0,0,0.00048776216258120743
69,0,7,0,1,2,20.494999885559082,32.0,8.99,0,0,0.0011850804598162983
36,0,13,4,1,1,183.05999755859375,183.06,183.06,1,1,1.0
16,0,10,4,1,1,17.989999771118164,17.99,17.99,0,0,1.968289985955307e-05
53,0,0,4,1,2,71.05000019073486,120.0,22.1,0,0,0.19536861713316836
44,0,4,4,3,4,24.21599998474121,32.98,12.0,0,0,0.005553928021980229
13,1,12,3,3,3,59.550000508626304,99.65,20.0,1,1,0.9844924544131701
42,0,4,4,1,1,157.5,157.5,157.5,0,0,0.004757583337305834
65,1,12,4,1,1,47.06999969482422,47.07,47.07,0,0,0.00031407739419078365
57,0,4,2,1,1,8.989999771118164,8.99,8.99,0,0,2.5029540387088356e-05
43,0,13,3,2,2,48.663333892822266,61.0,35.99,0,0,0.012425354644046267
12,0,13,4,2,2,37.595001220703125,47.99,27.2,0,0,0.004096689060400032
48,1,12,2,2,2,25.994999885559082,26.99,25.0,0,0,0.000503207589981601
61,0,13,0,1,1,34.9900016784668,34.99,34.99,0,0,7.359466274078951e-06
17,1,4,4,1,1,49.9900016784668,49.99,49.99,0,0,0.00015615776761546195
68,1,3,4,1,1,194.9499969482422,194.95,194.95,1,1,1.0
27,1,6,4,1,2,10.744999885559082,17.99,3.5,0,0,0.0015470993794494453
18,0,4,4,1,2,36.4950008392334,38.0,34.99,0,0,0.0014703370891800873
61,0,3,3,1,1,39.5,39.5,39.5,0,0,6.455331937662784e-05
41,0,11,4,1,1,58.52000045776367,58.52,58.52,0,0,0.0004385354489872901
23,0,13,4,1,2,74.83500003814697,138.0,11.67,0,0,0.20866649917088526
37,0,3,4,3,3,94.48333358764648,208.0,36.0,1,1,0.9985147048350212
12,1,3,4,1,1,99.5,99.5,99.5,0,0,0.006535021926076697
37,1,4,4,2,2,24.975000381469727,25.0,24.95,0,0,0.00036386681130288985
25,0,13,4,1,2,116.5,158.0,75.0,1,1,0.998695923364543
46,1,4,4,1,1,28.0,28.0,28.0,0,0,8.38068749601134e-06
44,1,7,3,1,1,24.5,24.5,24.5,0,0,2.5314485649881535e-05
58,0,13,4,1,1,10.5,10.5,10.5,0,0,1.968289985955307e-05
36,0,4,4,1,1,16.950000762939453,16.95,16.95,0,0,1.968289985955307e-05
15,1,13,3,2,2,100.99500274658203,139.99,62.0,1,1,0.9987657373496137
20,1,4,4,1,1,26.0,26.0,26.0,0,0,3.2664699712926596e-06
46,1,6,4,1,3,39.46000099182129,55.95,16.44,0,0,0.02512385145478294
42,0,4,4,1,1,13.9399995803833,13.94,13.94,0,0,2.5029540387088356e-05
33,1,8,4,1,1,64.94999694824219,64.95,64.95,0,0,0.001657237264260431
48,0,0,4,2,3,101.68499994277954,220.0,24.25,1,1,0.9999450150817826
12,1,0,4,2,4,46.62000060081482,63.95,13.54,1,1,0.9374740193353557
56,1,13,1,1,4,66.71000003814697,169.0,25.46,1,1,0.9982003571893625
15,0,4,4,1,1,69.94999694824219,69.95,69.95,0,0,0.0003581854548582703
47,1,4,4,2,5,33.10400047302246,59.99,16.99,0,0,0.4148082150094278
16,1,8,3,2,3,52.46666590372721,102.99,25.0,0,1,0.5792051466143078
64,1,8,4,1,1,40.0,40.0,40.0,0,0,0.00019430958087360465
34,0,4,4,2,2,22.59499979019165,34.0,11.19,0,0,0.0003704509847567488
47,1,6,4,2,2,27.125,29.25,25.0,0,0,0.0006401073120047871
66,1,7,4,2,2,37.99499988555908,69.5,6.49,0,0,0.02610233958931172
69,0,4,0,1,2,57.0,102.0,12.0,0,0,0.1707299488323438
24,0,4,4,3,8,63.41375032067299,198.0,3.99,1,1,0.9999092163702769
50,1,4,4,1,1,16.989999771118164,16.99,16.99,0,0,8.38068749601134e-06
37,1,11,0,2,2,422.4949998855591,815.0,29.99,1,1,0.9996498221846057
14,1,11,4,2,2,70.93999989827473,89.99,52.83,1,0,0.20529119623117242
56,0,7,4,1,1,27.0,27.0,27.0,0,0,3.273964061839139e-05
28,1,13,3,4,4,30.737499952316284,60.0,11.95,0,0,0.19372165303068872
19,1,4,4,1,1,27.5,27.5,27.5,0,0,8.769423732588935e-05
44,0,6,4,2,2,21.720000743865967,32.99,10.45,0,0,0.00044350938247003863
37,1,4,4,1,1,42.0,42.0,42.0,0,0,3.172741710970919e-05
64,0,13,1,1,4,95.75,176.0,16.0,1,1,0.9987083462902744
25,0,12,3,2,3,60.166666666666664,86.0,39.5,1,1,0.9749333788943088
40,0,4,4,3,4,43.99000072479248,56.47,35.0,1,1,0.9097340257497742
34,0,10,4,3,3,23.72249984741211,29.99,11.91,0,0,0.0013046188833851177
42,1,4,4,1,4,55.52499961853027,96.6,25.0,1,1,0.9540974583988111
31,1,13,0,1,1,49.029998779296875,49.03,49.03,0,0,0.0019255491877969997
27,0,13,4,1,3,56.66000111897787,90.0,34.99,0,1,0.6420926845589822
53,1,13,4,1,1,87.5,87.5,87.5,0,0,0.004683115703506464
34,0,7,4,2,2,36.43499994277954,65.0,7.87,0,0,0.022973642979025183
29,0,13,4,1,1,168.0,168.0,168.0,0,0,0.007815896654197727
15,0,13,4,2,3,49.5,79.0,14.5,0,0,0.4609024663461845
54,1,10,2,1,1,268.0,268.0,268.0,1,1,1.0
17,1,4,4,4,6,37.764999548594155,56.6,9.97,1,1,0.9638805961234936
66,0,4,4,1,1,24.09000015258789,24.09,24.09,0,0,4.835768968724385e-05
45,0,13,3,1,2,93.7000020345052,129.74,40.0,1,1,0.9600865501678078
35,1,12,4,1,1,57.95000076293945,57.95,57.95,0,0,0.0004675774029569827
23,1,13,4,2,3,86.64666684468587,215.0,19.95,1,1,0.9996220901526823
12,0,13,2,1,2,107.4749984741211,135.0,79.95,1,1,0.9856873790096489
31,0,4,4,1,1,20.0,20.0,20.0,0,0,1.968289985955307e-05
14,0,6,3,2,3,94.66000111897786,198.0,42.99,1,1,0.9995223577235772
30,0,4,1,3,3,88.32666651407878,222.0,19.99,1,1,0.9990293460101026
66,1,13,3,1,1,8.800000190734863,8.8,8.8,0,0,0.0001750518917567142
48,0,3,4,2,2,68.5,87.5,49.5,0,0,0.1580435728164171
19,1,6,0,1,1,16.239999771118164,16.24,16.24,0,0,8.769423732588935e-05
54,0,11,3,1,1,36.0,36.0,36.0,0,0,2.3287844823670516e-05
41,1,3,3,1,1,44.9900016784668,44.99,44.99,0,0,0.0002177207810726292
67,1,4,4,1,2,76.24499893188477,82.99,69.5,0,0,0.0825605962806332
64,1,11,4,3,4,75.74500131607056,219.99,25.0,1,1,0.999885595318349
28,1,12,2,1,1,25.0,25.0,25.0,0,0,3.2664699712926596e-06
53,1,13,3,1,1,159.0,159.0,159.0,0,0,0.007048287372964162
31,0,12,4,1,2,64.5,119.0,10.0,0,0,0.24696152481905095
47,1,11,3,1,1,55.0,55.0,55.0,0,0,0.00017793586594494061
70,0,13,4,1,1,13.989999771118164,13.99,13.99,0,0,1.968289985955307e-05
39,1,13,3,1,1,25.0,25.0,25.0,0,0,4.5584755920151746e-05
24,0,13,4,3,3,51.97799987792969,72.0,25.0,1,0,0.4472597491238071
24,1,4,4,1,2,32.0,56.0,8.0,0,0,0.0021683749721393662
50,0,4,4,4,8,42.785000038146975,99.75,10.0,1,1,0.9956036671768856
28,0,4,4,1,2,20.484999656677246,29.98,10.99,0,0,0.0005695609134904029
60,0,10,4,1,2,53.379998207092285,91.77,14.99,0,0,0.11235727904953931
53,1,4,4,1,2,49.9399995803833,70.0,29.88,0,0,0.028594534101771193
54,0,0,4,1,4,98.99749994277954,265.0,12.0,1,1,0.9995159415852445
25,1,4,4,1,2,88.13000106811523,105.26,71.0,1,1,0.9713337869905662
40,1,3,4,1,1,49.9900016784668,49.99,49.99,0,0,0.00022679696192456618
45,0,7,4,4,6,71.23000017801921,165.0,19.99,1,1,0.9999482931594366
31,1,12,0,1,1,77.0,77.0,77.0,0,0,0.0007970984675759784
39,0,13,4,1,1,57.47999954223633,57.48,57.48,0,0,0.0009056634277230921
24,1,6,4,1,1,29.690000534057617,29.69,29.69,0,0,8.172249087616648e-06
12,1,8,3,2,2,123.47500038146973,189.0,57.95,1,1,0.9995388879595812
32,1,3,4,4,3,63.49499988555908,69.0,59.98,1,1,0.9614405035368234
41,1,4,4,2,3,34.9800001780192,39.95,28.99,0,0,0.011417816064374033
61,0,6,4,1,1,69.9800033569336,69.98,69.98,0,0,0.000498622152296451
37,0,13,4,2,7,49.49000031607492,189.0,12.0,1,1,0.9949817623079347
12,1,13,4,1,1,24.469999313354492,24.47,24.47,0,0,2.0709650697224966e-06
19,1,3,2,1,1,37.720001220703125,37.72,37.72,0,0,0.00015552910793672413
43,1,4,4,4,7,57.36874997615814,145.0,12.95,1,1,0.9998463325913414
19,0,4,1,1,4,71.73499965667725,94.95,41.99,1,1,0.9605514693612623
46,1,4,4,1,1,16.469999313354492,16.47,16.47,0,0,8.38068749601134e-06
64,1,7,4,2,2,37.864999771118164,44.5,31.23,0,0,0.0029365636317032163
42,1,13,4,1,1,139.99000549316406,139.99,139.99,0,0,0.003666056589533023
58,1,4,4,1,1,19.950000762939453,19.95,19.95,0,0,8.38068749601134e-06
21,1,7,3,1,2,75.99500274658203,129.99,22.0,0,0,0.20128404144391263
30,1,8,4,2,4,50.160000801086426,62.7,32.5,1,1,0.9659417301221693
66,1,4,4,1,1,15.989999771118164,15.99,15.99,0,0,0.00023428430195384227
30,1,4,4,1,1,89.94999694824219,89.95,89.95,0,0,0.0034405484835742213
19,1,4,1,1,1,258.989990234375,258.99,258.99,1,1,1.0
55,1,13,4,1,1,35.0,35.0,35.0,0,0,4.920392183935764e-05
27,0,13,4,4,7,43.35714326586042,75.0,6.95,1,1,0.9919494192662544
58,0,13,4,1,1,34.97999954223633,34.98,34.98,0,0,1.02311040648322e-05
58,1,4,4,1,4,30.24749994277954,49.0,7.99,0,0,0.03744371005458856
56,1,8,4,1,1,9.989999771118164,9.99,9.99,0,0,2.5314485649881535e-05
25,1,12,4,2,2,84.74499893188477,119.99,49.5,0,0,0.22125599332258275
62,0,13,3,2,2,59.720001220703125,104.94,14.5,0,0,0.23406804489258462
68,1,4,4,1,1,69.98999786376953,69.99,69.99,0,0,0.0005000617920962266
64,1,6,4,2,2,147.4749984741211,234.95,60.0,1,1,0.9995950632931048
49,0,11,1,2,2,29.0,48.0,10.0,0,0,0.00510359335015987
45,0,10,3,3,3,211.58999888102213,528.81,31.96,1,1,0.9994597352602699
32,1,3,4,1,1,59.5,59.5,59.5,0,0,0.0016828161345080366
67,1,13,4,1,1,25.0,25.0,25.0,0,0,0.00019405161472835211
23,0,4,4,2,2,73.99499893188477,99.99,48.0,0,0,0.1550614619590106
68,0,13,1,1,2,76.75,98.0,55.5,0,0,0.1363615795950596
12,1,12,0,2,2,44.954999923706055,47.95,41.96,0,0,0.02629540612418962
34,0,4,4,2,4,58.49499988555908,119.99,14.0,1,1,0.9833606168333747
15,0,6,4,1,1,74.98999786376953,74.99,74.99,0,0,0.0003718812438498031
33,1,4,4,1,1,63.970001220703125,63.97,63.97,0,0,0.0005688974028176063
53,0,12,4,1,1,12.989999771118164,12.99,12.99,0,0,2.5029540387088356e-05
50,1,3,4,1,1,48.9900016784668,48.99,48.99,0,0,0.00023171799276632102
16,1,4,4,1,1,37.720001220703125,37.72,37.72,0,0,7.397297837288068e-05
26,1,4,4,1,4,33.23249912261963,64.95,18.0,0,0,0.04168336767187423
40,0,6,4,3,2,35.016666412353516,55.05,25.0,0,0,0.05191907358464463
17,1,3,4,1,2,89.74500274658203,129.99,49.5,1,1,0.9876440339267104
67,0,0,3,1,1,47.9900016784668,47.99,47.99,0,0,0.00015627768581055819
18,1,13,4,3,4,93.375,225.0,30.0,1,1,0.9998422166690689
55,1,2,4,1,1,129.0,129.0,129.0,0,0,0.009546874193286122
13,0,13,3,1,4,39.480000019073486,68.0,19.97,0,0,0.14414721348084797
18,1,3,4,1,1,81.37999725341797,81.38,81.38,0,0,0.0020930114842912396
52,1,4,4,2,5,50.0483333269755,112.99,14.95,1,1,0.9692061930600268
37,0,4,4,1,1,27.989999771118164,27.99,27.99,0,0,2.739300009085611e-05
65,0,4,4,1,1,23.229999542236328,23.23,23.23,0,0,4.835768968724385e-05
59,0,4,4,1,1,59.9900016784668,59.99,59.99,0,0,0.0005247098436702781
69,1,13,3,1,1,55.599998474121094,55.6,55.6,0,0,0.00023110539682778204
67,0,3,3,2,3,65.92666562398274,89.95,28.83,1,1,0.939610864552716
27,0,3,4,1,1,7.949999809265137,7.95,7.95,0,0,1.968289985955307e-05
27,0,3,4,1,1,99.0,99.0,99.0,0,0,0.007282012543578306
30,1,12,4,2,3,27.996667226155598,53.97,8.0,0,0,0.007469540849839279
51,0,4,4,1,4,124.65500020980835,299.0,15.18,1,1,0.9999810578643142
57,1,3,4,1,4,39.19249963760376,109.99,4.84,0,0,0.2877064536397512
69,0,7,3,1,1,41.86000061035156,41.86,41.86,0,0,1.7941204296135235e-05
62,0,3,4,2,2,89.49000263214111,149.99,28.99,1,1,0.994859097800733
70,0,0,4,1,2,17.47499990463257,19.99,14.96,0,0,0.0008108008016342581
38,0,4,3,1,1,107.94999694824219,107.95,107.95,0,0,0.00975417318428406
46,1,4,4,2,3,61.0,110.0,18.0,1,1,0.9745021754240243
55,0,13,4,1,1,58.0,58.0,58.0,0,0,0.000883218916783363
51,1,13,4,1,2,118.81999778747559,197.65,39.99,1,1,0.9997760052957746
44,1,4,4,1,1,109.0,109.0,109.0,0,0,0.009469426942824348
21,1,13,4,1,1,11.989999771118164,11.99,11.99,0,0,2.6355233439738017e-05
58,1,4,4,1,1,42.0,42.0,42.0,0,0,7.29928916626665e-05
14,1,11,1,1,1,172.0,172.0,172.0,1,1,1.0
27,0,12,4,2,2,80.12999725341797,135.26,25.0,0,0,0.24736517625944973
39,0,6,3,1,1,42.9900016784668,42.99,42.99,0,0,9.743723876108422e-05
38,0,12,4,1,1,145.0,145.0,145.0,0,0,0.003253450608348101
64,0,6,4,1,4,104.48749923706055,158.0,51.0,1,1,0.9977988891332253
14,0,4,4,1,1,7.949999809265137,7.95,7.95,0,0,1.848739495798291e-05
13,0,3,4,2,2,84.22499990463257,158.0,10.45,0,0,0.4578818331655642
32,0,13,4,1,1,49.9900016784668,49.99,49.99,0,0,0.0001626157713227424
62,0,2,2,1,1,69.98999786376953,69.99,69.99,0,0,0.00037570113763242324
40,0,0,4,1,1,49.95000076293945,49.95,49.95,0,0,0.00021217617317264626
13,1,4,4,4,4,89.88799934387207,249.95,9.99,1,1,0.9993317155941461
58,1,3,4,4,3,38.170000076293945,53.69,24.0,0,0,0.18368028427218022
40,0,10,0,2,2,73.49499893188477,74.99,72.0,0,0,0.08637311711475723
45,1,3,4,1,1,30.0,30.0,30.0,0,0,9.181360217042095e-06
25,1,13,4,1,1,19.0,19.0,19.0,0,0,2.6355233439738017e-05
51,0,8,4,4,4,21.585000038146973,39.98,8.1,0,0,0.006166895882093054
34,1,13,4,1,1,22.0,22.0,22.0,0,0,4.840324911832688e-05
34,0,12,4,1,1,69.98999786376953,69.99,69.99,0,0,0.0005395334315850315
38,1,13,2,1,1,278.0,278.0,278.0,1,1,1.0
50,0,8,4,2,2,60.98999881744385,109.99,11.99,0,0,0.2820636638152668
64,1,10,4,2,3,52.483333587646484,58.0,46.95,0,0,0.24202647767554644
46,1,3,4,1,1,85.5,85.5,85.5,0,0,0.0064667272865581195
16,0,4,4,3,4,70.23499917984009,141.62,10.99,1,1,0.9989304313099809
24,1,4,4,1,2,89.49499988555908,172.0,25.0,1,1,0.9984448557010972
27,1,4,1,1,2,55.0,78.0,32.0,0,0,0.04197801579939628
68,0,13,3,1,1,89.94999694824219,89.95,89.95,0,0,0.005563417310357083
63,0,3,3,3,3,44.14750027656555,98.0,15.39,1,1,0.6434414344049099
15,1,4,4,2,2,30.9950008392334,39.99,22.0,0,0,0.0005379712328661733
21,1,7,3,1,2,126.5,195.0,58.0,1,1,1.0
56,0,4,4,2,4,52.875,98.0,17.5,1,1,0.9539313141611414
61,0,3,2,1,1,29.0,29.0,29.0,0,0,3.890360199090018e-05
63,0,4,4,1,1,45.0,45.0,45.0,0,0,0.00028695377457498906
64,0,4,4,1,1,35.0,35.0,35.0,0,0,8.788146867678334e-05
44,0,10,4,1,1,120.0,120.0,120.0,0,0,0.0055916516838209465
31,0,4,4,3,5,53.23833338419596,99.0,31.98,1,1,0.9908481227228463
14,1,9,4,1,2,20.554999828338623,31.16,9.95,0,0,0.0020444991444027263
34,1,3,4,1,1,13.989999771118164,13.99,13.99,0,0,8.38068749601134e-06
18,1,7,4,1,2,38.1299991607666,41.96,34.3,0,0,0.0006881800788509942
47,1,4,4,1,1,124.98999786376953,124.99,124.99,0,0,0.005410366542410604
52,0,0,1,1,2,41.74000024795532,70.0,19.99,0,0,0.008426500077252663
46,1,13,2,2,5,74.36599960327149,169.95,22.0,1,1,0.9981588931904422
34,1,10,4,1,1,60.0,60.0,60.0,0,0,0.00029711617672541294
46,1,4,0,2,2,45.5,55.0,36.0,0,0,0.04215977962049568
62,0,13,4,2,2,117.95999908447266,201.95,33.97,1,1,0.9989946144825226
46,0,13,3,1,1,31.0,31.0,31.0,0,0,1.02311040648322e-05
16,1,0,4,1,1,28.0,28.0,28.0,0,0,3.2664699712926596e-06
51,0,9,4,1,3,144.06666692097983,318.0,16.2,1,1,0.9987887729201226
25,1,4,1,2,2,91.24499988555908,169.0,13.49,1,1,0.9931396680307373
23,1,13,4,1,1,92.94999694824219,92.95,92.95,0,0,0.005448254336199906
14,1,13,2,1,2,47.5,70.0,25.0,0,0,0.04268642196924669
41,0,13,4,2,5,26.66800003051758,48.0,11.4,0,0,0.17851464700428946
22,1,13,0,3,2,126.6899954477946,293.33,21.74,1,1,0.9941147717837967
42,1,4,4,1,1,139.99000549316406,139.99,139.99,0,0,0.003646194757087961
39,0,3,4,2,2,17.69000005722046,25.0,10.38,0,0,0.00032413114172014665
53,0,7,4,2,3,47.69666544596354,88.27,26.82,0,1,0.5196582013004927
36,1,7,3,1,1,47.599998474121094,47.6,47.6,0,0,6.229470377030132e-05
46,0,4,4,1,2,26.80500030517578,35.0,18.61,0,0,0.0006967766569420847
64,0,10,3,1,2,23.929999828338623,39.41,8.45,0,0,0.0002234119627693506
38,0,4,3,2,2,14.489999771118164,14.99,13.99,0,0,0.0006228822929763291
43,0,13,4,1,2,105.4749984741211,135.95,75.0,1,1,0.9931027474030155
22,0,4,4,1,1,159.0,159.0,159.0,0,0,0.008869260487687857
14,1,4,4,1,2,94.0,138.0,50.0,1,1,0.9956982727324956
12,1,6,3,1,4,85.99749946594238,170.01,56.0,1,1,0.999939024390244
41,1,4,4,1,1,8.720000267028809,8.72,8.72,0,0,8.38068749601134e-06
42,1,12,1,1,2,37.494998931884766,64.99,10.0,0,0,0.014320193735294535
63,0,3,4,1,1,68.94999694824219,68.95,68.95,0,0,0.0005705213591081597
46,1,3,4,2,2,41.47999954223633,47.0,35.96,0,0,0.0017406486767929832
40,1,6,2,1,1,118.0,118.0,118.0,0,0,0.017640396250729537
58,0,3,3,1,1,188.0,188.0,188.0,1,1,1.0
12,1,11,4,2,3,49.99333254496256,99.99,24.99,0,1,0.5999422729008775
29,1,4,4,1,1,89.98999786376953,89.99,89.99,0,0,0.003944104380919378
58,0,3,4,2,2,108.9950008392334,158.0,59.99,1,1,0.9991867875809041
68,0,6,4,2,4,69.76500034332275,140.0,25.0,1,1,0.9960998649341757
66,0,4,4,1,1,6.570000171661377,6.57,6.57,0,0,4.835768968724385e-05
42,1,4,4,1,2,42.4950008392334,59.99,25.0,0,0,0.006348012038687199
62,0,4,4,1,1,14.989999771118164,14.99,14.99,0,0,4.835768968724385e-05
67,0,4,4,2,2,72.83333333333333,159.0,9.5,1,1,0.723190556519482
28,1,2,4,3,3,115.81666564941406,149.95,87.5,1,1,0.999941522511363
58,0,4,3,1,1,11.989999771118164,11.99,11.99,0,0,2.5029540387088356e-05
13,1,6,4,2,3,61.65999984741211,119.99,25.0,1,1,0.9849646141847147
43,1,13,4,1,1,14.989999771118164,14.99,14.99,0,0,4.840324911832688e-05
20,1,11,4,2,2,60.32666778564453,60.99,59.99,1,0,0.04915204661947135
14,1,7,4,1,1,79.9800033569336,79.98,79.98,0,0,0.000988241693559276
20,0,4,2,3,3,129.97000312805176,414.95,16.98,1,1,0.9990994326510989
25,1,4,4,2,3,82.32999992370605,185.0,29.99,1,1,0.9975660116019889
69,1,4,4,1,1,24.989999771118164,24.99,24.99,0,0,2.4561917269474136e-05
57,1,3,4,1,1,20.989999771118164,20.99,20.99,0,0,8.38068749601134e-06
29,1,4,0,1,1,188.0,188.0,188.0,1,1,1.0
49,0,13,4,1,1,39.95000076293945,39.95,39.95,0,0,2.581821871671985e-05
20,1,10,4,1,1,54.5,54.5,54.5,0,0,0.00022971834490950527
31,0,13,4,1,2,32.49000072479248,34.99,29.99,0,0,0.0006167536346751854
58,1,4,3,1,1,41.25,41.25,41.25,0,0,5.740577701077884e-05
29,0,4,4,1,1,39.9900016784668,39.99,39.99,0,0,3.352831894802289e-05
51,0,4,4,1,1,46.0,46.0,46.0,0,0,0.0002915465874741464
25,1,10,4,1,1,37.47500038146973,49.95,25.0,0,0,0.0001984147736789327
38,1,13,4,2,2,26.989999771118164,31.99,21.99,0,0,0.0003776097508152263
23,0,13,4,1,1,12.800000190734863,12.8,12.8,0,0,1.968289985955307e-05
36,0,11,4,3,6,36.495713915143696,66.17,6.25,1,1,0.958144325543154
14,0,13,4,4,3,39.9799998147147,103.96,8.67,1,0,0.4195734489750048
45,1,4,4,1,1,31.950000762939453,31.95,31.95,0,0,9.181360217042095e-06
62,1,4,4,3,3,40.37333424886068,50.63,32.99,0,0,0.09717255152062897
53,0,6,4,1,2,66.0,78.0,54.0,0,0,0.09017481043068785
59,0,12,2,1,2,37.2450008392334,39.5,34.99,0,0,0.0008248466481052477
14,1,3,4,1,1,46.0,46.0,46.0,0,0,0.0002835055779718666
26,1,7,3,1,1,49.9900016784668,49.99,49.99,0,0,0.00016143779575536962
18,0,4,1,1,1,41.0,41.0,41.0,0,0,2.204631069142847e-05
47,1,4,4,1,1,64.94999694824219,64.95,64.95,0,0,0.0009704690594641402
47,1,3,4,1,1,175.0,175.0,175.0,1,1,1.0
18,0,13,2,1,1,34.9900016784668,34.99,34.99,0,0,1.4336210460125433e-05
13,0,6,4,1,1,35.0,35.0,35.0,0,0,1.6745699394565072e-05
24,1,0,4,2,3,50.63666534423828,64.95,28.0,0,0,0.38542298752492266
70,1,4,4,1,1,32.7599983215332,32.76,32.76,0,0,2.536258999050489e-05
23,0,11,3,1,1,38.0,38.0,38.0,0,0,2.4917948482181724e-05
54,0,3,3,2,3,43.20000012715658,86.61,17.99,0,1,0.5429304271693888
18,0,4,4,1,1,59.95000076293945,59.95,59.95,0,0,0.00027912441591370057
48,0,4,4,2,2,47.24499988555908,69.5,24.99,0,0,0.02787474685239455
19,0,4,3,1,1,21.0,21.0,21.0,0,0,0.00010411066721414975
66,1,13,2,1,3,14.81499981880188,17.5,10.69,0,0,0.0034060261112192607
18,1,3,4,1,1,39.9900016784668,39.99,39.99,0,0,1.8002829119149342e-05
15,1,12,4,1,1,13.970000267028809,13.97,13.97,0,0,3.2664699712926596e-06
37,1,3,4,1,1,38.47999954223633,38.48,38.48,0,0,1.614030245782154e-05
55,0,4,3,4,3,144.30800018310546,448.0,36.0,1,1,0.9988635899487879
65,1,13,4,1,1,49.95000076293945,49.95,49.95,0,0,0.00011791710634622815
51,1,12,4,1,1,31.579999923706055,31.58,31.58,0,0,6.676556487497738e-05
24,0,13,4,1,1,79.98999786376953,79.99,79.99,0,0,0.002110912625549474
41,0,4,3,1,1,163.8000030517578,163.8,163.8,0,0,0.006165621885291519
16,1,13,4,1,1,44.95000076293945,44.95,44.95,0,0,0.0007866878919767183
13,1,7,4,1,1,35.0,35.0,35.0,0,0,5.884178704448459e-05
48,0,3,3,3,3,44.326666514078774,98.0,12.34,0,1,0.6110192257561444
54,0,6,4,2,2,40.0,55.0,25.0,0,0,0.010054196036832648
68,0,4,4,1,1,34.9900016784668,34.99,34.99,0,0,5.920667884909254e-05
42,1,4,4,1,1,68.0,68.0,68.0,0,0,0.0005172986343836027
12,1,4,3,2,3,76.23333549499512,144.74,23.97,1,1,0.9896555252129114
67,1,7,4,2,5,85.39000015258789,250.0,20.0,1,1,0.9999551414391165
42,1,3,4,1,1,36.95000076293945,36.95,36.95,0,0,1.614030245782154e-05
57,1,3,4,1,1,38.45000076293945,38.45,38.45,0,0,5.740577701077884e-05
42,1,10,4,1,1,31.489999771118164,31.49,31.49,0,0,2.6115158370912287e-05
70,1,3,4,2,6,68.93666807810466,156.6,14.99,1,1,0.9990375730314913
19,0,13,4,1,1,7.289999961853027,7.29,7.29,0,0,0.00010411066721414975
65,1,4,1,2,2,27.580000400543213,42.95,12.21,0,0,0.006347747204558423
40,0,4,4,2,3,42.99333381652832,62.0,6.99,0,0,0.40904978509593204
55,0,7,4,2,4,75.48000013828278,172.0,7.97,1,1,0.9985674051457727
62,1,10,4,2,2,18.786666870117188,38.97,6.99,0,0,0.0017486150509933233
63,0,11,4,1,2,17.744999885559082,18.0,17.49,0,0,0.0003802790441962023
29,0,4,4,1,1,9.989999771118164,9.99,9.99,0,0,1.968289985955307e-05
36,1,10,4,1,1,22.0,22.0,22.0,0,0,2.5314485649881535e-05
16,1,3,4,1,1,40.790000915527344,40.79,40.79,0,0,1.8002829119149342e-05
57,1,4,4,1,1,49.880001068115234,49.88,49.88,0,0,0.00019149186239637652
67,1,3,4,1,1,39.9900016784668,39.99,39.99,0,0,0.0003150777358939603
45,0,4,4,1,1,90.5999984741211,90.6,90.6,0,0,0.0031929501084183337
36,1,4,4,1,1,24.0,24.0,24.0,0,0,8.38068749601134e-06
64,0,4,1,1,1,68.0,68.0,68.0,0,0,0.0003186173584672155
64,0,11,4,1,1,18.899999618530273,18.9,18.9,0,0,2.5029540387088356e-05
40,0,4,4,1,2,16.494999885559082,25.0,7.99,0,0,0.0004706415936686253
69,1,8,4,1,1,32.0,32.0,32.0,0,0,0.0001717635239809375
35,0,13,4,1,1,250.0,250.0,250.0,1,1,1.0
18,1,13,4,1,1,115.0,115.0,115.0,0,0,0.014367839041574426
51,1,13,0,4,7,48.10714340209961,98.0,16.5,1,1,0.9967832303613764
25,0,10,0,2,2,30.47499942779541,41.98,18.97,0,0,0.0024368652907698794
15,1,4,4,1,1,23.479999542236328,23.48,23.48,0,0,3.2664699712926596e-06
42,1,4,3,2,3,40.329999923706055,55.0,17.99,0,0,0.06372666441270622
65,0,13,4,1,2,37.97500038146973,39.95,36.0,0,0,0.000728715235485318
63,0,3,2,1,2,88.5,92.0,85.0,1,1,0.8976058851385552
34,1,13,4,1,1,32.9900016784668,32.99,32.99,0,0,4.920392183935764e-05
46,0,4,4,3,3,92.66333262125652,99.99,79.0,1,1,0.9976934405787712
30,0,4,3,1,1,93.0,93.0,93.0,0,0,0.004680509209568645
35,1,4,4,2,2,17.25,21.5,13.0,0,0,0.0013251974375538197
31,0,3,4,1,1,34.9900016784668,34.99,34.99,0,0,1.7941204296135235e-05
38,0,4,4,2,2,59.47500038146973,88.0,30.95,0,0,0.20573914500884916
70,0,4,2,4,4,131.70200004577637,399.0,10.51,1,1,0.9999564623477768
29,1,3,1,1,2,33.75,37.5,30.0,0,0,0.000287895943665693
63,0,4,4,1,1,68.0,68.0,68.0,0,0,0.0005795439426968099
27,0,13,1,1,1,72.0,72.0,72.0,0,0,0.0008583167452059577
42,0,4,4,1,2,82.3849983215332,119.99,44.78,0,0,0.20010687244419997
67,0,13,4,2,2,26.165000915527344,32.33,20.0,0,0,0.0009148919700523546
19,0,7,3,1,2,73.89000034332275,129.0,18.78,0,0,0.17303792861646677
47,1,13,3,1,1,26.43000030517578,26.43,26.43,0,0,4.5584755920151746e-05
57,1,4,4,1,4,53.7475004196167,65.0,45.0,1,1,0.8814736174495841
67,1,10,4,1,1,199.99000549316406,199.99,199.99,1,1,1.0
53,1,6,4,1,1,29.950000762939453,29.95,29.95,0,0,2.324352058015904e-05
68,1,3,4,2,3,70.41666666666667,119.0,44.82,1,1,0.9795253421607225
21,0,4,1,3,5,38.74000060558319,68.0,14.97,1,1,0.9483096845207255
41,0,3,4,2,5,37.17200050354004,76.73,9.99,1,1,0.9226642768654255
42,0,10,1,1,1,20.0,20.0,20.0,0,0,2.5029540387088356e-05
51,0,13,4,1,1,25.0,25.0,25.0,0,0,5.3890425515197304e-05
21,0,11,4,1,2,45.0,48.0,42.0,0,0,0.01069391009967797
32,1,13,4,1,1,120.0,120.0,120.0,0,0,0.012354645719392453
47,1,13,2,1,2,16.989999771118164,19.98,14.0,0,0,0.001207933204034294
35,0,13,4,1,1,87.0,87.0,87.0,0,0,0.0031945614103814023
70,1,4,4,1,1,50.0,50.0,50.0,0,0,0.00037931023114078685
61,1,4,4,3,3,28.089999834696453,54.0,10.69,0,0,0.030785036116300898
15,1,4,1,4,5,34.38799991607666,55.0,10.69,1,1,0.8664548984976583
41,0,4,4,2,2,34.0,48.0,20.0,0,0,0.0011964163545245621
70,0,4,4,4,4,50.74749994277954,78.0,24.0,1,1,0.9790535354400948
28,1,4,4,1,1,39.0,39.0,39.0,0,0,1.1026084933102857e-05
65,0,10,4,1,1,7.989999771118164,7.99,7.99,0,0,2.5029540387088356e-05
58,0,0,2,1,2,67.73500061035156,99.97,35.5,0,0,0.18432493041716097
27,1,13,4,1,1,60.95000076293945,60.95,60.95,0,0,0.0006379944595317772
32,0,4,3,3,3,33.663333892822266,45.0,11.0,0,0,0.04414188591198851
22,1,4,4,2,4,55.47249984741211,160.0,17.5,1,1,0.9887377733252594
39,0,3,4,2,2,60.4950008392334,62.99,58.0,0,0,0.04028373185637449
39,1,13,4,1,1,25.0,25.0,25.0,0,0,4.840324911832688e-05
30,1,3,4,1,2,44.994998931884766,67.99,22.0,0,0,0.03365334685495457
59,1,4,1,1,1,35.0,35.0,35.0,0,0,4.246097945452747e-05
59,1,6,4,2,4,42.26199951171875,55.94,25.0,1,1,0.6230669215208426
70,1,6,3,1,1,70.0,70.0,70.0,0,0,0.00021732817730912447
54,0,3,4,3,3,36.62249994277954,120.0,3.5,0,0,0.4489148671867394
30,0,4,1,1,1,134.0,134.0,134.0,0,0,0.0032839352453123173
50,0,4,4,4,5,31.566667238871258,88.8,9.01,1,1,0.8263142357892203
21,0,4,2,1,1,48.0,48.0,48.0,0,0,0.00018199559054904582
41,1,4,4,1,1,16.989999771118164,16.99,16.99,0,0,8.38068749601134e-06
21,0,4,4,1,1,25.0,25.0,25.0,0,0,6.160052574650034e-05
65,0,4,2,4,8,52.461818348277696,280.0,7.99,1,1,0.9991597651827675
65,1,3,3,3,3,27.643334070841473,41.99,19.99,0,0,0.014902485560368973
51,0,3,4,2,3,65.58333333333333,98.0,36.75,1,1,0.9683705072443847
49,1,4,4,2,3,28.760000228881836,50.0,6.76,0,0,0.013412618269079947
13,0,11,3,1,1,44.9900016784668,44.99,44.99,0,0,0.0002275934908621705
51,0,4,4,1,1,32.0,32.0,32.0,0,0,2.3287844823670516e-05
50,0,13,4,1,1,34.0,34.0,34.0,0,0,1.02311040648322e-05
32,0,13,4,1,1,37.349998474121094,37.35,37.35,0,0,1.02311040648322e-05
34,1,2,1,1,1,25.0,25.0,25.0,0,0,3.2664699712926596e-06
56,1,12,4,1,1,29.989999771118164,29.99,29.99,0,0,6.389392708422412e-05
31,0,4,4,3,3,46.58250045776367,85.83,14.0,1,1,0.6076271056918082
60,0,4,4,1,1,67.76000213623047,67.76,67.76,0,0,0.0007946581499982227
13,1,4,4,1,1,35.95000076293945,35.95,35.95,0,0,5.884178704448459e-05
28,1,9,3,2,4,72.1150016784668,159.99,25.0,1,1,0.9983646799992423
60,1,6,1,2,4,62.984999656677246,98.0,25.0,1,1,0.976202213653542
57,0,13,4,1,2,59.85499954223633,101.0,18.71,0,0,0.19416917650241503
56,1,0,4,1,3,125.3133316040039,239.95,55.0,1,1,0.9996478873239437
19,1,7,4,1,1,69.5,69.5,69.5,0,0,0.0004341442096134743
66,1,3,4,1,2,98.0,174.0,22.0,1,1,0.9996980900483992
49,1,4,4,1,1,32.45000076293945,32.45,32.45,0,0,9.181360217042095e-06
37,0,12,4,1,1,31.809999465942383,31.81,31.81,0,0,1.7941204296135235e-05
55,1,4,3,1,1,49.5,49.5,49.5,0,0,0.00012143623374362638
16,0,4,4,1,1,92.0,92.0,92.0,0,0,0.003844302915839913
54,0,4,1,4,4,78.37249994277954,138.0,8.49,1,1,0.9996187946998815
18,0,12,4,2,3,51.62333297729492,60.39,34.98,0,0,0.2524078869366363
16,1,8,2,2,3,114.99000295003255,139.99,74.99,1,1,0.9995518518076267
27,0,4,4,1,1,8.829999923706055,8.83,8.83,0,0,1.968289985955307e-05
35,0,7,4,1,1,27.950000762939453,27.95,27.95,0,0,2.739300009085611e-05
55,0,4,3,1,1,75.0,75.0,75.0,0,0,0.0006021055096238867
30,1,10,4,1,2,151.375,280.0,22.75,1,1,0.9987764484914697
38,0,11,4,1,1,71.47000122070312,71.47,71.47,0,0,0.000496799068877427
32,0,4,4,1,1,125.0,125.0,125.0,0,0,0.0048401279026522
66,1,4,4,1,1,329.989990234375,329.99,329.99,1,1,1.0
65,0,13,4,4,4,33.83600025177002,68.0,12.2,0,0,0.4012461010577128
54,1,13,4,1,2,36.519999504089355,48.05,24.99,0,0,0.0014734960152354556
27,1,7,4,1,1,92.0,92.0,92.0,0,0,0.0038786491826110115
46,0,13,3,1,1,86.25,133.0,39.5,1,1,0.7729116103668819
44,1,4,3,1,1,22.950000762939453,22.95,22.95,0,0,8.38068749601134e-06
25,0,11,4,1,1,36.90999984741211,36.91,36.91,0,0,2.4917948482181724e-05
26,1,4,0,1,1,19.989999771118164,19.99,19.99,0,0,3.2664699712926596e-06
66,1,13,4,1,2,57.0,98.0,16.0,0,0,0.15122292498411008
69,0,13,3,1,1,25.0,25.0,25.0,0,0,1.968289985955307e-05
14,1,13,3,1,2,68.99499988555908,120.0,17.99,0,0,0.2004077820243239
23,0,13,4,2,2,35.6200008392334,54.99,16.25,0,0,0.010770399467859557
25,0,8,2,1,1,49.5,49.5,49.5,0,0,8.262793020577629e-05
47,0,13,4,2,2,28.789999961853027,52.59,4.99,0,0,0.01144435147973033
21,1,12,4,2,5,49.78999900817871,99.95,11.99,1,1,0.960776034388247
18,1,13,4,1,1,149.5,149.5,149.5,0,0,0.005355141318491103
51,0,3,4,2,2,87.5,125.0,50.0,1,1,0.9894994651678398
40,1,7,4,2,3,60.304999589920044,121.49,15.95,1,1,0.9838370141105736
48,1,13,1,1,1,49.95000076293945,49.95,49.95,0,0,6.73881680791866e-05
33,1,0,4,1,2,79.9749984741211,90.0,69.95,0,0,0.10503452124355367
32,0,13,4,1,1,44.0,44.0,44.0,0,0,0.00017737185539607958
16,0,13,4,2,3,57.49666659037272,120.0,24.5,1,1,0.9736821062776374
47,0,13,4,1,1,38.400001525878906,38.4,38.4,0,0,0.00026885179372000445
44,0,4,2,4,6,40.23428617204939,64.0,19.95,1,1,0.9692392299787267
52,1,3,4,1,1,239.99000549316406,239.99,239.99,1,1,1.0
64,0,4,3,2,2,42.4900016784668,49.99,34.99,0,0,0.010258761949381518
21,0,4,4,3,4,66.04750108718872,107.0,13.99,1,1,0.9975411644040696
32,0,13,4,2,3,55.05000019073486,99.5,10.7,0,1,0.5128281801145933
16,0,4,3,4,6,41.758334159851074,127.98,4.99,1,1,0.9782390495335471
49,0,10,4,2,2,55.70000076293945,67.4,44.0,0,0,0.03153242981020238
67,0,7,2,1,1,25.989999771118164,25.99,25.99,0,0,3.273964061839139e-05
45,0,13,2,1,1,34.97999954223633,34.98,34.98,0,0,0.0002659801559292512
65,0,4,4,2,2,16.494999885559082,19.99,13.0,0,0,0.0005296560604413483
41,1,6,3,2,5,69.81199960708618,160.0,6.07,1,1,0.998659894585606
49,0,4,4,1,1,11.949999809265137,11.95,11.95,0,0,2.5029540387088356e-05
34,1,4,4,2,2,47.4966672261556,59.99,25.0,0,0,0.023183286494164297
14,0,3,4,1,1,25.0,25.0,25.0,0,0,6.040502084493018e-05
13,1,4,4,3,4,105.5720001220703,325.0,25.0,1,1,0.9998086514076708
48,1,13,3,1,1,140.0800018310547,140.08,140.08,0,0,0.0035927772769479287
14,0,10,3,4,5,62.73799934387207,138.89,12.9,1,1,0.9997889386132157
52,1,4,4,1,1,59.9900016784668,59.99,59.99,0,0,0.00046430875210442597
58,1,12,4,1,1,87.94999694824219,87.95,87.95,0,0,0.007879983208862441
35,0,8,3,2,5,22.973999786376954,38.98,14.9,0,0,0.009336436918450446
22,0,4,1,2,2,40.5,56.0,25.0,0,0,0.006213968072641347
14,0,8,4,1,2,32.4950008392334,39.99,25.0,0,0,0.001066447042931591
70,0,4,4,2,3,55.36333338419596,69.0,34.99,0,0,0.2724887275847031
16,1,3,4,2,3,57.289999643961586,109.99,25.0,1,1,0.9770353315318715
62,1,3,4,1,1,30.899999618530273,30.9,30.9,0,0,0.00023508497467487303
28,1,4,4,2,3,48.486000061035156,99.99,24.5,1,1,0.5888792154092644
14,0,6,4,1,1,14.949999809265137,14.95,14.95,0,0,1.848739495798291e-05
52,1,3,3,1,1,42.0,42.0,42.0,0,0,5.740577701077884e-05
54,1,13,4,1,1,198.0,198.0,198.0,1,1,1.0
62,0,4,0,1,1,11.0,11.0,11.0,0,0,2.5029540387088356e-05
50,0,4,0,3,3,31.80999994277954,60.75,12.0,0,0,0.10071362557522662
29,1,4,4,1,4,64.32000017166138,114.99,11.99,1,1,0.97565411415114
51,0,4,4,1,2,45.99499988555908,69.0,22.99,0,0,0.04257173612448405
64,0,7,4,1,1,89.98999786376953,89.99,89.99,0,0,0.004140046765437302
13,0,4,0,1,3,18.944999933242798,34.0,7.0,0,0,0.0005613616956339489
53,0,4,4,2,2,162.25,285.0,39.5,1,1,0.9999045115975547
49,1,4,4,1,2,56.48999881744385,99.99,12.99,0,0,0.16868184410756443
48,0,13,4,3,5,63.66600074768066,179.99,11.4,1,1,0.9998225302942108
48,1,4,4,1,1,79.98999786376953,79.99,79.99,0,0,0.000978738252466941
67,1,4,4,1,1,28.5,28.5,28.5,0,0,0.00025046553172730504
28,0,6,2,2,2,74.0,141.0,7.0,0,0,0.23861568559673396
54,0,4,4,1,1,70.0,70.0,70.0,0,0,0.0009850352780691298
18,0,11,4,1,1,34.900001525878906,34.9,34.9,0,0,2.4917948482181724e-05
34,0,11,4,1,1,26.0,26.0,26.0,0,0,6.160052574650034e-05
50,1,3,2,1,1,12.949999809265137,12.95,12.95,0,0,8.38068749601134e-06
58,0,11,4,2,3,26.323333104451496,34.98,14.0,0,0,0.004577560520748385
59,1,0,4,1,2,54.7450008392334,64.5,44.99,0,0,0.017938961619845824
21,0,12,3,1,3,18.62333329518636,25.0,9.87,0,0,0.00016233363881975143
68,1,4,4,1,1,27.989999771118164,27.99,27.99,0,0,2.4561917269474136e-05
43,1,11,2,2,3,237.11000061035156,650.0,26.34,1,1,0.9996962221821978
35,0,4,3,1,1,39.9900016784668,39.99,39.99,0,0,1.7941204296135235e-05
54,0,3,4,3,2,29.920000076293945,32.0,26.98,0,0,0.011016809136353922
28,0,4,3,3,3,67.51333236694336,105.56,44.98,1,1,0.9901265072745873
38,0,4,2,4,4,52.44000091552734,158.27,15.99,1,1,0.998886590581276
41,0,0,3,1,1,13.239999771118164,13.24,13.24,0,0,2.5029540387088356e-05
14,1,13,4,1,1,99.98999786376953,99.99,99.99,0,0,0.012618844502131016
57,0,13,4,1,2,13.100000023841858,23.0,3.2,0,0,0.00025632563155885
66,1,0,4,3,3,35.39333470662435,69.98,16.25,0,0,0.2768950894329856
39,1,13,4,2,4,82.9950008392334,129.99,52.0,1,1,0.9916441082151506
43,0,13,4,4,5,42.626000213623044,60.0,13.76,1,1,0.9817597460378926
49,1,3,4,1,2,52.9950008392334,56.0,49.99,0,0,0.0068629432849338715
64,1,13,4,1,1,12.899999618530273,12.9,12.9,0,0,0.00017787038495488934
43,1,13,4,1,2,70.5,115.0,26.0,0,0,0.19999202438190902
41,0,4,3,2,1,33.44499921798706,56.44,10.45,0,0,0.0023015888984674886
60,1,3,2,1,1,79.5,79.5,79.5,0,0,0.0019827587244619998
56,0,4,4,1,2,22.4950008392334,32.99,12.0,0,0,0.0002787916109026289
23,0,13,0,2,2,101.31500053405762,158.0,44.63,1,1,0.9967753494986834
32,1,13,2,2,2,52.22500038146973,59.5,44.95,0,0,0.013260530553860464
68,0,4,4,2,2,62.4950008392334,75.0,49.99,0,0,0.1409272902759403
58,1,12,4,1,1,89.98999786376953,89.99,89.99,0,0,0.0060874296208388076
65,1,4,4,1,4,57.23500037193298,145.0,9.96,1,1,0.9786874480337745
40,1,4,4,1,1,46.7599983215332,46.76,46.76,0,0,0.00023683221029103973
66,0,10,1,1,2,6.4750001430511475,10.97,1.98,0,0,0.00044828877647426333
47,1,13,2,1,1,29.989999771118164,29.99,29.99,0,0,4.3513790850429254e-05
47,1,13,4,2,1,62.46999931335449,69.95,54.99,0,0,0.04328731176827572
15,1,13,4,1,1,35.0,35.0,35.0,0,0,0.0005835629708478354
32,0,3,4,1,1,14.25,14.25,14.25,0,0,1.968289985955307e-05
65,0,13,1,1,1,34.2599983215332,34.26,34.26,0,0,7.359466274078951e-06
24,1,4,4,1,1,49.5,49.5,49.5,0,0,0.0003234769474225124
35,1,4,4,1,2,34.74499988555908,49.5,19.99,0,0,0.000632737822059298
17,1,13,4,2,4,86.71000003814697,189.0,14.55,1,1,0.9997312730735004
60,0,13,1,1,2,30.929999828338623,50.0,11.86,0,0,0.0016696501202614843
12,0,4,4,2,2,87.71999645233154,159.54,15.9,1,1,0.9966076836612678
37,1,3,4,1,1,25.0,25.0,25.0,0,0,8.38068749601134e-06
54,1,3,4,1,1,55.0,55.0,55.0,0,0,0.0007341767232776498
50,1,3,0,1,1,60.0,60.0,60.0,0,0,0.00019888674043002549
16,0,3,0,4,5,38.178333600362144,73.15,14.99,1,1,0.9480930043545787
26,1,11,4,1,1,39.9900016784668,39.99,39.99,0,0,3.3589943771036995e-05
27,1,4,4,2,2,165.5,298.0,33.0,1,1,0.9995385568283405
54,0,3,0,1,3,86.64999898274739,124.0,49.5,1,1,0.9959753844187518
52,1,4,4,1,3,214.65999857584634,448.99,25.0,1,1,0.9999558430300666
55,1,12,4,2,2,41.78000068664551,48.59,34.97,0,0,0.003569742767753558
46,0,13,3,1,1,25.0,25.0,25.0,0,0,5.3890425515197304e-05
63,1,10,3,3,5,46.02600021362305,69.5,24.0,1,1,0.9772864341604286
59,1,13,4,2,3,40.49500036239624,59.99,16.97,0,0,0.1240986926433141
16,0,4,4,4,4,53.886000061035155,148.0,8.99,1,1,0.9989001546404748
25,1,7,3,1,2,38.7450008392334,39.99,37.5,0,0,0.0004812306851102931
39,0,4,4,1,3,71.125,110.0,56.0,1,1,0.9542031060879788
47,0,3,4,2,3,26.326667149861652,38.99,15.0,0,0,0.0016324971163615967
23,0,3,3,1,1,7.989999771118164,7.99,7.99,0,0,1.968289985955307e-05
49,1,13,3,1,1,60.0,60.0,60.0,0,0,0.0007414511267199202
38,0,4,4,1,3,19.64666684468587,26.0,7.99,0,0,0.00022160314738345815
36,0,3,3,4,4,49.79999923706055,88.0,9.5,1,1,0.9895630752836169
70,1,4,4,1,1,11.899999618530273,11.9,11.9,0,0,8.38068749601134e-06
37,1,6,4,1,2,77.3700008392334,118.0,36.74,0,0,0.20638600653394168
48,1,7,1,2,3,25.65999984741211,31.99,15.99,0,0,0.004570301998029717
51,0,4,4,1,1,6.5,6.5,6.5,0,0,2.5029540387088356e-05
37,0,7,3,1,1,9.630000114440918,9.63,9.63,0,0,1.968289985955307e-05
63,1,4,1,4,4,69.58599891662598,172.2,10.75,1,1,0.9999027679753866
26,1,4,3,1,1,15.0,15.0,15.0,0,0,3.2664699712926596e-06
35,1,4,4,2,1,69.0,125.0,13.0,0,0,0.33151510352993435
49,1,11,4,1,1,69.5,69.5,69.5,0,0,0.0003894872780461899
27,1,13,3,1,1,59.9900016784668,59.99,59.99,0,0,0.0005927013175716127
50,0,13,3,2,2,30.480000813802082,39.95,14.5,0,0,0.0019057802792914874
29,0,3,4,1,1,319.989990234375,319.99,319.99,1,1,1.0
49,1,4,1,1,1,25.0,25.0,25.0,0,0,3.2664699712926596e-06
40,0,3,1,2,3,39.64666700363159,77.0,7.9,0,0,0.1548403396178843
35,0,13,4,1,3,42.040000915527344,61.24,31.98,0,0,0.060275180819835315
16,1,4,4,2,3,35.72500038146973,55.95,19.95,0,0,0.04639908262914234
19,1,13,4,2,2,40.49000072479248,59.99,20.99,0,0,0.00905039239099745
51,0,13,4,1,1,51.9900016784668,51.99,51.99,0,0,0.00033739386685122173
48,0,4,4,1,1,159.9499969482422,159.95,159.95,0,0,0.00516149609034271
70,1,13,3,1,1,35.0,35.0,35.0,0,0,0.00019203379425120775
19,0,13,4,1,1,39.5,39.5,39.5,0,0,0.00010163561560547537
68,0,13,3,1,1,100.0,100.0,100.0,0,0,0.007847441377999895
19,0,13,4,2,3,17.52999973297119,19.99,12.61,0,0,0.002082183754168142
69,1,4,4,4,6,49.58000019618443,89.6,17.0,1,1,0.996958590649845
34,1,10,4,3,7,32.2237503528595,60.0,8.99,1,1,0.9163058776717158
41,1,3,4,1,1,46.0,46.0,46.0,0,0,0.00025897243169325384
31,1,4,1,1,2,37.9900016784668,38.99,36.99,0,0,0.0005624668259042823
26,0,10,4,2,2,44.92500019073486,65.0,24.85,0,0,0.020696797177865864
58,0,13,2,1,2,27.469999313354492,39.94,15.0,0,0,0.00039705050162668147
51,0,4,4,1,2,184.0,278.0,90.0,1,1,0.9997409855141081
45,1,12,3,3,4,59.97999954223633,99.99,25.0,1,1,0.9987230299199933
43,1,4,4,1,3,66.31666564941406,99.95,30.0,1,1,0.9629017790068944
49,0,4,4,2,2,98.93999767303467,169.98,27.9,1,1,0.999129328345097
12,1,13,4,1,1,26.360000610351562,26.36,26.36,0,0,2.0709650697224966e-06
60,0,6,2,2,2,30.5,36.0,25.0,0,0,0.000832395265861286
31,1,13,4,1,1,24.0,24.0,24.0,0,0,2.6355233439738017e-05
28,0,4,2,1,1,44.9900016784668,44.99,44.99,0,0,0.00019715906776521342
18,0,11,3,1,1,19.989999771118164,19.99,19.99,0,0,1.968289985955307e-05
12,0,13,4,1,2,36.47500038146973,51.0,21.95,0,0,0.0016779920533454837
61,0,3,4,1,1,32.0,32.0,32.0,0,0,2.3287844823670516e-05
27,0,0,4,1,1,38.9900016784668,38.99,38.99,0,0,1.02311040648322e-05
15,1,4,3,2,1,40.75,46.5,35.0,0,0,0.0020522761548108616
60,1,3,4,2,4,42.38400011062622,125.0,3.98,1,1,0.8415853038136224
56,0,13,3,1,2,33.445000648498535,40.99,25.9,0,0,0.00040986721967205833
13,0,4,4,3,5,52.30666700998942,95.0,29.9,1,1,0.9825083804753549
26,1,3,4,3,4,52.99749994277954,115.0,17.99,1,1,0.9933239682906368
23,0,4,4,2,2,96.22500038146973,169.0,23.45,1,1,0.9968391962571423
19,0,3,3,1,1,59.0,59.0,59.0,0,0,0.0006678230215960499
34,1,13,4,4,6,85.05818210948597,208.6,34.65,1,1,0.9999938574938575
51,0,7,4,1,1,25.0,25.0,25.0,0,0,6.694716627403562e-05
34,1,4,4,1,1,60.0,60.0,60.0,0,0,0.0004099609260174694
57,0,13,4,3,3,32.763333320617676,54.0,6.29,0,0,0.051775823459740994
39,1,13,2,2,3,43.66333325703939,65.0,17.99,0,0,0.46589191628082843
66,0,10,4,1,2,72.0,130.5,13.5,0,0,0.21104467821336212
50,0,7,4,1,2,33.44999980926514,45.0,21.9,0,0,0.0010004621317155136
30,1,7,4,3,3,37.36333338419596,56.39,12.0,0,0,0.10977989403324478
35,0,13,4,1,1,22.969999313354492,22.97,22.97,0,0,1.968289985955307e-05
52,1,3,4,1,1,24.989999771118164,24.99,24.99,0,0,8.38068749601134e-06
29,1,3,4,1,2,26.4950008392334,34.99,18.0,0,0,0.0003057041244460282
59,0,12,4,1,1,72.0,72.0,72.0,0,0,0.000700467085486385
20,1,10,4,1,1,28.969999313354492,28.97,28.97,0,0,3.2664699712926596e-06
69,0,3,3,1,1,39.9900016784668,39.99,39.99,0,0,5.920667884909254e-05
50,1,4,4,1,1,25.0,25.0,25.0,0,0,8.38068749601134e-06
61,0,13,2,2,2,25.670000076293945,37.0,14.34,0,0,0.0006582571473132692
67,1,4,4,1,3,33.90333366394043,40.22,29.99,0,0,0.00784835938691342
45,1,7,4,1,1,24.0,24.0,24.0,0,0,2.5314485649881535e-05
68,1,4,4,1,1,36.9900016784668,36.99,36.99,0,0,7.358700678424164e-05
70,0,11,4,1,1,42.0,42.0,42.0,0,0,3.352831894802289e-05
19,0,7,4,2,4,38.184000396728514,64.0,25.0,1,1,0.5398984529833403
35,0,10,4,1,1,22.989999771118164,22.99,22.99,0,0,1.968289985955307e-05
54,0,4,4,1,3,31.549999872843426,44.5,7.99,0,0,0.0020968002744299287
27,0,4,4,1,1,36.0,36.0,36.0,0,0,1.7941204296135235e-05
43,1,6,4,1,1,16.690000534057617,16.69,16.69,0,0,2.5314485649881535e-05
65,1,13,4,1,3,38.24666659037272,69.5,15.24,0,0,0.04940274128246174
44,1,11,4,1,2,34.31999969482422,50.0,18.64,0,0,0.0015669847952922888
14,0,11,4,4,8,57.761110835605194,169.0,9.95,1,1,0.9998394154598735
55,0,13,0,1,2,44.9950008392334,51.0,38.99,0,0,0.012276605904675619
48,1,4,4,1,1,264.0,264.0,264.0,1,1,1.0
21,0,13,4,2,5,59.75599946975708,139.0,1.98,1,1,0.9850386786775965
32,1,3,4,1,4,71.35249996185303,119.0,26.95,1,1,0.9734076314362992
19,0,4,4,2,2,55.0,66.0,44.0,0,0,0.017547484701799607
64,0,4,0,1,1,16.899999618530273,16.9,16.9,0,0,2.5029540387088356e-05
36,0,6,4,1,1,35.0,35.0,35.0,0,0,1.7941204296135235e-05
37,0,13,4,2,4,47.19000053405762,89.78,14.0,1,1,0.9532819824034128
16,1,3,3,1,3,43.02333323160807,75.0,17.95,0,1,0.5081974710090972
60,0,4,4,1,1,8.729999542236328,8.73,8.73,0,0,2.5029540387088356e-05
38,1,12,4,1,1,109.98999786376953,109.99,109.99,0,0,0.012451388415157387
41,1,4,3,4,3,85.49999928474426,140.7,12.3,1,1,0.9977229106132914
67,0,13,4,1,1,29.899999618530273,29.9,29.9,0,0,7.359466274078951e-06
61,1,3,4,1,1,25.0,25.0,25.0,0,0,8.38068749601134e-06
19,1,12,4,1,1,36.0,36.0,36.0,0,0,0.0007086411447064973
42,0,4,4,2,3,34.47666645050049,55.98,15.45,0,0,0.05564734470103582
65,1,4,4,2,3,88.96666717529297,209.0,22.0,1,1,0.9998446647930987
49,1,13,1,1,1,39.95000076293945,39.95,39.95,0,0,2.8424717412619834e-05
24,1,3,4,1,1,55.0,55.0,55.0,0,0,0.0003267371254544421
34,1,4,3,1,3,30.737500190734863,47.95,25.0,0,0,0.004547130397787705
54,0,13,1,4,4,34.87999973297119,64.14,10.89,1,1,0.6223399748804643
26,0,4,3,2,4,24.05499990781148,45.0,4.85,0,0,0.022068136041297568
35,1,4,4,1,1,75.0,75.0,75.0,0,0,0.0004937805453283552
62,1,4,4,1,1,25.0,25.0,25.0,0,0,0.00023428430195384227
31,1,13,4,1,1,42.95000076293945,42.95,42.95,0,0,0.00034964806546781274
66,0,4,2,1,2,53.74499988555908,90.0,17.49,0,0,0.10793114184403871
27,1,8,3,1,1,30.889999389648438,30.89,30.89,0,0,4.067142692323414e-06
39,0,8,4,1,1,25.0,25.0,25.0,0,0,6.160052574650034e-05
64,1,3,4,2,2,125.0,225.0,25.0,1,1,0.9998697371262767
63,1,3,4,1,2,43.97500038146973,68.0,19.95,0,0,0.03734897190404006
13,0,4,3,1,1,24.979999542236328,24.98,24.98,0,0,6.040502084493018e-05
38,0,13,3,1,4,27.369999885559082,53.0,14.5,0,0,0.006863699179029656
23,1,13,0,1,1,25.0,25.0,25.0,0,0,2.3536740241562884e-05
18,1,8,3,3,3,46.69249963760376,90.28,10.0,1,1,0.6592626370124534
41,0,13,3,2,2,11.440000057220459,12.0,10.88,0,0,0.0005181032334122828
18,0,3,4,3,4,36.94749999046326,99.0,8.0,0,1,0.8204833157603989
51,0,12,4,1,1,33.95000076293945,33.95,33.95,0,0,2.3287844823670516e-05
53,1,2,4,1,1,54.9900016784668,54.99,54.99,0,0,0.00033957966389437086
21,0,13,4,2,4,30.904999494552612,80.92,7.7,0,0,0.19212233774003934
67,1,4,4,3,6,58.62999979654948,90.57,25.0,1,1,0.9989411118454692
45,1,4,4,1,1,19.920000076293945,19.92,19.92,0,0,8.38068749601134e-06
49,1,13,0,3,4,50.14750099182129,76.3,28.0,1,1,0.9776655276054588
51,1,4,4,1,1,34.9900016784668,34.99,34.99,0,0,9.181360217042095e-06
68,1,4,4,4,3,74.95200004577637,179.0,18.97,1,1,0.9989709944803633
21,1,13,4,1,1,158.0,158.0,158.0,0,0,0.005476099939199583
61,0,4,4,1,2,18.994999885559082,25.0,12.99,0,0,0.00024347607692204635
38,1,0,1,1,1,35.9900016784668,35.99,35.99,0,0,1.1955049015701636e-06
70,1,4,4,1,1,15.329999923706055,15.33,15.33,0,0,8.38068749601134e-06
48,0,8,4,1,4,15.102499961853027,25.0,10.98,0,0,0.001371429439038319
31,1,12,4,1,1,89.0,89.0,89.0,0,0,0.003984321437192939
37,0,4,4,3,4,22.848000144958498,40.0,9.31,0,0,0.00280056213744259
50,0,4,4,1,1,27.979999542236328,27.98,27.98,0,0,3.273964061839139e-05
70,1,7,4,1,2,99.99000358581543,139.99,59.99,1,1,0.9978233787093665
70,1,13,4,1,1,120.0,120.0,120.0,0,0,0.013355795928957961
65,1,4,4,2,2,26.744999885559082,31.5,21.99,0,0,0.0007735776328682109
69,0,4,4,1,1,257.95001220703125,257.95,257.95,1,1,1.0
70,1,4,3,1,2,45.5,62.0,35.0,0,0,0.01815259501039347
27,0,13,4,1,1,23.950000762939453,23.95,23.95,0,0,5.3890425515197304e-05
35,0,13,4,1,1,25.989999771118164,25.99,25.99,0,0,5.3890425515197304e-05
60,0,13,4,4,5,46.346000289916994,65.0,20.78,1,1,0.9937184276185299
56,0,4,4,1,1,18.0,18.0,18.0,0,0,2.5029540387088356e-05
31,1,13,4,1,2,203.5,298.0,109.0,1,1,0.9999017181129878
69,1,10,4,1,1,36.58000183105469,36.58,36.58,0,0,0.00017872246622171697
19,0,4,1,1,2,29.380000114440918,48.0,10.76,0,0,0.0014139013054351433
59,1,7,4,1,1,74.0,74.0,74.0,0,0,0.00046655623874981915
17,1,3,2,2,4,28.67600021362305,40.0,13.5,0,0,0.02076310468337805
58,1,12,4,1,1,11.989999771118164,11.99,11.99,0,0,6.596489215394662e-05
32,0,6,1,1,1,12.989999771118164,12.99,12.99,0,0,1.968289985955307e-05
44,0,13,2,1,2,33.99000072479248,39.99,27.99,0,0,0.0008030322519688433
12,1,13,3,1,1,52.0,52.0,52.0,0,0,0.0018055975397467158
42,1,8,3,1,1,29.989999771118164,29.99,29.99,0,0,2.324352058015904e-05
30,1,3,4,1,1,68.6500015258789,68.65,68.65,0,0,0.00078869030013002
67,0,4,4,1,1,143.63999938964844,143.64,143.64,0,0,0.0035419308954576447
54,1,13,4,2,3,43.980000813802086,56.99,19.95,0,0,0.27294569276330694
41,0,13,4,2,2,16.889999866485596,19.99,13.79,0,0,0.0005070085588560697
54,0,3,4,2,2,93.6200008392334,152.25,34.99,1,1,0.9955546014671364
50,1,13,4,3,4,84.2939998626709,195.0,22.38,1,1,0.9997531403545251
21,1,0,4,2,2,46.5,68.0,25.0,0,0,0.025619191902342422
31,1,2,4,3,4,52.775714193071636,198.0,14.95,1,1,0.9972922750284205
50,0,7,1,1,1,44.0,44.0,44.0,0,0,0.00011791637307263192
36,0,3,2,2,3,46.88250017166138,89.5,17.21,1,1,0.5231536979949205
67,1,8,4,2,2,38.24499988555908,59.5,16.99,0,0,0.008598284420850871
46,1,4,4,1,1,74.93000030517578,74.93,74.93,0,0,0.0004937805453283552
42,1,4,4,1,1,38.9900016784668,38.99,38.99,0,0,1.614030245782154e-05
28,0,4,4,2,2,38.99499988555908,59.0,18.99,0,0,0.00866847978407037
40,0,11,4,1,2,25.934999465942383,26.97,24.9,0,0,0.0005642381143261374
29,1,13,4,2,4,37.02000141143799,69.98,16.2,0,1,0.6244271110460433
64,0,4,3,2,3,44.65666675567627,96.0,12.97,0,1,0.5559215465056159
18,1,4,4,1,1,68.0,68.0,68.0,0,0,0.00035602501180534917
25,0,4,4,2,4,52.12428542545864,176.0,9.04,1,1,0.992250538914454
48,1,4,3,1,1,82.30000305175781,82.3,82.3,0,0,0.0020958968555675477
35,1,13,4,1,1,125.0,125.0,125.0,0,0,0.0075963050696787274
67,1,4,4,1,1,26.0,26.0,26.0,0,0,0.00025046553172730504
43,0,11,4,1,1,34.5,34.5,34.5,0,0,0.00014233546387128955
50,1,10,4,1,1,74.5,74.5,74.5,0,0,0.0003809357960362986
60,1,13,4,1,2,33.97500038146973,42.95,25.0,0,0,0.006073810681628333
16,1,3,4,1,1,36.43000030517578,36.43,36.43,0,0,7.397297837288068e-05
57,0,8,3,3,4,33.987499713897705,78.46,3.5,0,0,0.41335028848420285
39,1,12,4,3,4,54.9560001373291,98.0,21.8,1,1,0.9893687211845432
22,1,10,4,2,4,48.98199996948242,89.99,32.0,1,1,0.9642729257278223
39,1,13,4,2,2,44.9950008392334,55.0,34.99,0,0,0.012975650915279907
66,1,4,4,1,1,22.0,22.0,22.0,0,0,0.00025046553172730504
67,1,4,2,1,1,65.0,65.0,65.0,0,0,0.0006781480533155257
69,1,12,1,3,4,44.61000061035156,79.0,26.0,1,1,0.9791982257014634
22,0,0,4,4,4,28.97749948501587,53.94,7.99,0,0,0.12211192761807839
39,1,4,4,2,2,28.8700008392334,41.99,15.75,0,0,0.00048549143047737256
16,1,3,4,1,1,27.700000762939453,27.7,27.7,0,0,3.2664699712926596e-06
57,1,3,4,1,1,47.95000076293945,47.95,47.95,0,0,0.00021857535569016096
32,0,3,4,1,1,14.0,14.0,14.0,0,0,1.968289985955307e-05
33,1,4,4,1,1,88.0,88.0,88.0,0,0,0.004925963711407475
28,1,13,0,1,1,29.0,29.0,29.0,0,0,2.3536740241562884e-05
31,1,4,4,2,2,21.610000133514404,29.5,13.72,0,0,0.0014242073385439188
23,0,4,3,2,3,25.47666645050049,33.98,10.45,0,0,0.00047088746357125974
42,0,13,4,1,2,129.9749984741211,180.0,79.95,1,1,0.9999607657338881
56,1,12,4,2,2,87.4950008392334,115.0,59.99,1,1,0.9852586718490829
30,0,13,4,3,8,31.565000295639038,60.0,8.0,1,1,0.9244794431557655
30,0,4,4,1,1,44.5,44.5,44.5,0,0,0.0002714216218234584
68,0,8,0,1,1,160.0,160.0,160.0,0,0,0.008955109756647716
49,1,13,2,1,1,49.5,49.5,49.5,0,0,6.73881680791866e-05
37,0,4,3,1,1,38.0,38.0,38.0,0,0,1.7941204296135235e-05
33,1,13,4,1,2,32.31500005722046,52.0,12.63,0,0,0.003142859570646456
30,0,13,4,3,3,83.18800010681153,269.0,19.99,1,1,0.9988922104614408
29,1,3,4,1,1,59.5,59.5,59.5,0,0,0.00048281613450803644
65,0,3,4,3,4,34.85999941825867,69.99,9.95,0,1,0.6297609126520761
39,0,11,4,2,2,16.85000006357829,25.0,11.99,0,0,0.0003670029220842793
36,1,3,4,1,1,109.0,109.0,109.0,0,0,0.007796812461227685
55,0,4,2,1,1,149.89999389648438,149.9,149.9,0,0,0.005174340629999869
48,1,13,4,2,1,12.994999885559082,14.0,11.99,0,0,0.0005515876495571459
61,1,4,4,2,2,76.47500038146973,135.0,17.95,0,0,0.3252114695222883
34,1,13,3,4,4,74.59800033569336,189.0,25.0,1,1,0.9999120860330817
49,0,13,4,2,2,46.78000005086263,78.0,10.34,0,0,0.05312421880993562
56,1,3,2,1,2,38.4950008392334,42.0,34.99,0,0,0.0004217257002137499
16,0,4,4,1,1,189.0,189.0,189.0,1,1,1.0
58,0,3,1,3,5,29.14400005340576,86.75,11.01,0,1,0.7870253024664783
70,1,3,4,1,4,52.47999954223633,89.99,24.0,1,1,0.9297711915787937
61,1,4,4,1,1,8.989999771118164,8.99,8.99,0,0,8.38068749601134e-06
62,0,12,4,1,1,100.0,100.0,100.0,0,0,0.005663045351546453
38,0,4,4,3,7,69.93714305332729,159.0,8.27,1,1,0.9999766554509865
41,1,13,3,2,2,285.75,352.0,219.5,1,1,0.9999588001563314
27,1,12,4,1,1,89.98999786376953,89.99,89.99,0,0,0.004580664554763161
23,1,3,4,1,2,41.135000228881836,70.0,12.27,0,0,0.010475012441459715
59,0,4,4,1,2,68.4950008392334,84.0,52.99,0,0,0.09647401083741518
36,0,13,4,1,2,101.25,158.0,44.5,1,1,0.9982705391105662
30,1,4,4,2,5,75.42200050354003,178.0,21.99,1,1,0.9980413749008891
66,0,4,4,1,1,98.0,98.0,98.0,0,0,0.0044879889460653945
25,0,6,1,3,5,76.19799995422363,148.0,11.49,1,1,0.9999165882832882
44,0,4,4,2,2,58.99499988555908,88.0,29.99,0,0,0.20844864135192545
25,0,3,1,4,9,77.22444544898138,179.99,7.99,1,1,0.9998773692365188
45,1,3,1,1,1,12.0,12.0,12.0,0,0,3.2664699712926596e-06
60,1,6,3,1,1,26.0,26.0,26.0,0,0,2.5314485649881535e-05
65,1,4,3,3,3,124.29333368937175,199.5,59.99,1,1,0.9999068387117116
43,0,4,4,1,1,59.5,59.5,59.5,0,0,0.0005109990744803131
34,0,4,3,1,2,29.83000087738037,40.49,19.17,0,0,0.0005484846457702706
37,1,13,3,1,1,59.5,59.5,59.5,0,0,0.0004600597721860756
31,0,4,4,2,2,22.720000743865967,36.99,8.45,0,0,0.00043510615717054187
65,0,3,4,3,3,46.99500036239624,68.0,24.99,1,0,0.48011330843883365
62,1,13,4,2,2,23.494999885559082,35.0,11.99,0,0,0.001893180885610993
27,1,12,4,1,1,79.98999786376953,79.99,79.99,0,0,0.0015755867936667613
26,0,12,4,2,2,37.390000343322754,61.79,12.99,0,0,0.010561827211423989
38,0,13,4,1,1,29.989999771118164,29.99,29.99,0,0,7.359466274078951e-06
26,0,3,4,2,3,88.31666692097981,238.0,7.0,1,1,0.9996467813732568
54,1,11,3,1,1,29.0,29.0,29.0,0,0,2.5314485649881535e-05
33,0,4,2,1,2,36.45000076293945,37.95,34.95,0,0,0.000822621315566686
67,0,6,4,2,2,30.0,49.0,11.0,0,0,0.009399373887236774
48,0,11,4,4,4,60.196000289916995,158.0,14.99,1,1,0.999812466236933
28,0,3,4,2,3,42.070000966389976,43.31,40.0,0,0,0.02802821549087321
18,1,13,4,1,1,54.0,54.0,54.0,0,0,0.0002762699041749042
38,0,3,4,3,4,52.03500032424927,92.4,16.75,1,1,0.9878496515443115
64,0,12,4,1,2,20.024999618530273,28.56,11.49,0,0,0.00022117730002648665
56,1,13,4,1,1,79.5,79.5,79.5,0,0,0.0011105174452634863
15,1,4,4,1,1,44.9900016784668,44.99,44.99,0,0,0.0001440112168563148
68,1,6,2,1,1,26.0,26.0,26.0,0,0,0.00017096285125990676
20,1,13,4,2,2,62.28499984741211,85.0,39.57,0,0,0.2223793208347836
54,1,4,4,1,1,25.0,25.0,25.0,0,0,8.38068749601134e-06
50,0,4,4,1,1,60.0,60.0,60.0,0,0,0.0005781047147284434
53,0,3,4,2,2,42.25,59.5,25.0,0,0,0.006772239953406297
38,0,4,3,3,5,30.413999938964842,46.0,17.59,0,0,0.46086072574059306
43,0,6,4,1,1,128.0,128.0,128.0,0,0,0.003732631729185849
22,1,6,4,2,3,70.53666432698567,129.93,17.18,1,1,0.9890519729349105
66,1,13,4,1,1,12.989999771118164,12.99,12.99,0,0,0.00017787038495488934
13,1,13,4,1,1,69.94999694824219,69.95,69.95,0,0,0.0005323346340626199
39,0,3,0,3,3,41.81666692097982,49.95,36.0,0,0,0.07034490361522203
56,0,4,3,1,1,7.019999980926514,7.02,7.02,0,0,2.5029540387088356e-05
40,1,8,4,1,1,22.1299991607666,22.13,22.13,0,0,2.5314485649881535e-05
31,1,4,4,2,5,59.7879997253418,99.0,25.0,1,1,0.9824756483687446
15,1,4,3,1,1,34.5,44.0,25.0,0,0,0.00019654430596608317
53,0,4,4,1,1,138.0,138.0,138.0,0,0,0.003657733408294962
61,1,13,4,1,1,105.26000213623047,105.26,105.26,0,0,0.012770232522594965
30,0,4,4,1,1,36.0,36.0,36.0,0,0,1.7941204296135235e-05
49,0,4,0,1,1,79.0,79.0,79.0,0,0,0.000916755457212757
56,0,4,0,1,4,27.06249976158142,69.5,8.82,0,0,0.037576673864113334
62,0,4,4,1,2,49.17500019073486,92.36,5.99,0,0,0.1149861997618152
56,1,8,4,3,2,43.24499988555908,140.0,8.99,1,1,0.7004865130358482
27,0,13,2,2,2,41.9950008392334,46.0,37.99,0,0,0.0020030693701646417
19,1,13,4,1,1,50.09000015258789,50.09,50.09,0,0,0.0003478808775904161
29,1,13,4,2,2,62.04999923706055,99.99,31.16,1,0,0.25248342785137134
34,1,11,4,1,2,32.48500061035156,34.97,30.0,0,0,0.0003356115426762376
69,1,7,4,1,1,22.0,22.0,22.0,0,0,0.00017096285125990676
67,0,4,4,1,1,33.599998474121094,33.6,33.6,0,0,4.661599412382602e-05
42,0,0,4,1,1,105.0,105.0,105.0,0,0,0.010597198949372855
24,1,13,4,1,1,45.0,45.0,45.0,0,0,0.00019988295056309603
18,1,4,4,1,1,109.98999786376953,109.99,109.99,0,0,0.008111514376452314
20,0,11,4,1,1,50.0,50.0,50.0,0,0,0.0001192526560775884
45,1,13,4,1,1,44.959999084472656,44.96,44.96,0,0,0.0002149542220556384
22,0,4,4,1,1,144.9499969482422,144.95,144.95,0,0,0.0072921015148022985
31,1,4,4,3,6,43.205714634486604,75.0,19.95,1,1,0.9863172005060228
18,1,2,4,2,2,92.25499725341797,104.56,79.95,1,1,0.9743211593946888
36,1,4,3,1,2,113.99499988555908,198.0,29.99,1,1,0.9997110581336566
18,0,3,0,1,1,58.79999923706055,58.8,58.8,0,0,0.00021679816903101486
38,1,11,4,1,1,38.20000076293945,38.2,38.2,0,0,3.307410061169173e-05
32,1,6,4,3,3,31.206666628519695,54.5,12.95,0,0,0.03982831850675758
30,1,13,4,3,6,96.4799992243449,249.95,13.99,1,1,0.9999475198822141
29,0,3,1,2,2,53.5,99.0,8.0,0,0,0.09529507599789606
24,0,4,4,4,8,36.61444452073839,95.82,8.35,1,1,0.9842694667685881
52,0,13,4,2,2,87.96999835968018,149.95,25.99,1,1,0.98630087135919
20,0,12,4,1,2,34.95000076293945,35.0,34.9,0,0,0.0005744398190854661
25,0,13,4,1,1,48.0,48.0,48.0,0,0,0.00011974553316929612
32,0,4,1,1,1,38.0,38.0,38.0,0,0,1.5069566505381985e-05
60,0,3,1,1,1,35.9900016784668,35.99,35.99,0,0,6.168168158587458e-05
61,1,13,0,2,3,43.6766668955485,57.99,24.99,0,0,0.1968927027735967
63,0,4,4,1,1,44.779998779296875,44.78,44.78,0,0,0.00028695377457498906
32,0,12,4,2,2,60.9950008392334,88.0,33.99,0,0,0.18906640181297718
68,0,2,4,1,1,127.08000183105469,127.08,127.08,0,0,0.0050630344341310255
57,1,12,4,3,5,70.73600101470947,149.99,10.69,1,1,0.9998621825290434
57,0,13,3,1,1,98.0,98.0,98.0,0,0,0.009609572389511607
20,0,13,4,4,3,67.15000120798747,229.99,8.61,1,1,0.9983497932197836
68,1,7,4,2,3,48.163333892822266,58.0,31.5,0,0,0.2083417979946598
39,0,10,4,1,1,39.95000076293945,39.95,39.95,0,0,3.352831894802289e-05
19,1,3,4,1,2,26.99000072479248,36.99,16.99,0,0,0.0007739868246564058
43,0,4,1,1,1,4.579999923706055,4.58,4.58,0,0,2.5029540387088356e-05
48,0,13,3,1,1,25.0,25.0,25.0,0,0,5.3890425515197304e-05
45,1,4,1,3,4,22.24250030517578,42.99,10.99,0,0,0.028795647975281394
32,0,13,4,1,1,129.0,129.0,129.0,0,0,0.005241718011442265
16,0,7,4,1,1,9.390000343322754,9.39,9.39,0,0,1.968289985955307e-05
44,1,13,4,4,5,66.9900001525879,95.99,25.0,1,1,0.998413944823019
67,1,13,2,2,3,36.230000495910645,63.99,13.54,0,0,0.17371938375980012
39,1,3,4,1,3,37.91999944051107,62.0,14.5,0,0,0.033361066195524425
19,1,4,3,1,2,65.0,70.0,60.0,0,0,0.054310312679453555
34,1,3,4,2,3,49.9975004196167,96.0,22.0,1,1,0.5606286418302467
47,0,4,4,1,2,31.645000457763672,43.31,19.98,0,0,0.0007633141549957568
31,1,13,2,1,1,65.0,65.0,65.0,0,0,0.0007354366171357076
46,0,2,3,2,4,66.24500131607056,148.99,7.09,1,1,0.9979065737662528
24,1,6,4,1,1,135.0,135.0,135.0,0,0,0.0036037598041793917
39,1,11,4,2,2,50.859999656677246,70.0,31.72,0,0,0.033926977256334395
21,0,13,3,1,1,12.979999542236328,12.98,12.98,0,0,1.968289985955307e-05
34,0,10,4,1,1,44.79999923706055,44.8,44.8,0,0,0.00018508195562738264
19,1,12,2,1,3,125.90333302815755,300.0,18.0,1,1,0.9998399343945618
23,0,4,4,2,3,30.960000038146973,69.0,10.99,0,0,0.04487089832385991
34,1,4,4,1,1,39.5,39.5,39.5,0,0,1.614030245782154e-05
55,1,3,4,2,4,79.47499942779541,180.0,25.0,1,1,0.9986326289680088
62,0,7,4,1,1,14.989999771118164,14.99,14.99,0,0,2.5029540387088356e-05
22,0,3,2,3,3,98.16666666666667,247.5,12.0,1,1,0.9979778050258591
54,0,4,4,1,3,94.96999994913737,198.0,7.91,1,1,0.9993942382795656
53,1,0,3,1,1,40.369998931884766,40.37,40.37,0,0,5.740577701077884e-05
20,0,13,4,1,1,100.04000091552734,100.04,100.04,0,0,0.01062454757791945
59,0,4,3,1,1,75.0,75.0,75.0,0,0,0.0006021055096238867
39,1,2,4,1,3,65.68333307902019,104.56,32.99,1,1,0.9550412315930931
18,0,6,4,1,1,42.11000061035156,42.11,42.11,0,0,0.005024917948482182
48,1,4,0,2,2,86.63333129882812,149.98,44.97,1,1,0.9940415696208058
63,1,11,4,1,1,24.989999771118164,24.99,24.99,0,0,0.00044324315994798244
18,1,13,4,2,3,87.33333333333333,135.0,42.0,1,1,0.9994001575987629
22,1,3,4,2,3,48.46750068664551,99.0,20.0,1,1,0.5849112113880044
59,0,3,4,2,5,59.03666687011719,184.72,18.0,1,1,0.9991071744468267
62,1,6,4,1,1,12.899999618530273,12.9,12.9,0,0,0.00015478162148644398
59,1,8,4,1,2,104.96999740600586,119.99,89.95,1,1,0.9885612522108361
22,0,3,4,1,2,45.9950008392334,59.0,32.99,0,0,0.017616052164216568
62,0,13,1,1,1,147.0,147.0,147.0,0,0,0.0034546681608917207
49,1,4,3,1,2,214.2449951171875,396.99,31.5,1,1,0.9999510763209394
25,1,13,4,4,8,52.193750500679016,135.0,12.13,1,1,0.9941847247873805
37,0,13,4,2,3,78.9966672261556,169.0,25.0,1,1,0.9977413101894728
36,1,4,2,1,1,60.369998931884766,60.37,60.37,0,0,0.000265796760100775
24,1,4,4,1,1,59.95000076293945,59.95,59.95,0,0,0.000534106008550327
26,0,4,4,2,2,31.0,32.0,30.0,0,0,0.0006109240806522648
59,1,13,4,2,2,157.0,255.0,59.0,1,1,0.999608874669368
39,1,4,1,1,2,22.494999885559082,25.0,19.99,0,0,0.0003006017951533681
41,1,4,1,1,1,54.9900016784668,54.99,54.99,0,0,0.00014760341751002954
15,1,13,4,1,1,29.760000228881836,29.76,29.76,0,0,8.172249087616648e-06
70,1,3,2,1,1,25.0,25.0,25.0,0,0,2.4561917269474136e-05
23,0,12,2,1,1,14.75,14.75,14.75,0,0,1.968289985955307e-05
44,1,10,4,1,2,73.5,87.5,59.5,0,0,0.11704635526192562
23,1,4,0,1,3,41.163333892822266,49.5,33.99,0,0,0.020239652365262407
49,1,4,4,2,3,48.33000055948893,60.0,25.0,0,0,0.38268840844654406
63,1,0,4,3,4,35.517499685287476,68.6,8.97,0,1,0.6419109237041272
70,1,13,3,1,1,69.0,69.0,69.0,0,0,0.0005776026607666708
22,0,13,4,1,1,36.7599983215332,36.76,36.76,0,0,1.7207848250878683e-05
26,1,4,4,2,2,52.010000228881836,59.0,45.02,0,0,0.009692654402310675
34,1,4,4,1,1,243.9499969482422,243.95,243.95,1,1,1.0
12,1,10,4,3,5,50.18799934387207,69.95,11.99,1,1,0.9703992574436784
68,0,13,3,2,4,39.80250000953674,68.0,4.21,0,1,0.5080860227633598
28,1,13,2,1,1,33.86000061035156,33.86,33.86,0,0,2.1465775171840388e-05
20,0,7,4,1,4,31.602500200271606,69.0,11.05,0,0,0.036244889155040774
32,0,4,4,1,2,30.225000381469727,40.45,20.0,0,0,0.0006479960672920017
62,0,10,4,2,3,144.66000175476074,239.99,14.99,1,1,0.9996209985645124
20,0,4,4,3,3,71.87249994277954,198.0,24.99,1,1,0.99941564806199
39,1,4,3,2,4,295.48750019073486,903.0,18.95,1,1,0.9993780042622195
27,1,12,2,1,1,108.0,108.0,108.0,0,0,0.01295773270298734
46,0,4,4,1,1,179.0,179.0,179.0,1,1,1.0
21,0,13,4,1,1,12.970000267028809,12.97,12.97,0,0,1.968289985955307e-05
26,0,4,4,1,1,160.0,225.0,95.0,1,1,0.9602917654135215
44,1,3,4,1,1,54.72999954223633,54.73,54.73,0,0,0.0003386481822487825
35,0,4,4,1,1,135.0,135.0,135.0,0,0,0.0032134485593002717
30,0,13,1,1,3,44.75999959309896,79.99,12.0,0,1,0.5481244173277878
15,0,13,3,2,2,38.68000030517578,48.1,27.95,0,0,0.004620748445506867
14,0,4,4,1,1,19.989999771118164,19.99,19.99,0,0,1.848739495798291e-05
47,1,13,1,3,5,98.99857221330915,198.0,45.02,1,1,0.9998869222268796
24,1,3,4,1,1,21.40999984741211,21.41,21.41,0,0,3.2664699712926596e-06
67,0,13,3,1,1,35.0,35.0,35.0,0,0,1.02311040648322e-05
15,0,13,0,4,5,73.29800033569336,136.0,38.5,1,1,0.99875
20,1,6,4,3,6,53.64833291371664,95.0,24.0,1,1,0.9914298192730513
45,1,3,3,1,1,16.0,16.0,16.0,0,0,8.38068749601134e-06
55,0,8,4,3,4,46.08000040054321,54.84,20.99,1,1,0.810327316616466
23,1,4,4,1,1,174.25,179.0,169.5,1,1,0.9551609442060086
43,1,4,4,1,2,31.5,45.0,18.0,0,0,0.0005207863738386669
42,0,4,4,1,1,11.319999694824219,11.32,11.32,0,0,2.5029540387088356e-05
50,0,3,2,4,7,149.0955556233724,903.0,6.99,1,1,0.9998359085919941
45,1,10,4,1,2,112.45000076293945,139.0,85.9,1,1,0.9981652325127618
15,1,4,4,2,2,25.5,26.0,25.0,0,0,0.0004975104140532515
37,1,3,4,1,1,199.99000549316406,199.99,199.99,1,1,1.0
63,1,13,3,1,1,60.0,60.0,60.0,0,0,0.0006880562556617549
46,0,3,4,1,1,40.0,40.0,40.0,0,0,3.887495947555817e-05
13,1,13,4,2,2,27.394999980926514,49.59,5.2,0,0,0.0055863766894727294
14,1,13,3,1,1,64.0,64.0,64.0,0,0,0.003968374364796083
32,1,7,4,1,1,105.37999725341797,105.38,105.38,0,0,0.007549120802759806
51,1,10,3,2,5,84.78800010681152,140.0,19.99,1,1,0.9902018402206515
28,0,4,4,1,1,48.0,48.0,48.0,0,0,0.0002492814004212443
69,0,12,4,2,2,48.99499988555908,72.0,25.99,0,0,0.03492150000544931
58,0,4,4,1,4,67.6849992275238,145.0,9.57,1,1,0.9879800990909382
37,1,11,3,1,3,60.333333333333336,99.0,25.0,1,1,0.9526647942140392
22,0,3,4,2,3,62.983333587646484,95.0,44.0,1,1,0.9715692705869682
56,1,11,4,1,1,29.0,29.0,29.0,0,0,2.5314485649881535e-05
20,0,3,4,1,1,70.0,70.0,70.0,0,0,0.00042592798045789764
37,1,6,4,2,2,45.0,65.0,25.0,0,0,0.026817240555949518
22,0,11,4,1,1,25.0,25.0,25.0,0,0,6.160052574650034e-05
19,1,0,2,2,1,29.485000610351562,33.97,25.0,0,0,0.0004471421237193638
65,0,3,4,1,1,41.97999954223633,41.98,41.98,0,0,0.00010346858332867098
17,1,4,4,4,4,71.16599960327149,129.95,24.0,1,1,0.9991235554681823
20,1,3,4,1,1,37.95000076293945,37.95,37.95,0,0,7.397297837288068e-05
62,1,13,4,1,1,49.95000076293945,49.95,49.95,0,0,0.00010173587657276534
35,0,4,4,1,2,43.2450008392334,60.99,25.5,0,0,0.037302955807901474
48,1,13,3,1,1,59.0,59.0,59.0,0,0,0.000550738728796444
59,1,11,4,1,1,25.5,25.5,25.5,0,0,2.5314485649881535e-05
42,0,8,4,4,4,41.59000062942505,72.37,24.99,0,1,0.6338057794284818
49,0,6,2,3,4,56.5650003751119,215.0,9.0,1,1,0.9967569679735088
39,1,3,1,1,1,39.9900016784668,39.99,39.99,0,0,8.154447142349609e-06
34,0,4,4,4,8,34.523999977111814,92.0,13.99,1,1,0.9630233586146484
30,1,4,4,4,6,101.7466672261556,357.0,9.0,1,1,0.9999506725962918
44,0,4,1,1,2,46.49499988555908,88.0,4.99,0,0,0.11712126852704818
33,0,4,4,2,2,111.49499893188477,149.0,73.99,1,1,0.998200170201256
43,1,4,4,1,1,95.0,95.0,95.0,0,0,0.003823255282583457
68,0,6,4,1,2,47.8700008392334,53.75,41.99,0,0,0.009665160617438474
20,0,13,2,1,1,144.9499969482422,144.95,144.95,0,0,0.012559631134039802
29,0,4,1,2,4,106.24749946594238,119.99,74.0,1,1,0.9999285802359051
14,0,3,4,1,1,59.9900016784668,59.99,59.99,0,0,0.0004234682838031463
49,1,4,4,1,1,54.900001525878906,54.9,54.9,0,0,0.0004225032843338134
30,1,4,4,2,3,106.66666666666667,225.0,30.0,1,1,0.9995260959429959
44,1,3,4,2,3,92.14666684468587,198.0,23.99,1,1,0.9999047436196985
31,0,4,4,2,2,70.9950008392334,78.0,63.99,0,0,0.05365660927926987
28,0,12,2,2,3,23.676666895548504,29.95,16.08,0,0,0.0022175732671992185
31,1,13,4,2,2,53.4950008392334,68.0,38.99,0,0,0.02280082410899726
52,1,4,3,2,2,47.5,70.0,25.0,0,0,0.03396328366656852
19,1,10,4,1,1,28.0,28.0,28.0,0,0,8.769423732588935e-05
49,0,4,4,1,1,33.9900016784668,33.99,33.99,0,0,2.3287844823670516e-05
41,0,6,4,1,1,106.69999694824219,106.7,106.7,0,0,0.005945416730372953
69,1,3,4,1,3,44.973333994547524,70.0,29.93,0,0,0.4741530028155805
46,0,6,4,2,2,50.39500045776367,61.79,39.0,0,0,0.013488273163352198
42,0,7,4,2,3,93.2266674041748,250.69,13.99,1,1,0.9996356960041421
28,0,4,3,1,2,41.0,52.0,30.0,0,0,0.0016010727496987298
27,0,3,4,2,3,47.27000045776367,58.74,36.0,0,0,0.13396949968087285
40,0,13,1,1,3,26.09999990463257,44.0,7.32,0,0,0.00043971072667818947
28,0,4,4,2,4,30.330000400543213,42.99,18.34,0,0,0.014738930285717095
36,1,11,3,1,1,274.989990234375,274.99,274.99,1,1,1.0
45,1,4,4,1,1,239.0,239.0,239.0,1,1,1.0
41,1,4,1,1,1,52.45000076293945,52.45,52.45,0,0,0.0003700035492684716
55,0,4,2,1,1,60.0,60.0,60.0,0,0,0.00031945245545028346
27,0,6,3,1,1,79.16999816894531,79.17,79.17,0,0,0.0003926793335127789
43,0,4,4,1,1,150.0,150.0,150.0,0,0,0.00458110669555097
59,1,4,3,1,1,79.98999786376953,79.99,79.99,0,0,0.0007323571448837187
19,0,4,4,3,3,57.27499961853027,128.0,19.99,1,1,0.9940364339839509
46,0,13,1,1,1,94.0,94.0,94.0,0,0,0.005887200078833744
66,1,13,3,1,2,25.9950008392334,34.99,17.0,0,0,0.00048814256284048234
61,0,4,3,2,2,89.27999877929688,109.95,68.61,1,1,0.9652611618202457
61,0,10,1,1,1,25.0,25.0,25.0,0,0,3.273964061839139e-05
68,1,4,4,2,3,54.03333282470703,110.6,12.0,0,1,0.5435342014183635
66,1,4,4,1,1,88.0,88.0,88.0,0,0,0.005264683125516834
65,1,4,4,1,2,41.98999881744385,71.99,11.99,0,0,0.009274249739574178
64,1,11,3,1,2,45.659999211629234,79.99,24.99,0,0,0.06777770860102357
65,1,3,2,2,2,42.97500038146973,49.95,36.0,0,0,0.006865698035415947
19,0,13,4,2,2,62.5,72.0,53.0,0,0,0.09926118634006267
38,1,3,4,3,2,47.30666700998942,85.0,7.95,0,0,0.35466708305724753
65,0,4,1,1,1,118.75,118.75,118.75,0,0,0.006313285887927958
64,1,4,4,2,3,79.8933334350586,145.0,41.73,1,1,0.9943152103512477
39,1,0,4,1,1,19.889999389648438,19.89,19.89,0,0,8.38068749601134e-06
21,0,12,4,2,4,65.84250044822693,195.0,10.38,1,1,0.9993280437015644
69,0,4,3,1,1,12.0,12.0,12.0,0,0,1.968289985955307e-05
68,0,4,3,1,1,140.0,140.0,140.0,0,0,0.005234048984619774
32,0,4,4,1,1,14.449999809265137,14.45,14.45,0,0,1.968289985955307e-05
65,1,4,4,2,2,31.0,36.0,26.0,0,0,0.0007965064201459874
45,1,12,3,3,4,49.051666259765625,99.99,14.99,1,1,0.9893325798083386
57,1,13,4,1,4,58.02999973297119,79.99,39.95,1,1,0.9652483221674828
33,1,4,3,1,1,15.100000381469727,15.1,15.1,0,0,8.38068749601134e-06
64,0,12,3,2,4,73.24499988555908,199.0,19.99,1,1,0.9985445096052677
38,0,3,4,1,1,50.0,50.0,50.0,0,0,0.0002272306868866991
58,1,13,2,1,1,14.649999618530273,14.65,14.65,0,0,4.5584755920151746e-05
54,0,13,4,1,1,9.0,9.0,9.0,0,0,1.968289985955307e-05
30,0,4,4,1,1,40.0099983215332,40.01,40.01,0,0,3.352831894802289e-05
21,0,4,4,1,1,95.98999786376953,95.99,95.99,0,0,0.0044133530241468
35,1,11,4,1,1,79.0,79.0,79.0,0,0,0.002114615913000747
70,0,3,4,2,2,131.9749984741211,188.95,75.0,1,1,0.9949558396255138
59,1,4,3,1,1,87.88999938964844,87.89,87.89,0,0,0.0058707834689005044
15,0,6,4,1,2,99.25,189.0,9.5,1,1,0.9910486039681164
40,1,13,4,1,4,25.62249994277954,34.5,17.99,0,0,0.011904251624466329
52,1,4,0,1,1,36.0,36.0,36.0,0,0,4.246097945452747e-05
50,0,4,3,1,1,14.0,14.0,14.0,0,0,2.5029540387088356e-05
25,1,4,4,1,1,19.0,19.0,19.0,0,0,3.2664699712926596e-06
66,0,11,4,3,4,12.182499885559082,16.0,8.95,0,0,0.009481185138974606
39,0,12,4,1,2,39.5,48.0,31.0,0,0,0.0007873269015705475
47,1,7,4,1,1,32.0,32.0,32.0,0,0,2.6115158370912287e-05
25,0,11,3,1,1,10.0,10.0,10.0,0,0,1.968289985955307e-05
62,0,13,4,1,2,55.49499988555908,104.0,6.99,0,0,0.24648103977445843
62,0,12,3,1,1,129.0,129.0,129.0,0,0,0.0023880471755234702
49,1,4,4,1,2,67.78999900817871,75.63,59.95,0,0,0.03853559244476451
35,1,13,4,1,2,57.80999946594238,79.5,36.12,0,0,0.11931733857236879
69,0,3,1,2,2,133.4950008392334,219.0,47.99,1,1,0.9999558396255138
19,0,13,4,1,1,15.770000457763672,15.77,15.77,0,0,0.00010411066721414975
40,0,13,4,1,1,16.0,16.0,16.0,0,0,1.968289985955307e-05
43,1,11,4,1,1,39.9900016784668,39.99,39.99,0,0,4.866121526357938e-05
66,0,13,1,1,1,38.189998626708984,38.19,38.19,0,0,7.359466274078951e-06
15,0,13,0,4,5,55.10000038146973,118.0,11.0,1,1,0.9971501679590166
14,1,4,4,1,2,55.0,64.0,46.0,0,0,0.025764759851327045
18,1,10,4,1,1,29.950000762939453,29.95,29.95,0,0,8.172249087616648e-06
59,1,3,4,1,1,34.9900016784668,34.99,34.99,0,0,5.04468347699994e-05
45,1,7,4,1,1,155.0,155.0,155.0,0,0,0.003310415627648345
58,0,6,3,3,6,44.77500009536743,89.0,15.38,1,1,0.9907632967551555
12,0,7,4,2,3,77.4200013478597,129.99,22.99,1,1,0.989829286886231
17,0,13,4,2,3,25.68333339691162,44.5,8.55,0,0,0.0036561953560012832
56,1,13,3,1,4,34.97249984741211,54.6,20.0,0,0,0.09858104851344511
65,0,6,4,2,3,18.65333366394043,29.95,12.01,0,0,0.0038908365491752976
61,0,0,4,1,3,66.20999972025554,129.0,17.63,1,1,0.9670275156921052
54,1,12,4,1,1,49.9900016784668,49.99,49.99,0,0,0.000568131160165442
29,1,4,4,3,3,233.21249914169312,758.0,15.0,1,1,0.9985391168156117
35,0,13,4,1,2,88.74499988555908,162.5,14.99,1,1,0.9921050246823562
42,0,4,1,1,2,66.0,68.0,64.0,0,0,0.030195199609964467
59,0,13,4,1,1,42.0,42.0,42.0,0,0,2.581821871671985e-05
23,0,4,4,4,4,78.24749994277954,228.0,8.99,1,1,0.9993776021378692
63,1,4,2,2,3,54.576666514078774,108.75,24.99,0,1,0.5848959800311117
63,1,4,4,1,4,58.284998655319214,91.45,10.7,1,1,0.9533665167226921
51,0,4,4,1,1,12.0,12.0,12.0,0,0,2.5029540387088356e-05
31,1,8,4,1,1,16.600000381469727,16.6,16.6,0,0,3.2664699712926596e-06
64,1,3,4,1,3,48.29666646321615,87.95,21.95,0,1,0.6470542043131582
69,0,6,4,1,1,25.0,25.0,25.0,0,0,2.739300009085611e-05
22,0,13,4,3,3,97.62333265940349,154.0,13.88,1,1,0.9989203798940054
16,0,13,4,2,4,45.235000133514404,75.0,18.99,1,1,0.9575630536710904
37,1,13,2,1,4,80.4975004196167,140.0,39.99,1,1,0.9776853291345629
38,0,11,4,2,2,33.02000045776367,36.09,29.95,0,0,0.0008703873576373718
64,1,13,4,1,1,25.0,25.0,25.0,0,0,0.00019405161472835211
18,0,12,4,1,1,25.0,25.0,25.0,0,0,6.160052574650034e-05
45,0,13,4,1,2,45.295000076293945,50.46,40.13,0,0,0.007762475005244192
57,0,4,4,1,1,49.0,49.0,49.0,0,0,0.00022670707874946676
46,1,4,3,1,1,43.95000076293945,43.95,43.95,0,0,0.0002177207810726292
43,0,11,4,1,2,74.1349983215332,78.77,69.5,0,0,0.04804502377817159
20,1,4,4,1,1,25.0,25.0,25.0,0,0,3.2664699712926596e-06
41,0,13,3,1,1,15.0,15.0,15.0,0,0,1.968289985955307e-05
70,0,13,4,1,1,23.0,23.0,23.0,0,0,1.968289985955307e-05
52,1,12,3,1,1,32.0,32.0,32.0,0,0,2.6115158370912287e-05
59,0,11,2,4,5,42.32833385467529,79.0,12.99,1,1,0.9464283884975867
60,1,3,1,1,1,47.5,47.5,47.5,0,0,9.562253416654593e-05
68,0,4,2,1,1,24.639999389648438,24.64,24.64,0,0,1.968289985955307e-05
67,1,3,3,1,1,25.0,25.0,25.0,0,0,0.00025046553172730504
54,1,4,4,2,2,158.65666707356772,328.0,48.97,1,1,0.9995388091567712
32,1,4,3,3,3,30.736666997273762,39.5,14.99,0,0,0.032702306563201104
28,1,7,0,1,3,37.012500286102295,57.06,17.99,0,0,0.025393235418462078
24,1,6,4,3,5,45.04000094958714,129.88,2.95,1,1,0.9963483092804024
27,0,12,4,1,2,37.260000228881836,44.99,29.99,0,0,0.0008036800772521744
54,0,4,4,1,1,58.79999923706055,58.8,58.8,0,0,0.0009384036562122333
16,0,3,4,2,2,21.454999923706055,29.99,12.92,0,0,0.00047692316898914627
15,0,13,4,1,1,30.950000762939453,30.95,30.95,0,0,1.7207848250878683e-05
70,1,4,4,1,1,89.5,89.5,89.5,0,0,0.004218316077974033
12,0,12,4,2,3,67.82666714986165,148.5,14.99,1,1,0.987053260833616
24,0,8,4,1,2,33.49000072479248,54.99,11.99,0,0,0.0010759516710958088
45,1,12,0,4,5,23.76799964904785,30.89,5.99,0,0,0.06720930574660267
13,0,13,4,1,1,22.5,22.5,22.5,0,0,1.848739495798291e-05
59,0,4,4,1,1,11.949999809265137,11.95,11.95,0,0,2.5029540387088356e-05
67,0,4,4,2,2,79.96999740600586,89.99,69.95,0,0,0.1561740452294544
13,0,8,4,1,1,41.560001373291016,41.56,41.56,0,0,1.6745699394565072e-05
12,0,4,4,1,1,35.0,35.0,35.0,0,0,1.6745699394565072e-05
12,0,12,0,1,1,26.0,26.0,26.0,0,0,6.040502084493018e-05
23,0,0,4,1,2,71.49499988555908,125.0,17.99,0,0,0.17942016885589582
43,0,3,4,3,3,35.31666660308838,59.0,14.95,0,0,0.11391745706903895
48,0,4,1,2,5,64.28800010681152,165.0,25.5,1,1,0.9996823462990583
64,0,13,4,3,3,275.6666666666667,695.0,44.0,1,1,0.9996810284426602
12,1,4,4,1,3,44.78333353996277,69.0,2.99,0,0,0.4766890332999003
21,0,0,2,1,2,87.0,149.0,25.0,1,1,0.9361116884021676
20,0,10,4,1,1,59.0,59.0,59.0,0,0,0.00013805856894636752
43,0,6,4,1,1,119.06999969482422,119.07,119.07,0,0,0.004954021483141073
66,0,13,4,1,4,36.49250030517578,68.0,14.99,0,0,0.09612252572639739
20,1,12,4,2,2,35.30500030517578,45.61,25.0,0,0,0.0031811078363517924
65,0,4,4,2,1,31.18999989827474,47.07,21.5,0,0,0.002842102824296273
56,0,3,4,1,1,36.0,36.0,36.0,0,0,0.00043955331937662765
48,1,4,4,1,1,39.9900016784668,39.99,39.99,0,0,3.172741710970919e-05
45,0,6,4,2,2,23.494999885559082,30.99,16.0,0,0,0.0007675154437389175
50,1,3,4,1,1,36.0,36.0,36.0,0,0,9.181360217042095e-06
69,1,4,2,1,1,94.9800033569336,94.98,94.98,0,0,0.005117763338103459
54,0,4,3,1,1,44.0,44.0,44.0,0,0,0.0006112291224151628
21,1,10,4,1,2,45.44000053405762,56.0,34.88,0,0,0.011923829720762877
54,0,4,4,1,1,24.989999771118164,24.99,24.99,0,0,3.273964061839139e-05
53,1,4,4,4,4,62.85285677228655,98.0,27.5,1,1,0.9978352293826507
28,1,7,4,1,1,25.0,25.0,25.0,0,0,3.2664699712926596e-06
14,0,4,4,2,5,26.454000091552736,45.0,11.34,0,0,0.08303212948225415
30,1,13,4,1,1,179.0,179.0,179.0,1,1,1.0
36,1,6,4,1,1,328.0,328.0,328.0,1,1,1.0
26,1,4,3,1,2,81.83666674296062,139.0,17.51,1,0,0.18754862227054467
17,1,6,4,4,4,55.19199981689453,98.0,24.0,1,1,0.994561781637796
37,0,4,2,1,1,14.949999809265137,14.95,14.95,0,0,1.968289985955307e-05
47,0,6,3,1,1,34.97999954223633,34.98,34.98,0,0,0.00028190853447884273
31,0,3,3,2,2,77.83333396911621,127.51,7.99,1,0,0.22069973642345286
65,0,13,4,1,1,36.5,36.5,36.5,0,0,1.02311040648322e-05
67,0,4,3,4,7,51.49111111958822,158.0,6.99,1,1,0.9991700420629622
18,1,7,4,1,1,49.9900016784668,49.99,49.99,0,0,0.0002461289545287438
42,1,13,0,1,1,42.15999984741211,42.16,42.16,0,0,0.0007750380179052306
15,1,0,4,1,1,169.99000549316406,169.99,169.99,0,0,0.015812590831835154
48,1,4,4,1,1,14.239999771118164,14.24,14.24,0,0,8.38068749601134e-06
29,0,3,4,2,5,26.03499984741211,59.0,10.0,0,0,0.1102345290808109
50,1,10,4,1,4,65.98499917984009,139.95,14.99,1,1,0.9876260413992479
37,0,4,4,1,1,6.940000057220459,6.94,6.94,0,0,1.968289985955307e-05
15,0,3,4,1,1,110.0,110.0,110.0,0,0,0.0065404760497620095
60,1,4,4,2,3,65.66666666666667,121.0,21.0,1,1,0.9854890758541316
15,0,7,0,2,6,67.57166639963786,248.0,7.99,1,1,0.9986044954408733
43,0,7,4,2,3,101.98666699727376,195.0,29.99,1,1,0.9997794509757792
45,0,4,3,3,2,86.3000005086263,112.5,41.4,1,1,0.9759829911678872
22,0,7,4,1,1,10.270000457763672,10.27,10.27,0,0,1.968289985955307e-05
34,0,4,4,1,1,45.95000076293945,45.95,45.95,0,0,0.0002714216218234584
62,0,13,4,1,1,9.949999809265137,9.95,9.95,0,0,1.968289985955307e-05
58,0,3,4,1,1,41.9900016784668,41.99,41.99,0,0,8.01404340285155e-05
17,0,3,4,1,1,7.949999809265137,7.95,7.95,0,0,1.968289985955307e-05
32,0,3,4,1,4,33.51249957084656,89.99,9.95,0,0,0.23219991260532022
33,0,3,4,1,1,19.200000762939453,19.2,19.2,0,0,1.968289985955307e-05
47,1,4,2,4,4,57.61399955749512,100.0,18.62,1,1,0.9984606501688963
44,0,4,4,1,1,19.989999771118164,19.99,19.99,0,0,2.5029540387088356e-05
24,0,4,4,1,1,49.5,49.5,49.5,0,0,0.00025625814460729075
63,0,11,4,1,1,27.989999771118164,27.99,27.99,0,0,3.273964061839139e-05
34,0,4,4,1,2,26.59999990463257,41.0,12.2,0,0,0.0005074491122481668
46,1,4,3,2,4,31.09799995422363,59.5,15.0,0,0,0.1372701712588568
22,0,13,3,1,2,96.5,175.0,18.0,1,1,0.9903016427055431
20,0,10,4,1,2,31.99000072479248,36.99,26.99,0,0,0.000668270371672942
29,0,6,4,2,2,28.725000381469727,31.95,25.5,0,0,0.0006294114756102479
64,0,4,4,2,2,20.65999984741211,25.0,13.99,0,0,0.0006642619248739462
20,1,4,4,3,5,52.386000061035155,120.0,1.5,1,1,0.9114304686779979
13,1,4,4,2,2,40.99499988555908,60.0,21.99,0,0,0.011833030140433284
50,1,4,4,2,2,50.4950008392334,52.0,48.99,0,0,0.00990079985800375
22,1,13,3,1,1,325.0,325.0,325.0,1,1,1.0
36,1,3,4,1,2,46.5,69.0,24.0,0,0,0.02948115031508066
34,1,13,1,3,3,83.64999898274739,186.95,14.0,1,1,0.9987630330552452
66,1,12,4,4,5,32.375999450683594,68.38,8.0,0,1,0.7961929374516142
70,1,13,4,1,1,61.7400016784668,61.74,61.74,0,0,0.00046091800866176374
46,0,4,4,1,1,11.119999885559082,11.12,11.12,0,0,2.5029540387088356e-05
23,1,8,4,2,3,53.586666107177734,72.85,39.99,0,0,0.3624112886447204
70,0,4,4,2,2,11.494999885559082,12.99,10.0,0,0,0.0006768533868093271
48,0,4,0,1,1,9.65999984741211,9.66,9.66,0,0,2.5029540387088356e-05
62,1,4,4,1,1,21.649999618530273,21.65,21.65,0,0,0.00023428430195384227
26,0,13,2,1,2,40.0,40.0,40.0,0,0,0.001616533067863059
16,0,3,4,1,1,39.95000076293945,39.95,39.95,0,0,2.4917948482181724e-05
60,1,13,4,2,2,31.9950008392334,39.99,24.0,0,0,0.0010332006530656265
12,0,7,4,4,5,63.98666636149088,119.95,15.0,1,1,0.9995547204339467
36,0,4,2,1,1,14.119999885559082,14.12,14.12,0,0,1.968289985955307e-05
35,1,7,4,1,1,24.989999771118164,24.99,24.99,0,0,2.5314485649881535e-05
48,1,13,3,2,2,34.5,46.0,23.0,0,0,0.0069590263131764285
12,0,3,4,1,1,56.97999954223633,56.98,56.98,0,0,0.00024263947085014753
58,0,4,4,1,1,16.3799991607666,16.38,16.38,0,0,2.5029540387088356e-05
24,1,3,3,2,2,30.979999542236328,41.96,20.0,0,0,0.0004365254227687993
54,0,4,0,1,1,79.98999786376953,79.99,79.99,0,0,0.0014091318311619855
37,0,4,1,1,1,36.9900016784668,36.99,36.99,0,0,1.5069566505381985e-05
38,1,4,4,1,1,25.0,25.0,25.0,0,0,8.38068749601134e-06
44,0,6,4,1,1,25.950000762939453,25.95,25.95,0,0,6.694716627403562e-05
52,1,7,4,1,2,28.994999885559082,33.0,24.99,0,0,0.0004942230534193588
70,1,10,4,1,3,46.5566660563151,87.99,18.0,0,1,0.5363631867225236
43,1,3,4,1,2,75.75,99.5,52.0,0,0,0.13794446812156522
47,1,4,4,1,1,14.5,14.5,14.5,0,0,8.38068749601134e-06
47,0,3,4,1,2,17.675000190734863,19.6,15.75,0,0,0.0006091503061756991
61,0,13,4,1,1,142.99000549316406,142.99,142.99,0,0,0.0030160394522633833
52,1,4,4,2,4,90.46249961853027,193.95,19.95,1,1,0.9987148436310762
14,1,0,4,1,1,45.0,45.0,45.0,0,0,0.0002799819697970956
25,1,3,2,1,1,49.0,49.0,49.0,0,0,0.00026285484914964077
70,0,4,4,1,1,11.5,11.5,11.5,0,0,1.968289985955307e-05
28,0,12,4,1,1,99.0,99.0,99.0,0,0,0.009514282687444092
39,0,11,4,2,2,108.99499988555908,198.0,19.99,1,1,0.9974896219299658
50,1,13,2,1,1,23.989999771118164,23.99,23.99,0,0,4.5584755920151746e-05
52,1,3,4,1,1,16.0,16.0,16.0,0,0,8.38068749601134e-06
25,1,4,4,1,1,15.989999771118164,15.99,15.99,0,0,3.2664699712926596e-06
15,1,7,4,2,2,149.95000457763672,189.99,109.91,1,1,1.0
70,1,10,4,1,1,84.66000366210938,84.66,84.66,0,0,0.002003089823640194
48,1,13,4,2,3,33.31666692097982,45.0,16.95,0,0,0.009662795209973223
51,1,10,4,2,3,46.74749994277954,115.0,17.0,1,1,0.6809551618692998
34,0,4,4,1,1,78.75,78.75,78.75,0,0,0.0006767482359146226
45,1,4,3,2,5,90.47799987792969,199.0,18.0,1,1,0.999902958001465
18,0,6,4,1,1,23.0,23.0,23.0,0,0,1.968289985955307e-05
20,0,4,4,4,5,43.726666609446205,69.95,11.97,1,1,0.9846977286958396
22,0,13,4,1,1,9.760000228881836,9.76,9.76,0,0,1.968289985955307e-05
25,0,4,4,1,1,78.80999755859375,78.81,78.81,0,0,0.000578773056293459
14,0,4,4,1,1,17.200000762939453,17.2,17.2,0,0,1.848739495798291e-05
62,1,10,4,4,5,64.29600028991699,120.0,16.99,1,1,0.9986885672984945
18,1,3,3,1,1,59.5,59.5,59.5,0,0,0.00020027028015559832
31,1,12,4,1,1,85.0,85.0,85.0,0,0,0.0033697207714143028
60,0,6,4,4,4,13.397499680519104,23.05,4.68,0,0,0.0057166270648887525
37,1,4,4,1,1,2.950000047683716,2.95,2.95,0,0,8.38068749601134e-06
51,0,4,4,1,1,20.299999237060547,20.3,20.3,0,0,2.5029540387088356e-05
14,1,3,4,1,1,49.95000076293945,49.95,49.95,0,0,0.00031707196943426245
16,1,3,4,3,7,62.38999966212681,198.5,19.99,1,1,0.9996558120538107
30,1,3,4,1,1,54.0,54.0,54.0,0,0,0.0004218595201865064
22,1,3,4,1,1,49.5,49.5,49.5,0,0,0.0002263895687817358
68,0,11,4,2,4,236.04200115203858,903.0,7.95,1,1,0.999843475770964
49,1,13,4,1,2,26.464999675750732,37.98,14.95,0,0,0.001377565204656298
62,1,7,2,1,1,9.989999771118164,9.99,9.99,0,0,0.00015478162148644398
39,0,4,4,2,2,45.79999923706055,66.6,25.0,0,0,0.022702126361430736
68,0,13,4,1,1,9.039999961853027,9.04,9.04,0,0,1.968289985955307e-05
15,1,4,3,1,2,37.49499988555908,55.0,19.99,0,0,0.0023027045859052115
60,1,13,4,3,3,31.310000737508137,59.99,15.99,0,0,0.09976668635934649
54,1,6,4,1,1,55.0,55.0,55.0,0,0,0.0006418612491120955
29,0,13,4,2,3,20.583333015441895,38.12,9.64,0,0,0.0005122228805271012
45,1,4,2,1,2,102.36499786376953,154.73,50.0,1,1,0.9991481153970468
34,1,13,4,1,1,20.989999771118164,20.99,20.99,0,0,4.840324911832688e-05
46,1,4,1,1,2,30.755000114440918,49.0,12.51,0,0,0.0020443207988879086
38,0,4,4,1,2,46.49499988555908,80.0,12.99,0,0,0.04780544571646319
53,0,4,4,1,1,168.97999572753906,168.98,168.98,0,0,0.005601122012024922
40,1,4,4,1,1,69.98999786376953,69.99,69.99,0,0,0.0004992569965879389
54,0,3,4,2,2,50.49499988555908,79.0,21.99,0,0,0.05658069289402914
33,1,13,4,1,2,64.5,69.5,59.5,0,0,0.04563660404054978
69,0,4,0,1,1,62.0,62.0,62.0,0,0,0.000252645352867527
48,0,10,4,1,1,8.989999771118164,8.99,8.99,0,0,2.5029540387088356e-05
68,1,4,0,1,1,64.98999786376953,64.99,64.99,0,0,0.0017228468494582814
29,1,4,4,1,1,149.0,149.0,149.0,0,0,0.005651545904829754
55,1,4,4,1,1,69.94999694824219,69.95,69.95,0,0,0.00045402389862319556
21,0,13,0,2,2,51.71000003814697,90.0,13.42,0,0,0.07569800809148029
13,1,4,3,1,1,70.0,70.0,70.0,0,0,0.0014148781653275954
56,1,3,3,1,1,27.950000762939453,27.95,27.95,0,0,8.38068749601134e-06
44,1,13,4,3,3,36.38000043233236,59.5,14.99,0,0,0.16199301362897572
40,1,4,4,1,1,24.979999542236328,24.98,24.98,0,0,8.38068749601134e-06
66,0,13,0,1,1,34.9900016784668,34.99,34.99,0,0,7.359466274078951e-06
15,1,13,1,1,3,36.9375,65.0,12.0,0,0,0.040312595055221646
32,0,13,4,2,3,61.243334452311196,76.73,46.0,1,1,0.9484329044099582
45,0,13,2,1,1,34.9900016784668,34.99,34.99,0,0,0.0002659801559292512
59,0,4,4,1,2,123.97499990463257,238.0,9.95,1,1,0.9920889634150138
56,1,3,3,1,1,171.9499969482422,171.95,171.95,1,1,1.0
31,0,13,4,1,1,18.149999618530273,18.15,18.15,0,0,1.968289985955307e-05
33,0,13,4,1,1,70.0,70.0,70.0,0,0,0.000542615086939053
70,1,13,4,1,1,35.529998779296875,35.53,35.53,0,0,0.0001948522874493829
67,0,13,4,1,1,14.0,14.0,14.0,0,0,1.968289985955307e-05
19,1,10,4,1,1,159.9499969482422,159.95,159.95,0,0,0.003733456257161028
46,0,4,4,1,1,17.950000762939453,17.95,17.95,0,0,2.5029540387088356e-05
65,1,4,3,2,5,44.911666552225746,89.5,13.99,1,1,0.9534357062565668
66,0,13,4,2,3,78.33333333333333,140.0,36.0,1,1,0.9924926640734516
49,0,4,2,1,1,99.98999786376953,99.99,99.99,0,0,0.0062543090164353795
55,1,4,1,1,1,19.219999313354492,19.22,19.22,0,0,3.2664699712926596e-06
48,1,4,4,3,3,62.97333272298177,129.17,9.75,1,1,0.9804581804637355
37,0,4,4,1,1,52.79999923706055,52.8,52.8,0,0,0.0003893227982961402
12,0,6,4,1,3,45.72999986012777,98.0,9.19,0,1,0.6200161960150166
62,1,3,4,1,1,12.949999809265137,12.95,12.95,0,0,0.00023428430195384227
61,0,13,4,2,6,43.698333422342934,72.0,17.28,1,1,0.9538370009713373
18,1,4,1,2,2,41.4950008392334,49.99,33.0,0,0,0.005271696708266783
68,1,3,3,2,3,55.48333326975504,84.5,12.95,0,0,0.4084684003631442
39,1,4,4,2,2,36.17500114440918,54.4,17.95,0,0,0.004276159921852976
36,0,12,4,1,2,82.97000122070312,135.94,30.0,0,0,0.2627354198692807
27,1,13,4,1,1,25.0,25.0,25.0,0,0,2.6355233439738017e-05
44,1,2,4,2,3,102.97999954223633,204.95,34.99,1,1,0.9994917985814243
17,0,4,1,1,1,22.0,22.0,22.0,0,0,1.968289985955307e-05
49,1,11,4,1,2,62.5,70.0,55.0,0,0,0.051201733470784314
52,0,3,4,2,3,36.653334299723305,58.97,18.0,0,0,0.07956911406438814
63,1,13,4,2,5,41.79800033569336,59.0,25.0,1,1,0.8989699665502403
62,1,11,4,3,3,105.0,198.0,55.0,1,1,0.9998934875768651
26,1,13,2,1,2,129.99500274658203,209.99,50.0,1,1,0.999966444707851
19,0,11,4,1,1,10.989999771118164,10.99,10.99,0,0,0.00010411066721414975
46,0,4,4,1,1,46.0,46.0,46.0,0,0,0.0002767682623509937
59,0,4,4,1,2,59.01500129699707,65.44,52.59,0,0,0.04535780559547833
40,1,12,4,2,3,49.63999938964844,69.95,25.0,0,0,0.4223926165588733
63,0,4,4,2,2,21.18499994277954,34.0,8.37,0,0,0.00048758046362437207
37,1,7,2,1,1,19.989999771118164,19.99,19.99,0,0,2.5314485649881535e-05
65,1,8,4,1,3,112.21999979019165,180.0,17.88,1,1,0.9997252989355023
33,0,4,4,1,1,3.799999952316284,3.8,3.8,0,0,1.968289985955307e-05
17,0,3,4,2,2,44.474998474121094,64.95,24.0,0,0,0.02515241599477705
13,1,4,4,1,1,34.29999923706055,34.3,34.3,0,0,5.884178704448459e-05
15,0,12,4,1,2,54.49499988555908,82.0,26.99,0,0,0.059627304138457224
16,0,4,4,1,1,7.130000114440918,7.13,7.13,0,0,1.968289985955307e-05
69,0,13,3,1,1,27.950000762939453,27.95,27.95,0,0,1.968289985955307e-05
20,0,4,4,1,1,92.0,92.0,92.0,0,0,0.0044254111796036425
62,1,13,4,1,2,102.5,135.0,70.0,1,1,0.9898272201962781
15,0,7,4,1,2,121.25,137.5,105.0,1,1,0.9985467692980562
44,0,10,4,1,2,25.475000381469727,29.0,21.95,0,0,0.0007578405772261224
30,0,4,4,1,1,23.989999771118164,23.99,23.99,0,0,5.3890425515197304e-05
51,0,3,4,2,5,120.03799972534179,366.0,39.99,1,1,0.999948810775177
56,0,13,2,2,4,75.875,158.0,22.5,1,1,0.9983614093923876
61,0,13,3,2,1,17.25,25.5,9.0,0,0,0.0003779437089983156
32,1,13,3,2,3,28.483333587646484,37.5,17.95,0,0,0.003189489209005202
12,0,10,4,1,2,59.67499923706055,64.35,55.0,0,0,0.04121805420371599
20,0,8,4,1,1,28.0,28.0,28.0,0,0,2.739300009085611e-05
51,0,12,4,1,3,41.18999926249186,68.96,21.99,0,0,0.06516151092918851
22,1,11,4,1,1,14.720000267028809,14.72,14.72,0,0,3.2664699712926596e-06
44,1,13,4,1,1,59.9900016784668,59.99,59.99,0,0,0.0006860058059947241
28,0,11,4,1,1,40.0,40.0,40.0,0,0,3.352831894802289e-05
44,1,10,4,2,4,103.396000289917,178.0,9.99,1,1,0.9988573202164612
27,1,12,4,1,1,62.9900016784668,62.99,62.99,0,0,0.0007419169289595469
63,1,4,4,2,2,62.494998931884766,99.99,25.0,0,0,0.265786475947277
65,1,13,4,1,1,92.94999694824219,92.95,92.95,0,0,0.0056040997560580395
26,0,4,4,1,1,79.51000213623047,79.51,79.51,0,0,0.0005618334741364855
68,0,6,4,1,1,28.899999618530273,28.9,28.9,0,0,3.355696146336489e-05
12,1,13,4,1,1,26.450000762939453,26.45,26.45,0,0,2.0709650697224966e-06
22,1,3,3,1,1,32.45000076293945,32.45,32.45,0,0,1.1043886878369898e-05
28,0,4,4,1,1,44.119998931884766,44.12,44.12,0,0,0.0002714216218234584
67,1,3,4,4,4,46.75,98.0,15.0,1,1,0.9943324623232936
27,1,13,3,1,1,17.639999389648438,17.64,17.64,0,0,2.3536740241562884e-05
53,0,13,4,3,4,37.359999656677246,63.98,19.0,0,1,0.6497322923926394
32,1,11,4,2,2,132.74749946594238,158.0,99.0,1,1,0.9997096994535519
66,1,12,3,1,1,37.18000030517578,37.18,37.18,0,0,0.00017872246622171697
63,0,4,4,2,2,9.739999771118164,12.99,6.49,0,0,0.00048377528858632024
43,0,4,3,2,2,49.99499988555908,80.0,19.99,0,0,0.04919323242663074
70,1,13,2,1,1,59.9900016784668,59.99,59.99,0,0,0.0008187569869439687
25,0,4,3,1,3,52.07333183288574,99.95,19.99,0,1,0.6286793157732912
26,0,13,4,1,1,28.989999771118164,28.99,28.99,0,0,2.584686123206186e-05
57,1,4,4,3,4,37.36749982833862,84.0,13.99,0,1,0.7195128454715817
19,1,3,0,2,2,48.95000076293945,54.95,42.95,0,0,0.019933321406074907
52,1,13,4,1,1,11.989999771118164,11.99,11.99,0,0,4.840324911832688e-05
42,0,6,0,1,2,43.2450008392334,46.99,39.5,0,0,0.018065838588259126
32,1,4,4,1,1,89.98999786376953,89.99,89.99,0,0,0.003699151086086295
28,1,4,3,1,1,62.84000015258789,62.84,62.84,0,0,0.002525980886576022
17,1,6,4,1,1,50.0,50.0,50.0,0,0,0.00019626471948711976
17,0,10,2,1,3,69.33000055948894,149.0,24.0,1,1,0.9948953609607049
45,0,4,4,1,1,71.4000015258789,71.4,71.4,0,0,0.000588485375601038
45,1,13,4,1,1,21.989999771118164,21.99,21.99,0,0,4.840324911832688e-05
69,0,13,0,2,2,36.730000495910645,49.47,23.99,0,0,0.013194812152219173
40,0,3,3,1,1,36.0,36.0,36.0,0,0,2.3287844823670516e-05
21,1,4,4,3,5,55.225000063578285,169.0,6.49,1,1,0.9980571230682491
40,1,4,4,1,2,32.489999771118164,44.5,20.48,0,0,0.0006215286017922304
35,1,3,4,3,4,58.09600067138672,103.5,25.0,1,1,0.9984730949535974
15,1,3,4,1,2,83.3499984741211,100.2,66.5,0,0,0.1573573733410312
54,1,11,4,4,4,34.24500036239624,47.99,23.99,0,0,0.3064426120299288
39,0,12,4,2,2,31.47000026702881,34.45,28.49,0,0,0.0008302810025953547
49,0,12,4,1,1,20.989999771118164,20.99,20.99,0,0,2.5029540387088356e-05
23,1,13,4,2,2,65.77000172932942,169.99,11.37,1,1,0.8412696653708818
57,1,3,4,1,1,29.989999771118164,29.99,29.99,0,0,6.309722426288844e-06
35,1,4,2,1,3,39.263333320617676,80.0,12.8,0,0,0.06548250503183296
63,0,11,4,1,1,35.9900016784668,35.99,35.99,0,0,2.3287844823670516e-05
28,1,4,4,1,1,272.0,272.0,272.0,1,1,1.0
32,1,10,4,1,2,42.380001068115234,47.99,37.2,0,0,0.000979710139720055
53,0,4,4,1,2,57.49499988555908,110.0,4.99,0,0,0.31392387704826613
48,1,8,4,1,1,17.65999984741211,17.66,17.66,0,0,2.5314485649881535e-05
51,1,4,4,1,1,42.0,42.0,42.0,0,0,3.172741710970919e-05
12,1,6,4,1,2,46.96500015258789,49.03,44.9,0,0,0.0082480719650988
37,1,3,3,1,1,71.98999786376953,71.99,71.99,0,0,0.0002989402348954869
21,0,13,4,2,3,44.97666613260905,78.0,6.99,0,0,0.46703561070093613
51,1,3,4,1,2,52.494998931884766,76.99,28.0,0,0,0.03870239245428954
55,1,4,4,1,2,94.97500038146973,159.5,30.45,1,1,0.9985532381354669
43,0,4,0,2,3,36.15999984741211,39.5,34.0,0,0,0.0159985382794837
48,0,11,2,1,3,34.625,40.0,28.5,0,0,0.006426886922245958
68,1,4,3,3,3,66.99499988555908,149.5,22.0,1,1,0.9992882142709553
30,0,4,4,1,2,7.484999656677246,8.98,5.99,0,0,0.0005657557384523511
43,0,4,4,2,2,83.5,109.0,58.0,0,0,0.1818711186848302
13,0,3,3,1,3,32.170000076293945,65.0,12.9,0,0,0.02737751979598684
47,0,3,4,1,1,83.18000030517578,83.18,83.18,0,0,0.001600169715767304
13,0,13,4,1,3,120.68999608357747,277.08,36.99,1,1,0.9995164721885965
37,1,9,3,1,1,25.0,25.0,25.0,0,0,2.5314485649881535e-05
47,1,4,4,1,1,52.130001068115234,52.13,52.13,0,0,0.0006449034160922553
32,0,10,4,1,1,10.0,10.0,10.0,0,0,1.968289985955307e-05
25,1,4,1,1,1,22.0,22.0,22.0,0,0,3.2664699712926596e-06
14,1,4,4,1,1,10.0,10.0,10.0,0,0,2.0709650697224966e-06
32,1,3,2,1,1,40.0,40.0,40.0,0,0,0.00020295964194754447
52,0,10,4,2,3,30.856666564941406,43.79,18.8,0,0,0.0034795325085598366
43,0,3,4,1,2,104.79500198364258,126.23,83.36,1,1,0.9839996522954606
49,0,4,4,1,1,38.5,38.5,38.5,0,0,2.3287844823670516e-05
20,0,13,3,1,1,20.0,20.0,20.0,0,0,1.968289985955307e-05
13,1,13,4,1,1,28.0,28.0,28.0,0,0,2.0709650697224966e-06
37,0,3,0,3,4,29.235000133514404,44.0,16.95,0,0,0.09004842888940212
68,0,7,4,2,2,26.704999446868896,37.46,15.95,0,0,0.001120386524818716
32,0,6,4,2,2,66.5,105.0,28.0,0,0,0.26096133532169563
36,0,3,4,1,1,11.5,11.5,11.5,0,0,1.968289985955307e-05
66,1,4,4,1,2,60.95000076293945,62.0,59.9,0,0,0.036356958258365484
57,0,4,4,1,1,12.5600004196167,12.56,12.56,0,0,2.5029540387088356e-05
50,0,4,4,1,1,22.989999771118164,22.99,22.99,0,0,2.5029540387088356e-05
50,1,4,0,1,1,14.989999771118164,14.99,14.99,0,0,3.2664699712926596e-06
67,1,7,1,1,2,32.88000011444092,35.77,29.99,0,0,0.0004838077459795165
48,0,3,0,1,1,16.979999542236328,16.98,16.98,0,0,2.5029540387088356e-05
47,1,11,4,1,2,40.1850004196167,55.38,24.99,0,0,0.0018421222734491818
52,0,13,3,4,6,44.46000003814697,94.0,19.82,1,1,0.9963941199815562
66,0,3,4,1,3,39.235000133514404,62.0,22.99,0,0,0.05433175048788124
34,0,4,4,2,2,15.489999771118164,23.99,6.99,0,0,0.00043130098213249016
38,0,6,4,1,2,51.48500061035156,59.99,42.98,0,0,0.009106286566018269
14,0,12,0,3,4,56.67399997711182,176.0,9.39,1,1,0.9742665221596166
15,0,6,0,2,3,66.67999903361003,119.99,31.05,1,1,0.9663247373135772
45,0,3,0,1,1,62.0,62.0,62.0,0,0,0.00023030781808806863
66,1,4,4,1,2,93.80000019073486,168.0,19.6,1,1,0.9991580924118857
61,0,4,1,1,1,121.0,121.0,121.0,0,0,0.009141572945238166
42,1,4,4,2,2,38.970001220703125,57.99,19.95,0,0,0.005232274303739405
24,0,4,4,1,1,25.0,25.0,25.0,0,0,6.160052574650034e-05
62,0,8,4,1,1,98.0,98.0,98.0,0,0,0.004566959612407871
25,0,13,4,3,4,36.637500405311584,59.0,7.56,0,1,0.5847981578091249
26,0,4,4,1,1,49.9900016784668,49.99,49.99,0,0,0.00026364228193616763
30,0,13,4,1,1,42.95000076293945,42.95,42.95,0,0,0.00013846154057379933
27,0,4,4,1,1,16.0,16.0,16.0,0,0,1.968289985955307e-05
67,0,6,4,3,3,66.73200035095215,169.0,19.99,1,1,0.998828453418851
32,0,10,4,1,1,95.79000091552734,95.79,95.79,0,0,0.005184685616693514
24,1,4,4,1,1,59.5,59.5,59.5,0,0,0.000534106008550327
16,1,3,4,1,1,59.9900016784668,59.99,59.99,0,0,0.0002441896916362266
40,0,8,4,1,1,39.9900016784668,39.99,39.99,0,0,3.887495947555817e-05
34,1,13,4,1,1,25.0,25.0,25.0,0,0,4.840324911832688e-05
53,0,3,4,1,1,25.0,25.0,25.0,0,0,3.273964061839139e-05
48,0,8,2,1,4,74.77000045776367,176.0,11.68,1,1,0.9979952931389381
65,0,8,4,1,2,113.25,128.5,98.0,1,1,0.9816973780595495
54,0,7,4,1,2,85.5,118.0,53.0,1,1,0.9603682630544209
43,0,4,4,1,1,16.0,16.0,16.0,0,0,2.5029540387088356e-05
27,0,11,2,1,1,60.0,60.0,60.0,0,0,0.00011211920904039524
58,0,0,4,1,1,59.0,59.0,59.0,0,0,0.0004366783225948269
61,0,13,4,3,6,65.76166693369548,138.0,11.57,1,1,0.9992449656595517
50,1,2,2,3,3,29.986666997273762,59.95,12.01,0,0,0.06098048377395179
57,0,3,4,1,2,30.40000009536743,52.0,8.8,0,0,0.0005201461519140885
13,0,13,4,1,3,58.61999988555908,148.0,15.5,1,1,0.9933140476345672
63,0,13,4,1,1,23.989999771118164,23.99,23.99,0,0,1.968289985955307e-05
24,1,4,4,1,1,69.98999786376953,69.99,69.99,0,0,0.0007901273551045075
14,0,3,4,1,1,17.989999771118164,17.99,17.99,0,0,1.848739495798291e-05
68,1,6,4,1,1,45.0,45.0,45.0,0,0,0.00044974246750722704
27,0,3,4,1,2,93.375,138.75,48.0,1,1,0.9913707088704662
15,1,13,3,1,1,42.0,42.0,42.0,0,0,0.00044657425769057784
26,1,12,3,1,1,69.0,69.0,69.0,0,0,0.0006423880697516991
29,0,4,0,2,2,177.5,198.0,162.5,1,1,0.99998738170347
31,0,3,4,1,1,46.0,46.0,46.0,0,0,0.00024198677096003631
39,0,7,4,2,3,59.66000111897787,99.0,39.99,1,1,0.9764769305728243
29,0,7,4,1,2,35.989999771118164,48.0,24.99,0,0,0.0009480919066574183
19,1,10,4,1,1,11.989999771118164,11.99,11.99,0,0,8.769423732588935e-05
30,1,6,4,4,4,75.35750007629395,189.0,9.43,1,1,0.9993908978489491
34,1,4,4,1,2,37.75,49.5,26.0,0,0,0.0005796495365854372
50,1,13,4,2,2,47.494998931884766,69.99,25.0,0,0,0.03304898011187116
51,0,4,4,3,3,42.68666648864746,57.2,18.99,0,0,0.33532487160000657
60,1,13,3,2,3,57.112499952316284,98.0,5.95,1,1,0.9501891772795434
45,0,13,4,2,2,18.97499990463257,24.0,13.95,0,0,0.00044988917737983736
49,0,4,3,1,1,59.970001220703125,59.97,59.97,0,0,0.0003854162399583875
61,0,13,4,1,1,36.9900016784668,36.99,36.99,0,0,1.02311040648322e-05
45,1,7,3,1,2,35.9950008392334,49.99,22.0,0,0,0.002277956662324038
56,1,10,3,1,1,59.95000076293945,59.95,59.95,0,0,9.773794372731742e-05
62,1,3,1,1,1,15.989999771118164,15.99,15.99,0,0,3.2664699712926596e-06
16,1,4,4,2,4,40.260000228881836,45.95,29.5,0,0,0.40296079828953624
57,1,6,4,2,2,67.30999946594238,88.0,46.62,0,0,0.24561527429887475
27,1,11,4,1,2,44.59000015258789,55.0,34.18,0,0,0.01229027675414928
44,1,13,1,1,2,128.5,198.0,59.0,1,1,0.9998764679276653
65,0,4,4,2,2,34.484999656677246,42.0,26.97,0,0,0.0029001639342556384
51,0,4,4,2,3,109.93666458129883,202.4,39.41,1,1,0.999311208197191
49,0,13,3,3,3,50.11500024795532,133.5,8.99,1,1,0.7652363369589186
61,0,4,4,1,1,10.0,10.0,10.0,0,0,2.5029540387088356e-05
20,0,4,4,1,1,24.1200008392334,24.12,24.12,0,0,5.3890425515197304e-05
54,0,4,4,4,7,38.94249987602234,87.5,14.4,1,1,0.9809916913020493
70,0,3,4,2,4,17.965999794006347,31.71,9.27,0,0,0.01221298905957345
45,0,8,4,1,3,76.66333325703938,109.0,12.99,1,1,0.9225778614706868
33,1,13,3,1,1,45.0,45.0,45.0,0,0,0.00015555718915350012
66,1,3,1,2,6,57.65500036875407,198.0,5.99,1,1,0.9883691666285234
55,1,10,4,2,3,44.380001068115234,48.65,39.5,0,0,0.1184573124211534
40,0,4,4,1,1,12.899999618530273,12.9,12.9,0,0,2.5029540387088356e-05
47,0,4,4,1,1,25.0,25.0,25.0,0,0,6.694716627403562e-05
25,0,4,4,1,1,9.039999961853027,9.04,9.04,0,0,1.968289985955307e-05
50,0,6,4,1,1,24.989999771118164,24.99,24.99,0,0,6.694716627403562e-05
57,0,7,1,1,2,43.25,65.0,21.5,0,0,0.06375492687200845
44,1,3,4,2,5,108.65500084559123,199.99,11.99,1,1,0.9998591943253161
50,1,8,0,3,2,137.31333033243814,259.99,61.95,1,1,0.9999068387117116
64,1,12,4,3,3,33.808000564575195,50.0,16.97,0,0,0.05623508874816545
12,0,4,4,2,3,50.951667149861656,88.0,12.0,1,1,0.5377137509317118
58,1,4,4,1,1,296.45001220703125,296.45,296.45,1,1,1.0
30,0,13,4,1,1,72.0,72.0,72.0,0,0,0.0005371386356794693
47,1,4,4,1,1,15.949999809265137,15.95,15.95,0,0,8.38068749601134e-06
56,0,10,3,1,3,61.44749927520752,146.0,15.9,1,1,0.9916217683038668
18,0,4,3,1,2,73.07666905721028,129.74,39.99,1,0,0.2870121923166338
26,1,7,4,2,2,42.333333333333336,88.0,14.0,0,0,0.1345797977440855
52,1,3,4,1,1,32.9900016784668,32.99,32.99,0,0,9.181360217042095e-06
41,1,0,2,1,1,46.5,46.5,46.5,0,0,0.00016038133567276532
26,1,13,4,1,2,87.5,110.0,65.0,1,1,0.962483711549937
33,0,6,0,2,2,24.640000820159912,34.99,14.29,0,0,0.001548711484503431
29,1,6,4,2,3,241.66666666666666,598.0,58.0,1,1,0.9999866488651535
19,0,3,4,3,6,66.65500005086263,198.0,7.99,1,1,0.9999092163702769
19,1,13,4,1,1,41.7400016784668,41.74,41.74,0,0,0.0005540907885136199
64,0,13,4,1,1,57.9900016784668,57.99,57.99,0,0,0.000883218916783363
37,1,10,4,1,2,73.48999977111816,99.99,46.99,0,0,0.13620249004544366
36,1,4,0,2,2,119.5,215.0,24.0,1,1,0.9989543214185241
53,0,4,3,2,3,49.9975004196167,58.0,42.0,1,0,0.16247301085977522
53,0,13,4,1,1,72.0,72.0,72.0,0,0,0.0006093697753263395
31,0,13,4,1,1,24.989999771118164,24.99,24.99,0,0,5.3890425515197304e-05
60,0,6,3,1,1,22.989999771118164,22.99,22.99,0,0,2.5029540387088356e-05
15,0,3,4,1,1,9.600000381469727,9.6,9.6,0,0,1.968289985955307e-05
26,1,10,2,2,2,42.204999923706055,44.42,39.99,0,0,0.0023273131284653257
69,0,4,4,2,5,57.95400123596191,107.16,19.99,1,1,0.9812840844898786
21,0,13,4,3,4,56.110000419616696,168.0,12.97,1,1,0.998390619728236
16,0,0,4,3,3,34.04333305358887,65.14,15.0,0,0,0.15934071413320086
27,0,0,4,1,1,24.989999771118164,24.99,24.99,0,0,5.3890425515197304e-05
15,0,4,4,1,2,35.33000055948893,36.0,34.99,0,0,0.0009242864733076114
47,0,7,2,1,1,19.989999771118164,19.99,19.99,0,0,2.5029540387088356e-05
44,0,13,3,1,1,25.0,25.0,25.0,0,0,5.3890425515197304e-05
42,1,13,4,1,1,12.300000190734863,12.3,12.3,0,0,4.840324911832688e-05
20,1,11,4,1,3,88.24333318074544,149.0,35.74,1,1,0.9986542161873466
32,0,4,4,3,4,61.810001373291016,147.13,19.0,1,1,0.9999260768232542
27,1,6,4,1,2,53.99499988555908,88.0,19.99,0,0,0.11176411732314387
59,1,13,4,4,4,56.566000366210936,69.0,39.99,1,1,0.9828554434211292
69,0,4,4,2,2,24.994999885559082,40.0,9.99,0,0,0.0006768533868093271
51,1,3,3,1,1,185.85000610351562,185.85,185.85,1,1,1.0
13,0,3,4,1,1,59.5,59.5,59.5,0,0,0.0002342398814066785
26,0,4,2,2,2,67.51500034332275,111.36,23.67,0,0,0.21592896631111144
19,1,8,4,1,2,150.53999996185303,285.0,16.08,1,1,0.9974644497074671
41,1,4,4,1,2,100.58000183105469,166.16,35.0,1,1,0.9996768127799663
69,1,4,4,1,1,79.98999786376953,79.99,79.99,0,0,0.0008342787605017631
21,1,13,4,1,1,39.9900016784668,39.99,39.99,0,0,4.109159258759469e-05
36,1,4,3,1,3,79.66666666666667,149.0,25.0,1,1,0.993387244288839
23,0,13,4,1,1,19.989999771118164,19.99,19.99,0,0,1.968289985955307e-05
68,1,4,4,1,1,37.5,37.5,37.5,0,0,7.358700678424164e-05
70,0,4,4,1,1,25.0,25.0,25.0,0,0,2.739300009085611e-05
18,0,13,4,1,1,35.900001525878906,35.9,35.9,0,0,1.7207848250878683e-05
65,0,13,4,1,1,48.0,48.0,48.0,0,0,0.00014208899691770544
27,1,4,4,1,3,25.857500076293945,52.0,10.43,0,0,0.0021137824828035092
30,0,4,4,1,2,25.55999994277954,39.98,11.14,0,0,0.0005695609134904029
17,0,4,4,1,2,35.95500087738037,39.99,31.92,0,0,0.0019929735155883657
58,0,4,4,3,6,118.5483341217041,250.0,38.0,1,1,0.9999968982630273
36,1,4,2,1,1,48.0,48.0,48.0,0,0,0.00015879072632281763
51,0,10,4,1,1,44.0,44.0,44.0,0,0,0.00020520692127807064
69,0,6,3,1,1,25.0,25.0,25.0,0,0,2.739300009085611e-05
48,0,3,4,2,4,23.99500036239624,39.99,13.5,0,0,0.0049843493469707905
69,0,11,3,1,1,42.95000076293945,42.95,42.95,0,0,9.732259583211791e-05
48,1,4,4,1,1,101.5,101.5,101.5,0,0,0.010715159800336736
49,1,8,4,3,3,66.95999956130981,99.99,29.9,1,1,0.991243067860842
54,0,6,4,1,2,19.96999979019165,28.8,11.14,0,0,0.0011452512382318213
51,0,4,4,1,1,40.0,40.0,40.0,0,0,3.887495947555817e-05
59,0,11,1,1,1,19.989999771118164,19.99,19.99,0,0,2.5029540387088356e-05
38,0,4,4,4,6,70.74499956766765,189.0,12.99,1,1,0.9999929241611508
37,1,4,4,2,1,49.954999923706055,75.0,24.91,0,0,0.04305964349101286
39,0,4,4,1,1,32.95000076293945,32.95,32.95,0,0,1.7941204296135235e-05
48,1,3,3,1,1,39.0,39.0,39.0,0,0,1.614030245782154e-05
66,0,13,4,1,1,11.039999961853027,11.04,11.04,0,0,1.968289985955307e-05
64,0,3,1,1,3,18.30999994277954,32.0,6.94,0,0,0.00578990669666423
42,1,4,4,1,2,53.97500038146973,58.0,49.95,0,0,0.006584478506203353
24,0,11,4,1,1,29.989999771118164,29.99,29.99,0,0,2.204631069142847e-05
63,1,7,0,2,2,46.73500061035156,56.0,37.47,0,0,0.03577514180018004
29,1,4,3,1,1,14.949999809265137,14.95,14.95,0,0,3.2664699712926596e-06
65,0,4,4,1,4,65.21500158309937,164.99,22.02,1,1,0.9976939748963859
38,1,13,3,2,3,78.47999954223633,108.95,46.99,1,1,0.9649026749705161
12,0,3,4,1,1,44.0,44.0,44.0,0,0,9.516354652807372e-05
40,0,13,3,1,2,91.4950008392334,140.0,42.99,1,1,0.9919873418825476
37,1,3,4,1,1,99.0,99.0,99.0,0,0,0.005686329112609124
35,0,10,4,3,3,36.9950008392334,50.0,8.0,0,0,0.06564380900668368
12,1,11,4,1,2,47.220001220703125,49.99,44.45,0,0,0.008922082934311733
48,1,7,4,1,1,35.77000045776367,35.77,35.77,0,0,2.6115158370912287e-05
43,1,3,4,1,1,15.0,15.0,15.0,0,0,8.38068749601134e-06
21,0,4,4,3,4,43.09249925613403,69.99,14.98,1,1,0.9451652442956019
13,1,10,3,1,1,34.0,34.0,34.0,0,0,2.87163779075325e-06
43,0,13,4,1,3,49.66666571299235,80.95,14.05,0,1,0.5171541723773881
16,0,8,3,3,3,49.96666685740153,98.0,11.95,0,1,0.5799727086109909
63,0,4,4,1,1,29.0,29.0,29.0,0,0,6.223175129105567e-05
18,0,13,4,1,1,112.0,112.0,112.0,0,0,0.011947005516747197
30,0,4,4,1,1,160.0,160.0,160.0,0,0,0.007828338636486541
54,0,3,4,1,2,35.010000228881836,49.0,21.02,0,0,0.007920878707750734
59,1,13,3,1,1,279.989990234375,279.99,279.99,1,1,1.0
35,0,10,4,1,1,94.94999694824219,94.95,94.95,0,0,0.0035000693417329017
64,1,4,4,1,2,55.9950008392334,59.99,52.0,0,0,0.01155106824504864
43,0,13,4,1,4,35.292500495910645,43.2,25.0,0,0,0.036164198511143955
19,0,13,4,1,1,127.51000213623047,127.51,127.51,0,0,0.006884798427846884
46,0,4,4,1,3,67.8725004196167,124.5,34.0,1,1,0.9753135145031336
66,1,4,4,1,1,180.0,180.0,180.0,1,1,1.0
34,1,3,4,1,1,99.98999786376953,99.99,99.99,0,0,0.006266182938093605
59,1,4,4,4,5,43.230000813802086,81.9,9.85,1,1,0.9923564461762959
18,1,13,4,4,5,50.39199981689453,82.95,19.21,1,1,0.9769469600087171
50,0,4,0,1,1,39.9900016784668,39.99,39.99,0,0,2.041620703291727e-05
61,1,4,3,1,2,36.0,65.0,7.0,0,0,0.017238631370270804
68,1,4,3,1,1,33.5,33.5,33.5,0,0,2.536258999050489e-05
55,0,10,3,1,1,39.33000183105469,39.33,39.33,0,0,2.3287844823670516e-05
52,1,12,4,1,1,25.0,25.0,25.0,0,0,6.596489215394662e-05
66,1,4,4,2,3,151.63333320617676,275.0,10.9,1,1,0.9994212972940976
20,1,3,1,4,6,109.45714242117745,250.0,49.5,1,1,1.0
34,1,13,3,3,3,113.25,319.0,22.0,1,1,0.999564150053332
32,1,4,4,1,1,79.0,79.0,79.0,0,0,0.0012531194695050076
38,0,13,4,3,5,66.58999983469646,139.0,10.65,1,1,0.9999353512515499
50,1,3,4,2,2,47.4950008392334,49.5,45.49,0,0,0.006055534762373922
53,1,7,4,1,3,55.666666666666664,79.0,18.0,0,1,0.5070831340343421
36,0,4,4,2,5,67.92714282444545,158.0,19.99,1,1,0.9997784752942626
31,1,8,4,1,2,50.0,80.0,20.0,0,0,0.04935853132643854
25,0,13,4,1,1,19.770000457763672,19.77,19.77,0,0,1.968289985955307e-05
53,0,0,3,1,1,68.0,68.0,68.0,0,0,0.0003155926826014712
33,0,7,4,1,1,25.0,25.0,25.0,0,0,6.160052574650034e-05
45,0,4,4,1,1,36.0,36.0,36.0,0,0,0.00028190853447884273
20,0,13,4,1,1,40.0,40.0,40.0,0,0,1.7207848250878683e-05
44,0,4,4,1,1,59.5,59.5,59.5,0,0,0.0005109990744803131
13,1,3,4,2,2,151.41500091552734,250.0,52.83,1,1,0.9999437458636664
63,1,3,4,2,3,17.229999860127766,22.99,12.75,0,0,0.0030067310981333572
20,0,8,1,1,4,36.9975004196167,46.0,24.0,0,0,0.04083168617732242
70,1,4,4,1,1,64.98999786376953,64.99,64.99,0,0,0.0007061297587689082
38,1,3,0,1,1,15.0,15.0,15.0,0,0,3.2664699712926596e-06
24,1,13,4,1,1,220.0,220.0,220.0,1,1,1.0
24,1,6,4,2,2,25.0,25.0,25.0,0,0,0.00034504623413852346
39,1,13,4,2,2,81.5,139.0,24.0,0,0,0.37154295074600424
13,0,4,4,1,2,61.85500144958496,111.98,11.73,0,0,0.22029691903875814
57,1,4,2,2,6,58.37000020345052,79.5,34.75,1,1,0.9879190610089161
53,0,13,4,1,2,48.74499988555908,67.5,29.99,0,0,0.024094041874698678
68,1,2,3,1,2,33.65999984741211,35.34,31.98,0,0,0.000375402396472724
26,0,4,4,4,4,43.9825005531311,79.0,24.99,1,1,0.9760285703411192
29,1,2,4,1,2,52.49499988555908,75.0,29.99,0,0,0.036599525724344224
26,1,12,4,1,2,62.0,100.0,24.0,0,0,0.1824408522359765
52,1,4,4,2,2,62.739999771118164,99.5,25.98,0,0,0.2612221547636485
12,0,4,4,1,1,46.9900016784668,46.99,46.99,0,0,0.0001245983973914958
49,0,10,4,2,4,45.99000024795532,82.0,11.01,1,1,0.9419282483124098
65,0,6,4,1,1,40.0,40.0,40.0,0,0,3.887495947555817e-05
61,1,13,4,1,1,23.979999542236328,23.98,23.98,0,0,0.00017787038495488934
23,0,6,4,1,2,37.10000038146973,51.99,22.21,0,0,0.0013916984904845959
64,0,3,3,1,1,10.0,10.0,10.0,0,0,4.835768968724385e-05
26,1,3,4,1,2,83.32666651407878,129.0,40.99,1,0,0.2387039953758747
69,1,4,3,4,5,54.53599967956543,126.63,14.99,1,1,0.9948106767048936
60,1,3,2,1,3,54.28000005086263,69.99,33.9,0,0,0.44085404016778157
32,1,11,4,1,1,89.94999694824219,89.95,89.95,0,0,0.003194209624116456
19,1,3,4,1,3,112.66333389282227,220.0,49.99,1,1,0.9999906738167406
60,0,4,3,1,2,23.494999885559082,26.99,20.0,0,0,0.0003803957719518262
24,0,13,4,1,2,59.46999931335449,65.95,52.99,0,0,0.040830871173133734
70,0,10,0,1,1,25.0,25.0,25.0,0,0,2.739300009085611e-05
29,1,12,4,1,1,110.0,110.0,110.0,0,0,0.014844755040912056
62,1,12,4,1,1,52.0,52.0,52.0,0,0,0.00026476378843008337
15,0,3,1,1,1,25.0,25.0,25.0,0,0,6.160052574650034e-05
65,1,6,4,1,3,23.96000035603841,47.9,7.99,0,0,0.0055431601279154145
16,1,4,4,1,1,52.0,52.0,52.0,0,0,0.00036480404532981633
44,1,10,4,1,1,18.809999465942383,18.81,18.81,0,0,2.5314485649881535e-05
68,1,6,4,1,1,135.0,135.0,135.0,0,0,0.010460400666081084
17,1,4,4,3,4,28.370000267028807,55.97,8.94,0,0,0.08633921555953225
39,0,6,4,1,1,49.5,49.5,49.5,0,0,0.00014991374007797476
57,1,10,4,1,1,34.0,34.0,34.0,0,0,2.6115158370912287e-05
37,0,4,3,1,1,68.0,68.0,68.0,0,0,0.0002929838161348837
51,0,3,4,1,2,60.9966672261556,120.0,28.0,1,0,0.4269448764100899
19,0,13,0,3,3,21.323333104451496,29.99,8.99,0,0,0.0017158249956331847
60,1,10,2,1,1,46.5,46.5,46.5,0,0,6.832844458197686e-05
56,1,8,3,1,1,29.989999771118164,29.99,29.99,0,0,2.324352058015904e-05
15,0,11,4,1,1,12.989999771118164,12.99,12.99,0,0,1.968289985955307e-05
43,0,3,4,3,6,47.147142955235076,119.0,17.99,1,1,0.9930656463076041
58,0,3,4,1,3,87.1866683959961,131.99,48.0,1,1,0.9994300887532718
48,1,8,4,2,1,13.96999979019165,19.99,7.95,0,0,0.00026656577624801207
33,1,3,4,1,1,38.0,38.0,38.0,0,0,1.614030245782154e-05
32,1,13,0,1,1,79.5,79.5,79.5,0,0,0.002504726470891109
60,1,4,4,1,1,35.040000915527344,35.04,35.04,0,0,5.04468347699994e-05
39,0,0,4,1,1,39.95000076293945,39.95,39.95,0,0,2.581821871671985e-05
41,0,13,2,4,5,121.58600120544433,249.0,9.99,1,1,0.9998272856535819
29,1,4,1,2,2,156.99500274658203,179.0,134.99,1,1,1.0
70,0,10,1,1,2,14.085000038146973,15.18,12.99,0,0,0.0008790764062491984
54,1,7,4,2,2,65.44999885559082,69.95,60.95,0,0,0.05523981556555009
38,0,10,4,1,4,41.44500017166138,58.99,27.99,0,0,0.10379559662239517
52,1,12,4,1,3,46.223333994547524,69.5,19.2,0,1,0.519335221565221
18,1,2,0,1,3,35.200000286102295,53.95,12.0,0,0,0.039576372004222905
18,0,4,4,1,1,11.069999694824219,11.07,11.07,0,0,1.968289985955307e-05
24,0,13,4,2,3,58.853333155314125,129.0,16.98,1,1,0.9844887977936411
40,1,4,4,2,2,194.99500274658203,260.0,129.99,1,1,1.0
69,0,13,2,1,1,35.0,35.0,35.0,0,0,7.359466274078951e-06
29,0,4,0,1,3,48.4800001780192,106.0,14.99,0,1,0.6432845524297731
58,1,13,3,1,1,26.0,26.0,26.0,0,0,4.5584755920151746e-05
52,1,13,1,1,2,62.25,75.0,49.5,0,0,0.11087770229965517
68,1,4,4,2,2,26.4350004196167,36.88,15.99,0,0,0.0008928024067128622
17,1,3,4,1,1,95.98999786376953,95.99,95.99,0,0,0.003958566919499981
17,1,13,3,2,4,79.5259994506836,119.99,35.7,1,1,0.9881966433929334
30,1,10,4,1,2,189.5,250.0,129.0,1,1,1.0
38,0,4,3,3,3,46.510000705718994,75.11,13.99,1,1,0.5854717382642521
35,1,4,4,2,2,56.25,60.0,52.5,0,0,0.034807371105893714
43,0,4,4,2,3,82.31333287556966,159.95,36.99,1,1,0.9980212619008876
23,0,7,3,2,2,48.494998931884766,71.99,25.0,0,0,0.03440124406537799
40,0,11,4,1,1,143.0,143.0,143.0,0,0,0.003043554392617015
31,0,13,4,2,3,24.71333376566569,34.99,12.16,0,0,0.0021180211925917874
64,1,13,4,1,2,18.59999990463257,24.0,13.2,0,0,0.0013032027051666823
22,1,11,4,1,2,37.22500038146973,39.5,34.95,0,0,0.0004285639434661905
38,0,13,1,1,1,72.95999908447266,72.96,72.96,0,0,0.0011645000915655715
55,0,7,4,1,1,8.949999809265137,8.95,8.95,0,0,2.5029540387088356e-05
47,0,3,4,4,4,69.73749995231628,138.0,7.95,1,1,0.9996565637579434
37,1,4,1,1,1,69.3499984741211,69.35,69.35,0,0,0.00027036195386441914
39,1,13,4,2,3,40.660000483194985,65.0,22.99,0,0,0.09909859853650575
44,1,11,1,3,3,46.58999991416931,69.0,13.61,1,0,0.4941674655957345
47,0,8,2,1,1,48.0,48.0,48.0,0,0,9.577615167041781e-05
25,1,4,2,2,2,29.5,45.0,14.0,0,0,0.0030492835484309767
17,0,13,2,1,4,49.244999408721924,69.95,6.99,1,1,0.8988889916971836
24,1,13,4,2,2,34.470001220703125,49.99,18.95,0,0,0.007646422214306851
45,1,4,4,2,3,133.0,299.0,25.0,1,1,0.9999682214275067
46,0,3,4,1,1,52.0,52.0,52.0,0,0,0.00035300759685575716
21,0,13,1,1,2,26.494999885559082,38.0,14.99,0,0,0.0007404422434191932
15,1,4,2,2,4,33.235000133514404,78.0,9.99,0,0,0.25343132181691463
36,1,10,4,1,2,22.835000038146973,29.99,15.68,0,0,0.0002928205545576107
32,1,3,4,1,2,87.24499893188477,114.99,59.5,1,1,0.9665716217568179
65,0,2,2,3,7,49.56374943256378,125.99,8.0,1,1,0.9856193451010398
22,0,13,3,1,2,62.469998359680176,104.95,19.99,0,0,0.18648423351070031
35,1,4,4,1,1,45.0,45.0,45.0,0,0,0.0002877764097253794
69,1,6,1,1,4,74.11249923706055,109.0,58.0,1,1,0.9642671659395119
68,1,13,3,1,1,148.97999572753906,148.98,148.98,0,0,0.004228041824655382
40,0,4,4,1,1,29.989999771118164,29.99,29.99,0,0,2.041620703291727e-05
48,0,8,1,2,6,28.381667137145996,58.99,12.42,1,0,0.4365809699119608
43,0,10,4,1,1,19.989999771118164,19.99,19.99,0,0,2.5029540387088356e-05
62,1,13,4,1,1,39.880001068115234,39.88,39.88,0,0,0.00020121711456858718
34,0,13,4,1,1,20.0,20.0,20.0,0,0,1.968289985955307e-05
45,0,12,4,2,2,62.96500015258789,100.93,25.0,0,0,0.24413945297901413
36,0,13,4,2,2,42.47000026702881,59.95,24.99,0,0,0.004979247180430892
66,1,3,2,2,2,19.975000381469727,20.95,19.0,0,0,0.00027729731320037473
66,0,3,3,1,3,30.326667149861652,39.0,12.99,0,0,0.0032504188125542775
50,0,4,4,2,2,84.99499988555908,150.0,19.99,0,0,0.4325241553400112
14,1,3,4,1,2,89.0,120.0,58.0,1,1,0.9800119947360315
43,0,10,4,2,3,36.99666659037272,58.0,19.99,0,0,0.043128274562782426
12,1,3,3,1,1,45.0,45.0,45.0,0,0,8.66773704492438e-05
52,1,4,4,3,3,44.45999972025553,60.0,17.6,0,1,0.5636212763429348
39,1,13,4,1,1,15.0,15.0,15.0,0,0,4.840324911832688e-05
69,0,3,4,1,3,37.993334452311196,53.99,20.0,0,0,0.0173136628598427
65,1,8,4,1,1,25.0,25.0,25.0,0,0,0.00017096285125990676
46,0,13,4,1,1,14.5,14.5,14.5,0,0,1.968289985955307e-05
37,1,7,4,1,1,79.9800033569336,79.98,79.98,0,0,0.0010815641030667957
59,1,4,4,2,3,35.9966672261556,44.0,22.0,0,0,0.044777893309401844
45,0,13,4,1,2,53.94999980926514,82.0,25.9,0,0,0.05895334551757611
18,0,8,4,3,2,42.99666659037272,104.0,6.99,0,1,0.5007067877057013
16,0,9,4,2,2,15.414999961853027,25.0,5.83,0,0,0.00046758391895475456
19,0,13,4,1,1,98.0,98.0,98.0,0,0,0.015089040909701049
28,0,7,4,1,1,102.0,102.0,102.0,0,0,0.00637516820373599
37,0,13,3,1,1,88.0,88.0,88.0,0,0,0.0045910776099917
45,1,6,4,1,1,58.95000076293945,58.95,58.95,0,0,0.00033416658203643814
44,1,13,1,1,1,70.68000030517578,70.68,70.68,0,0,0.0005294239758177887
52,1,11,4,3,3,77.22666549682617,119.99,46.69,1,1,0.9968782575935431
40,0,7,4,1,1,34.75,34.75,34.75,0,0,0.00014233546387128955
58,1,4,4,3,6,64.06142834254673,104.5,17.99,1,1,0.997958062607126
48,1,4,3,1,1,22.280000686645508,22.28,22.28,0,0,8.38068749601134e-06
45,1,4,4,1,2,38.01499938964844,46.62,29.41,0,0,0.0009517890358427482
43,0,4,4,1,1,32.79999923706055,32.8,32.8,0,0,2.3287844823670516e-05
40,1,4,4,1,1,89.0,89.0,89.0,0,0,0.004549315101689432
12,1,4,3,3,3,29.99333381652832,39.99,19.99,0,0,0.017955874545725507
39,0,13,4,1,1,79.5,79.5,79.5,0,0,0.0019238180022138687
29,1,4,3,1,1,35.0,35.0,35.0,0,0,4.067142692323414e-06
18,0,13,4,1,1,100.98999786376953,100.99,100.99,0,0,0.013046726975366968
39,1,13,1,1,1,98.0,98.0,98.0,0,0,0.010252804653838718
50,0,3,2,1,2,146.15499877929688,228.0,64.31,1,1,0.9994625285887245
50,1,3,4,1,2,38.4950008392334,42.0,34.99,0,0,0.0005354577079980075
27,0,8,4,4,4,39.334999561309814,74.99,9.5,0,1,0.719092299376529
30,1,3,4,1,1,32.4900016784668,32.49,32.49,0,0,4.067142692323414e-06
67,1,4,1,1,1,25.0,25.0,25.0,0,0,1.9447699744755454e-05
28,0,4,4,2,3,107.33000183105469,179.99,40.0,1,1,0.9999689867866653
15,1,3,4,2,2,21.684999465942383,26.05,17.32,0,0,0.005484371855169819
19,0,3,4,2,2,98.6066665649414,159.0,33.32,1,1,0.9979140162718937
27,0,6,4,1,1,26.989999771118164,26.99,26.99,0,0,6.160052574650034e-05
47,0,11,1,1,1,44.0,44.0,44.0,0,0,0.0001309443672198257
43,1,7,4,1,4,38.74000024795532,59.98,19.99,0,0,0.10066642552321019
66,1,13,1,1,2,25.209999720255535,28.5,22.13,0,0,0.0004963425944239383
28,0,10,4,3,2,27.643334070841473,45.99,6.99,0,0,0.01070134217203811
14,0,6,4,1,2,54.625,68.0,41.25,0,0,0.019266188232860457
26,1,3,2,1,1,49.9900016784668,49.99,49.99,0,0,0.00025793381830788593
69,0,3,4,2,2,56.0,69.0,43.0,0,0,0.08629906415938011
49,1,13,4,1,2,26.9350004196167,36.88,16.99,0,0,0.00046276699837827034
16,1,4,3,4,4,56.61600036621094,80.65,23.98,1,1,0.9794361058233091
53,0,4,3,1,2,61.70000076293945,65.4,58.0,0,0,0.0498982363034043
66,0,13,4,1,3,33.993333180745445,72.0,7.99,0,0,0.040346246376040874
46,1,13,3,1,1,65.0,65.0,65.0,0,0,0.0007765304627069129
56,1,13,2,1,1,40.130001068115234,40.13,40.13,0,0,5.04727330912087e-05
18,0,7,4,2,2,19.105000019073486,24.0,14.21,0,0,0.0006568169109275117
31,1,8,4,1,2,28.885000705718994,44.97,12.8,0,0,0.0044467053766186855
31,1,3,3,1,1,32.4900016784668,32.49,32.49,0,0,4.067142692323414e-06
67,1,10,4,1,1,42.0,42.0,42.0,0,0,0.00019430958087360465
20,1,3,4,1,1,19.5,19.5,19.5,0,0,3.2664699712926596e-06
50,1,13,4,1,1,25.0,25.0,25.0,0,0,4.840324911832688e-05
68,1,13,3,1,1,19.950000762939453,19.95,19.95,0,0,0.000191233121530177
34,0,4,4,2,3,104.26000213623047,215.8,44.99,1,1,0.999964060678291
52,0,3,4,1,1,16.0,16.0,16.0,0,0,2.5029540387088356e-05
44,0,3,4,1,1,79.5,79.5,79.5,0,0,0.0009996643047023674
19,1,13,4,2,2,185.0,295.0,75.0,1,1,0.9997302475247524
48,1,3,4,1,1,145.0,145.0,145.0,0,0,0.003632659815887913
58,0,13,0,4,5,91.78800048828126,180.0,45.0,1,1,0.9999414211612051
53,1,4,4,1,1,13.699999809265137,13.7,13.7,0,0,8.38068749601134e-06
60,0,4,4,1,1,29.989999771118164,29.99,29.99,0,0,2.041620703291727e-05
16,0,3,4,1,2,11.994999885559082,14.0,9.99,0,0,0.0006509802587076238
70,1,6,4,3,5,99.99599952697754,168.0,29.99,1,1,0.999823504675209
44,0,4,1,2,5,93.70999990190778,253.0,12.99,1,1,0.9999362627087903
38,0,4,4,2,2,70.3650016784668,75.73,65.0,0,0,0.04553337277177647
20,0,13,3,1,1,26.989999771118164,26.99,26.99,0,0,5.3890425515197304e-05
55,0,4,4,1,1,14.989999771118164,14.99,14.99,0,0,2.5029540387088356e-05
24,1,13,3,1,1,48.0,48.0,48.0,0,0,0.00018662909686739464
23,0,13,4,2,2,85.16333262125652,170.0,18.0,1,1,0.9819992948703374
25,1,4,4,3,3,50.482500076293945,99.99,10.0,1,1,0.6293383510040186
13,0,13,4,1,1,51.45000076293945,65.0,37.9,0,0,0.015455266532994607
29,0,3,4,1,1,15.029999732971191,15.03,15.03,0,0,1.968289985955307e-05
50,1,12,4,2,1,49.0,54.0,44.0,0,0,0.016327565495022688
46,1,12,0,2,2,20.494999885559082,29.99,11.0,0,0,0.00237185865080908
40,1,10,4,1,1,50.0,50.0,50.0,0,0,0.00015405916450416751
56,1,4,4,2,3,48.826667149861656,69.5,26.99,0,0,0.43428566192522866
48,1,0,4,1,1,36.0,36.0,36.0,0,0,9.181360217042095e-06
50,0,13,4,4,7,39.3330002784729,78.0,6.95,1,1,0.9748965583691012
66,0,13,4,1,1,69.94999694824219,69.95,69.95,0,0,0.0020634980926050915
55,0,13,4,1,1,9.949999809265137,9.95,9.95,0,0,1.968289985955307e-05
12,0,6,2,1,1,100.0,100.0,100.0,0,0,0.005910844600002819
54,0,0,1,1,2,111.25,178.0,44.5,1,1,0.9984045207177288
47,1,3,4,1,3,48.87666702270508,79.5,30.8,0,1,0.5703704107773866
31,1,8,4,1,1,20.950000762939453,20.95,20.95,0,0,3.2664699712926596e-06
17,0,10,4,1,1,82.0,82.0,82.0,0,0,0.002147307038956271
47,1,4,0,1,1,45.95000076293945,45.95,45.95,0,0,0.0005155207772603047
35,1,8,4,1,1,39.9900016784668,39.99,39.99,0,0,4.866121526357938e-05
56,1,11,4,1,1,24.440000534057617,24.44,24.44,0,0,2.5314485649881535e-05
66,1,4,4,2,3,74.3733336130778,112.99,18.97,1,1,0.9774368498349681
44,1,4,4,1,2,93.99500274658203,169.99,18.0,1,1,0.9985891801343072
17,0,8,4,1,3,42.16333325703939,69.5,14.99,0,0,0.0683433086976691
19,1,13,3,1,1,35.0,35.0,35.0,0,0,0.0006882610084727024
28,1,12,4,1,1,903.0,903.0,903.0,1,1,1.0
40,0,4,4,2,2,22.9950008392334,36.99,9.0,0,0,0.0003757976252842841
35,1,12,4,1,3,37.65000025431315,60.0,25.0,0,0,0.0401560364804365
33,1,13,4,3,3,34.983333587646484,48.95,20.0,0,0,0.06419953748790065
51,1,4,3,1,1,250.0,250.0,250.0,1,1,1.0
38,0,0,4,1,1,15.0,15.0,15.0,0,0,1.968289985955307e-05
31,1,13,4,1,4,34.980000019073486,64.93,19.99,0,0,0.11151156122621866
39,1,11,3,2,4,51.68749952316284,81.27,24.99,1,1,0.9593514666052964
59,1,4,3,1,1,14.989999771118164,14.99,14.99,0,0,8.38068749601134e-06
51,0,4,4,3,3,107.8766671816508,248.0,6.98,1,1,0.9972729215266227
55,0,3,4,3,4,36.070000410079956,86.51,6.37,0,1,0.7070522942196648
29,1,6,3,1,1,20.0,20.0,20.0,0,0,3.2664699712926596e-06
63,0,11,3,2,2,18.994999885559082,19.99,18.0,0,0,0.0008451223517466468
43,0,13,4,1,2,58.540000915527344,72.0,45.08,0,0,0.061051895603630106
31,1,3,3,1,2,44.48500061035156,48.97,40.0,0,0,0.00490964975888877
47,0,3,4,2,2,17.019999980926514,24.99,9.05,0,0,0.00037142524731766026
23,0,4,3,1,1,24.0,24.0,24.0,0,0,5.3890425515197304e-05
28,1,12,3,1,1,73.98999786376953,73.99,73.99,0,0,0.0006523745641292481
29,1,4,4,1,1,20.0,20.0,20.0,0,0,3.2664699712926596e-06
60,0,13,3,4,6,38.80833355585734,80.0,7.95,1,1,0.9690316698733891
22,0,4,4,1,1,24.950000762939453,24.95,24.95,0,0,5.3890425515197304e-05
44,1,12,4,3,4,105.2400016784668,200.0,25.0,1,1,0.999885595318349
16,1,6,4,1,1,150.47000122070312,150.47,150.47,0,0,0.004030819645450174
36,0,4,1,1,2,45.9900016784668,51.99,39.99,0,0,0.010232172524957448
23,0,4,2,2,2,23.460000038146973,30.92,16.0,0,0,0.00046623777779045643
42,1,13,2,3,4,62.89000015258789,110.0,19.5,1,1,0.998122437441561
20,1,4,4,1,1,29.989999771118164,29.99,29.99,0,0,8.172249087616648e-06
37,1,11,4,1,2,86.23999977111816,149.0,23.48,1,1,0.9857584421082122
57,1,8,3,1,1,34.95000076293945,34.95,34.95,0,0,2.6115158370912287e-05
54,0,3,4,1,2,28.050000190734863,34.11,21.99,0,0,0.0012620830283445864
16,0,4,4,2,2,34.333333333333336,52.0,12.0,0,0,0.008557123800501177
14,1,8,4,2,2,58.9950008392334,68.0,49.99,0,0,0.09753840562895601
64,1,13,2,2,2,38.47500038146973,44.0,32.95,0,0,0.0036853211749926862
40,1,3,4,1,1,70.0,70.0,70.0,0,0,0.0004877826405989031
35,0,4,0,1,1,25.0,25.0,25.0,0,0,6.160052574650034e-05
44,0,4,3,1,1,11.899999618530273,11.9,11.9,0,0,2.5029540387088356e-05
15,1,4,4,1,1,119.0,119.0,119.0,0,0,0.0077766545583290506
60,1,13,4,1,1,11.960000038146973,11.96,11.96,0,0,4.840324911832688e-05
48,0,13,4,1,2,31.940000534057617,52.86,11.02,0,0,0.001436452131607566
24,1,13,4,1,1,25.0,25.0,25.0,0,0,2.6355233439738017e-05
44,0,4,0,1,1,128.0,128.0,128.0,0,0,0.01011299529993545
41,0,8,4,1,3,140.98999786376953,238.98,86.0,1,1,0.9995371642246641
31,0,4,4,1,1,39.0,60.0,18.0,0,0,0.0009916041373327369
23,0,4,3,3,3,82.64666748046875,148.0,49.95,1,1,0.9998781865296451
45,1,6,4,1,1,43.0,43.0,43.0,0,0,0.00040099472144902357
70,1,4,4,1,1,45.41000175476074,49.99,40.83,0,0,0.00572603187612433
40,0,12,2,1,1,42.9900016784668,42.99,42.99,0,0,0.0004222185861605238
12,1,13,0,1,1,35.5,35.5,35.5,0,0,0.0005725190839694656
49,0,13,4,1,1,218.0,218.0,218.0,1,1,1.0
62,1,4,4,1,1,98.25,98.25,98.25,0,0,0.006866872896741006
20,1,3,4,2,2,25.61500072479248,34.99,16.24,0,0,0.0004963487127326152
49,1,4,4,1,2,35.0,55.0,15.0,0,0,0.002877288170599745
37,1,10,4,1,2,50.5,70.0,31.0,0,0,0.03745487910583285
38,1,3,4,1,2,38.24499988555908,59.5,16.99,0,0,0.0019392099959229644
23,0,4,4,1,1,26.979999542236328,26.98,26.98,0,0,6.160052574650034e-05
58,1,4,4,1,1,107.94999694824219,107.95,107.95,0,0,0.013194016518792612
39,1,6,4,1,2,124.75,180.0,69.5,1,1,0.9998401420959148
20,0,13,1,2,2,105.49499988555908,179.0,31.99,1,1,0.9975071635187234
44,1,2,4,2,2,34.61999988555908,59.25,9.99,0,0,0.014371670718579756
57,1,4,4,2,5,40.46666653951009,65.0,25.0,1,1,0.9190492740654095
30,0,13,4,1,1,59.59000015258789,59.59,59.59,0,0,0.0008478552569622787
25,1,4,4,1,1,22.0,22.0,22.0,0,0,3.2664699712926596e-06
52,0,13,4,1,1,13.010000228881836,13.01,13.01,0,0,1.968289985955307e-05
20,0,3,4,2,3,61.59333483378092,129.99,25.99,1,1,0.9895482535191823
65,1,13,4,2,2,51.969998359680176,88.95,14.99,0,0,0.11862373286570899
41,0,13,2,3,5,47.76999931335449,98.0,11.9,1,1,0.9894172013585609
68,1,13,4,2,1,49.22500038146973,49.5,48.95,0,0,0.007025465602337017
15,0,13,4,1,2,15.894999980926514,19.58,12.21,0,0,0.0007438814079062841
59,0,13,4,1,1,248.0,248.0,248.0,1,1,1.0
64,1,13,4,4,8,51.29900102615356,129.99,9.95,1,1,0.9929346093700411
12,0,13,4,1,1,9.600000381469727,9.6,9.6,0,0,1.848739495798291e-05
31,0,4,4,3,4,71.92750120162964,129.99,23.22,1,1,0.9993180531907678
23,1,10,4,2,2,83.5,92.0,75.0,0,0,0.18402392814202206
15,1,4,2,3,3,108.32999992370605,279.0,20.99,1,1,0.9971692910299099
62,0,4,3,1,1,10.0,10.0,10.0,0,0,4.835768968724385e-05
41,0,4,3,1,1,34.9900016784668,34.99,34.99,0,0,2.3287844823670516e-05
29,0,4,4,2,1,34.9950008392334,35.0,34.99,0,0,0.0022328173785945878
56,1,6,4,1,1,90.0,90.0,90.0,0,0,0.004352209134978952
33,1,13,4,2,3,92.66333389282227,198.0,25.0,1,1,0.9999429011527486
41,0,0,4,2,2,16.994999885559082,24.99,9.0,0,0,0.0003613726129205189
24,0,13,1,3,4,44.28199920654297,89.99,11.99,1,1,0.9836249351060167
61,1,13,4,2,2,52.5,55.0,50.0,0,0,0.013419910372280287
62,0,13,4,2,2,62.47500038146973,75.0,49.95,0,0,0.1276677772455698
34,0,6,4,1,1,2.950000047683716,2.95,2.95,0,0,1.968289985955307e-05
19,0,3,3,2,2,61.49499988555908,114.0,8.99,0,0,0.24575208158409836
25,0,10,4,1,1,8.819999694824219,8.82,8.82,0,0,1.968289985955307e-05
59,1,13,2,1,3,44.29000027974447,88.0,9.99,0,1,0.6058716323609779
33,1,4,4,1,2,25.150000254313152,31.5,19.95,0,0,0.00035421573812697795
40,1,4,4,1,1,24.989999771118164,24.99,24.99,0,0,8.38068749601134e-06
12,1,4,4,2,2,32.0,40.0,24.0,0,0,0.0007785361392214825
27,1,11,3,1,3,70.66333516438802,134.99,18.0,1,1,0.9643828381833487
61,0,3,4,2,3,60.33000055948893,98.0,33.0,1,1,0.9706789236341473
59,0,3,4,1,2,175.0,298.0,52.0,1,1,0.9998471439733398
35,1,4,4,1,1,25.0,25.0,25.0,0,0,8.38068749601134e-06
25,1,4,4,1,1,9.989999771118164,9.99,9.99,0,0,3.2664699712926596e-06
59,0,13,3,2,3,37.49333381652832,44.0,28.49,0,0,0.030558190016097803
37,0,4,4,3,3,56.0,75.0,24.0,0,0,0.47806432624533246
15,0,4,4,1,1,34.0,34.0,34.0,0,0,2.4917948482181724e-05
33,0,4,4,1,1,13.5,13.5,13.5,0,0,1.968289985955307e-05
33,0,4,4,1,1,9.989999771118164,9.99,9.99,0,0,1.968289985955307e-05
24,0,8,3,1,1,9.819999694824219,9.82,9.82,0,0,1.968289985955307e-05
41,0,12,3,1,1,9.989999771118164,9.99,9.99,0,0,2.5029540387088356e-05
19,0,13,4,2,3,42.77999941507975,68.0,22.99,0,0,0.38166939911865627
63,1,3,4,2,2,28.975000381469727,32.95,25.0,0,0,0.0006948201512475706
58,0,13,4,1,1,9.989999771118164,9.99,9.99,0,0,1.968289985955307e-05
68,0,13,4,1,4,30.235000371932983,47.99,11.19,0,0,0.0438280065167547
33,1,4,1,1,1,62.9900016784668,62.99,62.99,0,0,0.00041690391842425715
58,0,11,4,1,1,26.0,26.0,26.0,0,0,3.273964061839139e-05
13,1,4,3,1,1,29.989999771118164,29.99,29.99,0,0,0.0
63,0,13,4,3,7,34.431428636823384,80.0,15.0,1,1,0.9133075601130625
30,0,3,4,1,1,79.5,79.5,79.5,0,0,0.0009220865245279618
17,0,12,4,1,1,59.0,59.0,59.0,0,0,0.0003766540912893496
62,0,3,4,2,2,22.450000286102295,29.95,14.95,0,0,0.0007092297179680288
19,0,12,4,1,2,62.7450008392334,85.5,39.99,0,0,0.1281860731624963
33,0,13,3,1,1,165.0,165.0,165.0,0,0,0.005419351611985757
50,0,4,1,4,3,48.98500037193298,125.0,12.95,1,1,0.8606950974617618
48,1,3,3,3,3,49.360000133514404,66.5,31.49,1,0,0.37562315706048494
44,1,3,2,1,2,24.244999885559082,37.5,10.99,0,0,0.0014840151000492382
45,0,10,4,3,4,46.61600036621094,88.0,8.87,1,1,0.9815452253386661
32,0,4,4,1,1,49.9900016784668,49.99,49.99,0,0,0.0002566655377501212
61,0,4,0,3,4,43.53000068664551,87.12,13.0,1,1,0.9789514350414105
41,1,3,4,1,1,54.5,54.5,54.5,0,0,0.0003386481822487825
13,0,4,4,2,5,59.111666997273765,198.0,14.5,1,1,0.9994098459314037
48,1,4,1,4,4,99.46400032043456,218.0,24.87,1,1,0.9999260202321512
48,0,4,4,1,2,51.0,92.0,10.0,0,0,0.11840281584902584
42,0,4,4,1,3,41.10000038146973,62.91,21.99,0,0,0.05300259544024727
70,0,4,4,1,1,60.0,60.0,60.0,0,0,0.0005122374027462025
54,0,4,3,2,2,16.975000381469727,19.95,14.0,0,0,0.0009249578476964561
48,1,13,4,1,1,18.0,18.0,18.0,0,0,4.840324911832688e-05
35,1,4,4,1,1,25.5,25.5,25.5,0,0,8.38068749601134e-06
57,0,3,4,1,2,23.744999885559082,24.5,22.99,0,0,0.0003956234010153937
57,1,3,4,1,1,12.979999542236328,12.98,12.98,0,0,8.38068749601134e-06
55,1,10,4,1,1,22.969999313354492,22.97,22.97,0,0,2.5314485649881535e-05
25,1,13,3,1,2,49.45000076293945,51.95,46.95,0,0,0.009352502995221428
19,0,4,2,1,4,49.142499923706055,84.99,29.95,1,1,0.92872606181644
12,0,6,4,2,2,16.494999885559082,24.99,8.0,0,0,0.0006415350364423978
19,0,4,4,2,3,30.59666633605957,43.69,14.15,0,0,0.002685654763672758
22,1,4,4,1,1,34.9900016784668,34.99,34.99,0,0,6.701403613210124e-05
50,0,13,4,1,2,27.93499994277954,46.0,9.87,0,0,0.0015727326198243297
52,1,7,4,1,1,11.600000381469727,11.6,11.6,0,0,2.5314485649881535e-05
14,0,13,4,2,2,73.99499988555908,128.0,19.99,0,0,0.20536069731609555
18,0,11,4,1,1,78.45999908447266,78.46,78.46,0,0,0.001044880981398368
54,1,13,4,1,1,25.0,25.0,25.0,0,0,4.840324911832688e-05
61,0,12,2,1,1,23.950000762939453,23.95,23.95,0,0,2.5029540387088356e-05
63,1,13,4,1,1,99.94999694824219,99.95,99.95,0,0,0.00854891253154379
51,0,3,0,1,3,49.84333419799805,55.99,39.99,0,0,0.14574199178565675
67,0,4,4,1,2,53.75,85.0,22.5,0,0,0.09324146460122551
30,1,12,3,2,2,29.975000381469727,34.95,25.0,0,0,0.0004716227607096302
35,1,13,3,1,2,50.545000076293945,69.5,31.59,0,0,0.03648008996956448
30,1,13,4,1,2,114.5,130.0,99.0,1,1,0.9934950353628842
54,1,13,4,1,1,59.97999954223633,59.98,59.98,0,0,0.0008724908185767031
47,0,13,0,3,3,49.98999913533529,69.99,25.98,0,0,0.4147938696251597
52,1,3,4,1,2,41.99499988555908,54.0,29.99,0,0,0.0016028481702284854
42,0,4,4,1,1,24.989999771118164,24.99,24.99,0,0,6.694716627403562e-05
58,0,4,3,1,1,34.0,34.0,34.0,0,0,2.3287844823670516e-05
39,0,3,4,1,2,40.67500019073486,68.0,13.35,0,0,0.006469566276886928
42,0,4,3,1,1,103.19999694824219,103.2,103.2,0,0,0.0049977077193410005
32,0,12,4,1,2,31.0,49.0,13.0,0,0,0.0011371734516508198
36,0,11,0,2,2,49.98000144958496,59.97,39.99,0,0,0.019236511853885155
61,1,4,4,2,4,50.470000457763675,112.86,18.0,1,1,0.9682597756964872
44,0,3,4,1,4,93.0,225.0,24.0,1,1,0.999716286549872
31,1,13,4,1,1,36.95000076293945,36.95,36.95,0,0,3.411484840154821e-05
20,0,4,2,1,1,34.0,34.0,34.0,0,0,2.204631069142847e-05
24,0,3,4,4,3,8.48499995470047,19.99,1.95,0,0,0.004722676515037512
61,1,3,4,2,2,40.97500038146973,59.95,22.0,0,0,0.008062080475087625
22,0,13,3,1,4,47.769999504089355,69.99,25.0,1,1,0.9258133949609768
54,1,7,3,1,1,13.0,13.0,13.0,0,0,2.5314485649881535e-05
53,0,13,2,1,1,20.0,20.0,20.0,0,0,1.968289985955307e-05
59,0,4,4,1,1,33.31999969482422,33.32,33.32,0,0,2.3287844823670516e-05
18,1,13,4,1,2,99.5,171.0,28.0,1,1,0.9978218105009387
21,1,11,3,3,4,28.052499771118164,52.0,12.0,0,0,0.08149522358192808
60,0,13,4,1,2,91.5,108.0,75.0,1,1,0.9744737752710315
39,1,13,4,2,2,87.2249984741211,95.0,79.45,1,1,0.9591129132037373
65,0,4,3,1,1,70.0,70.0,70.0,0,0,0.0004087072520449018
56,0,4,4,1,1,19.989999771118164,19.99,19.99,0,0,2.5029540387088356e-05
61,0,6,3,1,1,8.049999952316284,12.0,4.1,0,0,2.5029540387088356e-05
28,0,12,3,1,1,188.99000549316406,188.99,188.99,1,1,1.0
34,1,3,4,1,1,99.94999694824219,99.95,99.95,0,0,0.005269139856092158
38,1,7,4,1,1,12.989999771118164,12.99,12.99,0,0,2.5314485649881535e-05
17,0,12,2,3,4,99.42749977111816,165.0,13.0,1,1,0.9959840346708237
15,0,0,3,2,2,48.03000068664551,53.11,42.95,0,0,0.011086966633053929
66,1,4,4,1,1,55.0,55.0,55.0,0,0,0.0005256830206850159
42,0,2,4,1,1,26.5,26.5,26.5,0,0,5.923706604273259e-05
31,1,13,4,2,1,115.04999923706055,154.5,75.6,1,1,0.9935613600903668
69,1,4,4,1,1,350.0,350.0,350.0,1,1,1.0
40,1,4,0,2,3,18.663333257039387,22.0,16.0,0,0,0.0018077775659433393
49,1,4,4,1,1,49.79999923706055,49.8,49.8,0,0,0.0002194128245956893
58,0,13,4,1,1,32.0,32.0,32.0,0,0,1.02311040648322e-05
34,1,11,4,1,2,76.0,115.0,37.0,0,0,0.21279961111148193
19,0,3,3,1,1,78.0,78.0,78.0,0,0,0.000617309039581988
55,0,13,2,1,1,114.5,114.5,114.5,0,0,0.019292688946811114
61,0,4,4,4,5,54.88000049591064,114.4,9.05,1,1,0.9971555943659312
38,0,12,3,2,3,62.49666786193848,127.51,24.99,1,1,0.9890879312394767
69,1,0,4,1,1,49.9900016784668,49.99,49.99,0,0,0.00034737345153650783
60,0,2,4,3,3,30.985000610351562,55.0,11.0,0,0,0.034152341731572694
17,0,12,4,2,2,34.99499988555908,40.0,29.99,0,0,0.0024277077104122853
64,1,4,4,1,1,136.0,136.0,136.0,0,0,0.011261755080676934
69,0,4,4,1,1,42.9900016784668,42.99,42.99,0,0,0.00023736866992501797
33,0,4,3,2,2,20.989999771118164,25.0,16.98,0,0,0.0004994972012937825
50,0,4,4,1,1,99.97000122070312,99.97,99.97,0,0,0.0038839137624374536
37,1,10,4,2,4,63.87249994277954,178.0,15.49,1,1,0.9990227589149385
48,1,4,4,2,3,70.14999961853027,98.0,30.0,1,1,0.9728215844668956
46,0,4,4,1,2,33.49499988555908,39.0,27.99,0,0,0.0005313740372612921
67,1,13,4,2,2,28.71500015258789,34.5,22.93,0,0,0.0007897295238170107
56,1,4,4,2,2,30.975000381469727,36.95,25.0,0,0,0.0007965064201459874
30,1,10,4,1,2,26.619999885559082,31.99,21.25,0,0,0.0003706842544152088
63,1,4,4,1,1,49.95000076293945,49.95,49.95,0,0,0.000705857015315746
35,1,0,4,1,3,89.32999992370605,129.0,29.99,1,1,0.9807816033681818
55,0,4,4,1,2,38.49000072479248,44.99,31.99,0,0,0.0010012889674586034
54,0,6,4,1,2,50.97500038146973,72.0,29.95,0,0,0.03305812303284451
23,0,13,4,1,1,79.98999786376953,79.99,79.99,0,0,0.002110912625549474
65,0,13,1,1,1,34.97999954223633,34.98,34.98,0,0,7.359466274078951e-06
22,0,12,4,1,1,69.0,69.0,69.0,0,0,0.00040217043770355963
38,0,0,2,1,1,19.989999771118164,19.99,19.99,0,0,1.968289985955307e-05
55,0,4,4,1,1,46.9900016784668,46.99,46.99,0,0,0.00024148540387261948
28,0,4,4,2,2,35.2450008392334,52.99,17.5,0,0,0.014360412598856153
28,1,4,1,2,2,44.48500061035156,55.0,33.97,0,0,0.014763372816046005
42,1,11,4,2,2,34.7450008392334,39.99,29.5,0,0,0.0020942178641517937
62,0,3,4,2,1,55.14500045776367,60.3,49.99,0,0,0.009724724646668818
23,0,4,4,2,2,35.47500038146973,44.0,26.95,0,0,0.0031210344479189163
47,1,4,0,1,1,31.989999771118164,31.99,31.99,0,0,1.1955049015701636e-06
12,1,3,4,1,1,36.0,36.0,36.0,0,0,5.884178704448459e-05
28,0,13,4,1,1,19.989999771118164,19.99,19.99,0,0,1.968289985955307e-05
57,0,3,4,1,1,69.0,69.0,69.0,0,0,0.0005641327919649777
63,1,7,4,1,1,69.0,69.0,69.0,0,0,0.0005609225337310154
27,0,10,4,1,1,59.75,59.75,59.75,0,0,0.00030461878309921605
54,1,4,4,1,1,25.0,25.0,25.0,0,0,8.38068749601134e-06
37,1,3,4,1,1,25.0,25.0,25.0,0,0,8.38068749601134e-06
15,0,13,3,1,1,62.0,62.0,62.0,0,0,0.0003760171475066572
13,1,4,4,4,6,59.27571446555002,219.0,11.95,1,1,0.9998988622545003
70,1,11,4,4,3,84.24499988555908,120.0,59.99,1,1,0.9929245396316284
41,1,3,3,1,1,94.98999786376953,94.99,94.99,0,0,0.00437320829928458
55,0,3,4,1,1,24.5,24.5,24.5,0,0,2.5029540387088356e-05
43,1,13,4,1,3,59.3266658782959,89.99,17.99,1,1,0.9341654630615333
58,1,13,3,1,1,12.989999771118164,12.99,12.99,0,0,4.5584755920151746e-05
28,0,4,4,2,2,23.970000743865967,32.99,14.95,0,0,0.0006551850145763472
49,1,13,4,4,4,23.244999885559082,34.0,14.48,0,0,0.02697069898629823
51,0,4,4,3,5,34.48999938964844,79.95,9.99,1,1,0.9246671663184679
33,0,11,4,3,7,67.35624873638153,200.0,7.95,1,1,0.9999855522481395
37,1,4,1,1,2,33.5,55.0,12.0,0,0,0.00216074464519494
40,0,7,4,1,1,20.0,20.0,20.0,0,0,2.5029540387088356e-05
19,1,13,4,1,2,124.5,189.0,60.0,1,1,0.9998065868037659
54,1,0,4,3,5,71.33999951680501,190.0,26.1,1,1,0.9999956178790534
45,1,12,4,1,1,30.0,30.0,30.0,0,0,6.676556487497738e-05
55,1,13,3,4,3,94.77799987792969,258.0,25.0,1,1,0.9996853990229545
21,1,4,4,1,2,47.97500038146973,59.99,35.96,0,0,0.014485816430675662
59,1,12,4,1,1,59.5,59.5,59.5,0,0,0.0004486029583841429
17,0,4,0,1,1,92.0,92.0,92.0,0,0,0.006369946974748235
65,1,8,1,2,2,438.82666778564453,903.0,94.48,1,1,0.9999468085106383
34,1,4,4,2,2,113.67000007629395,210.0,17.34,1,1,0.9989405214990197
39,0,7,4,1,2,166.9966672261556,352.0,49.99,1,1,0.9975691606245887
44,1,4,3,1,1,89.0,89.0,89.0,0,0,0.004453561947559401
20,1,13,4,1,1,38.0,38.0,38.0,0,0,0.0006136106765570603
15,1,7,2,1,1,21.899999618530273,21.9,21.9,0,0,3.2664699712926596e-06
42,0,4,4,1,1,76.5,76.5,76.5,0,0,0.000588485375601038
40,1,7,0,2,2,47.75,56.0,39.5,0,0,0.024514886433979005
21,0,13,4,3,3,54.87333424886068,72.0,45.63,0,0,0.3693702576152114
46,0,4,4,1,1,61.75,61.75,61.75,0,0,0.0005194477820629176
55,0,10,4,1,1,29.989999771118164,29.99,29.99,0,0,2.041620703291727e-05
41,0,3,2,1,1,13.270000457763672,13.27,13.27,0,0,2.5029540387088356e-05
68,1,4,4,1,2,82.2899996439616,150.0,40.0,1,1,0.6832330469290966
26,1,3,4,1,1,55.0,55.0,55.0,0,0,0.0003267371254544421
44,0,4,4,1,1,27.959999084472656,27.96,27.96,0,0,3.273964061839139e-05
69,0,3,4,1,4,55.202500343322754,99.0,11.73,1,1,0.8935603694050981
63,0,4,4,1,1,27.0,27.0,27.0,0,0,5.6067789918546884e-05
51,0,6,4,1,2,71.23999977111816,119.0,23.48,0,0,0.20649477691228824
68,1,13,4,1,1,169.0,169.0,169.0,0,0,0.007550953395000987
30,1,4,4,1,1,21.0,21.0,21.0,0,0,3.2664699712926596e-06
48,0,3,4,1,1,36.9900016784668,36.99,36.99,0,0,2.3287844823670516e-05
48,1,7,4,1,1,44.95000076293945,44.95,44.95,0,0,0.00020664378371034576
28,1,3,4,1,1,66.0,66.0,66.0,0,0,0.0010047759598962272
60,0,3,4,1,1,0.49000000953674316,0.49,0.49,0,0,2.5029540387088356e-05
12,0,4,2,1,4,60.49500036239624,159.0,19.99,1,1,0.9968474861837768
55,1,13,4,1,1,195.9749984741211,198.0,193.95,1,1,1.0
13,0,8,0,1,4,36.24499988555908,65.0,24.99,0,0,0.1358663364326609
22,1,4,4,1,1,16.079999923706055,16.08,16.08,0,0,3.2664699712926596e-06
43,0,6,4,2,2,147.5,270.0,25.0,1,1,0.9999425863332693
57,1,13,3,1,1,229.99000549316406,229.99,229.99,1,1,1.0
15,1,6,2,1,2,40.77499866485596,64.95,16.6,0,0,0.015346750518826124
29,0,13,4,1,1,173.94000244140625,173.94,173.94,1,1,1.0
42,0,4,2,1,1,16.5,16.5,16.5,0,0,2.5029540387088356e-05
66,0,6,1,1,2,29.940000534057617,39.95,19.93,0,0,0.0005514016253086648
15,0,4,3,1,1,39.5,39.5,39.5,0,0,2.4917948482181724e-05
51,0,3,4,1,2,15.644999980926514,19.0,12.29,0,0,0.0005104258827371312
68,1,13,4,2,4,69.12799987792968,178.0,17.99,1,1,0.998530423560839
60,0,2,3,1,1,9.539999961853027,9.54,9.54,0,0,2.5029540387088356e-05
63,0,4,4,1,1,16.989999771118164,16.99,16.99,0,0,4.835768968724385e-05
17,0,13,4,2,2,25.204999923706055,39.0,11.41,0,0,0.00042045720100890825
52,1,13,4,1,1,20.0,20.0,20.0,0,0,4.840324911832688e-05
68,1,13,4,2,3,100.13600082397461,295.0,36.74,1,1,0.9998349219343555
36,1,3,4,2,2,25.574999809265137,36.0,15.15,0,0,0.00039733881174251604
18,1,13,4,1,1,239.99000549316406,239.99,239.99,1,1,1.0
57,0,13,4,2,2,37.45000076293945,49.9,25.0,0,0,0.0036940105675048653
46,1,13,4,1,2,57.474998474121094,89.95,25.0,0,0,0.1794461750514345
32,1,3,4,1,1,55.0,55.0,55.0,0,0,0.0004177355608895592
25,0,3,4,1,1,90.98999786376953,90.99,90.99,0,0,0.004170999861690975
36,1,4,4,1,1,64.93000030517578,64.93,64.93,0,0,0.0004718100241768298
40,1,8,1,3,4,32.90000009536743,69.5,17.15,0,0,0.331540474668724
59,1,13,4,1,1,25.0,25.0,25.0,0,0,4.840324911832688e-05
14,0,4,3,1,1,58.0,58.0,58.0,0,0,0.0006088734753538648
16,1,6,2,2,3,59.313332875569664,118.99,22.0,1,1,0.970362180708495
34,1,12,1,1,1,139.99000549316406,139.99,139.99,0,0,0.004678867516162361
49,0,3,3,2,3,29.150000254313152,46.0,14.43,0,0,0.005771383731172954
28,0,4,4,1,1,84.98999786376953,84.99,84.99,0,0,0.0021160249820574204
47,0,4,4,1,1,36.0,36.0,36.0,0,0,0.00028190853447884273
19,1,13,4,4,5,88.08199996948242,162.0,21.41,1,1,0.9998925434882261
64,0,4,4,2,2,12.989999771118164,15.99,9.99,0,0,0.00042292529121057887
68,0,4,1,1,2,43.489999771118164,60.0,26.98,0,0,0.020209026639645283
41,1,3,4,1,2,177.4949951171875,259.99,95.0,1,1,1.0
48,1,13,3,1,2,32.60000038146973,46.0,19.2,0,0,0.0008751482628161536
14,1,4,3,1,1,103.8499984741211,103.85,103.85,0,0,0.019546578796325705
23,0,3,4,1,1,39.5,39.5,39.5,0,0,2.4917948482181724e-05
68,0,13,4,1,1,60.0,60.0,60.0,0,0,0.0009266713654025735
62,1,13,4,1,2,22.449999928474426,40.91,3.99,0,0,0.0011772344374511691
30,1,7,4,2,3,121.1566670735677,298.0,25.48,1,1,0.9996613509751573
38,1,4,4,1,1,49.900001525878906,49.9,49.9,0,0,0.0002194128245956893
59,1,4,4,2,3,39.983333587646484,49.99,25.0,0,0,0.08550698150592939
41,1,3,4,1,3,194.81666564941406,424.5,30.0,1,1,0.9995462563624418
66,1,13,0,2,5,68.4859992980957,189.0,17.99,1,1,0.9993414445474449
13,0,6,2,1,1,68.0,68.0,68.0,0,0,0.0003467895273946103
18,1,10,3,1,1,25.0,25.0,25.0,0,0,3.2664699712926596e-06
37,0,6,3,1,1,25.5,25.5,25.5,0,0,6.160052574650034e-05
54,0,13,4,1,2,92.99499988555908,159.0,26.99,1,1,0.9935618042484861
50,1,13,4,1,3,34.64333470662435,44.99,18.95,0,0,0.02252275859354405
32,1,13,4,1,2,138.47000122070312,199.99,76.95,1,1,0.9999017181129878
43,0,12,4,1,1,41.9900016784668,41.99,41.99,0,0,3.887495947555817e-05
39,1,3,4,1,1,8.0,8.0,8.0,0,0,8.38068749601134e-06
56,0,9,1,1,1,31.899999618530273,31.9,31.9,0,0,2.041620703291727e-05
30,0,13,4,1,1,92.56999969482422,92.57,92.57,0,0,0.0058357000501821805
13,1,10,4,1,1,349.1700134277344,349.17,349.17,1,1,1.0
31,0,13,4,2,3,30.25000063578288,42.0,8.76,0,0,0.01760845832055646
43,0,8,4,1,1,18.0,18.0,18.0,0,0,2.5029540387088356e-05
16,0,13,4,1,1,34.0,34.0,34.0,0,0,1.7207848250878683e-05
35,0,10,4,4,7,66.73374962806702,249.0,17.99,1,1,0.9999929241611508
29,0,10,4,4,6,39.910000392368865,69.5,9.0,1,1,0.9734717398079775
36,0,3,4,1,1,15.0,15.0,15.0,0,0,1.968289985955307e-05
21,1,3,4,2,2,60.359999656677246,100.82,19.9,0,0,0.2469002217489915
26,1,10,3,3,3,42.8233331044515,65.0,29.99,0,0,0.36715042024154665
33,1,4,3,1,1,22.0,22.0,22.0,0,0,8.38068749601134e-06
67,0,13,2,1,1,39.95000076293945,39.95,39.95,0,0,7.359466274078951e-06
32,0,4,4,1,1,15.0,15.0,15.0,0,0,1.968289985955307e-05
64,1,3,4,1,1,19.969999313354492,19.97,19.97,0,0,0.00025046553172730504
70,0,4,4,1,1,12.09000015258789,12.09,12.09,0,0,1.968289985955307e-05
66,1,4,4,1,1,13.989999771118164,13.99,13.99,0,0,0.00023428430195384227
38,1,3,0,3,4,65.10999965667725,97.5,38.48,1,1,0.9988835926255664
59,0,13,4,1,2,210.22500610351562,297.95,122.5,1,1,0.9999607657338881
37,0,10,4,2,4,136.72199974060058,465.0,28.0,1,1,0.9999354583689087
41,0,13,4,1,2,58.260000228881836,65.21,51.31,0,0,0.056216499449145634
27,1,13,4,2,3,62.4975004196167,130.0,25.0,1,1,0.9930697567020759
23,1,4,4,1,2,19.795000076293945,25.99,13.6,0,0,0.0011421733490008183
39,0,4,4,1,1,34.49499988555908,48.0,20.99,0,0,0.0003092137880198293
52,1,13,4,2,4,26.89600067138672,36.99,12.0,0,0,0.035362116049123475
14,0,7,4,2,2,29.89000129699707,39.99,19.79,0,0,0.0005639311173887442
70,0,3,2,1,2,132.75500106811523,138.0,127.51,1,1,0.9706356965638695
70,0,13,3,2,3,44.159999211629234,76.49,26.0,0,0,0.3869229302902982
41,1,4,4,2,3,99.53999996185303,246.0,42.16,1,1,0.9999489948888604
19,0,3,3,1,2,10.994999885559082,11.99,10.0,0,0,0.0012810196172301819
33,1,13,4,2,2,58.994998931884766,74.99,43.0,0,0,0.15884697995435812
31,0,4,3,1,1,9.989999771118164,9.99,9.99,0,0,1.968289985955307e-05
22,1,4,4,2,2,32.826667149861656,39.5,21.99,0,0,0.0005431107039415445
59,1,6,3,1,1,39.9900016784668,39.99,39.99,0,0,3.307410061169173e-05
23,0,3,2,3,4,73.42799949645996,138.0,25.0,1,1,0.9997390434897925
54,1,4,4,1,1,99.98999786376953,99.99,99.99,0,0,0.005615498536916953
62,1,13,3,1,1,119.98999786376953,119.99,119.99,0,0,0.010500290260916968
69,1,4,4,4,5,63.50285792350769,160.38,2.95,1,1,0.9995955173243759
47,0,13,3,1,1,7.519999980926514,7.52,7.52,0,0,1.968289985955307e-05
52,0,12,0,1,1,9.770000457763672,9.77,9.77,0,0,2.5029540387088356e-05
63,0,4,4,3,3,24.019999980926514,40.0,11.09,0,0,0.014618673761574386
18,0,7,4,1,1,149.97999572753906,149.98,149.98,0,0,0.003997166141669393
17,0,4,4,1,1,25.0,25.0,25.0,0,0,6.160052574650034e-05
52,1,4,4,2,2,80.81000010172527,198.0,21.99,1,1,0.8908770105964545
55,1,10,2,2,2,44.974998474121094,69.99,19.96,0,0,0.026993499185146184
16,0,12,4,3,4,49.894999980926514,109.0,25.0,1,1,0.9903229851639519
45,1,4,4,1,1,49.9900016784668,49.99,49.99,0,0,0.00024925205174492545
24,1,4,4,1,1,26.0,26.0,26.0,0,0,3.2664699712926596e-06
63,0,4,1,1,2,77.45499992370605,124.93,29.98,0,0,0.19599219140028928
64,1,3,4,1,1,22.0,22.0,22.0,0,0,0.00025046553172730504
53,0,3,4,1,2,53.989999771118164,69.0,38.98,0,0,0.019474873042059443
44,1,3,2,1,1,27.989999771118164,27.99,27.99,0,0,8.38068749601134e-06
63,0,4,4,1,1,32.0,32.0,32.0,0,0,4.661599412382602e-05
69,1,4,2,1,1,28.5,28.5,28.5,0,0,2.4561917269474136e-05
23,1,13,4,1,2,47.469998359680176,64.95,29.99,0,0,0.03207979245088722
40,1,3,4,1,1,19.989999771118164,19.99,19.99,0,0,8.38068749601134e-06
50,1,11,4,3,4,49.23500061035156,72.94,10.0,1,1,0.9638565935191338
45,0,3,1,1,1,30.0,30.0,30.0,0,0,2.041620703291727e-05
43,0,6,3,1,1,13.9399995803833,13.94,13.94,0,0,2.5029540387088356e-05
20,1,10,4,1,2,25.225000381469727,28.45,22.0,0,0,0.0003706842544152088
19,1,4,1,1,1,32.95000076293945,32.95,32.95,0,0,9.260001644221333e-05
42,1,3,4,1,1,36.9900016784668,36.99,36.99,0,0,1.614030245782154e-05
27,0,0,4,2,1,59.489999771118164,79.99,38.99,0,0,0.12082267195186759
51,1,4,4,1,1,119.0,119.0,119.0,0,0,0.007947684511232778
70,1,13,4,2,3,122.81666564941406,169.0,64.5,1,1,0.9998241338493439
65,0,6,4,1,1,84.43999767303467,149.98,18.9,0,0,0.4140214338661702
54,0,3,4,1,1,188.9499969482422,188.95,188.95,1,1,1.0
18,0,6,4,1,1,308.0,308.0,308.0,1,1,1.0
59,1,4,4,1,1,311.8500061035156,311.85,311.85,1,1,1.0
50,0,4,2,2,2,57.2450008392334,64.5,49.99,0,0,0.04236868222883988
17,0,13,2,1,1,11.520000457763672,11.52,11.52,0,0,1.968289985955307e-05
46,0,6,4,2,2,24.515000820159912,39.99,9.04,0,0,0.00039149377778863436
70,1,8,4,1,2,36.483333587646484,56.0,25.0,0,0,0.0026673358337953672
68,0,4,0,1,1,29.989999771118164,29.99,29.99,0,0,1.5069566505381985e-05
26,0,12,3,1,1,14.0,14.0,14.0,0,0,1.968289985955307e-05
17,1,4,3,1,1,34.9900016784668,34.99,34.99,0,0,6.701403613210124e-05
64,0,11,4,2,2,27.28999964396159,52.78,6.99,0,0,0.003902100836103656
44,0,10,2,3,3,28.656666437784832,32.98,24.99,0,0,0.020004727914741404
34,1,4,4,4,5,155.55000146230063,350.0,14.99,1,1,0.9999580445093033
65,0,4,4,1,3,69.81999969482422,99.97,32.5,1,1,0.9660206136779075
18,1,0,4,2,2,34.75,49.5,20.0,0,0,0.009486002041209182
64,0,4,4,1,1,4.099999904632568,4.1,4.1,0,0,4.835768968724385e-05
48,1,3,4,1,1,48.959999084472656,48.96,48.96,0,0,0.00023171799276632102
59,1,13,4,3,3,35.576666514078774,55.0,21.74,0,0,0.11413115762603042
62,1,3,4,1,1,49.95000076293945,49.95,49.95,0,0,0.00041739547685420747
18,0,4,3,1,1,22.950000762939453,22.95,22.95,0,0,1.968289985955307e-05
27,1,4,4,3,3,61.895999908447266,119.99,25.0,1,1,0.9923319494323593
23,0,8,4,1,1,60.95000076293945,60.95,60.95,0,0,0.0002488362685026484
68,0,4,0,1,1,39.95000076293945,39.95,39.95,0,0,5.633504105833929e-05
17,1,11,1,2,6,46.57857050214495,89.99,12.76,1,1,0.9518746578775557
13,1,4,3,1,1,29.984999656677246,29.99,29.98,0,0,0.0
52,0,6,3,1,1,44.099998474121094,44.1,44.1,0,0,0.00012078801086338518
16,1,13,4,1,1,160.0,160.0,160.0,0,0,0.004921825237595959
28,0,3,4,1,1,251.3699951171875,251.37,251.37,1,1,1.0
13,0,4,4,2,1,37.5,50.0,25.0,0,0,0.0035576647452967417
15,1,13,4,1,1,23.989999771118164,23.99,23.99,0,0,3.2664699712926596e-06
56,1,13,3,1,1,49.0,49.0,49.0,0,0,5.464401184125875e-05
41,0,13,4,1,2,94.9749984741211,118.0,71.95,1,1,0.9804175844232613
22,0,4,2,3,7,35.24142871584211,100.0,7.98,1,1,0.9807528050107105
23,1,13,4,1,1,47.9900016784668,47.99,47.99,0,0,0.00014893875112875632
26,0,4,3,1,2,88.81999969482422,160.0,17.64,1,1,0.9906641585370639
37,0,6,4,2,2,119.65999921162923,259.0,29.99,1,1,0.9989234113601739
13,1,4,4,4,4,115.23800048828124,199.99,24.0,1,1,0.9998271814740444
28,1,13,3,2,2,42.0,58.0,26.0,0,0,0.0034047148837368624
42,1,0,4,2,3,26.479999923706053,35.0,20.0,0,0,0.0053278046469185615
55,0,11,4,3,5,75.0280029296875,264.67,13.5,1,1,0.9999017894451231
16,1,3,4,3,5,35.72000050544739,67.0,9.0,1,1,0.9590848103357947
28,0,4,4,2,3,33.313334147135414,40.0,19.95,0,0,0.003002328824229715
33,1,10,4,2,2,25.5,34.5,20.0,0,0,0.0006892807307136095
42,1,4,4,1,1,69.98999786376953,69.99,69.99,0,0,0.0004992569965879389
60,1,12,2,2,2,48.9950008392334,62.99,35.0,0,0,0.016424779393677688
35,1,4,4,2,3,66.24333318074544,85.74,42.99,1,1,0.9647014293848897
14,0,4,2,1,3,24.4366668065389,37.95,10.36,0,0,0.0003585277629836909
65,0,4,3,1,2,17.489999771118164,21.99,12.99,0,0,0.00032802479701287996
63,0,13,3,2,3,26.113333702087402,39.99,3.37,0,0,0.001911888188334316
29,0,4,3,1,2,63.16999816894531,79.95,46.39,0,0,0.09508642932467704
16,1,3,4,1,1,68.80000305175781,68.8,68.8,0,0,0.005316937540454856
22,1,4,4,4,4,87.0,178.0,25.0,1,1,0.9999168675726993
48,1,4,3,1,1,29.950000762939453,29.95,29.95,0,0,6.309722426288844e-06
37,0,12,4,1,1,90.0,90.0,90.0,0,0,0.0037611041486783027
16,0,10,4,1,1,70.0,70.0,70.0,0,0,0.00019486161975616883
17,0,4,4,2,2,18.02999973297119,22.99,13.07,0,0,0.00042390526368137776
51,0,4,4,3,4,25.292499542236328,35.19,11.99,0,0,0.006510708945974267
64,0,4,4,1,2,47.97500038146973,51.0,44.95,0,0,0.010826123388367869
14,0,13,4,2,2,35.05000019073486,62.0,8.1,0,0,0.021565694033124267
36,0,4,4,1,1,19.989999771118164,19.99,19.99,0,0,1.968289985955307e-05
43,0,13,4,1,2,54.364999771118164,85.0,23.73,0,0,0.08640063380014765
60,0,13,4,1,1,59.9900016784668,59.99,59.99,0,0,0.0009337971657991138
31,1,6,4,1,3,21.829999923706055,34.5,5.99,0,0,0.0015229447456217632
65,0,4,4,2,5,98.38999938964844,200.0,20.0,1,1,0.9999935979513443
53,0,4,4,1,1,19.989999771118164,19.99,19.99,0,0,2.5029540387088356e-05
45,0,4,4,1,1,31.950000762939453,31.95,31.95,0,0,2.3287844823670516e-05
34,1,4,4,1,1,21.399999618530273,21.4,21.4,0,0,8.38068749601134e-06
53,0,4,4,1,1,45.95000076293945,45.95,45.95,0,0,0.0002915465874741464
25,1,3,4,1,1,59.9900016784668,59.99,59.99,0,0,0.00040457551323409315
53,1,7,1,1,1,9.989999771118164,9.99,9.99,0,0,3.2664699712926596e-06
57,1,13,4,1,1,65.0,65.0,65.0,0,0,0.0006380117595543835
17,1,13,4,1,1,59.959999084472656,59.96,59.96,0,0,0.00022515223035744387
22,1,3,4,1,1,49.0,49.0,49.0,0,0,0.00023869473695236753
26,1,13,4,1,4,34.48750019073486,54.95,15.0,0,0,0.09465811379421148
19,1,13,4,1,1,25.0,25.0,25.0,0,0,0.00011078300079433469
58,0,13,4,1,2,47.99499988555908,64.0,31.99,0,0,0.01875074461948837
31,1,4,4,3,5,34.06333351135254,52.48,13.5,1,1,0.7086164142724718
43,1,4,2,1,1,80.0,80.0,80.0,0,0,0.0008190024270168079
19,1,4,4,1,1,24.5,24.5,24.5,0,0,8.769423732588935e-05
64,1,6,4,1,2,49.46999931335449,81.99,16.95,0,0,0.06787051470625606
42,1,3,4,2,3,30.19333330790202,48.59,7.99,0,0,0.005285066968386562
20,1,3,3,2,3,52.40000025431315,67.99,39.22,0,0,0.2925035652781168
50,0,4,4,1,1,14.899999618530273,14.9,14.9,0,0,2.5029540387088356e-05
27,0,13,4,3,3,89.64666684468587,188.0,25.99,1,1,0.9996683827496458
52,1,12,1,1,3,68.31333414713542,95.0,49.99,1,1,0.9676220442940874
20,1,0,3,1,1,145.0,145.0,145.0,0,0,0.01110015074752377
28,0,6,4,1,1,14.989999771118164,14.99,14.99,0,0,1.968289985955307e-05
37,0,12,4,2,2,52.28000068664551,63.33,41.23,0,0,0.013950631793902362
60,1,13,4,2,1,45.49499988555908,75.0,15.99,0,0,0.03345612949287219
37,0,4,4,2,4,31.989999771118164,47.94,22.99,0,0,0.033797513133719995
27,0,0,4,1,1,6.989999771118164,6.99,6.99,0,0,1.968289985955307e-05
56,1,4,4,1,1,189.0,189.0,189.0,1,1,1.0
26,1,13,4,1,1,77.98999786376953,77.99,77.99,0,0,0.0006735700156278317
17,1,4,4,1,1,44.9900016784668,44.99,44.99,0,0,0.00042972550257060064
21,1,4,4,4,3,36.06000089645386,69.3,23.0,0,0,0.34342263643317295
14,1,3,4,1,4,37.74749994277954,65.0,9.99,0,0,0.09468414885710053
60,1,4,2,1,1,79.98999786376953,79.99,79.99,0,0,0.0007294855070929655
53,1,4,4,1,1,49.5,49.5,49.5,0,0,0.0002194128245956893
15,0,7,3,4,4,60.718001174926755,129.99,13.99,1,1,0.9994231564008477
21,0,4,4,1,1,32.95000076293945,32.95,32.95,0,0,2.4917948482181724e-05
46,0,3,4,1,1,61.2400016784668,61.24,61.24,0,0,0.0004855907613881748
40,1,4,4,1,1,67.94999694824219,67.95,67.95,0,0,0.0005172986343836027
44,0,4,4,1,1,49.9900016784668,49.99,49.99,0,0,0.00026201217827765647
13,0,13,4,1,1,12.0,12.0,12.0,0,0,1.848739495798291e-05
69,0,4,4,2,1,60.0,100.0,20.0,0,0,0.25665114339581246
18,1,2,4,1,1,179.0,179.0,179.0,1,1,1.0
18,1,10,3,1,1,69.98999786376953,69.99,69.99,0,0,0.0002498721068534254
69,0,4,4,1,1,24.979999542236328,24.98,24.98,0,0,2.739300009085611e-05
63,1,10,1,2,3,84.98750066757202,208.47,21.99,1,1,0.9958367972821818
56,1,7,4,1,1,21.969999313354492,21.97,21.97,0,0,2.5314485649881535e-05
39,0,13,3,1,3,43.08333396911621,75.26,24.99,0,1,0.5082364811422407
68,0,13,4,3,4,39.689999389648435,92.6,15.99,1,1,0.8189125080472117
16,1,3,0,2,2,117.75,199.0,36.5,1,1,0.9947349642805206
66,1,12,4,1,1,22.8799991607666,22.88,22.88,0,0,0.00021161325776397188
28,0,13,4,1,2,34.610000133514404,60.27,8.95,0,0,0.007574277555267429
58,1,4,0,1,1,18.0,18.0,18.0,0,0,3.2664699712926596e-06
65,0,4,4,1,4,61.72000074386597,130.0,31.99,1,1,0.9809363233054583
66,0,0,4,1,2,57.80500030517578,78.0,37.61,0,0,0.12904352232460353
22,0,11,3,1,1,14.0,14.0,14.0,0,0,1.968289985955307e-05
48,0,3,0,1,2,17.5,25.0,10.0,0,0,0.0017131095781949
64,1,4,4,1,2,55.97666803995768,62.95,44.99,0,0,0.021080105929732328
66,0,3,4,3,4,64.48249959945679,144.95,29.99,1,1,0.999909283427415
59,0,12,4,2,2,75.5,128.0,23.0,0,0,0.24367059182017387
31,1,13,4,1,1,69.98999786376953,69.99,69.99,0,0,0.000777021646508579
46,1,4,4,1,1,59.5,59.5,59.5,0,0,0.00041965820167665487
67,1,3,4,3,8,73.76124954223633,189.0,16.99,1,1,0.999950560651384
66,1,4,4,1,1,119.0,119.0,119.0,0,0,0.010986072030401178
58,1,12,4,2,5,64.53199996948243,130.0,25.0,1,1,0.9969126025566549
66,0,6,4,4,7,53.29285703386579,141.62,29.95,1,1,0.9938219156670995
35,1,3,4,1,1,24.989999771118164,24.99,24.99,0,0,8.38068749601134e-06
14,1,3,2,1,1,95.98999786376953,95.99,95.99,0,0,0.005025077189061172
40,1,13,4,1,2,29.4950008392334,33.99,25.0,0,0,0.0002526770620359874
68,0,13,3,2,3,33.86666679382324,45.0,14.6,0,0,0.017328008882091524
54,0,8,4,1,2,24.0,35.0,13.0,0,0,0.0011473691732190616
38,1,6,4,1,1,49.5,49.5,49.5,0,0,0.0001200451642524198
41,1,6,3,1,2,53.22500038146973,54.45,52.0,0,0,0.0063297630503248315
27,1,3,4,4,5,51.79500071207682,82.9,22.0,1,1,0.9930688186229618
13,0,4,4,1,1,139.99000549316406,139.99,139.99,0,0,0.005320889783796683
47,1,13,2,2,2,40.469998359680176,69.95,10.99,0,0,0.01392653981513746
65,0,4,3,1,4,37.24749994277954,59.5,19.99,0,0,0.08800474441770215
62,1,4,2,3,5,84.36333306630452,298.0,12.99,1,1,0.9999242258870952
21,1,0,4,1,1,239.99000549316406,239.99,239.99,1,1,1.0
57,0,6,3,4,4,45.65250015258789,69.99,32.65,1,1,0.9894692467434527
34,1,4,0,2,2,37.0,44.0,30.0,0,0,0.006072861635185198
19,0,13,4,1,1,288.0,288.0,288.0,1,1,1.0
34,0,4,4,1,1,39.5,39.5,39.5,0,0,1.7941204296135235e-05
64,0,13,1,1,1,62.0,62.0,62.0,0,0,0.0003938345108171556
49,1,13,4,1,1,164.1199951171875,164.12,164.12,0,0,0.004234195798683494
38,1,4,4,1,2,25.994999885559082,26.99,25.0,0,0,0.0003109864556760377
28,0,4,4,1,1,83.18000030517578,83.18,83.18,0,0,0.0012372756167856802
40,1,13,4,1,2,55.0,55.0,55.0,0,0,0.010221487642041577
30,1,13,4,2,2,117.72499990463257,219.5,15.95,1,1,0.9974100469338474
53,1,11,2,1,1,58.9900016784668,58.99,58.99,0,0,0.00013024448143118497
67,1,6,3,2,4,90.0719985961914,158.0,47.42,1,1,0.9999232867001753
28,1,0,4,1,3,32.83000055948893,43.99,25.0,0,0,0.002405569665491963
55,1,4,2,1,1,31.950000762939453,31.95,31.95,0,0,6.309722426288844e-06
55,0,4,4,1,2,16.97499990463257,25.0,8.95,0,0,0.0002787916109026289
24,0,4,2,4,5,45.27600021362305,101.4,23.99,1,1,0.9979624004377216
34,1,4,4,2,2,117.0,169.0,65.0,1,1,0.9994838767396494
14,0,8,4,1,1,55.0,55.0,55.0,0,0,0.0003502007232917471
55,1,13,4,2,2,81.5,138.0,25.0,0,0,0.3673068302935938
36,0,2,3,1,1,34.0,34.0,34.0,0,0,1.02311040648322e-05
28,1,4,3,1,1,140.6999969482422,140.7,140.7,0,0,0.005246127357097678
62,1,4,4,1,1,25.0,25.0,25.0,0,0,0.00023428430195384227
36,0,4,4,1,1,69.94999694824219,69.95,69.95,0,0,0.0005194590774365239
36,1,13,4,3,4,72.71750068664551,115.0,33.99,1,1,0.9986797777759149
35,1,3,4,1,1,36.0,36.0,36.0,0,0,9.181360217042095e-06
21,1,3,0,1,1,130.0,130.0,130.0,0,0,0.017722878248639856
32,0,4,4,1,1,368.0,368.0,368.0,1,1,1.0
70,1,3,0,1,2,74.99499893188477,109.99,40.0,0,0,0.17486955842789825
22,0,4,4,2,4,36.74500036239624,62.99,16.99,0,1,0.5992676936870197
44,0,11,4,1,1,11.710000038146973,11.71,11.71,0,0,2.5029540387088356e-05
44,0,13,4,1,1,147.1300048828125,147.13,147.13,0,0,0.003285127337306182
40,1,3,3,2,3,40.483333587646484,49.5,35.95,0,0,0.03548228967754702
62,1,4,1,1,2,37.8700008392334,40.0,35.74,0,0,0.0006884591500413289
33,0,13,4,3,3,50.9966672261556,74.0,21.0,0,1,0.5067308174351066
32,0,13,0,1,1,24.989999771118164,24.99,24.99,0,0,5.3890425515197304e-05
15,1,13,4,1,1,39.880001068115234,39.88,39.88,0,0,1.8002829119149342e-05
41,0,3,4,2,1,52.970001220703125,63.95,41.99,0,0,0.01167864078202815
69,0,4,3,2,3,58.02333323160807,68.65,49.0,1,1,0.8727126055731331
26,1,7,2,1,1,111.98999786376953,148.98,75.0,1,1,0.8508831046482009
18,1,3,0,1,1,25.0,25.0,25.0,0,0,3.2664699712926596e-06
64,0,4,0,1,1,52.0,52.0,52.0,0,0,0.0001326341571682976
37,1,4,4,2,2,36.0,40.0,32.0,0,0,0.001253644432468653
56,0,13,4,1,1,10.739999771118164,10.74,10.74,0,0,1.968289985955307e-05
64,0,13,4,2,2,140.70499992370605,231.42,49.99,1,1,0.9997636665271321
39,1,13,4,1,1,20.0,20.0,20.0,0,0,4.840324911832688e-05
41,0,13,4,1,1,158.0,158.0,158.0,0,0,0.005043645644145731
37,0,3,0,1,2,74.99499893188477,89.99,60.0,0,0,0.0932313129535088
12,0,3,3,1,1,9.609999656677246,9.61,9.61,0,0,1.848739495798291e-05
67,0,4,2,1,2,97.56000328063965,147.13,47.99,1,1,0.9924831032214955
25,1,4,4,1,4,69.97000026702881,99.5,35.95,1,1,0.9781801733954034
51,0,4,4,1,2,14.944999694824219,14.99,14.9,0,0,0.0006783703385273732
13,0,0,4,1,2,79.99499893188477,94.99,65.0,0,0,0.12265965568494858
28,1,4,2,1,2,33.99499988555908,50.0,17.99,0,0,0.0006675734573616664
50,0,4,4,1,1,8.949999809265137,8.95,8.95,0,0,2.5029540387088356e-05
45,1,13,4,1,1,82.0,82.0,82.0,0,0,0.002231895565267958
43,0,4,1,1,1,74.0,74.0,74.0,0,0,0.0007458836490323629
40,0,6,4,1,2,15.720000267028809,24.45,6.99,0,0,0.0004706415936686253
59,0,4,4,3,6,72.15714291163853,198.0,12.99,1,1,0.9999440477762909
13,0,3,4,1,1,69.94999694824219,69.95,69.95,0,0,0.0002954432274512021
13,1,4,0,1,1,30.0,30.0,30.0,0,0,0.0
17,1,10,4,1,2,55.5,69.0,42.0,0,0,0.03191427478587162
36,0,12,3,2,2,56.474998474121094,69.95,43.0,0,0,0.04732664629245571
13,1,13,3,2,2,33.5,50.0,17.0,0,0,0.0029810995818945318
44,0,12,4,2,2,48.24499988555908,89.5,6.99,0,0,0.1003318582677089
54,0,12,4,4,4,32.91142797470093,71.7,3.9,1,0,0.4071695502818838
45,0,4,4,2,4,76.62199935913085,141.62,10.5,1,1,0.9881827978935586
53,0,12,4,2,2,59.46500015258789,70.0,48.93,0,0,0.09884684340332983
28,0,4,4,1,1,93.23999786376953,93.24,93.24,0,0,0.009321355795464066
68,1,6,4,1,1,49.95000076293945,49.95,49.95,0,0,0.00024900360129607714
59,0,10,4,1,2,67.30999819437663,97.95,8.99,1,0,0.20248908292727852
64,1,13,2,1,2,33.950000286102295,53.95,13.95,0,0,0.0032109428622567795
20,1,4,4,4,4,274.2400002479553,999.0,28.99,1,1,0.9998771561820367
55,0,4,4,2,2,39.994998931884766,69.99,10.0,0,0,0.03293777735497668
25,0,4,4,1,1,36.9900016784668,36.99,36.99,0,0,2.4917948482181724e-05
42,0,13,4,1,1,39.95000076293945,39.95,39.95,0,0,2.581821871671985e-05
54,1,13,4,1,4,197.98750019073486,550.0,26.45,1,1,0.9999533810539204
25,0,3,4,1,1,119.0,119.0,119.0,0,0,0.006266824919252245
26,1,13,4,1,1,49.5,49.5,49.5,0,0,0.00023372096159890123
50,1,4,4,1,1,29.989999771118164,29.99,29.99,0,0,6.309722426288844e-06
36,0,10,3,1,1,39.0,49.5,28.5,0,0,0.00010345028638327395
39,0,13,1,1,2,23.489999771118164,36.98,10.0,0,0,0.0008635725898063608
57,1,4,1,1,1,32.0,32.0,32.0,0,0,1.1955049015701636e-06
22,1,4,4,1,2,40.49666659037272,70.0,9.99,0,0,0.0070482279052328034
23,0,4,4,2,3,33.9966672261556,44.99,24.0,0,0,0.004156308932308179
13,1,3,4,3,3,50.48499917984009,89.95,17.99,1,1,0.67486803306186
42,0,12,3,1,1,357.0,357.0,357.0,1,1,1.0
12,0,13,4,3,3,66.2466672261556,128.0,16.75,1,1,0.9861090878614571
46,1,13,3,2,2,31.989999771118164,31.99,31.99,0,0,0.0007474763393734953
43,1,0,4,1,1,89.7300033569336,89.73,89.73,0,0,0.01155074364298149
55,1,4,4,1,4,145.50999879837036,325.0,26.49,1,1,0.999959523560063
43,0,4,0,1,1,48.75,48.75,48.75,0,0,0.00013033993181042302
23,1,4,2,4,6,86.9199995313372,148.5,15.99,1,1,0.9999464166023264
34,1,13,4,3,4,38.85000038146973,59.45,25.0,0,1,0.5809879877639592
19,0,4,4,1,1,71.47000122070312,71.47,71.47,0,0,0.000349633972848379
48,0,4,4,1,1,130.0,130.0,130.0,0,0,0.0032485488622115972
59,1,6,4,1,1,14.989999771118164,14.99,14.99,0,0,2.5314485649881535e-05
54,1,7,2,1,1,18.0,18.0,18.0,0,0,2.5314485649881535e-05
12,1,13,4,1,1,293.3299865722656,293.33,293.33,1,1,1.0
58,0,3,3,2,2,32.0,39.0,25.0,0,0,0.0009875597386366662
33,0,6,0,1,1,27.0,27.0,27.0,0,0,6.160052574650034e-05
45,1,4,4,2,6,50.058334032694496,99.5,19.99,1,1,0.9535163749846046
15,0,3,4,1,1,33.060001373291016,33.06,33.06,0,0,2.4917948482181724e-05
20,1,13,3,1,2,85.99499893188477,109.99,62.0,1,1,0.9334914803052005
34,0,10,3,1,1,22.969999313354492,22.97,22.97,0,0,1.968289985955307e-05
43,1,6,4,1,2,47.44999885559082,74.95,19.95,0,0,0.03216806600373626
56,1,13,4,1,1,160.0,160.0,160.0,0,0,0.007814799711335302
55,1,3,2,1,4,29.0625,64.0,3.5,0,0,0.03893291481440642
13,0,4,3,1,1,31.989999771118164,31.99,31.99,0,0,1.6745699394565072e-05
69,0,13,3,1,1,20.0,20.0,20.0,0,0,1.968289985955307e-05
60,0,12,3,1,1,68.61000061035156,68.61,68.61,0,0,0.0004766642468441323
14,1,3,2,1,2,69.27499961853027,85.0,53.55,0,0,0.11621633851228276
47,0,7,4,2,5,98.19599990844726,131.0,54.98,1,1,0.9998762242149628
62,0,12,4,3,3,76.51600017547608,165.0,15.13,1,1,0.9990518234882977
32,1,13,4,4,5,75.18800048828125,129.99,20.5,1,1,0.9992902314879953
36,1,13,4,1,4,38.58750009536743,54.5,20.95,0,0,0.0940109208558907
52,1,3,4,1,3,72.34666697184245,160.0,22.05,1,1,0.9984830354107459
45,1,4,3,1,1,758.0,758.0,758.0,1,1,1.0
48,1,4,4,2,1,47.47500038146973,65.0,29.95,0,0,0.022893823610716763
55,1,4,4,1,1,29.950000762939453,29.95,29.95,0,0,6.309722426288844e-06
15,1,4,4,1,1,227.5,227.5,227.5,1,1,1.0
64,1,13,4,1,1,12.989999771118164,12.99,12.99,0,0,0.00017787038495488934
20,1,11,1,2,2,125.22500038146973,198.0,52.45,1,1,0.9996167786505517
44,1,13,4,1,1,59.5,59.5,59.5,0,0,0.00045896227754783594
26,1,4,2,2,2,37.49499988555908,45.0,29.99,0,0,0.0024192379447799243
33,1,11,4,1,1,78.0,78.0,78.0,0,0,0.0011402747202129513
18,1,13,4,1,1,34.95000076293945,34.95,34.95,0,0,0.0006066517343162808
18,1,3,4,3,5,46.19599952697754,79.99,11.99,1,1,0.9878261503946881
13,1,6,3,1,1,25.0,25.0,25.0,0,0,2.0709650697224966e-06
13,1,13,4,2,2,52.30000114440918,59.95,44.65,0,0,0.013968296487482457
55,0,4,4,2,4,39.05200023651123,78.0,13.31,1,1,0.6651824390131195
64,0,4,4,1,1,169.97999572753906,169.98,169.98,0,0,0.010025557399832486
67,1,3,4,1,1,39.5,39.5,39.5,0,0,0.0002994906212420726
33,0,13,4,4,4,49.2325005531311,99.0,8.99,1,1,0.9932577065727949
27,0,4,4,1,1,26.989999771118164,26.99,26.99,0,0,6.160052574650034e-05
22,1,13,3,1,3,77.23750066757202,199.0,29.97,1,1,0.9974977833856592
60,0,13,4,1,1,9.859999656677246,9.86,9.86,0,0,1.968289985955307e-05
64,1,3,2,2,3,42.960000356038414,53.0,36.0,0,0,0.10264338555084748
18,0,13,4,1,1,12.0,12.0,12.0,0,0,1.968289985955307e-05
31,1,4,4,1,1,38.77000045776367,38.77,38.77,0,0,1.1026084933102857e-05
70,1,3,4,1,1,20.0,20.0,20.0,0,0,2.4561917269474136e-05
56,1,11,4,1,1,32.0,32.0,32.0,0,0,2.6115158370912287e-05
46,1,0,4,1,3,13.196666717529297,15.6,11.99,0,0,0.0021285872860189107
31,1,3,4,2,4,66.89499950408936,149.0,19.99,1,1,0.9983372174974405
65,0,13,0,1,1,79.0,79.0,79.0,0,0,0.003286087570311038
57,0,12,4,1,1,12.989999771118164,12.99,12.99,0,0,2.5029540387088356e-05
16,1,4,1,4,5,30.979999678475515,89.99,4.88,1,1,0.8138691510038784
44,1,13,4,1,1,19.989999771118164,19.99,19.99,0,0,4.840324911832688e-05
23,0,4,4,1,2,110.83500003814697,198.0,23.67,1,1,0.9925469810384239
47,1,13,4,1,1,25.0,25.0,25.0,0,0,4.840324911832688e-05
42,1,13,4,1,1,39.9900016784668,39.99,39.99,0,0,7.174997873202474e-05
63,0,10,4,1,1,39.0,39.0,39.0,0,0,2.3287844823670516e-05
27,1,4,3,1,1,36.95000076293945,36.95,36.95,0,0,1.1026084933102857e-05
39,1,11,4,2,2,39.375,48.75,30.0,0,0,0.002883993060633257
69,0,13,4,1,3,13.733333587646484,22.95,8.98,0,0,0.0024737665817937413
60,1,13,3,1,1,12.449999809265137,12.45,12.45,0,0,4.5584755920151746e-05
35,1,6,2,1,1,46.5,46.5,46.5,0,0,8.147108165813696e-05
26,0,4,2,1,1,37.9900016784668,37.99,37.99,0,0,2.204631069142847e-05
69,1,4,1,1,1,239.5,239.5,239.5,1,1,1.0
66,1,6,4,1,1,51.189998626708984,51.19,51.19,0,0,0.0003081546170963382
67,1,0,4,1,2,95.69999980926514,178.0,13.4,1,1,0.9857391133659522
13,0,0,4,2,2,48.470001220703125,59.95,36.99,0,0,0.019571249597792894
64,1,4,0,1,1,126.0,126.0,126.0,0,0,0.009191805628618923
48,1,7,4,2,3,49.5600004196167,95.0,22.98,1,1,0.5920901992706677
39,1,4,4,2,2,20.90333366394043,39.97,9.99,0,0,0.0013251974375538197
21,1,11,4,3,4,50.48750019073486,78.0,22.0,1,1,0.9804039057916561
64,0,4,2,2,3,89.79000091552734,172.0,41.99,1,1,0.9993205395462905
36,1,13,4,1,1,62.36000061035156,62.36,62.36,0,0,0.00045992343122519574
44,1,13,2,1,2,72.25,74.5,70.0,0,0,0.03126968991073577
34,1,3,4,1,1,26.989999771118164,26.99,26.99,0,0,8.38068749601134e-06
39,1,4,4,1,1,44.9900016784668,44.99,44.99,0,0,0.0002877764097253794
52,0,7,4,1,1,165.0,165.0,165.0,0,0,0.004063066550402281
43,1,6,2,1,1,36.0,36.0,36.0,0,0,2.324352058015904e-05
20,0,3,4,4,6,61.821428298950195,158.0,8.45,1,1,0.9999003195731239
32,1,4,3,1,1,29.5,29.5,29.5,0,0,0.00019600069970676502
14,0,13,4,1,1,15.0,15.0,15.0,0,0,1.848739495798291e-05
55,0,8,4,1,3,36.15000057220459,54.95,16.2,0,0,0.026255888467654365
16,1,4,4,1,1,17.3700008392334,17.37,17.37,0,0,3.2664699712926596e-06
34,1,7,1,1,1,65.0,65.0,65.0,0,0,0.0006473029196518362
58,1,3,4,1,1,57.95000076293945,57.95,57.95,0,0,0.0005003764275566255
20,0,13,4,2,3,88.01999918619792,105.56,69.0,1,1,0.9938394183977444
25,0,4,4,1,1,36.75,36.75,36.75,0,0,2.4917948482181724e-05
43,0,3,4,1,2,54.0,88.0,20.0,0,0,0.11259943244677363
55,1,12,3,1,1,35.0,35.0,35.0,0,0,2.6115158370912287e-05
28,1,3,4,1,1,28.0,28.0,28.0,0,0,3.2664699712926596e-06
18,1,4,4,2,4,55.5600004196167,75.0,38.75,1,1,0.9328275179707931
41,0,4,3,2,2,58.974998474121094,107.95,10.0,0,0,0.2642431125172762
45,0,4,3,1,1,23.670000076293945,23.67,23.67,0,0,2.5029540387088356e-05
23,0,3,4,1,1,59.5,59.5,59.5,0,0,0.0004393797916844196
19,0,13,2,1,3,21.3100004196167,39.99,9.95,0,0,0.00010135802906365388
52,0,13,4,1,1,27.989999771118164,27.99,27.99,0,0,1.968289985955307e-05
50,1,6,4,2,2,40.99499988555908,52.0,29.99,0,0,0.006654118834319354
58,0,7,4,1,1,5.989999771118164,5.99,5.99,0,0,2.5029540387088356e-05
56,1,4,2,3,5,43.783999633789065,59.5,14.98,1,1,0.9755167333679782
35,0,10,3,2,2,56.47500038146973,74.0,38.95,0,0,0.04446120708479952
57,1,4,4,1,1,17.65999984741211,17.66,17.66,0,0,8.38068749601134e-06
29,0,13,2,1,1,42.0,42.0,42.0,0,0,7.359466274078951e-06
53,1,13,4,1,3,122.6474986076355,311.65,24.99,1,1,0.999919688519122
67,0,11,4,1,1,14.75,14.75,14.75,0,0,2.5029540387088356e-05
67,0,13,4,4,6,54.2549991607666,100.0,13.0,1,1,0.9961469973533343
66,0,10,4,2,2,45.25,48.5,42.0,0,0,0.007346830375628224
28,0,3,4,1,1,40.0,40.0,40.0,0,0,3.352831894802289e-05
18,1,3,4,1,1,69.98999786376953,69.99,69.99,0,0,0.0003265090180206496
14,1,7,4,1,2,25.994999885559082,30.0,21.99,0,0,0.001273010049817117
30,1,3,4,1,2,37.4950008392334,49.99,25.0,0,0,0.002048575864764434
29,1,12,2,1,1,189.0,189.0,189.0,1,1,1.0
12,0,13,4,4,4,35.99499988555908,78.0,10.99,0,1,0.6603123566502839
29,0,6,4,2,2,84.5,119.0,50.0,0,0,0.18473442081812716
41,0,3,4,4,4,39.59000034332276,124.93,10.9,1,1,0.8396031650721731
51,0,4,3,1,1,39.9900016784668,39.99,39.99,0,0,2.3287844823670516e-05
17,0,13,3,1,1,8.470000267028809,8.47,8.47,0,0,1.968289985955307e-05
56,0,12,0,4,5,41.69000005722046,102.0,9.0,1,1,0.9918605194446871
39,1,0,4,1,1,59.45000076293945,59.45,59.45,0,0,0.00037689823101108057
61,1,13,4,3,3,20.047500133514404,30.2,15.0,0,0,0.005857659087768802
35,1,11,4,1,1,49.95000076293945,49.95,49.95,0,0,0.0001065680753036328
42,1,13,4,1,1,69.5,69.5,69.5,0,0,0.0005220650926095262
52,1,13,4,2,5,62.851250648498535,189.0,16.99,1,1,0.9994846691973546
41,0,3,4,1,1,31.989999771118164,31.99,31.99,0,0,2.3287844823670516e-05
15,0,3,1,1,1,13.239999771118164,13.24,13.24,0,0,1.968289985955307e-05
21,1,13,4,1,1,19.989999771118164,19.99,19.99,0,0,2.6355233439738017e-05
44,1,4,4,2,5,55.78000030517578,125.0,34.99,1,1,0.9710371289237133
20,1,4,2,1,1,298.0,298.0,298.0,1,1,1.0
48,0,4,4,1,1,105.0,105.0,105.0,0,0,0.005189838844310432
32,0,13,4,2,2,28.49000072479248,46.99,9.99,0,0,0.0025514199816228317
69,1,3,2,2,4,48.1939998626709,99.99,21.99,1,1,0.9408224438558426
54,1,3,4,1,1,70.0,70.0,70.0,0,0,0.000878856091807411
68,0,4,4,1,2,122.0,168.0,76.0,1,1,0.9987891851833016
32,1,10,4,2,4,73.56500053405762,185.0,19.5,1,1,0.9979261864676188
22,1,4,4,1,2,42.469998359680176,69.95,14.99,0,0,0.008859144644068995
24,0,6,3,1,1,111.0,111.0,111.0,0,0,0.009435377233964815
46,0,13,4,1,4,29.53249979019165,52.25,14.98,0,0,0.014124579426340775
69,1,7,2,2,4,67.25500154495239,179.99,12.0,1,1,0.9981679203192982
25,1,13,4,2,2,37.99499988555908,46.0,29.99,0,0,0.007381011479817785
43,1,13,4,1,3,38.326667149861656,49.99,30.99,0,0,0.024856072754620814
22,0,4,4,3,3,107.38000106811523,159.99,19.95,1,1,0.9991009868328774
44,1,3,4,1,3,68.71500015258789,134.92,35.0,1,1,0.9733538675873546
37,0,6,4,1,1,31.0,31.0,31.0,0,0,1.7941204296135235e-05
49,1,4,4,1,2,35.0,38.0,32.0,0,0,0.000769417874884116
70,0,3,4,3,5,40.139999071756996,79.99,7.99,1,1,0.9345632153965198
62,0,2,4,1,1,120.0,120.0,120.0,0,0,0.0060041408594206066
61,1,13,1,1,1,110.0,110.0,110.0,0,0,0.019072073697877907
12,0,4,1,1,2,53.0,79.0,27.0,0,0,0.04425790723809435
28,0,13,2,3,4,64.49500036239624,158.0,18.99,1,1,0.9998703470752258
47,1,4,4,2,2,81.97000312805176,129.99,33.95,0,0,0.33927809266349374
32,1,4,4,1,2,69.9749984741211,124.95,15.0,0,0,0.22081212419645857
68,1,4,4,1,1,39.5,39.5,39.5,0,0,7.358700678424164e-05
60,0,11,4,1,3,55.09333356221517,73.79,21.99,0,0,0.4080729861087953
33,0,3,4,1,1,206.9600067138672,206.96,206.96,1,1,1.0
17,0,4,4,1,1,9.979999542236328,9.98,9.98,0,0,1.968289985955307e-05
57,1,13,4,1,1,68.0,68.0,68.0,0,0,0.0004685202341306549
50,1,6,4,1,1,29.989999771118164,29.99,29.99,0,0,2.324352058015904e-05
68,1,4,3,1,1,65.43000030517578,65.43,65.43,0,0,0.0005886884457214152
43,0,4,4,1,1,75.98999786376953,75.99,75.99,0,0,0.000588485375601038
23,0,4,4,1,1,11.949999809265137,11.95,11.95,0,0,1.968289985955307e-05
37,1,13,4,1,1,20.950000762939453,20.95,20.95,0,0,4.840324911832688e-05
13,0,2,4,1,1,79.98999786376953,79.99,79.99,0,0,0.0019058707472392525
42,1,3,4,4,5,39.18400001525879,56.5,12.27,1,1,0.9432984762731792
39,1,13,4,2,3,98.83999824523926,189.95,16.97,1,1,0.9996084494633234
42,0,4,4,1,1,22.0,22.0,22.0,0,0,2.5029540387088356e-05
19,0,4,4,2,2,17.494999885559082,25.0,9.99,0,0,0.0008558381768944455
49,1,8,0,2,2,131.19000244140625,239.99,22.39,1,1,0.9990655867747894
64,1,3,3,1,1,12.350000381469727,12.35,12.35,0,0,0.00023428430195384227
14,1,3,4,1,1,159.9499969482422,159.95,159.95,0,0,0.00355780319271349
21,0,13,4,1,1,49.970001220703125,49.97,49.97,0,0,0.00010415841851740846
16,0,13,2,1,2,38.670000076293945,60.0,17.34,0,0,0.002605169199115538
27,1,4,4,1,1,114.94999694824219,114.95,114.95,0,0,0.009310552672655993
47,1,4,4,1,1,176.0,176.0,176.0,1,1,1.0
14,1,7,4,2,2,59.989999771118164,64.99,54.99,0,0,0.07131084613728354
43,1,3,4,2,3,30.660000483194988,49.99,12.0,0,0,0.005238445346248202
41,1,4,4,1,1,180.0,180.0,180.0,1,1,1.0
37,1,4,4,2,2,46.915000915527344,63.83,30.0,0,0,0.02327811407618766
56,0,12,4,4,5,31.944286346435547,47.99,16.66,1,1,0.5256713794247907
12,0,3,4,1,1,220.0,220.0,220.0,1,1,1.0
68,0,4,4,2,2,7.495000123977661,9.01,5.98,0,0,0.008085159417289555
36,1,4,4,1,1,80.98999786376953,80.99,80.99,0,0,0.002153423294882557
15,1,4,4,1,1,35.189998626708984,35.19,35.19,0,0,6.701403613210124e-05
52,1,4,4,1,2,58.0,64.0,52.0,0,0,0.05397508083940121
69,1,13,1,2,3,30.316666920979817,39.95,25.0,0,0,0.0049167850812596794
32,0,10,3,2,2,22.475000381469727,26.0,18.95,0,0,0.0007731668774811952
60,0,4,4,1,1,201.75,201.75,201.75,1,1,1.0
21,0,6,3,1,1,56.880001068115234,56.88,56.88,0,0,0.00025290576012022744
17,0,13,4,1,1,13.989999771118164,13.99,13.99,0,0,1.968289985955307e-05
21,1,3,3,1,1,49.029998779296875,49.03,49.03,0,0,0.00016863910829961734
53,1,12,4,1,1,14.199999809265137,14.2,14.2,0,0,6.596489215394662e-05
65,0,13,4,1,3,62.99000040690104,107.99,35.99,1,1,0.9584849595311504
33,0,4,4,1,1,119.0,119.0,119.0,0,0,0.0073181921422257904
16,1,10,3,2,4,43.46199989318848,98.0,11.99,1,1,0.9606041407261405
41,0,13,4,1,2,23.77500057220459,38.56,8.99,0,0,0.0006036102800178408
51,0,4,2,1,1,8.449999809265137,8.45,8.45,0,0,2.5029540387088356e-05
68,1,13,4,2,2,67.2450008392334,74.5,59.99,0,0,0.07566896180305258
22,1,13,4,1,1,11.899999618530273,11.9,11.9,0,0,2.6355233439738017e-05
50,0,11,4,1,2,22.94499969482422,25.9,19.99,0,0,0.0006804882735146132
41,0,3,4,2,2,17.730000019073486,21.99,13.47,0,0,0.0004022933162282645
45,1,0,4,1,1,16.579999923706055,16.58,16.58,0,0,8.38068749601134e-06
54,1,3,3,1,2,142.4699993133545,249.95,34.99,1,1,0.9999024049703094
54,0,13,0,1,1,7.920000076293945,7.92,7.92,0,0,1.968289985955307e-05
21,0,13,4,1,1,38.0,38.0,38.0,0,0,1.7207848250878683e-05
14,0,12,4,1,1,22.899999618530273,22.9,22.9,0,0,1.848739495798291e-05
17,0,6,3,2,2,77.99499988555908,126.0,29.99,0,0,0.22754084347150716
60,0,3,4,1,2,14.889999866485596,18.5,11.28,0,0,0.00021021665341872033
54,0,13,3,1,3,29.186665852864582,64.99,8.98,0,0,0.023276331716090178
25,0,4,4,1,2,45.46500015258789,55.98,34.95,0,0,0.017617841894814378
42,1,11,3,4,5,97.38833300272624,283.34,14.0,1,1,0.9998157014816246
65,0,4,2,4,4,36.752001190185545,79.23,6.0,1,1,0.6545104930699039
66,0,3,4,1,3,65.5,79.5,45.0,1,1,0.9338327998469376
25,0,3,1,3,3,28.52333386739095,51.99,16.08,0,0,0.028381791121182155
13,1,12,4,1,1,259.989990234375,259.99,259.99,1,1,1.0
48,0,11,4,1,1,189.0,189.0,189.0,1,1,1.0
41,1,3,2,1,2,41.35499954223633,44.91,37.8,0,0,0.00041448619323091867
63,1,4,4,1,1,29.950000762939453,29.95,29.95,0,0,0.0005206748753456582
28,1,6,4,2,2,65.31333287556966,79.0,51.95,1,0,0.15994534407258523
54,1,13,4,1,1,48.0,48.0,48.0,0,0,0.0005478137832743706
44,0,13,1,2,2,41.79999923706055,50.0,33.6,0,0,0.012809630552376565
63,1,13,3,1,3,50.63333384195963,85.0,26.91,0,1,0.6138923737751467
42,1,4,4,2,2,44.4950008392334,48.0,40.99,0,0,0.007458660636194219
25,0,13,4,1,2,43.51000086466471,52.99,27.0,0,0,0.027675410251335374
25,0,4,4,1,2,116.42333348592122,175.0,60.27,1,1,0.9966166256968704
41,1,13,4,1,1,37.95000076293945,37.95,37.95,0,0,5.616286408013709e-05
40,0,4,1,1,1,6.989999771118164,6.99,6.99,0,0,2.5029540387088356e-05
54,1,12,3,1,1,47.95000076293945,47.95,47.95,0,0,0.00046814648010196205
58,0,4,4,1,2,33.75,42.5,25.0,0,0,0.0005038003903954224
66,0,4,4,1,1,39.95000076293945,39.95,39.95,0,0,0.00010346858332867098
31,1,4,2,1,1,90.0,90.0,90.0,0,0,0.004136244907469364
43,0,4,4,1,1,69.94999694824219,69.95,69.95,0,0,0.0005970368576109293
34,0,4,4,4,6,60.692857469831196,158.0,9.9,1,1,0.9999766554509865
64,1,13,4,1,1,19.989999771118164,19.99,19.99,0,0,0.00019405161472835211
70,0,8,4,4,6,58.26857253483364,253.99,8.0,1,1,0.9999355843650076
33,0,10,4,2,3,43.186665852864586,92.56,14.0,0,1,0.5347509540680677
46,1,13,4,1,2,21.760000228881836,28.03,15.49,0,0,0.00043651568581264225
27,0,11,3,1,3,30.533334096272785,39.95,12.66,0,0,0.0023567287113659898
69,1,4,4,1,1,41.41999816894531,41.42,41.42,0,0,8.91741214361293e-05
19,1,13,4,1,1,89.0,89.0,89.0,0,0,0.004815094196524176
57,1,6,4,1,1,168.0,168.0,168.0,0,0,0.007834345739449314
61,0,13,3,2,5,101.3133331934611,188.0,21.9,1,1,0.9999635859465426
41,1,13,4,1,1,129.99000549316406,129.99,129.99,0,0,0.005351065765127048
34,0,3,4,2,3,31.0,53.0,14.0,0,0,0.004012551543421603
42,1,12,1,1,2,46.385000228881836,65.0,27.77,0,0,0.029518000042067397
50,0,11,3,1,1,87.94999694824219,87.95,87.95,0,0,0.006362110794294412
49,1,13,4,1,1,12.0,12.0,12.0,0,0,4.840324911832688e-05
46,0,4,2,1,1,25.0,25.0,25.0,0,0,6.694716627403562e-05
61,0,11,4,1,1,29.5,29.5,29.5,0,0,2.041620703291727e-05
65,1,4,3,1,2,54.84499979019165,99.0,10.69,0,0,0.11198142351343401
53,1,3,4,1,1,45.95000076293945,45.95,45.95,0,0,0.00027375075681640654
19,1,12,4,1,1,33.900001525878906,33.9,33.9,0,0,0.00013612206073703166
70,1,7,4,1,1,55.0,55.0,55.0,0,0,0.00045848636708289953
50,0,4,4,2,2,15.96999979019165,18.99,12.95,0,0,0.0007696673971223843
61,0,11,4,2,3,81.0,210.0,8.0,1,1,0.9972674203525753
27,0,10,4,1,1,129.99000549316406,129.99,129.99,0,0,0.0038029307721006555
19,1,3,3,1,2,16.994999885559082,27.0,6.99,0,0,0.0020268111662149106
22,0,4,4,1,1,80.0,80.0,80.0,0,0,0.000733856218833649
56,0,13,4,1,2,84.9749984741211,135.95,34.0,0,0,0.32394611144645247
36,1,11,4,1,1,32.0,32.0,32.0,0,0,2.6115158370912287e-05
62,0,4,4,1,1,19.989999771118164,19.99,19.99,0,0,4.835768968724385e-05
14,0,4,3,1,1,49.9900016784668,49.99,49.99,0,0,0.00048675462692279097
26,1,4,4,1,1,58.0,58.0,58.0,0,0,0.0005458606889506336
51,0,10,4,1,1,47.9900016784668,47.99,47.99,0,0,0.0001830666998758565
65,0,4,3,1,1,158.39999389648438,158.4,158.4,0,0,0.005013737708960724
24,1,4,2,1,1,139.99000549316406,139.99,139.99,0,0,0.008519958677463836
66,1,4,4,1,1,42.9900016784668,42.99,42.99,0,0,0.0006914604759712763
50,1,7,4,1,1,325.0,325.0,325.0,1,1,1.0
32,0,4,4,1,2,41.49499988555908,68.0,14.99,0,0,0.0071410160830231335
25,1,3,4,3,3,60.369999694824216,99.99,17.95,1,1,0.9813470665070578
51,1,4,4,1,1,45.119998931884766,45.12,45.12,0,0,0.00027375075681640654
35,0,7,4,2,3,67.4966672261556,88.0,44.99,1,1,0.970086215638288
32,0,13,4,1,1,37.79999923706055,37.8,37.8,0,0,1.02311040648322e-05
22,1,3,0,1,1,299.95001220703125,299.95,299.95,1,1,1.0
50,1,10,1,1,1,67.94999694824219,67.95,67.95,0,0,0.00023169338180574752
67,1,4,1,4,4,60.576666831970215,215.0,20.1,1,1,0.9998690520643807
34,1,4,4,1,3,44.222500801086426,86.94,20.95,1,1,0.6299955052197069
18,1,10,4,1,1,51.189998626708984,51.19,51.19,0,0,0.0019529025730670687
39,0,4,4,1,1,39.9900016784668,39.99,39.99,0,0,3.352831894802289e-05
22,1,3,4,2,2,59.49499988555908,95.0,23.99,0,0,0.24276915599278368
30,1,4,4,1,1,68.0,68.0,68.0,0,0,0.0007753302190329631
34,0,13,4,1,1,11.880000114440918,11.88,11.88,0,0,1.968289985955307e-05
48,1,13,3,1,1,23.0,23.0,23.0,0,0,4.5584755920151746e-05
35,1,4,3,1,1,32.9900016784668,32.99,32.99,0,0,9.181360217042095e-06
30,0,11,0,1,1,38.0,38.0,38.0,0,0,1.5069566505381985e-05
68,0,6,3,1,3,68.7766653696696,144.34,9.99,1,1,0.9763299597268407
47,0,4,3,1,1,12.0,12.0,12.0,0,0,2.5029540387088356e-05
63,0,3,4,1,1,98.08000183105469,98.08,98.08,0,0,0.004665890526843062
42,1,2,3,1,1,26.510000228881836,26.51,26.51,0,0,8.38068749601134e-06
70,0,0,2,1,1,8.989999771118164,8.99,8.99,0,0,1.968289985955307e-05
56,0,4,4,1,1,29.950000762939453,29.95,29.95,0,0,2.041620703291727e-05
53,1,13,1,3,4,64.43249988555908,126.0,20.0,1,1,0.997412548492811
19,0,4,4,1,1,33.95000076293945,33.95,33.95,0,0,0.00010934571583677841
12,0,4,4,1,1,138.0,138.0,138.0,0,0,0.0033787069275505615
14,0,4,2,1,1,22.950000762939453,22.95,22.95,0,0,1.848739495798291e-05
67,0,13,4,1,2,33.423333485921226,41.16,25.0,0,0,0.00045463108029658155
44,1,4,4,1,2,55.0,75.0,35.0,0,0,0.041574385489307045
40,1,3,4,3,3,69.32999928792317,119.99,30.0,1,1,0.9936394983525068
27,0,4,3,4,4,50.02000007629395,100.0,10.0,1,1,0.9942476263722254
28,1,11,2,4,6,47.61857169015067,98.0,19.0,1,1,0.997045579380984
39,1,10,4,2,2,39.4900016784668,44.99,33.99,0,0,0.0026393103810323404
66,1,3,4,1,1,20.0,20.0,20.0,0,0,0.00025046553172730504
57,0,6,4,1,1,54.0,54.0,54.0,0,0,0.00023269873535623764
20,1,12,4,1,2,190.2450008392334,325.0,55.49,1,1,0.9999752475247524
21,1,13,0,1,1,13.039999961853027,13.04,13.04,0,0,2.3536740241562884e-05
15,1,4,4,2,3,51.26249885559082,69.95,35.0,1,0,0.3876244519056074
54,0,11,4,1,2,24.744999885559082,35.0,14.49,0,0,0.0012386568093497464
26,0,4,4,1,1,148.99000549316406,148.99,148.99,0,0,0.00658863995012499
40,1,13,1,1,1,27.950000762939453,27.95,27.95,0,0,2.3536740241562884e-05
14,0,4,4,4,5,63.99500020345052,139.97,8.0,1,1,0.9996637595157267
31,1,3,3,1,1,19.989999771118164,19.99,19.99,0,0,3.2664699712926596e-06
40,0,3,4,1,3,26.167500257492065,44.99,9.69,0,0,0.0007075177701175449
32,1,4,4,2,2,55.7450008392334,66.5,44.99,0,0,0.04305028369639921
17,0,4,2,1,1,391.6000061035156,391.6,391.6,1,1,1.0
59,0,13,1,1,1,16.079999923706055,16.08,16.08,0,0,1.968289985955307e-05
26,1,13,4,1,2,59.72500038146973,69.5,49.95,0,0,0.09873244891140315
66,0,3,4,2,2,39.0,58.0,20.0,0,0,0.007445803564473674
41,0,11,4,1,1,34.0,34.0,34.0,0,0,2.3287844823670516e-05
38,0,7,4,2,3,25.426666259765625,48.3,12.99,0,0,0.003155222716463709
66,0,6,3,1,1,12.529999732971191,12.53,12.53,0,0,2.5029540387088356e-05
52,1,13,4,1,1,328.0,328.0,328.0,1,1,1.0
45,1,13,4,1,1,78.0,78.0,78.0,0,0,0.0011757651561355108
46,1,13,2,2,2,25.454999923706055,34.0,16.91,0,0,0.0006882994615118401
26,1,3,4,1,1,82.94999694824219,82.95,82.95,0,0,0.0020658786979040537
54,1,11,2,1,1,68.87999725341797,68.88,68.88,0,0,0.0005951537176527958
32,0,4,4,2,3,33.24666659037272,49.76,9.99,0,0,0.0033736772566731127
64,1,3,4,1,1,9.949999809265137,9.95,9.95,0,0,0.00023428430195384227
31,1,4,3,1,1,19.989999771118164,19.99,19.99,0,0,3.2664699712926596e-06
41,0,4,4,1,1,40.0,40.0,40.0,0,0,3.887495947555817e-05
41,0,13,4,1,1,29.0,29.0,29.0,0,0,2.584686123206186e-05
22,0,3,4,3,3,47.329999923706055,77.0,25.99,0,1,0.5459662400868633
17,1,3,2,1,1,29.5,29.5,29.5,0,0,1.1955049015701636e-06
46,1,3,3,1,1,59.9900016784668,59.99,59.99,0,0,0.00019743610721393377
27,0,7,4,2,3,52.99333254496256,119.99,12.99,0,1,0.6368114013372136
52,0,4,4,2,3,91.0,208.0,10.0,1,1,0.9996336367438752
40,0,13,4,2,2,43.49499988555908,69.0,17.99,0,0,0.02869586966255986
15,0,3,2,1,1,68.0,68.0,68.0,0,0,0.0002648704005861796
42,1,4,3,2,2,20.994999885559082,22.0,19.99,0,0,0.0013490392853382847
45,1,11,4,1,1,20.18000030517578,20.18,20.18,0,0,2.5314485649881535e-05
58,1,4,4,1,1,36.9900016784668,36.99,36.99,0,0,5.740577701077884e-05
12,0,13,3,2,2,37.74499988555908,49.5,25.99,0,0,0.003988739308258855
58,1,6,4,1,2,18.184999465942383,20.38,15.99,0,0,0.0004334712059872397
70,0,7,4,1,1,35.959999084472656,35.96,35.96,0,0,1.7941204296135235e-05
56,0,2,3,1,2,149.0,169.0,129.0,1,1,0.9663366977609387
58,0,6,4,1,1,4.579999923706055,4.58,4.58,0,0,2.5029540387088356e-05
46,1,12,3,3,2,77.66666666666667,115.0,48.0,1,1,0.8026273581342648
28,0,13,3,1,1,6.989999771118164,6.99,6.99,0,0,1.968289985955307e-05
70,1,13,4,1,1,197.49000549316406,197.49,197.49,1,1,1.0
40,0,11,2,1,2,48.97500038146973,53.95,44.0,0,0,0.008779164936585725
41,0,13,4,2,3,36.070000330607094,49.99,16.99,0,0,0.04425086255371041
44,0,7,4,2,2,27.49000072479248,42.99,11.99,0,0,0.0006392101688681394
41,0,3,4,2,3,51.403333028157554,69.0,21.98,0,0,0.3732001590927616
45,1,4,4,1,1,30.0,30.0,30.0,0,0,9.181360217042095e-06
32,0,4,4,1,1,11.989999771118164,11.99,11.99,0,0,1.968289985955307e-05
38,1,6,4,4,5,76.393998336792,259.99,13.0,1,1,0.9999580445093033
46,1,13,4,2,2,61.9950008392334,79.0,44.99,0,0,0.15933545124121376
39,0,10,4,1,1,60.029998779296875,60.03,60.03,0,0,0.00043207058191787587
29,0,13,4,1,1,11.210000038146973,11.21,11.21,0,0,1.968289985955307e-05
68,1,4,4,2,3,69.82999928792317,95.99,54.0,1,1,0.9630406118436424
51,0,13,4,2,2,73.5,130.0,17.0,0,0,0.24914587723193005
36,0,4,3,1,1,10.90999984741211,10.91,10.91,0,0,1.968289985955307e-05
30,1,3,4,2,2,25.59333388010661,47.99,10.79,0,0,0.002743727507604036
56,1,13,3,1,4,50.87999963760376,99.99,23.53,1,1,0.9516675799668216
44,1,4,4,1,3,79.6025013923645,199.99,13.92,1,1,0.9968790052578191
62,1,13,1,2,2,54.0,88.0,20.0,0,0,0.12945842196699053
41,0,3,4,1,1,65.0,65.0,65.0,0,0,0.0006041804724313345
34,0,4,3,1,1,29.950000762939453,29.95,29.95,0,0,1.5069566505381985e-05
15,1,13,4,3,6,37.93333371480306,98.0,16.44,1,1,0.9690501259468097
25,0,0,2,2,2,62.4900016784668,99.98,25.0,0,0,0.18887232877491172
25,0,12,3,1,1,41.9900016784668,41.99,41.99,0,0,2.4917948482181724e-05
50,0,4,4,1,1,88.0,88.0,88.0,0,0,0.0034183236938097323
52,0,3,4,1,1,77.0,77.0,77.0,0,0,0.0005546283549262952
44,0,10,3,2,4,54.77285671234131,159.95,9.58,1,1,0.9933098127119167
28,0,3,4,1,1,20.989999771118164,20.99,20.99,0,0,1.968289985955307e-05
40,0,10,4,1,2,15.46999990940094,27.99,2.95,0,0,0.0004928350352299944
63,0,4,2,1,1,11.079999923706055,11.08,11.08,0,0,4.835768968724385e-05
24,0,12,4,1,2,48.75999999046326,90.0,7.52,0,0,0.1361561371609612
17,1,10,4,1,1,59.97999954223633,59.98,59.98,0,0,0.00020206346688899854
25,1,4,4,3,3,88.64333216349284,139.95,49.99,1,1,0.9997003057586834
36,1,4,4,1,1,280.0,280.0,280.0,1,1,1.0
18,1,4,4,2,3,38.62666575113932,68.88,22.0,0,0,0.08030090115408844
16,1,4,3,3,5,47.02833298842112,87.99,2.59,1,1,0.990035691581556
62,0,6,4,2,2,53.75,98.0,9.5,0,0,0.10959255960394808
49,1,3,2,3,3,128.79999796549478,142.4,119.0,1,1,0.9999068387117116
34,0,2,0,1,1,86.0,86.0,86.0,0,0,0.007639969228180277
49,0,13,1,1,1,13.180000305175781,13.18,13.18,0,0,1.968289985955307e-05
52,0,10,4,1,2,93.5,98.0,89.0,1,1,0.9533385437529467
41,0,6,0,1,2,69.08500003814697,129.0,9.17,0,0,0.2369393325310709
22,1,7,4,1,2,59.744998931884766,69.99,49.5,0,0,0.08464159666181197
59,1,11,4,2,2,29.494999885559082,35.0,23.99,0,0,0.001148208083668364
19,0,3,1,1,1,22.989999771118164,22.99,22.99,0,0,0.00010411066721414975
46,1,13,4,1,2,36.480000495910645,54.99,17.97,0,0,0.0015909091524515964
70,1,3,3,2,2,75.75,82.0,69.5,0,0,0.10551942517790013
31,0,11,1,3,5,44.565999794006345,99.95,7.74,1,1,0.9908024563170205
29,0,0,4,1,1,20.0,20.0,20.0,0,0,1.968289985955307e-05
13,0,0,1,1,3,47.6850004196167,85.9,6.0,1,1,0.5559810095809943
20,0,4,4,1,3,44.489999771118164,63.0,24.0,1,0,0.44274179570087424
53,0,4,3,2,2,122.64666748046875,285.0,27.95,1,1,0.999129328345097
42,0,6,4,1,1,64.0,64.0,64.0,0,0,0.000426480391769019
57,0,13,4,3,3,104.4400011698405,158.33,44.99,1,1,0.9996810284426602
22,1,13,4,4,2,57.047499656677246,90.99,25.2,1,1,0.7918295177666639
13,0,4,3,2,2,45.82999928792318,69.99,18.0,0,0,0.030323328948566704
23,0,13,4,1,1,29.989999771118164,29.99,29.99,0,0,1.4336210460125433e-05
12,1,13,4,1,1,64.98999786376953,64.99,64.99,0,0,0.0006688488836196764
61,0,4,3,1,2,34.0,40.0,28.0,0,0,0.00048516232818490517
25,0,10,4,2,2,52.469998359680176,74.95,29.99,0,0,0.04372130095141422
24,1,4,4,2,1,97.43000030517578,114.91,79.95,1,1,0.9504589256725634
38,1,4,4,1,2,55.9900016784668,79.98,32.0,0,0,0.048607390632647
40,0,12,3,1,1,34.9900016784668,34.99,34.99,0,0,2.3287844823670516e-05
17,1,6,4,1,2,65.99499893188477,95.99,36.0,0,0,0.1940266879304693
40,1,4,0,2,2,80.99000263214111,149.99,11.99,0,0,0.4251263139700837
61,1,4,4,2,3,32.8233331044515,49.94,19.58,0,0,0.00791605295016343
42,1,3,3,1,2,17.489999771118164,19.99,14.99,0,0,0.0015753027361799232
12,1,12,4,1,1,26.0,26.0,26.0,0,0,2.0709650697224966e-06
45,1,3,4,2,4,47.89200057983398,108.0,22.99,1,1,0.96166853870271
48,0,4,2,1,1,159.0,159.0,159.0,0,0,0.005634824917537504
70,1,13,4,2,4,43.79799957275391,67.99,21.0,1,1,0.9276485751769978
30,0,4,4,1,1,31.889999389648438,31.89,31.89,0,0,1.7941204296135235e-05
30,1,13,3,2,2,65.12666702270508,80.0,39.38,1,0,0.2112896880898648
24,1,13,0,1,1,34.9900016784668,34.99,34.99,0,0,0.0005939848591413059
34,1,13,4,1,2,44.9950008392334,55.0,34.99,0,0,0.010842782098508075
62,1,13,2,1,1,45.0,45.0,45.0,0,0,0.0002690100501231492
19,1,6,4,2,2,60.5,69.0,52.0,0,0,0.11204242275520106
64,0,3,4,1,1,30.0,30.0,30.0,0,0,4.661599412382602e-05
20,1,8,4,2,2,35.4950008392334,59.99,11.0,0,0,0.012472410607558675
35,1,10,4,2,2,126.47500038146973,209.0,43.95,1,1,0.99969107715201
27,0,4,4,2,5,80.55200119018555,144.24,11.95,1,1,0.9839287404021598
14,1,11,0,1,1,15.0,15.0,15.0,0,0,2.0709650697224966e-06
37,1,4,4,4,8,67.06666702694363,219.5,5.95,1,1,0.9999506725962918
14,0,7,4,2,2,47.84000015258789,51.99,43.69,0,0,0.009345495786647891
22,1,4,4,1,1,64.0,64.0,64.0,0,0,0.0006655930040526219
63,0,4,4,1,1,42.0,42.0,42.0,0,0,0.00010346858332867098
16,1,3,4,1,1,23.950000762939453,23.95,23.95,0,0,3.2664699712926596e-06
51,1,4,4,1,1,28.989999771118164,28.99,28.99,0,0,8.38068749601134e-06
26,0,4,4,1,1,138.0,138.0,138.0,0,0,0.003519682309603262
66,1,13,4,1,1,12.989999771118164,12.99,12.99,0,0,0.00017787038495488934
28,1,13,4,1,1,59.9900016784668,59.99,59.99,0,0,0.0007830931846355008
38,0,4,4,1,1,5.989999771118164,5.99,5.99,0,0,1.968289985955307e-05
44,1,12,4,1,1,25.489999771118164,25.49,25.49,0,0,6.596489215394662e-05
19,1,13,4,3,7,51.557142802647185,105.0,23.99,1,1,0.9923905931955669
67,0,6,2,1,4,40.49499988555908,79.0,24.99,0,0,0.12414408473442441
63,1,13,4,1,1,39.5,39.5,39.5,0,0,0.000474091538378238
24,1,10,4,1,2,109.7249984741211,139.95,79.5,1,1,0.9977869280067346
25,0,4,4,1,1,110.0,110.0,110.0,0,0,0.005715579888016182
38,1,4,4,1,3,33.666666666666664,42.0,22.0,0,0,0.00470473539704988
55,0,13,4,1,1,49.9900016784668,49.99,49.99,0,0,0.00013469480912342962
30,1,10,4,2,2,117.97500038146973,189.0,46.95,1,1,0.9995388879595812
66,1,13,3,2,3,40.52333450317383,50.58,32.0,0,0,0.06265603251707658
16,0,13,4,1,2,31.475000381469727,38.95,24.0,0,0,0.0008000955221078922
49,1,8,4,1,1,525.0,525.0,525.0,1,1,1.0
66,0,13,2,2,3,73.66333325703938,168.0,16.99,1,1,0.9976170232309127
33,0,4,4,1,2,61.49499988555908,110.0,12.99,0,0,0.2517397623669248
19,1,12,4,1,1,70.0,70.0,70.0,0,0,0.00062585149360498
25,1,8,4,2,3,55.649998346964516,79.99,16.97,0,0,0.47071409701240796
57,1,3,4,1,1,16.43000030517578,16.43,16.43,0,0,8.38068749601134e-06
58,1,11,3,1,1,4.989999771118164,4.99,4.99,0,0,2.5314485649881535e-05
13,1,4,4,1,3,104.63999938964844,213.95,49.97,1,1,0.999939024390244
40,1,7,4,1,1,19.75,26.0,13.5,0,0,2.5314485649881535e-05
41,0,4,4,1,2,92.2450008392334,148.5,35.99,1,1,0.9922857810701968
62,1,13,4,1,1,42.939998626708984,42.94,42.94,0,0,0.00048802057990680403
60,0,12,3,3,5,85.26166661580403,175.0,19.99,1,1,0.9998503334613961
23,0,13,4,1,1,28.0,28.0,28.0,0,0,1.968289985955307e-05
70,1,11,2,1,2,169.31999683380127,311.65,26.99,1,1,0.9925856485072857
68,1,13,4,1,1,76.0999984741211,76.1,76.1,0,0,0.00040482935501303156
58,0,11,4,3,4,83.4975004196167,178.0,36.99,1,1,0.9999760991097267
18,1,13,4,2,4,32.58800010681152,55.0,14.0,0,0,0.13296135194769673
61,1,3,4,1,1,44.97999954223633,44.98,44.98,0,0,0.00027463377264921933
19,1,4,4,1,3,50.59999910990397,89.95,16.85,0,1,0.6579746514408517
55,1,4,4,1,2,23.7450008392334,36.99,10.5,0,0,0.0011966505818244812
49,0,13,3,1,1,9.350000381469727,9.35,9.35,0,0,1.968289985955307e-05
41,1,13,4,1,1,83.30000305175781,83.3,83.3,0,0,0.0017543102366892513
45,1,4,3,1,2,42.48500061035156,45.0,39.97,0,0,0.001035758078653449
52,0,4,4,1,1,10.0,10.0,10.0,0,0,2.5029540387088356e-05
41,1,4,4,1,2,66.45000076293945,113.9,19.0,0,0,0.281100104724367
16,1,3,4,2,3,90.8966654141744,236.84,6.85,1,1,0.9994164259514342
34,1,13,4,2,2,33.234999656677246,59.98,6.49,0,0,0.013529834574887127
65,1,4,4,1,4,45.232500076293945,73.03,22.95,1,1,0.9431264746175624
18,0,4,4,1,2,38.20500183105469,67.98,8.43,0,0,0.004208030185354709
47,1,13,4,2,3,41.32999928792318,56.39,20.0,0,0,0.06205038163436398
66,1,3,4,1,1,89.98999786376953,89.99,89.99,0,0,0.00410986549513607
61,1,3,4,1,1,35.959999084472656,35.96,35.96,0,0,5.04468347699994e-05
54,1,3,4,2,3,72.4350004196167,89.5,44.99,1,1,0.9614409869470596
15,1,4,0,2,2,53.474998474121094,84.95,22.0,0,0,0.06479372878201546
45,1,13,1,1,2,41.72500038146973,59.45,24.0,0,0,0.0017598305978599935
31,1,4,4,1,1,18.299999237060547,18.3,18.3,0,0,3.2664699712926596e-06
36,0,13,4,1,1,39.9900016784668,39.99,39.99,0,0,2.581821871671985e-05
37,0,13,3,2,2,61.99499988555908,99.0,24.99,0,0,0.18643944643386123
25,0,3,2,2,2,53.49666666984558,79.5,2.99,0,0,0.05906706667090931
19,1,2,4,1,3,52.67500019073486,75.0,18.98,1,0,0.4708044395618937
48,1,8,4,1,1,46.0,46.0,46.0,0,0,0.0001778398056782202
17,0,13,4,1,1,122.5,122.5,122.5,0,0,0.008136580117667684
28,0,12,3,1,1,22.0,22.0,22.0,0,0,1.968289985955307e-05
35,1,7,4,2,2,58.56500053405762,64.5,52.63,0,0,0.10481272267689098
15,1,4,4,2,1,42.650001525878906,65.3,20.0,0,0,0.022550588660484063
24,1,4,4,2,4,84.92600021362304,293.0,8.98,1,1,0.994196618224054
53,1,4,4,1,2,66.9749984741211,108.95,25.0,0,0,0.22493638090121
49,1,4,4,2,2,162.0,319.0,5.0,1,1,0.9933941153284678
39,1,3,4,1,1,75.0,75.0,75.0,0,0,0.00048230618933931934
54,0,8,4,1,3,39.463332176208496,83.84,8.56,0,0,0.06795183465838579
23,0,4,2,1,1,34.9900016784668,34.99,34.99,0,0,2.204631069142847e-05
24,1,3,1,4,7,62.532857349940706,119.0,18.69,1,1,0.9987192823546868
31,0,6,3,1,1,24.989999771118164,24.99,24.99,0,0,6.160052574650034e-05
27,1,10,4,1,3,86.3133316040039,119.99,54.0,1,1,0.9993132614705934
53,1,3,3,1,2,31.0,37.0,25.0,0,0,0.0002151442425414521
53,1,4,4,3,4,157.6200008392334,399.0,34.0,1,1,0.9999458369667928
20,1,6,4,1,1,16.5,28.0,5.0,0,0,3.2664699712926596e-06
60,0,13,4,1,1,46.0,46.0,46.0,0,0,0.00016422921831991952
28,0,13,4,1,1,352.0,352.0,352.0,1,1,1.0
22,1,3,4,3,4,31.46500015258789,52.13,8.99,0,0,0.10942349520809254
42,0,8,4,3,5,46.41599998474121,98.0,25.9,1,1,0.9874465700522487
65,0,10,3,1,1,139.0,139.0,139.0,0,0,0.004404544064520895
59,1,4,4,1,2,181.0,350.0,12.0,1,1,0.9955818456077081
60,0,3,4,2,3,43.71666685740153,99.0,6.95,0,1,0.5820999829161517
42,1,3,4,2,5,79.59400024414063,170.01,12.99,1,1,0.998241793913735
13,1,4,4,1,1,50.0,50.0,50.0,0,0,0.00018809247039950312
54,1,4,4,2,2,43.9950008392334,55.0,32.99,0,0,0.01461051152537916
56,1,3,4,1,2,67.5,75.0,60.0,0,0,0.05561828565017354
20,1,4,4,1,1,55.0,55.0,55.0,0,0,0.00022111481833949297
14,0,13,4,1,3,22.329999923706055,29.0,11.99,0,0,0.00048753045521089585
36,1,13,4,3,5,56.973998641967775,149.95,6.99,1,1,0.999628489417675
37,1,4,3,2,3,39.63333320617676,65.0,25.0,0,0,0.08212495407530776
42,1,4,4,1,2,52.0,76.0,28.0,0,0,0.03677692525414336
69,0,3,4,2,2,16.950000286102295,24.95,8.95,0,0,0.003042644749291004
30,1,12,4,1,1,49.9950008392334,60.0,39.99,0,0,0.00784620443560064
30,0,4,4,1,2,14.47000002861023,22.5,6.44,0,0,0.0005657557384523511
57,1,3,4,1,1,225.0,225.0,225.0,1,1,1.0
13,0,13,4,4,4,51.78999972343445,86.0,10.95,1,1,0.987294251879328
70,1,7,4,1,4,245.34499979019165,750.0,13.33,1,1,0.9996230652586948
43,1,4,4,1,1,71.56999969482422,71.57,71.57,0,0,0.0004937805453283552
54,0,4,4,1,2,27.449999809265137,46.0,8.9,0,0,0.002305907794090236
46,0,10,4,1,2,94.97500038146973,145.0,44.95,1,1,0.992251966695771
30,0,4,3,1,1,59.52000045776367,59.52,59.52,0,0,0.00023103554387666624
56,1,3,4,2,2,78.2650032043457,138.6,17.93,0,0,0.32810140565781304
52,0,13,4,2,3,68.56999969482422,169.0,17.21,1,1,0.9990928867181842
57,0,13,4,1,1,148.0,148.0,148.0,0,0,0.003588817101259275
63,0,9,4,4,5,157.7779998779297,528.81,34.35,1,1,0.9999414211612051
40,0,10,4,1,2,32.49499988555908,48.0,16.99,0,0,0.0006381644088789021
16,1,12,1,1,1,99.0,99.0,99.0,0,0,0.009106165621590332
54,1,4,3,2,2,52.47500038146973,54.95,50.0,0,0,0.012140332190281669
20,0,4,4,2,2,70.3399977684021,129.98,10.7,0,0,0.22693253360024673
27,0,13,2,1,1,54.5,54.5,54.5,0,0,0.00039187581370070856
21,1,3,1,1,2,58.71500015258789,97.5,19.93,0,0,0.1639296764677319
22,0,13,4,2,3,29.989999771118164,34.98,25.0,0,0,0.0029313817894823183
39,1,4,3,2,2,41.4950008392334,48.0,34.99,0,0,0.002091331302583726
31,0,13,4,1,1,9.989999771118164,9.99,9.99,0,0,1.968289985955307e-05
66,0,4,4,1,1,12.979999542236328,12.98,12.98,0,0,4.835768968724385e-05
43,0,4,4,1,1,21.989999771118164,21.99,21.99,0,0,2.5029540387088356e-05
13,0,4,3,1,1,38.70000076293945,38.7,38.7,0,0,0.000485495699394565
43,1,4,3,3,3,65.57999992370605,110.0,27.24,1,1,0.9913270953556294
69,1,4,4,3,3,154.375,318.0,39.5,1,1,0.9944230504024876
44,1,13,3,1,1,60.0,60.0,60.0,0,0,0.0006871033006329637
42,0,13,3,2,2,56.48999881744385,95.99,16.99,0,0,0.12703435396667315
16,1,4,4,2,7,65.50500082969666,250.0,9.99,1,1,0.999232065361203
58,0,3,4,2,2,94.25,139.0,49.5,1,1,0.9934386607078938
36,0,4,3,1,1,68.0,68.0,68.0,0,0,0.0002929838161348837
42,1,10,3,1,1,19.989999771118164,19.99,19.99,0,0,2.5314485649881535e-05
25,0,4,4,1,1,197.5,197.5,197.5,1,1,1.0
14,1,4,1,1,1,12.989999771118164,12.99,12.99,0,0,2.0709650697224966e-06
64,0,4,4,2,3,58.87999979654948,79.95,45.74,1,1,0.9507280904974715
68,1,6,4,1,2,70.99499988555908,120.0,21.99,0,0,0.19002392130366716
28,0,6,2,2,4,50.82999920845032,125.95,13.96,1,1,0.9790040433373737
14,0,12,4,1,1,54.0,54.0,54.0,0,0,0.0005687922707496624
58,0,4,4,2,5,36.9983336130778,49.0,25.0,1,1,0.7896470541322009
65,0,13,2,1,1,24.0,24.0,24.0,0,0,1.968289985955307e-05
13,1,6,4,1,3,50.97999954223633,69.95,34.99,0,1,0.51018307393681
26,1,8,3,1,1,55.0,55.0,55.0,0,0,0.00018236602263613743
32,0,12,3,2,2,32.19999980926514,49.5,14.9,0,0,0.001830838001676071
18,0,3,4,1,1,89.0,89.0,89.0,0,0,0.00770938887265751
14,1,12,4,2,2,32.62666702270508,50.88,12.0,0,0,0.008334840779318346
54,1,13,0,1,2,54.9950008392334,60.0,49.99,0,0,0.023413055864947494
21,1,4,4,1,1,140.6999969482422,140.7,140.7,0,0,0.004301912516240131
63,0,4,4,1,1,28.0,28.0,28.0,0,0,5.6067789918546884e-05
57,0,13,4,1,1,6.5,6.5,6.5,0,0,1.968289985955307e-05
49,1,3,4,2,2,23.9950008392334,32.99,15.0,0,0,0.0018026090725960873
14,0,4,4,2,2,27.494999885559082,29.99,25.0,0,0,0.0006499754465879573
47,1,7,2,1,1,30.709999084472656,30.71,30.71,0,0,2.324352058015904e-05
66,1,4,4,1,2,47.08500099182129,47.18,46.99,0,0,0.007413591501593795
25,0,3,4,1,1,144.0,144.0,144.0,0,0,0.004087901091533374
36,1,8,4,3,5,202.59799995422364,625.0,21.0,1,1,0.9999956178790534
54,1,13,4,1,2,70.11999988555908,109.0,31.24,0,0,0.15869643527943747
18,0,4,4,1,4,48.44500017166138,160.0,7.99,1,1,0.9918077993154694
22,1,4,4,2,2,17.994999885559082,23.99,12.0,0,0,0.0014242073385439188
37,0,11,4,3,6,74.96499951680501,111.99,42.0,1,1,0.9992983925419344
16,0,4,4,1,2,95.25,148.0,42.5,1,1,0.9924599284429122
54,0,4,4,1,1,68.0,68.0,68.0,0,0,0.0009463362895763713
25,1,4,4,1,1,25.0,25.0,25.0,0,0,3.2664699712926596e-06
47,1,6,4,1,1,21.81999969482422,21.82,21.82,0,0,2.5314485649881535e-05
21,1,13,4,1,1,34.9900016784668,34.99,34.99,0,0,0.0006066517343162808
66,1,3,3,2,2,36.0,48.0,24.0,0,0,0.005386524096039733
21,0,3,4,1,1,15.0,15.0,15.0,0,0,1.968289985955307e-05
67,1,4,4,1,1,108.94999694824219,108.95,108.95,0,0,0.011377616348261116
42,1,4,4,2,2,30.700000762939453,36.4,25.0,0,0,0.0013635017880992994
63,1,3,4,1,1,59.9900016784668,59.99,59.99,0,0,0.0006253431395150558
57,0,13,4,1,1,10.800000190734863,10.8,10.8,0,0,1.968289985955307e-05
50,0,4,4,1,1,19.0,19.0,19.0,0,0,2.5029540387088356e-05
46,1,13,4,3,3,59.76333491007487,90.3,34.0,1,1,0.9948097773358618
21,1,12,2,2,4,63.47000026702881,99.95,33.99,1,1,0.9789691050186426
23,1,4,4,1,3,338.62666670481366,903.0,9.38,1,1,0.9997487247285212
46,0,13,4,1,3,33.140000343322754,69.5,12.97,0,0,0.044595734233066835
23,1,7,4,1,1,23.18000030517578,23.18,23.18,0,0,3.2664699712926596e-06
66,1,3,4,1,1,16.040000915527344,16.04,16.04,0,0,0.00023428430195384227
18,0,4,3,1,4,45.91499948501587,81.27,18.4,1,1,0.9401260006613872
15,0,11,4,1,1,19.989999771118164,19.99,19.99,0,0,1.968289985955307e-05
36,0,4,4,1,1,19.989999771118164,19.99,19.99,0,0,1.968289985955307e-05
42,0,3,4,1,1,27.0,27.0,27.0,0,0,6.694716627403562e-05
38,0,12,4,1,2,147.68499755859375,186.37,109.0,1,1,0.9999607657338881
23,0,3,4,1,1,19.989999771118164,19.99,19.99,0,0,1.968289985955307e-05
34,0,4,4,1,1,13.210000038146973,13.21,13.21,0,0,1.968289985955307e-05
19,1,13,4,2,3,34.74333254496256,71.24,14.99,0,0,0.12235307872664947
68,0,13,4,2,2,67.08500003814697,104.0,30.17,0,0,0.2727442553926593
38,1,8,4,1,1,12.800000190734863,12.8,12.8,0,0,2.5314485649881535e-05
62,0,4,4,1,1,129.0,129.0,129.0,0,0,0.004005559060865084
28,0,4,3,2,2,58.989999771118164,88.0,29.98,0,0,0.17523997645361114
39,0,10,0,1,1,28.799999237060547,28.8,28.8,0,0,3.355696146336489e-05
29,0,12,4,3,6,58.326666831970215,125.0,12.99,1,1,0.9992986312776349
69,1,4,4,1,1,21.049999237060547,21.05,21.05,0,0,2.4561917269474136e-05
56,0,6,4,1,1,19.989999771118164,19.99,19.99,0,0,2.5029540387088356e-05
35,1,13,2,3,4,131.01399765014648,399.99,29.0,1,1,0.9999319027677235
32,1,4,3,3,3,25.244999885559082,32.0,14.99,0,0,0.0029113832208167963
49,0,10,4,1,4,68.73999977111816,207.0,12.99,1,1,0.9981217953105325
16,0,4,4,1,1,90.84499788284302,169.98,11.71,1,1,0.8687074893540881
32,1,3,4,1,4,73.375,135.0,45.0,1,1,0.9871879142289802
31,0,13,4,1,1,26.989999771118164,26.99,26.99,0,0,5.3890425515197304e-05
62,1,4,0,3,4,62.9900016784668,169.99,14.99,1,1,0.9998322355049267
70,1,4,4,1,1,32.900001525878906,32.9,32.9,0,0,2.536258999050489e-05
17,0,13,4,4,4,41.177999877929686,69.99,16.95,1,1,0.6891669406832692
69,1,4,0,1,4,33.24000024795532,49.88,18.08,0,0,0.03131794636498219
62,0,13,4,1,1,29.950000762939453,29.95,29.95,0,0,7.359466274078951e-06
68,0,4,4,1,1,31.5,31.5,31.5,0,0,1.7941204296135235e-05
32,1,3,4,2,3,72.13333320617676,138.75,19.65,1,1,0.992697522346174
49,0,4,4,1,2,26.994999885559082,34.0,19.99,0,0,0.0007230279695077127
22,0,6,4,1,1,199.5,199.5,199.5,1,1,1.0
19,0,4,4,1,2,45.974998474121094,79.95,12.0,0,0,0.04382526904727373
18,1,13,4,1,1,119.98999786376953,119.99,119.99,0,0,0.008516679648170508
29,1,0,4,2,3,59.32999928792318,79.99,28.0,1,1,0.9071440964606093
57,0,4,4,1,1,75.0,75.0,75.0,0,0,0.0007868067516824609
27,0,4,4,2,3,32.326667149861656,34.99,27.99,0,0,0.0014980496781994413
53,1,3,4,1,1,50.0,50.0,50.0,0,0,0.0002893590036165832
27,0,3,4,1,2,58.010000228881836,104.0,12.02,0,0,0.23066772875011166
23,1,10,3,2,3,57.43000189463297,134.99,10.69,1,1,0.975664578320699
62,0,13,3,1,1,10.5,10.5,10.5,0,0,1.968289985955307e-05
18,1,4,3,1,1,73.49499988555908,119.0,27.99,0,0,0.21432908036654796
13,0,13,4,1,1,27.989999771118164,27.99,27.99,0,0,1.848739495798291e-05
25,1,4,4,1,3,49.87000036239624,99.5,8.99,1,1,0.6336902003201391
33,1,13,2,2,3,182.66666666666666,346.0,69.0,1,1,1.0
28,1,3,0,1,1,59.5,59.5,59.5,0,0,0.00022886847882267172
34,0,7,4,2,3,58.130001068115234,81.4,36.99,1,1,0.9201623116264099
34,0,4,4,2,3,74.99333318074544,130.0,36.0,1,1,0.9865751557047084
16,1,13,4,1,1,18.0,18.0,18.0,0,0,2.6355233439738017e-05
19,1,13,4,2,3,38.480000813802086,59.45,16.0,0,0,0.07505025950892802
70,1,3,4,2,2,76.99499893188477,99.99,54.0,0,0,0.22722401053416383
31,0,13,4,1,1,190.0,190.0,190.0,1,1,1.0
51,1,7,4,4,4,85.90499973297119,255.0,14.07,1,1,0.9997676686616956
46,0,4,4,1,2,31.744999885559082,38.59,24.9,0,0,0.0007095933749874616
26,1,2,1,1,2,119.5,208.0,31.0,1,1,0.9999510763209394
28,1,10,4,1,1,34.75,45.0,24.5,0,0,0.0001984147736789327
40,1,3,4,1,1,34.9900016784668,34.99,34.99,0,0,9.181360217042095e-06
30,1,3,4,1,1,98.0,98.0,98.0,0,0,0.005774603615240842
19,1,13,2,1,1,22.0,22.0,22.0,0,0,0.00010796450759615956
12,0,4,4,3,5,181.7379997253418,650.0,18.7,1,1,0.9999929241611508
41,0,7,3,1,1,9.989999771118164,9.99,9.99,0,0,2.5029540387088356e-05
37,1,0,4,1,1,24.950000762939453,24.95,24.95,0,0,8.38068749601134e-06
45,1,13,4,1,1,11.989999771118164,11.99,11.99,0,0,4.840324911832688e-05
49,0,7,3,2,2,129.20000076293945,193.0,65.4,1,1,0.9999437914327427
17,1,4,3,2,2,56.97500038146973,59.95,54.0,0,0,0.03613181293543305
58,0,13,4,1,1,146.0,146.0,146.0,0,0,0.005963817101259274
70,1,10,4,1,2,50.97500038146973,59.95,42.0,0,0,0.019349090089674174
26,1,13,4,1,2,22.25,25.5,19.0,0,0,0.0002819172582478838
13,0,6,1,1,1,16.989999771118164,16.99,16.99,0,0,1.848739495798291e-05
27,1,3,0,1,4,47.88750076293945,59.5,39.99,1,1,0.8087462458575321
30,0,3,4,1,1,10.0,10.0,10.0,0,0,1.968289985955307e-05
21,1,4,4,3,3,105.28333218892415,243.95,21.9,1,1,0.9988842017092899
36,0,13,4,1,1,7.989999771118164,7.99,7.99,0,0,1.968289985955307e-05
51,0,3,3,1,1,14.75,14.75,14.75,0,0,2.5029540387088356e-05
12,1,13,4,2,1,105.77000045776367,179.0,32.54,1,1,0.994555660422396
68,1,13,4,1,1,40.279998779296875,40.28,40.28,0,0,0.00021739834434204999
65,0,13,1,1,1,10.359999656677246,10.36,10.36,0,0,1.968289985955307e-05
29,0,0,3,1,1,39.9900016784668,39.99,39.99,0,0,1.02311040648322e-05
53,1,13,4,1,1,19.989999771118164,19.99,19.99,0,0,4.840324911832688e-05
37,1,4,2,1,1,44.0,44.0,44.0,0,0,0.00021484914328187595
44,0,13,3,1,2,35.97500038146973,42.0,29.95,0,0,0.001160326640507571
54,0,10,1,1,1,28.989999771118164,28.99,28.99,0,0,3.890360199090018e-05
55,0,13,2,2,3,64.48666763305664,131.94,22.02,1,1,0.9906751670113961
26,0,13,0,1,1,14.694999694824219,14.99,14.4,0,0,1.968289985955307e-05
14,0,10,3,1,1,139.99000549316406,139.99,139.99,0,0,0.004731507967509878
61,1,13,4,1,2,22.25,25.0,19.5,0,0,0.0005475062430583701
22,0,13,4,1,1,19.989999771118164,19.99,19.99,0,0,1.968289985955307e-05
19,0,0,4,1,2,29.945000648498535,34.9,24.99,0,0,0.0015149679625983971
57,0,4,4,1,1,49.9900016784668,49.99,49.99,0,0,0.00023409121607834363
39,1,3,4,1,4,62.614999294281006,119.0,21.97,1,1,0.9793723391464033
58,0,13,4,2,3,277.59666633605957,750.0,23.99,1,1,0.9999615470542039
33,0,13,3,1,1,32.08000183105469,32.08,32.08,0,0,1.02311040648322e-05
38,0,4,4,1,1,11.949999809265137,11.95,11.95,0,0,1.968289985955307e-05
46,0,3,4,2,2,24.746665954589844,37.46,16.8,0,0,0.0006287287211916116
47,0,8,4,2,3,28.843332926432293,60.0,9.48,0,0,0.020363257855312504
39,0,4,1,1,1,51.95000076293945,51.95,51.95,0,0,0.0021323774286117645
14,1,10,4,3,4,52.02833334604899,110.6,17.62,1,1,0.9915808076264233
24,0,4,4,3,5,43.91714286804199,88.0,12.58,1,1,0.9882061677316569
35,1,8,4,2,2,57.5,80.0,35.0,0,0,0.18571934650458957
12,1,4,4,1,1,64.0,64.0,64.0,0,0,0.0003064856319523434
12,1,7,4,1,2,23.5,31.0,16.0,0,0,0.0009626695279103684
56,0,4,3,1,1,11.34000015258789,11.34,11.34,0,0,2.5029540387088356e-05
15,0,4,2,2,2,33.489999771118164,34.98,32.0,0,0,0.0007391826807281419
24,1,4,4,2,2,56.48999881744385,82.99,29.99,0,0,0.07261147107972656
66,1,3,2,1,1,17.799999237060547,17.8,17.8,0,0,0.00023428430195384227
24,0,11,4,3,5,37.17600021362305,54.0,10.9,1,1,0.8738043514698434
14,0,4,4,1,2,116.48499917984009,239.0,18.99,1,1,0.9855887759715186
12,0,0,4,2,4,34.97799987792969,46.46,15.0,1,0,0.346241641496394
41,1,3,4,2,3,52.109999338785805,74.34,39.99,0,0,0.3479273290206504
61,0,13,4,1,1,30.0,30.0,30.0,0,0,1.02311040648322e-05
30,1,3,4,1,1,28.899999618530273,28.9,28.9,0,0,3.2664699712926596e-06
53,0,0,4,1,3,73.95749998092651,163.0,18.99,1,1,0.9907669403243534
24,0,4,3,1,1,65.0,65.0,65.0,0,0,0.0004837413741331593
16,1,10,3,2,5,34.041999435424806,89.99,6.76,1,1,0.7661644120224552
21,1,4,1,1,1,50.0,50.0,50.0,0,0,0.00015092783645865551
64,0,13,4,2,2,68.25,110.0,26.5,0,0,0.2500753754313592
51,1,4,4,1,2,49.69500160217285,64.4,34.99,0,0,0.03479774315164032
53,0,4,4,1,2,57.0,75.0,39.0,0,0,0.05396902094725915
28,1,12,4,2,2,43.75,49.5,38.0,0,0,0.008019508820593163
17,0,4,4,1,4,72.04250025749207,198.0,10.19,1,1,0.996732320483011
51,0,12,4,3,3,83.24666659037273,178.0,19.99,1,1,0.9995083539489361
22,1,13,4,3,4,70.03749990463257,125.0,14.99,1,1,0.9985431467366322
31,0,7,3,1,1,24.989999771118164,24.99,24.99,0,0,6.160052574650034e-05
15,0,4,4,2,2,66.76499938964844,68.53,65.0,0,0,0.046986792286126934
29,0,13,3,1,1,14.0,14.0,14.0,0,0,1.968289985955307e-05
43,1,13,4,2,1,30.71500015258789,34.98,26.45,0,0,0.0005366308017628287
14,0,0,4,1,4,61.73749923706055,99.0,20.0,1,1,0.9641381767468609
55,0,3,4,1,1,28.899999618530273,28.9,28.9,0,0,3.890360199090018e-05
22,0,13,4,4,4,35.49599990844727,59.99,17.05,1,1,0.6819185482888909
50,0,8,3,1,1,29.989999771118164,29.99,29.99,0,0,2.041620703291727e-05
45,0,6,4,1,2,16.25,21.99,10.51,0,0,0.0005248707809827122
58,1,13,3,1,1,25.0,25.0,25.0,0,0,4.5584755920151746e-05
17,1,13,3,1,1,32.95000076293945,32.95,32.95,0,0,3.131415714864012e-05
43,0,11,3,1,1,183.05999755859375,183.06,183.06,1,1,1.0
51,1,13,3,1,2,151.47000312805176,249.99,52.95,1,1,0.9998463841297489
45,0,3,4,1,1,8.989999771118164,8.99,8.99,0,0,2.5029540387088356e-05
40,0,13,4,3,3,49.643332163492836,79.95,26.98,0,1,0.5118330023297727
54,0,6,4,2,2,130.0999984741211,160.2,100.0,1,1,0.9998199206634656
43,1,13,4,1,1,25.0,25.0,25.0,0,0,4.840324911832688e-05
14,0,4,4,1,2,263.9949998855591,498.0,29.99,1,1,0.9961557618113259
65,0,13,2,2,3,30.160001118977863,44.99,10.5,0,0,0.013968446308925422
60,1,12,4,1,1,44.9900016784668,44.99,44.99,0,0,0.00021937322801509804
59,0,4,4,1,1,18.899999618530273,18.9,18.9,0,0,2.5029540387088356e-05
36,1,10,4,1,1,10.5,10.5,10.5,0,0,2.5314485649881535e-05
56,1,6,4,1,1,40.0,40.0,40.0,0,0,4.866121526357938e-05
43,1,4,4,1,1,49.97999954223633,49.98,49.98,0,0,0.0002194128245956893
17,0,4,4,1,1,52.0,52.0,52.0,0,0,0.00018602634344101692
38,0,11,4,1,1,36.9900016784668,36.99,36.99,0,0,1.7941204296135235e-05
21,0,6,4,4,4,52.811667601267494,136.27,8.95,1,1,0.9978819261975476
54,0,4,4,2,2,56.46999931335449,74.95,37.99,0,0,0.05999144476560356
26,1,4,3,1,1,68.0,68.0,68.0,0,0,0.0004643687836331352
69,0,11,0,1,1,29.989999771118164,29.99,29.99,0,0,1.5069566505381985e-05
45,0,13,4,1,1,29.950000762939453,29.95,29.95,0,0,7.359466274078951e-06
56,0,4,3,1,1,34.9900016784668,34.99,34.99,0,0,6.455331937662784e-05
67,0,3,4,1,1,25.0,25.0,25.0,0,0,5.6067789918546884e-05
62,1,4,4,2,2,38.99499988555908,65.0,12.99,0,0,0.015028134115022563
53,0,4,3,1,1,25.0,25.0,25.0,0,0,3.273964061839139e-05
23,1,3,2,1,3,63.269999980926514,163.64,19.99,1,1,0.9989679298882911
58,1,4,4,1,1,99.98999786376953,99.99,99.99,0,0,0.007082418579424831
69,1,11,4,1,1,84.0,84.0,84.0,0,0,0.001222307032406329
20,1,6,4,4,5,167.4971422467913,903.0,12.0,1,1,0.9999464166023264
65,0,11,4,2,2,137.75,187.5,88.0,1,1,0.9998199206634656
36,1,11,4,1,1,199.0,199.0,199.0,1,1,1.0
17,1,4,3,4,4,58.12249946594238,99.99,28.0,1,1,0.9985491831221942
15,1,13,4,2,4,102.3,215.0,22.0,1,1,0.9997887783575679
33,0,6,4,3,4,24.375,50.0,10.0,0,0,0.026778210126416912
55,1,6,4,1,2,40.9950008392334,49.5,32.49,0,0,0.0011775865940987038
32,1,13,4,2,3,278.36249923706055,903.0,31.5,1,1,0.999988587138742
36,0,11,4,1,1,149.9499969482422,149.95,149.95,0,0,0.003838639507821565
53,0,3,3,1,1,158.0,158.0,158.0,0,0,0.004725929316185845
65,1,4,2,4,4,39.045000076293945,62.0,5.59,0,1,0.5914290121736451
43,0,4,4,1,3,39.763333002726235,59.5,19.99,0,0,0.0148331293914689
59,0,4,4,2,3,41.93666776021322,85.83,6.99,0,0,0.29308261158564236
69,0,6,4,2,2,24.994999885559082,29.99,20.0,0,0,0.0010242137326704438
53,0,3,0,1,1,24.989999771118164,24.99,24.99,0,0,3.273964061839139e-05
65,1,4,4,1,1,42.9900016784668,42.99,42.99,0,0,0.0006914604759712763
50,1,4,4,1,2,25.574999809265137,42.16,8.99,0,0,0.0012073648675387668
19,1,3,4,2,4,42.09499979019165,69.5,24.9,0,1,0.5855739190699544
20,1,3,4,1,1,59.5,59.5,59.5,0,0,0.0003361064544997304
22,0,6,4,1,1,355.989990234375,355.99,355.99,1,1,1.0
27,1,8,4,1,2,32.47500038146973,44.0,20.95,0,0,0.00034910152060225926
34,1,13,1,1,1,98.0,98.0,98.0,0,0,0.008717950691883207
35,0,4,4,1,1,64.62999725341797,64.63,64.63,0,0,0.00044827027193788304
53,1,13,4,2,3,57.029998779296875,69.99,44.5,1,1,0.8799567036409783
53,1,3,4,1,1,134.9199981689453,134.92,134.92,0,0,0.01095300770483415
41,0,13,1,2,2,62.2450008392334,79.5,44.99,0,0,0.10967275723802566
40,0,13,4,1,1,10.369999885559082,10.37,10.37,0,0,1.968289985955307e-05
61,0,13,4,4,6,106.87499793370564,314.55,13.97,1,1,0.999942956278019
70,0,2,4,1,1,148.5,148.5,148.5,0,0,0.004136581302295873
20,1,12,4,1,1,29.989999771118164,29.99,29.99,0,0,4.882265559168173e-05
55,0,13,2,1,3,42.51749897003174,91.09,19.99,0,0,0.44333362996708003
50,1,7,4,1,1,25.0,25.0,25.0,0,0,2.5314485649881535e-05
65,0,13,4,2,2,163.5,288.0,39.0,1,1,0.9998199206634656
55,0,4,4,1,1,29.950000762939453,29.95,29.95,0,0,2.041620703291727e-05
15,0,13,4,1,4,26.172499895095825,52.0,15.13,0,0,0.00728254074951246
61,0,4,4,1,1,54.95000076293945,54.95,54.95,0,0,0.00032794243640256004
33,1,4,4,1,1,29.989999771118164,29.99,29.99,0,0,6.309722426288844e-06
48,0,0,3,1,1,49.0,49.0,49.0,0,0,0.00014609217358656278
38,0,13,3,3,4,47.22249984741211,99.0,6.99,1,1,0.9860489094613543
52,1,4,4,2,2,70.0,90.0,50.0,0,0,0.2235881776146752
68,0,4,4,2,2,62.4950008392334,78.0,46.99,0,0,0.15629390698137574
29,0,6,4,1,1,26.719999313354492,26.72,26.72,0,0,6.160052574650034e-05
26,0,13,4,1,1,44.0,44.0,44.0,0,0,0.00014188575457151022
64,1,4,3,1,1,64.0,64.0,64.0,0,0,0.00046603955547577726
53,1,8,4,2,2,30.0,48.0,12.0,0,0,0.006210523008860903
15,0,3,4,1,3,52.24250030517578,78.0,29.0,1,1,0.518440282110491
59,1,8,4,1,1,23.989999771118164,23.99,23.99,0,0,2.5314485649881535e-05
62,0,13,4,1,1,10.779999732971191,10.78,10.78,0,0,1.968289985955307e-05
29,0,3,1,1,1,37.4950008392334,49.99,25.0,0,0,0.0009902893614537832
58,0,4,4,1,1,60.33000183105469,60.33,60.33,0,0,0.0005247098436702781
31,1,4,4,4,4,50.60249996185303,84.21,29.25,1,1,0.9911529495841458
61,1,3,3,2,4,49.94599914550781,109.99,15.75,1,1,0.9670586746915424
31,1,11,4,4,6,37.02166700363159,57.5,15.64,1,1,0.9514485143825588
18,1,3,4,1,2,41.435001373291016,49.99,32.88,0,0,0.002527586001848042
49,0,13,3,1,1,219.0,219.0,219.0,1,1,1.0
13,1,10,4,1,1,173.0,173.0,173.0,1,1,0.995
24,1,4,4,1,1,12.0,12.0,12.0,0,0,3.2664699712926596e-06
14,1,4,4,1,1,67.94999694824219,67.95,67.95,0,0,0.0003519742421591164
64,0,13,4,4,4,171.77800025939942,695.0,8.0,1,1,0.9999297243798624
14,1,3,4,2,2,198.99666849772134,318.0,49.0,1,1,0.9999437458636664
40,0,4,1,1,3,82.46666717529297,158.0,43.95,1,1,0.988154976305688
28,1,4,1,2,2,50.193333307902016,109.0,16.58,0,0,0.23318614833913603
27,1,6,2,4,5,56.55333391825358,79.5,13.0,1,1,0.9877380798211495
51,0,10,4,1,2,36.75,39.5,34.0,0,0,0.001011370983104147
18,1,10,4,2,2,34.13499927520752,36.28,31.99,0,0,0.0008156468536579414
70,0,4,0,3,4,68.50800018310547,122.6,33.95,1,1,0.9995232932952665
63,1,4,0,1,2,188.6649932861328,293.33,84.0,1,1,0.9999468085106383
23,1,6,1,1,1,109.94999694824219,109.95,109.95,0,0,0.008536612238855679
30,0,10,1,1,1,24.989999771118164,24.99,24.99,0,0,6.160052574650034e-05
40,1,4,3,2,1,40.97500038146973,54.95,27.0,0,0,0.0038328018580049256
21,1,4,0,2,2,141.87000020345053,266.66,49.0,1,1,0.9995874805074011
29,0,13,4,2,1,19.649999618530273,21.3,18.0,0,0,0.00034481201719479854
65,1,3,4,1,3,30.313333829243977,40.0,10.95,0,0,0.0033690726289951605
14,1,13,4,1,1,60.0,60.0,60.0,0,0,0.0005945500697389014
18,0,4,3,1,1,54.0,54.0,54.0,0,0,0.00013552945850682106
33,0,11,1,1,2,27.19499969482422,31.99,22.4,0,0,0.0007339075907918786
55,0,13,4,2,2,33.429999669392906,55.3,19.99,0,0,0.007031780983457176
37,0,4,4,2,3,57.666666666666664,89.5,13.5,1,1,0.9340020078116464
52,1,4,4,1,1,26.0,26.0,26.0,0,0,8.38068749601134e-06
68,1,4,4,1,2,27.1200008392334,39.99,14.25,0,0,0.0011528730126639393
47,1,13,4,1,2,67.49499893188477,79.99,55.0,0,0,0.08616490311812657
59,0,7,4,2,3,45.99666659037272,98.0,9.99,0,1,0.5776497606772114
27,1,4,4,1,1,70.0,70.0,70.0,0,0,0.0007572885812372992
56,0,12,2,2,3,25.110000610351562,51.99,8.39,0,0,0.01729418825568176
26,1,4,4,1,1,98.9950008392334,148.0,49.99,1,1,0.9047868172032786
46,1,13,2,1,1,89.94999694824219,89.95,89.95,0,0,0.006219405393046004
29,1,13,4,2,2,104.97999954223633,168.0,41.96,1,1,0.9995300851426798
38,0,4,4,1,2,109.46999931335449,172.0,46.94,1,1,0.9965773914307586
37,0,13,0,1,2,37.2450008392334,49.49,25.0,0,0,0.003220808178450535
57,0,7,4,1,1,29.950000762939453,29.95,29.95,0,0,2.041620703291727e-05
26,0,13,3,4,7,46.19999959733751,158.0,9.25,1,1,0.9995985280911168
22,0,11,4,1,3,35.643333435058594,59.0,10.0,0,0,0.01782832493394245
33,0,11,3,2,2,83.37499809265137,121.95,44.8,0,0,0.22926331324487176
19,1,4,4,1,2,82.0,148.0,16.0,0,0,0.2748699080842161
61,0,13,2,1,2,66.97500038146973,106.0,27.95,0,0,0.2193759766167908
23,1,3,4,2,3,34.12666702270508,49.88,13.0,0,0,0.023037543850352293
34,1,0,4,1,2,87.34499931335449,119.7,54.99,1,1,0.9572699990037223
21,1,13,4,1,1,50.0,50.0,50.0,0,0,0.00016853755750677167
50,0,13,4,1,1,49.900001525878906,49.9,49.9,0,0,0.00015523163399386552
32,1,10,3,3,4,17.666666348775227,38.53,7.99,0,0,0.018848406320500194
33,0,4,4,1,2,101.49499893188477,130.0,72.99,1,1,0.9935590962615375
52,0,13,2,1,4,142.77500081062317,308.0,14.12,1,1,0.9999903840475739
28,0,13,4,1,1,23.979999542236328,23.98,23.98,0,0,5.3890425515197304e-05
28,0,3,4,1,2,22.774999618530273,23.05,22.5,0,0,0.0006362132055232637
38,1,3,4,1,1,55.0,55.0,55.0,0,0,0.00032064818224878256
28,1,13,4,1,1,25.0,25.0,25.0,0,0,2.6355233439738017e-05
40,0,3,4,2,2,15.46999979019165,15.95,14.99,0,0,0.0005708144159110491
51,0,8,4,1,2,47.03000068664551,58.06,36.0,0,0,0.014088193541918283
61,0,13,4,1,1,13.9399995803833,13.94,13.94,0,0,1.968289985955307e-05
45,0,4,2,3,4,32.61500024795532,62.99,13.98,0,0,0.33828968304907064
58,0,4,4,1,1,10.34000015258789,10.34,10.34,0,0,2.5029540387088356e-05
30,1,3,4,1,3,53.66333325703939,79.0,21.99,0,1,0.5183535735201619
19,1,3,4,2,2,39.88499927520752,48.05,31.72,0,0,0.0032152543485018665
68,1,4,4,1,1,63.599998474121094,63.6,63.6,0,0,0.000557074264534746
55,1,13,3,1,1,177.9499969482422,177.95,177.95,1,1,1.0
30,1,13,1,2,2,43.95000076293945,50.0,37.9,0,0,0.008556908461080967
50,1,4,4,1,1,15.880000114440918,15.88,15.88,0,0,8.38068749601134e-06
46,0,4,0,2,3,43.81333382924398,59.99,11.95,0,0,0.36190184360819017
70,0,13,1,1,1,89.0,89.0,89.0,0,0,0.004744922862782403
27,0,8,4,1,3,78.32666651407878,198.0,11.98,1,1,0.9966742720629288
59,0,4,4,1,1,60.0,60.0,60.0,0,0,0.0005247098436702781
34,0,13,4,1,2,39.99499988555908,69.0,10.99,0,0,0.009264704336849413
44,0,13,4,1,2,104.49499988555908,189.0,19.99,1,1,0.9921158301033557
39,1,4,4,1,3,78.62249994277954,118.0,8.99,1,1,0.9588464106099777
63,0,4,4,3,2,21.329999923706055,25.0,14.99,0,0,0.010895967676010634
21,0,7,4,1,1,14.989999771118164,14.99,14.99,0,0,1.968289985955307e-05
14,1,13,4,1,1,38.95000076293945,38.95,38.95,0,0,0.0007588202522362923
50,1,13,4,2,3,57.633331298828125,87.95,20.0,1,1,0.9474000082928571
61,0,10,4,1,1,26.989999771118164,26.99,26.99,0,0,3.273964061839139e-05
65,1,4,4,1,1,36.9900016784668,36.99,36.99,0,0,0.0002994906212420726
38,0,13,4,1,1,25.0,25.0,25.0,0,0,5.3890425515197304e-05
59,1,13,3,4,3,51.954999923706055,122.99,19.95,1,1,0.8320584885082618
23,0,10,3,2,2,57.4950008392334,60.0,54.99,0,0,0.052777624738350334
12,0,4,0,2,2,18.989999771118164,20.99,16.99,0,0,0.0018358095989632638
39,0,7,4,1,3,36.44999980926514,55.3,25.0,0,0,0.017243366438537477
30,0,11,4,3,2,111.99666659037273,286.0,18.0,1,1,0.9983144603176739
70,0,0,2,1,2,20.994999885559082,21.99,20.0,0,0,0.0008130354643771221
43,1,11,3,4,6,61.436666329701744,198.0,15.05,1,1,0.9999212953968258
16,0,12,4,1,2,148.5,228.0,69.0,1,1,0.9988002980625932
49,1,4,2,1,2,40.99666659037272,55.0,14.99,0,0,0.009505667395299568
33,0,0,4,1,1,52.95000076293945,52.95,52.95,0,0,0.0003121888495951514
48,0,13,4,3,5,44.92625033855438,140.0,6.95,1,1,0.9976785512473931
57,0,13,4,1,2,38.49000072479248,49.99,26.99,0,0,0.0035989336963102884
58,0,4,4,2,2,60.894999980926514,110.0,11.79,0,0,0.2942529141839474
48,1,3,4,1,1,172.1999969482422,172.2,172.2,1,1,1.0
18,1,8,3,1,1,79.5,79.5,79.5,0,0,0.00216650459249103
54,0,3,3,1,1,102.91999816894531,102.92,102.92,0,0,0.004775858146606765
34,0,13,4,1,1,20.0,20.0,20.0,0,0,1.968289985955307e-05
69,1,4,4,4,6,38.481428555079866,59.99,7.95,1,1,0.9740268807182777
32,0,4,4,1,1,16.989999771118164,16.99,16.99,0,0,1.968289985955307e-05
22,0,13,4,1,1,10.0,10.0,10.0,0,0,1.968289985955307e-05
41,1,3,4,1,1,92.4000015258789,92.4,92.4,0,0,0.009160545153493793
61,1,10,4,3,3,66.81600036621094,198.0,18.8,1,1,0.998857414307645
49,0,4,4,2,3,48.65000025431315,67.0,19.95,0,0,0.421853011535926
27,0,10,4,1,2,23.97000026702881,24.99,22.95,0,0,0.0007350634667441898
33,1,7,4,1,1,58.0,58.0,58.0,0,0,0.0006579429465222656
65,1,11,4,3,7,53.80099983215332,100.99,16.5,1,1,0.9935278673503654
27,1,2,3,1,1,26.489999771118164,26.49,26.49,0,0,3.2664699712926596e-06
46,1,13,4,1,1,99.98999786376953,99.99,99.99,0,0,0.008264742901700472
48,1,4,4,1,1,36.95000076293945,36.95,36.95,0,0,1.614030245782154e-05
30,1,12,4,1,1,69.98999786376953,69.99,69.99,0,0,0.0009731547181156272
21,0,13,4,1,1,60.0,60.0,60.0,0,0,0.0006377139712569352
26,0,6,4,3,6,32.48285756792341,80.65,7.95,1,1,0.9303322655114431
64,0,0,4,1,2,49.99499988555908,79.0,20.99,0,0,0.059345987815955355
57,1,13,4,3,3,40.826666514078774,49.5,25.0,0,0,0.06563448669124307
28,0,0,4,1,2,10.245000004768372,20.0,0.49,0,0,0.000532496314949025
24,1,4,4,1,1,44.9900016784668,44.99,44.99,0,0,0.00028963893638670715
21,1,13,3,1,1,45.9900016784668,45.99,45.99,0,0,0.00011168193962883214
53,1,4,3,1,1,99.5,99.5,99.5,0,0,0.005039760455532283
36,1,4,3,1,3,55.326666514078774,95.99,34.99,0,1,0.7255394505390267
44,1,3,4,1,1,30.0,30.0,30.0,0,0,9.181360217042095e-06
27,1,4,4,3,3,64.15666770935059,119.98,22.99,1,1,0.9882452368977271
14,1,13,4,1,1,28.81999969482422,28.82,28.82,0,0,2.0709650697224966e-06
18,1,4,4,1,2,110.0,125.0,95.0,1,1,0.9931519883459058
17,1,4,3,1,1,23.200000762939453,23.2,23.2,0,0,3.2664699712926596e-06
46,1,13,1,1,2,25.125,28.8,21.45,0,0,0.0004986379432413102
46,0,4,4,1,2,56.52499961853027,96.0,17.05,0,0,0.16302126301230666
38,0,4,4,1,1,14.989999771118164,14.99,14.99,0,0,1.968289985955307e-05
21,1,3,4,3,3,39.272499322891235,81.38,7.95,0,0,0.18987695121936216
12,0,13,2,2,4,37.735000133514404,62.0,24.99,0,1,0.5017164268115588
21,0,12,4,1,1,69.86000061035156,69.86,69.86,0,0,0.00031273261828277543
31,1,3,3,1,1,37.900001525878906,37.9,37.9,0,0,1.1026084933102857e-05
29,0,10,4,1,1,188.99000549316406,188.99,188.99,1,1,1.0
30,0,4,3,1,3,57.9966672261556,78.0,46.0,1,1,0.9060438375686659
22,1,10,4,2,2,31.5,59.5,12.0,0,0,0.004853597055920963
16,0,2,4,2,2,116.46999835968018,224.95,7.99,1,1,0.9968049617035477
64,0,13,4,1,1,11.779999732971191,11.78,11.78,0,0,1.968289985955307e-05
34,1,4,4,1,2,72.79999923706055,89.0,56.6,0,0,0.12017383855209869
36,0,8,3,1,2,70.25,114.5,26.0,0,0,0.18319759439791908
20,1,6,4,1,2,73.18000030517578,125.0,21.36,0,0,0.20070985586870002
44,0,13,3,2,4,75.38600006103516,151.99,25.0,1,1,0.9974850682762687
49,0,2,1,1,1,75.0,75.0,75.0,0,0,0.000537853510834749
38,0,4,4,1,1,17.989999771118164,17.99,17.99,0,0,1.968289985955307e-05
33,1,3,4,1,1,125.0,125.0,125.0,0,0,0.008417407547337708
62,0,4,3,2,3,96.99666849772136,169.99,22.0,1,1,0.9999021003866294
69,0,4,0,2,2,79.7450008392334,99.5,59.99,0,0,0.22008314103194732
45,1,4,4,1,1,11.899999618530273,11.9,11.9,0,0,8.38068749601134e-06
45,1,13,4,1,1,149.99000549316406,149.99,149.99,0,0,0.004021698079389071
45,0,4,4,3,4,46.05999946594238,88.27,21.99,1,1,0.9862204590105753
36,0,3,3,1,1,92.0,92.0,92.0,0,0,0.0042787395861711595
69,1,4,4,1,1,49.9900016784668,49.99,49.99,0,0,0.00035268036821791603
22,0,4,4,1,2,41.53499984741211,75.07,8.0,0,0,0.008983984789966957
40,0,4,4,1,1,33.9900016784668,33.99,33.99,0,0,2.3287844823670516e-05
47,0,4,3,1,1,65.98999786376953,65.99,65.99,0,0,0.0006090039529108574
58,1,3,0,4,5,48.49833329518636,92.0,18.99,1,1,0.9948660326073643
37,0,4,1,1,3,53.8999989827474,125.95,11.25,0,1,0.7287260537702299
48,0,12,3,3,6,72.63833332061768,200.0,8.83,1,1,0.9998809744964067
68,1,3,4,1,1,27.99000072479248,41.99,13.99,0,0,8.38068749601134e-06
44,0,13,3,3,3,52.583333333333336,99.0,25.0,0,1,0.5820049385421678
53,1,13,4,2,3,90.49249982833862,233.0,15.99,1,1,0.9995695628485056
12,1,3,4,2,2,51.65000025431315,99.0,17.95,0,0,0.18733717223435117
52,0,4,4,2,1,38.45000076293945,40.9,36.0,0,0,0.0018956940190256299
56,1,0,4,2,2,181.25,325.0,37.5,1,1,0.9991406406764657
22,0,3,4,1,1,21.040000915527344,21.04,21.04,0,0,1.968289985955307e-05
15,0,3,4,1,1,34.9900016784668,34.99,34.99,0,0,2.4917948482181724e-05
69,0,13,4,2,3,72.98333326975505,152.0,7.95,1,1,0.9963374820818632
20,1,3,4,1,1,8.949999809265137,8.95,8.95,0,0,3.2664699712926596e-06
43,1,13,3,4,7,62.771817987615414,227.0,16.26,1,1,0.999948800266188
14,1,3,4,2,4,92.6399990081787,242.29,26.92,1,1,0.9997494887058189
42,0,3,4,1,2,91.5,148.0,35.0,1,1,0.9895484028455876
41,1,4,3,4,4,90.19800109863282,178.0,18.0,1,1,0.9997577522837728
64,0,4,4,2,2,24.494999885559082,39.0,9.99,0,0,0.00042292529121057887
68,0,13,3,1,1,10.779999732971191,10.78,10.78,0,0,1.968289985955307e-05
58,1,4,4,2,3,19.99333318074544,28.0,11.99,0,0,0.0028425785337789088
14,0,3,4,1,1,2.950000047683716,2.95,2.95,0,0,1.848739495798291e-05
66,1,10,2,4,3,66.9950008392334,140.0,36.99,1,1,0.9993960789566888
69,0,13,4,1,1,239.9499969482422,239.95,239.95,1,1,1.0
41,0,6,4,1,2,72.03499984741211,119.07,25.0,0,0,0.20459670282016645
24,1,13,2,1,1,49.95000076293945,49.95,49.95,0,0,0.0001714522909060097
31,0,4,4,1,1,117.5,117.5,117.5,0,0,0.014857668612635393
17,0,3,4,2,4,54.90999984741211,128.0,10.53,1,1,0.9816713401915854
27,0,13,2,1,1,65.0,65.0,65.0,0,0,0.0005807756240785384
61,1,12,3,1,3,23.46500015258789,44.91,3.0,0,0,0.009452154316838483
62,1,13,4,1,2,44.970001220703125,54.95,34.99,0,0,0.010459868201938333
69,0,4,3,1,4,15.207500457763672,34.99,3.5,0,0,0.010556247920886504
51,0,13,4,1,1,78.0,78.0,78.0,0,0,0.0014648655882281226
70,0,4,3,1,1,54.0,54.0,54.0,0,0,0.00017710967876131964
21,0,13,4,2,4,70.99600067138672,99.0,49.99,1,1,0.975445030363568
21,0,4,0,3,5,73.21333281199138,150.0,17.21,1,1,0.9999165882832882
60,1,13,0,1,2,47.2400016784668,54.49,39.99,0,0,0.011797417736678808
32,0,13,4,1,1,6.989999771118164,6.99,6.99,0,0,1.968289985955307e-05
57,0,4,3,1,1,61.0,61.0,61.0,0,0,0.00031801498666246737
23,1,10,4,1,3,69.75,189.0,25.0,1,1,0.9984162571828376
58,0,3,2,1,1,16.899999618530273,16.9,16.9,0,0,2.5029540387088356e-05
56,1,10,4,2,2,64.9900016784668,69.98,60.0,0,0,0.06432588096835473
63,1,10,4,1,1,53.95000076293945,53.95,53.95,0,0,0.00019105861623207549
66,0,8,4,1,1,149.97999572753906,149.98,149.98,0,0,0.0028046840231869953
60,1,4,4,1,2,40.9950008392334,57.99,24.0,0,0,0.0019848029281563147
28,1,3,4,3,3,50.33000055948893,69.5,39.5,0,0,0.3554139220963528
19,0,11,3,1,2,37.4950008392334,38.99,36.0,0,0,0.001833854017051567
43,1,4,4,1,2,50.64000129699707,64.4,36.88,0,0,0.016740201516679192
61,0,4,2,1,3,66.0533332824707,79.17,39.99,1,1,0.9036505827430382
64,0,10,4,1,2,39.27999973297119,53.5,25.06,0,0,0.0010356239628187963
29,0,10,4,1,2,53.0,58.0,48.0,0,0,0.009731947476038217
68,1,13,4,1,1,17.75,17.75,17.75,0,0,0.00017787038495488934
18,1,8,4,1,1,69.98999786376953,69.99,69.99,0,0,0.0002971406074345954
35,0,3,4,1,2,76.49499893188477,84.99,68.0,0,0,0.08308446352484099
62,0,3,4,1,1,36.9900016784668,36.99,36.99,0,0,8.788146867678334e-05
44,0,11,2,1,1,28.989999771118164,28.99,28.99,0,0,3.890360199090018e-05
18,0,10,1,1,1,349.0,349.0,349.0,1,1,1.0
44,0,4,4,1,3,52.02666791280111,77.26,22.83,0,1,0.5145561254083604
38,0,13,4,1,1,198.0,198.0,198.0,1,1,1.0
27,1,3,3,2,3,83.63999938964844,170.0,39.5,1,1,0.9981746129336722
28,0,13,4,1,1,71.94999694824219,71.95,71.95,0,0,0.0005371386356794693
57,1,13,0,1,1,14.399999618530273,14.4,14.4,0,0,2.3536740241562884e-05
54,1,13,3,1,1,41.9900016784668,41.99,41.99,0,0,5.334437088196195e-05
44,0,10,0,2,5,43.989999771118164,89.95,13.0,1,1,0.948708732102476
34,1,6,1,3,6,75.92625021934509,295.0,19.99,1,1,0.9999956178790534
42,0,4,4,2,5,46.939999961853026,101.75,15.95,1,1,0.9611618013363902
56,0,7,3,2,2,15.474999904632568,20.0,10.95,0,0,0.0005281006161213489
63,1,4,4,2,3,110.96749830245972,232.48,8.99,1,1,0.9994228871192169
53,0,4,3,1,2,43.9950008392334,49.0,38.99,0,0,0.010968261692348092
70,0,3,4,1,1,79.0,79.0,79.0,0,0,0.0008376939266671061
50,0,4,4,1,1,99.0,99.0,99.0,0,0,0.004046612444553611
58,0,4,4,1,1,14.979999542236328,14.98,14.98,0,0,2.5029540387088356e-05
64,1,6,1,1,4,63.49500036239624,99.0,24.99,1,1,0.9649015201056216
59,0,11,4,1,1,33.45000076293945,33.45,33.45,0,0,2.3287844823670516e-05
19,1,4,4,4,4,51.20500040054321,82.12,7.99,1,1,0.9504305880611645
33,0,4,4,2,2,14.3149995803833,17.64,10.99,0,0,0.0003704509847567488
40,1,3,4,1,2,43.99499988555908,60.0,27.99,0,0,0.014897814402739578
70,0,13,2,2,3,19.253333409627277,39.5,7.95,0,0,0.008585632892931865
16,1,13,2,1,1,198.0,198.0,198.0,1,1,1.0
28,0,4,4,2,2,66.71666717529297,145.0,5.16,1,1,0.5566966718406281
49,1,10,4,1,1,139.99000549316406,139.99,139.99,0,0,0.0036627900556525316
54,0,13,3,1,1,29.989999771118164,29.99,29.99,0,0,7.359466274078951e-06
49,0,11,4,1,1,11.989999771118164,11.99,11.99,0,0,2.5029540387088356e-05
65,1,4,4,1,1,79.98999786376953,79.99,79.99,0,0,0.001171812249045272
55,1,4,4,2,2,38.994998931884766,49.03,28.96,0,0,0.003571743511670901
31,0,0,4,1,1,97.94999694824219,97.95,97.95,0,0,0.008150363199964294
37,1,3,4,1,1,190.0,190.0,190.0,1,1,1.0
35,0,13,4,2,2,96.5,179.0,14.0,1,1,0.9976654964647341
19,0,12,4,1,2,29.744999885559082,29.99,29.5,0,0,0.0015597992656242665
62,1,0,3,1,1,54.4900016784668,54.49,54.49,0,0,0.00037403142758387373
51,0,11,4,1,1,45.0,45.0,45.0,0,0,0.00020520692127807064
56,0,10,4,1,1,39.9900016784668,39.99,39.99,0,0,3.887495947555817e-05
58,0,4,3,2,3,48.95666615168253,119.99,6.93,0,1,0.699428344588044
32,0,4,4,1,1,130.0,130.0,130.0,0,0,0.003978621908454752
64,1,4,4,1,2,50.65000025431315,54.0,43.95,0,0,0.008855627876130123
43,0,4,1,1,1,160.99000549316406,160.99,160.99,0,0,0.005553739963445576
49,1,3,1,2,5,66.66000022888184,198.0,18.95,1,1,0.9992463929119105
41,1,10,4,1,1,54.0,54.0,54.0,0,0,0.00021897957843138832
13,0,13,3,1,2,24.994999885559082,25.0,24.99,0,0,0.0008480101545926058
16,0,13,4,1,1,36.0,36.0,36.0,0,0,1.7207848250878683e-05
36,1,4,4,2,2,58.72500038146973,68.0,49.45,0,0,0.11704164137478981
38,1,4,4,1,3,52.909998655319214,129.93,8.72,1,1,0.722353922729008
61,0,7,4,1,3,97.64333216349284,249.95,12.99,1,1,0.9994080774073975
34,0,13,4,1,1,60.0,60.0,60.0,0,0,0.0008606130711234525
48,0,13,1,1,1,65.0,65.0,65.0,0,0,0.000506252048494117
53,1,4,4,1,1,254.9499969482422,254.95,254.95,1,1,1.0
44,1,3,4,1,2,154.99500274658203,160.0,149.99,1,1,0.8803734412677474
44,0,4,0,2,3,38.29600028991699,65.0,9.99,1,0,0.11338272960318868
60,1,3,4,2,2,132.5,200.0,65.0,1,1,0.9999513286493701
61,1,13,4,1,2,81.31500339508057,133.71,28.92,0,0,0.2335217879757739
46,0,4,3,2,2,21.570000171661377,33.95,9.19,0,0,0.00040258845234484745
60,1,13,3,2,2,54.255001068115234,63.56,44.95,0,0,0.018296617524960274
29,1,0,4,1,1,179.9499969482422,179.95,179.95,1,1,1.0
35,0,4,4,4,7,73.52750086784363,229.99,25.0,1,1,0.9999971695442966
55,0,4,2,1,1,34.97999954223633,34.98,34.98,0,0,6.168168158587458e-05
66,1,4,3,1,1,185.0,185.0,185.0,1,1,1.0
43,0,6,4,1,3,26.494999885559082,56.0,7.99,0,0,0.0024482528591882186
19,1,13,4,1,1,49.9900016784668,49.99,49.99,0,0,0.0016714102893551222
38,1,4,4,2,3,66.19666703542073,140.0,8.64,1,1,0.9936757239529882
33,0,4,1,1,1,65.0,65.0,65.0,0,0,0.000322861278002233
49,0,4,4,1,2,32.484999656677246,45.0,19.97,0,0,0.0008211547719623375
21,0,4,4,3,6,62.685714040483745,132.0,11.95,1,1,0.9991214268482205
25,0,3,4,1,1,54.0,54.0,54.0,0,0,0.0002342074310727456
63,0,8,3,1,1,89.5,89.5,89.5,0,0,0.0037436160328151807
64,0,4,4,2,3,40.323333740234375,52.99,29.98,0,0,0.050083311345467126
53,0,4,0,2,2,87.5,145.0,30.0,1,1,0.9770647947092779
20,0,3,3,2,3,33.33000055948893,49.99,12.0,0,0,0.0085670541088799
61,0,3,4,2,2,55.9950008392334,62.0,49.99,0,0,0.01668704653021087
39,0,4,4,1,1,66.0,66.0,66.0,0,0,0.0008597871258704677
14,1,3,4,1,1,36.9900016784668,36.99,36.99,0,0,0.0002422713175205581
47,1,4,4,1,2,50.70000076293945,59.99,42.16,0,0,0.011670759270150715
59,1,3,4,2,2,38.484999656677246,60.0,16.97,0,0,0.01387571876023713
41,1,7,4,1,1,45.95000076293945,45.95,45.95,0,0,0.0001630614805550675
52,1,4,4,1,1,36.380001068115234,36.38,36.38,0,0,5.04468347699994e-05
27,1,4,4,1,1,8.989999771118164,8.99,8.99,0,0,3.2664699712926596e-06
61,0,3,4,3,3,65.0,118.0,25.0,1,1,0.9904532555680946
34,0,11,4,1,1,48.0,48.0,48.0,0,0,0.00016294173422516854
20,0,10,2,1,1,124.5,124.5,124.5,0,0,0.008656729382660832
15,0,4,1,3,2,93.97999954223633,172.0,39.99,1,1,0.9998747691941152
16,1,10,4,1,3,44.11999988555908,79.5,25.99,1,1,0.5411057946511271
56,0,4,4,2,2,25.125,35.0,15.25,0,0,0.0008342624911414445
37,0,3,4,1,1,119.5,119.5,119.5,0,0,0.0040956023914849515
20,1,4,4,1,1,199.97999572753906,199.98,199.98,1,1,1.0
30,1,3,4,1,1,15.670000076293945,15.67,15.67,0,0,3.2664699712926596e-06
16,1,4,4,1,1,68.0,68.0,68.0,0,0,0.00035602501180534917
63,1,4,4,1,2,47.22500038146973,65.0,29.45,0,0,0.02684550228418029
36,0,4,4,1,2,47.4900016784668,69.98,25.0,0,0,0.0339229521493533
46,0,13,3,1,2,51.9950008392334,59.99,44.0,0,0,0.00882633754942856
24,1,11,4,1,1,25.0,25.0,25.0,0,0,3.2664699712926596e-06
53,0,3,1,2,4,27.112500190734863,49.0,18.5,0,0,0.027896901034100523
26,0,4,1,1,1,21.0,21.0,21.0,0,0,1.968289985955307e-05
65,0,13,4,1,2,51.5,52.0,51.0,0,0,0.008275180874852087
23,0,3,4,1,1,36.9900016784668,36.99,36.99,0,0,2.4917948482181724e-05
41,1,11,4,1,1,33.75,33.75,33.75,0,0,2.6115158370912287e-05
64,1,4,0,1,1,44.9900016784668,44.99,44.99,0,0,0.0005164037930931175
23,1,13,2,1,1,49.9900016784668,49.99,49.99,0,0,8.174904959411e-05
63,0,4,3,2,3,98.23000144958496,130.0,64.8,1,1,0.9991810879259938
39,0,3,4,1,1,44.97999954223633,44.98,44.98,0,0,0.00024198677096003631
27,1,6,0,2,3,44.97666645050049,79.99,13.95,0,0,0.4780395207920559
47,1,4,4,1,1,39.0,39.0,39.0,0,0,0.0002747609921129938
15,1,3,4,2,4,33.72999992370605,55.0,18.94,0,0,0.11668120323661915
56,1,3,4,1,1,4.630000114440918,4.63,4.63,0,0,8.38068749601134e-06
22,0,10,4,1,1,44.0,44.0,44.0,0,0,0.00014959585480281326
40,0,7,4,1,1,30.0,30.0,30.0,0,0,2.3287844823670516e-05
25,0,3,4,1,1,39.95000076293945,39.95,39.95,0,0,4.0505063134069376e-05
17,1,13,4,1,1,198.0,198.0,198.0,1,1,1.0
46,0,4,3,1,1,238.97999572753906,238.98,238.98,1,1,1.0
15,1,13,4,1,1,130.0,130.0,130.0,0,0,0.0053708661282918
14,1,10,4,3,4,45.46000003814697,69.5,31.95,1,1,0.9669976306440081
15,0,12,4,2,2,26.15666675567627,35.0,11.47,0,0,0.00042045720100890825
70,1,10,4,1,1,24.0,24.0,24.0,0,0,0.00017096285125990676
47,0,13,1,2,2,66.75,79.0,54.5,0,0,0.10133835018537216
41,1,3,4,1,1,36.95000076293945,36.95,36.95,0,0,1.614030245782154e-05
17,0,0,4,2,3,34.749999364217125,46.6,19.65,0,0,0.03102393173729996
25,1,3,4,1,1,15.9399995803833,15.94,15.94,0,0,3.2664699712926596e-06
24,1,3,3,1,1,24.950000762939453,24.95,24.95,0,0,3.2664699712926596e-06
16,1,10,3,1,2,52.25,65.0,39.5,0,0,0.023525233167596245
32,0,6,4,2,6,34.72666676839193,118.5,9.01,1,1,0.9152215313618908
36,0,11,4,1,2,32.345001220703125,34.99,29.7,0,0,0.000569815671070555
37,1,0,3,1,1,26.1299991607666,26.13,26.13,0,0,8.38068749601134e-06
29,0,13,3,1,1,129.0,129.0,129.0,0,0,0.004726474217720655
55,1,6,3,1,2,52.0,55.0,49.0,0,0,0.006603055749102868
32,1,8,4,1,1,49.5,49.5,49.5,0,0,0.0002036554539444094
49,0,3,4,1,1,21.950000762939453,21.95,21.95,0,0,2.5029540387088356e-05
45,1,3,4,4,3,74.27999973297119,110.0,44.63,1,1,0.9982369231475369
49,1,13,4,1,1,72.96999931335449,109.99,35.95,0,0,0.1539967692141397
31,1,13,4,1,1,214.0,214.0,214.0,1,1,1.0
28,0,3,4,2,2,131.58499908447266,198.0,65.17,1,1,0.9999824555950956
67,0,4,0,1,4,47.232500076293945,88.0,1.75,1,1,0.8512419992371797
43,0,4,4,1,1,17.989999771118164,17.99,17.99,0,0,2.5029540387088356e-05
38,1,3,4,1,1,13.989999771118164,13.99,13.99,0,0,8.38068749601134e-06
45,1,3,4,1,1,29.989999771118164,29.99,29.99,0,0,6.309722426288844e-06
61,0,13,4,2,1,34.22500038146973,45.0,23.45,0,0,0.002371290640450172
55,1,7,3,1,1,38.0,38.0,38.0,0,0,3.307410061169173e-05
37,1,0,4,2,2,36.18499946594238,62.37,10.0,0,0,0.020689359222972405
58,1,11,4,1,1,29.989999771118164,29.99,29.99,0,0,2.324352058015904e-05
70,0,2,4,2,2,25.565001010894775,39.99,11.14,0,0,0.000632483343046438
24,1,3,4,1,1,33.9900016784668,33.99,33.99,0,0,1.1043886878369898e-05
34,0,13,4,1,1,42.0,42.0,42.0,0,0,2.581821871671985e-05
37,1,4,4,1,1,14.989999771118164,14.99,14.99,0,0,8.38068749601134e-06
13,0,4,3,4,3,35.625000953674316,59.5,12.02,0,0,0.29523691768341886
39,0,13,0,1,1,21.0,21.0,21.0,0,0,1.968289985955307e-05
16,0,7,4,1,1,29.950000762939453,29.95,29.95,0,0,2.204631069142847e-05
64,1,4,4,1,1,59.5,59.5,59.5,0,0,0.0005951857641148138
15,0,4,4,1,1,49.5,49.5,49.5,0,0,0.00013277064647911248
23,0,12,1,3,4,30.79000015258789,51.0,19.97,0,0,0.11241985258985579
31,1,3,4,1,2,63.10499954223633,84.21,42.0,0,0,0.14230059708561674
34,0,13,4,3,1,16.71333344777425,33.95,6.0,0,0,0.0035148288062791634
63,1,13,0,1,4,54.47749948501587,128.0,15.0,1,1,0.9688598797513976
63,0,2,3,1,1,40.0,40.0,40.0,0,0,8.01713684454803e-05
17,0,2,4,1,1,94.94999694824219,94.95,94.95,0,0,0.00446951911499085
50,0,3,4,4,4,33.49749994277954,69.0,8.99,0,0,0.42754657140346014
25,1,4,4,1,1,93.87000274658203,93.87,93.87,0,0,0.0035897545283825657
67,0,8,4,3,6,53.75500011444092,92.61,11.99,1,1,0.9904496711957167
39,0,4,4,1,1,2.950000047683716,2.95,2.95,0,0,1.968289985955307e-05
67,1,4,4,1,2,19.97000026702881,19.99,19.95,0,0,0.000445522769396489
47,1,4,4,1,2,23.744999885559082,27.5,19.99,0,0,0.0004719093245279947
44,0,4,4,1,1,25.0,25.0,25.0,0,0,6.694716627403562e-05
47,1,3,4,3,6,76.31333192189534,259.99,10.92,1,1,0.9998974140904852
25,0,7,4,1,1,28.0,28.0,28.0,0,0,2.739300009085611e-05
29,1,4,3,3,2,34.144999980926514,49.94,11.99,0,0,0.02403587834749002
60,0,3,4,1,1,20.989999771118164,20.99,20.99,0,0,2.5029540387088356e-05
23,0,3,4,2,2,16.489999771118164,17.99,14.99,0,0,0.0006648055237278846
40,0,3,2,1,1,61.5,61.5,61.5,0,0,0.00028033337316818024
47,1,4,4,2,2,46.31333351135254,69.0,22.99,0,0,0.0325223993423572
13,1,8,4,1,1,24.5,24.5,24.5,0,0,2.0709650697224966e-06
43,1,8,4,2,5,63.17600021362305,115.0,25.0,1,1,0.9863574273565706
25,0,6,4,4,5,47.55714307512556,119.0,15.0,1,1,0.9976150568190552
55,0,4,4,1,1,40.0,40.0,40.0,0,0,8.01404340285155e-05
44,0,3,4,1,1,25.0,25.0,25.0,0,0,6.694716627403562e-05
17,1,13,2,1,1,48.0,48.0,48.0,0,0,8.344427398425185e-05
48,0,13,4,2,3,80.31666660308838,129.0,13.95,1,1,0.9828074806510918
14,0,13,4,2,4,132.5,196.0,15.0,1,1,0.9998556902109683
50,0,13,0,1,1,94.0,94.0,94.0,0,0,0.006055457223844002
48,1,10,4,1,1,16.520000457763672,16.52,16.52,0,0,2.5314485649881535e-05
22,0,8,0,1,3,139.7033338546753,366.0,11.55,1,1,0.9991421074128918
46,0,4,4,1,1,36.95000076293945,36.95,36.95,0,0,0.00028190853447884273
48,0,4,4,1,1,17.5,17.5,17.5,0,0,2.5029540387088356e-05
55,0,11,4,1,3,35.9966672261556,42.0,32.0,0,0,0.01655329934533653
14,0,3,4,1,1,57.0,57.0,57.0,0,0,0.0004191100590854415
29,0,11,4,1,1,495.0,495.0,495.0,1,1,1.0
52,1,4,4,1,1,15.0,15.0,15.0,0,0,8.38068749601134e-06
58,0,4,4,2,5,26.09799995422363,50.0,10.0,0,0,0.1699183115944784
25,1,4,3,1,1,44.95000076293945,44.95,44.95,0,0,0.00021958330773395702
22,1,13,4,1,1,152.9499969482422,152.95,152.95,0,0,0.004949178248871588
20,1,3,1,2,3,105.375,198.0,38.5,1,1,0.9995406107091784
67,1,3,4,1,1,70.0,70.0,70.0,0,0,0.0007220654283860254
65,1,10,4,1,1,44.5,44.5,44.5,0,0,0.0003243711871210582
39,1,4,4,1,1,24.0,24.0,24.0,0,0,8.38068749601134e-06
14,0,13,4,2,4,116.74749946594238,299.0,24.0,1,1,0.9999079650944348
27,0,4,4,1,1,10.0,10.0,10.0,0,0,1.968289985955307e-05
20,0,4,4,1,1,89.0,89.0,89.0,0,0,0.004169497119344682
68,0,4,4,2,3,94.33333333333333,148.5,65.0,1,1,0.9999009415548937
23,0,4,4,1,1,9.949999809265137,9.95,9.95,0,0,1.968289985955307e-05
57,1,4,3,1,1,239.99000549316406,239.99,239.99,1,1,1.0
47,1,4,3,1,1,198.0,198.0,198.0,1,1,1.0
53,0,4,0,1,1,65.94999694824219,65.95,65.95,0,0,0.0005561067600399925
36,0,3,4,2,2,20.44499969482422,24.99,15.9,0,0,0.0006648055237278846
68,0,2,4,1,1,24.0,24.0,24.0,0,0,1.968289985955307e-05
61,0,13,4,1,3,46.47000026702881,98.0,21.99,1,1,0.6592332202745481
56,0,4,3,1,1,61.0,61.0,61.0,0,0,0.00031801498666246737
16,0,4,3,1,1,47.9900016784668,47.99,47.99,0,0,8.227376154491661e-05
42,0,4,0,2,3,47.12333234151205,64.38,22.99,0,0,0.37275423078290726
45,1,3,3,3,6,50.64428520202637,124.95,14.6,1,1,0.9943882132529018
21,0,0,4,1,1,23.049999237060547,23.05,23.05,0,0,1.968289985955307e-05
42,0,4,4,1,1,6.5,6.5,6.5,0,0,2.5029540387088356e-05
24,0,11,4,1,1,58.0,58.0,58.0,0,0,0.00035618898155277744
70,0,4,4,1,3,45.01750040054321,59.99,15.99,1,0,0.3083406795744172
53,0,4,4,3,2,38.666666666666664,58.0,18.0,0,0,0.06715819104966742
42,0,4,4,2,2,102.48999977111816,171.0,33.98,1,1,0.9991354595529449
23,0,6,4,1,1,59.5,59.5,59.5,0,0,0.00024305519852752105
39,0,4,3,2,2,34.380001068115234,39.99,28.77,0,0,0.0023800884437982315
34,0,13,4,4,5,55.95833317438761,164.95,9.56,1,1,0.9993126247338152
69,1,3,0,3,3,36.39200057983398,49.99,25.0,1,0,0.0955943075369784
56,1,3,4,1,1,28.744999885559082,31.99,25.5,0,0,8.38068749601134e-06
27,0,12,4,1,1,22.969999313354492,22.97,22.97,0,0,1.968289985955307e-05
21,0,4,4,1,1,65.0,65.0,65.0,0,0,0.000503860667378096
32,0,3,4,1,1,98.0,98.0,98.0,0,0,0.006179527767571335
31,1,4,4,2,2,37.49499988555908,69.0,5.99,0,0,0.015667682628385447
65,1,3,4,1,2,141.96666717529297,328.0,47.9,1,1,0.9999513286493701
47,1,13,4,1,1,32.0,32.0,32.0,0,0,4.920392183935764e-05
36,0,13,4,2,5,29.884000396728517,54.99,10.5,0,0,0.4412764048097288
50,1,0,0,1,2,76.35499954223633,110.0,42.71,0,0,0.17878271080413902
30,0,13,3,1,2,33.480000495910645,46.99,19.97,0,0,0.0009036361642606829
69,1,10,4,2,1,17.97499990463257,22.0,13.95,0,0,0.0007643995089489794
43,1,13,4,1,1,55.0,55.0,55.0,0,0,0.0002379443826028865
23,0,13,4,1,1,69.0,69.0,69.0,0,0,0.0004052520930575811
15,1,4,4,1,1,54.0,54.0,54.0,0,0,0.000163209953793177
69,0,11,3,3,4,47.625,64.0,38.0,1,1,0.9488169089416494
62,0,4,4,1,1,54.9900016784668,54.99,54.99,0,0,0.00035127058570271554
41,1,3,4,2,2,47.25,65.0,29.5,0,0,0.026119945774959498
58,0,13,1,1,1,54.0,54.0,54.0,0,0,8.326330529349513e-05
67,0,7,4,2,2,81.91499996185303,158.0,5.83,0,1,0.5676264247563563
35,1,13,4,1,3,77.0,125.0,31.0,1,1,0.9728877964589256
59,1,10,4,1,1,85.0,85.0,85.0,0,0,0.004437835530173006
25,0,7,4,1,1,19.494999885559082,24.0,14.99,0,0,1.968289985955307e-05
60,1,8,4,2,2,57.25,65.0,49.5,0,0,0.07018081620575063
30,1,4,4,1,2,33.97000026702881,49.95,17.99,0,0,0.0004069421375688402
68,0,4,2,2,2,58.44999980926514,100.0,16.9,0,0,0.26618002353126125
50,0,4,3,2,3,37.8600013256073,49.99,9.47,0,0,0.13750298418454418
66,0,3,4,1,1,43.470001220703125,43.47,43.47,0,0,0.000257518923711567
66,0,11,4,1,2,13.694999694824219,21.9,5.49,0,0,0.0003241028942192043
69,1,4,4,1,1,25.200000762939453,25.2,25.2,0,0,2.4561917269474136e-05
16,1,10,4,1,1,69.94999694824219,69.95,69.95,0,0,0.0003002156381849029
18,0,4,3,1,3,64.66333325703938,109.0,19.99,1,1,0.9410894089256446
25,1,13,4,1,1,24.0,24.0,24.0,0,0,2.6355233439738017e-05
67,0,3,4,1,2,21.869999885559082,36.0,7.74,0,0,0.0002887255357286382
28,0,11,4,1,1,19.899999618530273,19.9,19.9,0,0,1.968289985955307e-05
69,1,4,0,1,1,29.0,29.0,29.0,0,0,3.2664699712926596e-06
17,0,4,3,1,1,16.950000762939453,16.95,16.95,0,0,1.968289985955307e-05
65,1,4,4,1,1,69.5,69.5,69.5,0,0,0.0007366148151253687
20,1,4,4,4,6,38.85666608810425,99.99,5.95,1,1,0.9869635064667146
17,0,8,4,1,1,27.899999618530273,27.9,27.9,0,0,2.739300009085611e-05
34,1,4,1,1,1,50.0,50.0,50.0,0,0,0.00014395109227260903
62,0,4,1,2,5,62.403334299723305,129.99,10.0,1,1,0.990498955062602
35,0,10,3,1,1,32.0,32.0,32.0,0,0,1.7941204296135235e-05
23,0,3,4,1,2,117.62999868392944,198.84,19.58,1,1,0.9906563945755922
50,1,13,4,2,2,20.479999542236328,23.99,16.97,0,0,0.0012747693563479484
52,0,4,2,2,4,25.560000038146974,59.0,10.78,0,0,0.08111090068865978
46,0,13,0,2,3,32.24500036239624,52.0,13.99,0,0,0.014989357329723564
53,0,3,4,1,1,179.0,179.0,179.0,1,1,1.0
47,0,4,2,1,3,13.856666247049967,22.8,6.79,0,0,0.00022160314738345815
14,1,13,4,1,1,19.989999771118164,19.99,19.99,0,0,2.0709650697224966e-06
19,0,13,4,4,5,47.666666984558105,99.5,6.99,1,1,0.9954927625294444
62,1,13,4,4,6,49.60999997456869,105.0,22.07,1,1,0.996471678815094
56,1,13,4,3,3,66.51333236694336,70.59,59.95,1,1,0.9727615487691952
62,0,3,4,2,2,25.93499994277954,38.0,13.87,0,0,0.0003766054481739767
62,0,13,2,1,1,23.989999771118164,23.99,23.99,0,0,1.968289985955307e-05
35,1,11,2,2,3,25.623332977294922,31.88,20.99,0,0,0.003224299514298411
49,0,2,4,1,1,52.0,52.0,52.0,0,0,0.00039964532271141067
70,1,4,4,1,1,39.9900016784668,39.99,39.99,0,0,8.91741214361293e-05
42,1,4,3,1,1,24.239999771118164,24.24,24.24,0,0,8.38068749601134e-06
59,0,6,4,1,1,15.989999771118164,15.99,15.99,0,0,2.5029540387088356e-05
24,0,7,4,1,1,24.0,24.0,24.0,0,0,5.3890425515197304e-05
23,0,3,2,1,1,79.98999786376953,79.99,79.99,0,0,0.0009102071059319397
30,1,13,4,1,1,17.989999771118164,17.99,17.99,0,0,2.6355233439738017e-05
19,0,3,4,1,1,23.760000228881836,23.76,23.76,0,0,0.000138318192869794
62,0,4,4,1,1,20.0,20.0,20.0,0,0,4.835768968724385e-05
54,0,3,4,2,3,23.99333318074544,44.0,7.99,0,0,0.0009907805292022713
53,1,13,4,1,2,20.48500084877014,36.99,3.98,0,0,0.0010924951927710695
13,1,4,4,3,3,32.646666844685875,53.95,18.99,0,0,0.07280236140793496
67,1,13,1,2,3,98.13000043233235,219.0,31.99,1,1,0.999842720858121
24,1,4,4,1,1,59.5,59.5,59.5,0,0,0.000534106008550327
53,1,13,4,1,1,25.0,25.0,25.0,0,0,4.840324911832688e-05
42,0,4,3,1,1,14.609999656677246,14.61,14.61,0,0,2.5029540387088356e-05
39,0,4,3,1,1,35.75,49.5,22.0,0,0,0.0006068328356388771
48,0,13,4,1,3,128.80999660491943,345.99,8.45,1,1,0.9991384054764926
44,0,13,4,3,4,80.57833449045818,149.0,27.99,1,1,0.9999612204612524
19,0,4,0,1,2,40.844998836517334,69.99,11.7,0,0,0.012598363236740231
25,0,8,4,2,2,45.94000053405762,61.9,29.98,0,0,0.01688828663178588
54,1,12,4,1,2,91.95499610900879,149.93,33.98,1,1,0.9948186988478903
52,1,10,1,1,1,55.4900016784668,55.49,55.49,0,0,0.00017506422815418736
30,0,4,4,1,2,19.475000381469727,24.95,14.0,0,0,0.0005695609134904029
29,1,4,3,1,3,103.24749994277954,225.0,19.99,1,1,0.9999170418847589
12,0,4,4,1,2,22.150000254313152,27.45,14.0,0,0,0.0008686146150344178
36,0,4,4,1,1,30.0,30.0,30.0,0,0,1.7941204296135235e-05
61,1,4,4,1,1,159.9499969482422,159.95,159.95,0,0,0.007590060758927366
37,0,13,4,1,1,182.01000022888184,352.0,12.02,1,1,0.9883439910395745
36,1,6,4,1,1,19.100000381469727,19.1,19.1,0,0,2.5314485649881535e-05
15,1,10,4,1,1,26.170000076293945,26.17,26.17,0,0,3.2664699712926596e-06
69,0,6,3,2,3,37.234999895095825,72.0,11.95,0,0,0.2023710400396247
54,1,11,4,4,7,70.86999940872192,134.95,21.59,1,1,0.9992767478196921
68,0,4,4,2,2,54.71999931335449,79.99,29.45,0,0,0.081235444264465
30,0,13,3,1,1,69.5,69.5,69.5,0,0,0.0006702672261462504
66,1,10,4,4,3,68.08199958801269,99.0,31.83,1,1,0.9924458703015405
35,1,4,4,3,4,51.58250045776367,65.0,34.99,1,1,0.9701317757153545
54,0,4,3,1,1,16.829999923706055,16.83,16.83,0,0,2.5029540387088356e-05
63,1,4,4,2,4,23.635000228881836,26.6,20.95,0,0,0.026108368980866957
44,0,13,0,1,1,99.98999786376953,99.99,99.99,0,0,0.007501448054312271
34,0,7,3,1,1,11.989999771118164,11.99,11.99,0,0,1.968289985955307e-05
34,0,4,1,1,1,28.950000762939453,28.95,28.95,0,0,3.355696146336489e-05
20,0,8,4,1,1,41.97999954223633,41.98,41.98,0,0,2.4917948482181724e-05
62,1,4,4,2,1,22.244999885559082,27.99,16.5,0,0,0.0004522983050258729
18,1,4,4,1,1,35.0,35.0,35.0,0,0,6.701403613210124e-05
21,0,4,1,1,1,8.819999694824219,8.82,8.82,0,0,1.968289985955307e-05
56,1,11,1,1,1,34.9900016784668,34.99,34.99,0,0,1.1955049015701636e-06
43,1,4,0,1,1,24.989999771118164,24.99,24.99,0,0,3.2664699712926596e-06
67,1,4,3,1,2,27.68000030517578,42.36,13.0,0,0,0.0011874541256868608
67,1,13,4,1,1,232.0,232.0,232.0,1,1,1.0
36,0,4,3,2,5,88.49799995422363,196.0,6.99,1,1,0.9998069395762667
39,0,4,3,1,1,11.989999771118164,11.99,11.99,0,0,1.968289985955307e-05
41,0,13,4,1,1,196.0,196.0,196.0,1,1,1.0
23,1,4,4,1,2,159.9749984741211,179.95,140.0,1,1,0.9902173913043478
22,0,3,0,1,1,55.0,55.0,55.0,0,0,0.002424510926143703
69,1,4,4,1,1,25.0,25.0,25.0,0,0,2.4561917269474136e-05
26,1,11,4,1,1,36.9900016784668,36.99,36.99,0,0,1.8002829119149342e-05
19,0,11,4,1,2,74.44999980926514,129.0,19.9,0,0,0.1786465241857481
68,1,4,3,1,1,97.30000305175781,97.3,97.3,0,0,0.004966799292344727
66,1,13,2,1,1,49.5,49.5,49.5,0,0,5.5648435653336593e-05
32,1,0,0,2,2,68.5,110.0,27.0,0,0,0.2557347012063476
57,1,13,4,1,2,283.5,339.0,228.0,1,1,0.9998754860087548
39,0,11,4,1,1,49.9900016784668,49.99,49.99,0,0,0.00017032587155404544
19,1,7,4,1,2,99.52999877929688,130.0,68.6,1,1,0.997341276955467
15,0,4,4,1,1,34.900001525878906,34.9,34.9,0,0,2.4917948482181724e-05
28,1,12,4,2,2,34.9950008392334,45.99,24.0,0,0,0.002579722159053901
31,0,13,1,1,1,8.46999979019165,9.95,6.99,0,0,1.968289985955307e-05
44,0,13,4,2,2,40.0,48.0,32.0,0,0,0.002931163396034592
59,0,4,4,1,1,32.95000076293945,32.95,32.95,0,0,2.3287844823670516e-05
52,1,4,4,2,2,69.92499828338623,109.95,29.9,0,0,0.2603927165995909
14,1,13,2,1,1,36.9900016784668,36.99,36.99,0,0,0.000755948614445539
36,0,4,4,1,3,79.44250178337097,218.82,12.0,1,1,0.990886226414559
32,1,3,2,1,1,59.95000076293945,59.95,59.95,0,0,0.0014788940339027835
36,1,4,4,1,2,42.96000099182129,48.97,36.95,0,0,0.010255108760101637
21,0,4,4,2,2,173.98999500274658,319.99,27.99,1,1,0.9987379127184117
25,1,13,0,1,1,35.9900016784668,35.99,35.99,0,0,2.1465775171840388e-05
60,1,10,4,1,1,22.0,22.0,22.0,0,0,2.5314485649881535e-05
29,0,4,4,1,1,9.449999809265137,9.45,9.45,0,0,1.968289985955307e-05
48,1,0,3,2,2,29.2450008392334,54.99,3.5,0,0,0.009179226854677938
19,1,4,4,2,1,60.25,71.0,49.5,0,0,0.08417484006059657
29,1,0,2,2,2,95.15000025431316,195.0,35.95,1,1,0.9947349642805206
37,1,3,3,1,2,32.0,39.0,25.0,0,0,0.00014625418002193615
29,0,10,1,1,1,29.989999771118164,29.99,29.99,0,0,1.5069566505381985e-05
64,0,3,3,4,5,63.22999986012777,188.0,10.5,1,1,0.9999269734093446
19,1,13,4,2,4,63.14800033569336,129.0,15.75,1,1,0.9890350426970792
25,0,10,4,1,2,17.994999885559082,29.99,6.0,0,0,0.00058794918001372
39,1,4,4,2,3,58.90999952952067,110.6,11.13,1,1,0.9639566523488361
42,1,4,1,1,3,37.723333994547524,54.99,29.0,0,0,0.011985972572201568
31,0,7,2,1,1,131.94000244140625,131.94,131.94,0,0,0.007165050617865436
67,0,4,4,2,2,13.464999675750732,17.99,8.94,0,0,0.0005943112328551413
25,0,4,4,3,4,51.62999963760376,110.0,24.99,1,1,0.9919136748541965
70,0,7,2,1,1,13.0,13.0,13.0,0,0,1.968289985955307e-05
14,1,3,0,1,1,39.5,39.5,39.5,0,0,6.958942240779445e-06
44,0,4,4,2,3,35.65000025431315,55.0,24.0,0,0,0.030115196238641603
56,0,3,3,1,1,24.979999542236328,24.98,24.98,0,0,3.273964061839139e-05
67,0,4,4,3,3,37.99749994277954,59.0,19.99,0,0,0.13031561702617456
19,0,4,4,1,1,94.94999694824219,94.95,94.95,0,0,0.004097820913509553
37,0,4,4,1,1,66.16999816894531,66.17,66.17,0,0,0.0007875559862235975
22,1,13,1,1,1,48.0,48.0,48.0,0,0,8.667008043586479e-05
17,1,4,3,1,1,59.9900016784668,59.99,59.99,0,0,0.00022450245030580798
24,1,0,3,1,1,45.0,45.0,45.0,0,0,0.00018725572152706045
43,1,13,4,3,7,71.82142857142857,190.0,16.0,1,1,0.9999444181452414
44,1,4,4,2,1,28.0,30.0,26.0,0,0,0.0003858906339080769
61,1,4,4,1,1,33.470001220703125,33.47,33.47,0,0,9.181360217042095e-06
51,1,4,4,2,2,91.31666692097981,159.0,19.95,1,1,0.9981659170288439
65,0,11,4,1,1,25.5,36.0,15.0,0,0,2.5029540387088356e-05
57,1,13,4,3,5,88.4116662343343,238.98,12.0,1,1,0.9998723087330652
40,1,4,4,2,2,89.9950008392334,120.0,59.99,1,1,0.9883850763100764
47,1,13,4,1,2,219.49499893188477,339.0,99.99,1,1,0.9998852707445667
32,0,8,4,1,1,60.0,60.0,60.0,0,0,0.001546811448123812
62,1,13,3,1,1,18.299999237060547,18.3,18.3,0,0,0.0001750518917567142
39,0,6,1,2,2,30.14666684468587,59.95,10.5,0,0,0.005156001797456704
60,1,4,4,1,1,135.0,135.0,135.0,0,0,0.011276325343105164
19,1,11,4,1,1,53.970001220703125,53.97,53.97,0,0,0.00029173734842802805
40,1,4,0,1,1,26.989999771118164,26.99,26.99,0,0,3.2664699712926596e-06
19,1,3,4,2,3,29.326667149861652,39.99,22.99,0,0,0.0009875377444810282
15,0,13,1,2,3,55.853333155314125,139.0,8.57,0,1,0.7079331210108567
23,1,13,4,2,3,64.75999959309895,87.89,50.0,1,1,0.9772269484382052
69,1,13,2,2,2,111.97999572753906,134.01,89.95,1,1,0.9921289489370158
13,0,0,4,1,1,9.989999771118164,9.99,9.99,0,0,1.848739495798291e-05
23,1,4,4,1,1,69.0,69.0,69.0,0,0,0.0007004080810549086
37,0,4,1,2,3,105.23750019073486,179.0,19.95,1,1,0.9997703302874578
24,0,12,4,2,3,30.296667098999023,45.0,12.99,0,0,0.005746011634083808
60,1,3,4,1,1,90.0,90.0,90.0,0,0,0.004300043253075972
58,0,4,4,2,1,16.725000381469727,24.85,8.6,0,0,0.000409999176427816
67,0,6,4,1,4,152.4849991798401,395.0,19.99,1,1,0.9992319250254903
15,1,4,1,1,1,118.99499893188477,158.0,79.99,1,1,0.8294743163990717
55,1,4,4,2,4,28.58750033378601,39.99,12.38,0,0,0.052550861170874166
29,0,13,4,1,1,278.0,278.0,278.0,1,1,1.0
25,0,4,4,1,1,78.0,78.0,78.0,0,0,0.000578773056293459
69,1,4,4,4,4,51.640000343322754,166.0,15.0,1,1,0.9988263261590347
29,1,13,4,2,5,93.6,199.0,20.0,1,1,0.9999578735429898
38,0,3,4,1,1,13.989999771118164,13.99,13.99,0,0,1.968289985955307e-05
69,1,6,4,2,2,63.97500038146973,88.0,39.95,0,0,0.3124184839578491
54,0,6,4,1,1,46.0,46.0,46.0,0,0,0.0005832523783393849
26,0,13,4,2,3,25.593332926432293,36.0,15.9,0,0,0.0022175732671992185
52,1,4,4,1,1,70.0,70.0,70.0,0,0,0.0004992569965879389
58,0,13,4,1,1,39.5,39.5,39.5,0,0,1.02311040648322e-05
23,0,4,3,3,2,67.20999972025554,138.0,26.99,1,1,0.8938060959747083
34,0,4,3,1,1,25.989999771118164,25.99,25.99,0,0,6.160052574650034e-05
45,0,4,4,1,2,43.93000030517578,62.91,24.95,0,0,0.026894884678492662
44,1,4,3,1,1,50.27000045776367,50.27,50.27,0,0,0.00019684828514347387
41,1,9,3,1,4,131.125,269.5,12.0,1,1,0.9987241888542004
26,0,3,4,1,1,10.989999771118164,10.99,10.99,0,0,1.968289985955307e-05
54,0,4,4,2,2,24.97000026702881,24.99,24.95,0,0,0.0011292010311653212
57,0,4,3,1,1,19.989999771118164,19.99,19.99,0,0,2.5029540387088356e-05
39,0,4,4,3,3,45.31666692097982,88.0,22.95,0,1,0.6334073244207428
30,0,4,4,1,1,59.9900016784668,59.99,59.99,0,0,0.0004461791084670814
58,1,13,4,1,1,36.9900016784668,36.99,36.99,0,0,5.616286408013709e-05
20,1,13,3,3,2,46.31666692097982,68.0,25.0,0,0,0.20167177916854295
30,0,3,4,2,3,45.23249959945679,89.99,24.99,1,1,0.5311022836201574
23,0,3,4,2,2,134.08999633789062,196.18,72.0,1,1,0.9982763238916256
53,0,10,4,1,1,43.9900016784668,43.99,43.99,0,0,0.00020520692127807064
48,1,13,3,1,1,69.0,69.0,69.0,0,0,0.0005451401694593033
13,0,11,1,2,2,100.5,132.0,69.0,1,1,0.9883412970173563
37,1,13,4,1,2,129.33499908447266,189.0,69.67,1,1,0.9998929152960864
51,0,10,3,2,3,81.13000043233235,193.5,14.99,1,1,0.9974151629825471
16,1,13,4,2,3,37.66000111897787,49.99,26.0,0,0,0.04143112718161385
14,0,13,4,1,1,59.9900016784668,59.99,59.99,0,0,0.0006463349774633904
21,1,4,4,1,1,13.600000381469727,13.6,13.6,0,0,3.2664699712926596e-06
67,0,4,4,3,5,39.24857112339565,94.95,16.9,1,1,0.9721624262532867
69,0,13,4,3,3,46.66333325703939,110.0,10.0,0,1,0.6251965688422706
43,0,13,2,1,2,57.31999969482422,65.14,49.5,0,0,0.047344873940166975
38,1,3,4,4,3,52.234999656677246,92.0,17.0,1,1,0.8427297004021002
26,0,8,4,1,1,39.95000076293945,39.95,39.95,0,0,4.0505063134069376e-05
19,0,10,3,1,1,40.9900016784668,40.99,40.99,0,0,0.00010934571583677841
68,0,3,4,3,5,57.64666620890299,119.95,16.98,1,1,0.998924159536493
42,0,13,1,2,2,37.25,45.0,29.5,0,0,0.004013467458246181
45,0,6,4,4,6,62.03714288984026,145.0,9.82,1,1,0.9999136343886249
58,1,13,4,2,2,100.99333318074544,249.0,20.0,1,1,0.9991915546295929
69,0,3,4,2,2,113.98499965667725,198.0,29.97,1,1,0.9991917136892785
65,1,4,1,1,4,104.04499959945679,251.25,29.99,1,1,0.999959523560063
41,1,3,4,1,1,29.5,29.5,29.5,0,0,6.309722426288844e-06
26,0,4,4,1,1,198.0,198.0,198.0,1,1,1.0
62,1,13,3,2,4,66.73250007629395,175.0,17.93,1,1,0.9983640128703551
44,1,3,2,1,1,34.9900016784668,34.99,34.99,0,0,6.309722426288844e-06
17,0,4,4,1,1,52.0,52.0,52.0,0,0,0.00018602634344101692
60,0,4,4,2,3,22.553333282470703,26.0,16.66,0,0,0.003306893440704467
52,0,3,2,1,1,117.5,117.5,117.5,0,0,0.017060065832603482
45,0,3,0,2,2,41.7099994023641,89.99,10.69,0,0,0.09184692755376554
38,1,10,4,1,1,12.989999771118164,12.99,12.99,0,0,2.5314485649881535e-05
18,0,4,3,1,2,86.0,130.0,42.0,1,1,0.9620054397929713
64,0,4,3,2,3,79.33333333333333,98.0,70.0,1,1,0.9493295792372902
50,0,6,4,3,4,85.25,148.0,25.0,1,1,0.9949215126937118
43,0,12,4,3,4,38.09800033569336,49.99,25.0,1,0,0.2760880428071822
70,0,8,4,1,2,8.330000042915344,13.71,2.95,0,0,0.0007510853489560876
56,0,8,4,3,3,85.73749923706055,145.0,48.0,1,1,0.9998615118449671
41,0,13,4,1,3,67.72499990463257,128.0,24.9,1,1,0.9781942485993934
33,0,4,4,3,3,34.723333994547524,58.0,11.18,0,0,0.10322590499292117
22,1,13,0,1,1,27.5,27.5,27.5,0,0,2.3536740241562884e-05
53,1,7,1,1,1,24.989999771118164,24.99,24.99,0,0,3.2664699712926596e-06
68,0,11,3,1,1,88.80000305175781,88.8,88.8,0,0,0.004413104146074936
45,1,4,4,1,1,14.550000190734863,14.55,14.55,0,0,8.38068749601134e-06
12,1,13,4,1,2,96.99500274658203,129.99,64.0,1,1,0.9782065049699942
15,1,13,4,1,1,35.0,35.0,35.0,0,0,0.0005835629708478354
21,0,4,4,1,1,16.989999771118164,16.99,16.99,0,0,1.968289985955307e-05
25,0,12,4,2,4,64.75399932861328,92.77,32.0,1,1,0.9754465764754516
24,1,6,1,1,1,59.0,59.0,59.0,0,0,0.00018902246420933835
57,0,13,1,2,2,76.53499984741211,78.0,75.07,0,0,0.10382499253280686
69,0,4,4,1,1,12.949999809265137,12.95,12.95,0,0,1.968289985955307e-05
61,1,4,1,3,4,82.24000053405761,162.0,13.26,1,1,0.9998117437016479
36,0,10,0,3,3,27.359999974568684,36.0,21.99,0,0,0.005096656777689136
21,1,13,4,4,4,42.53000068664551,80.26,19.88,0,1,0.9214451246333196
46,0,6,4,1,4,63.0,150.0,16.0,1,1,0.9958512729279867
64,0,0,4,2,2,86.86499977111816,138.75,34.98,1,1,0.9730911931464279
39,1,4,3,1,1,38.0,38.0,38.0,0,0,1.614030245782154e-05
20,1,3,4,2,4,81.0879997253418,198.0,18.0,1,1,0.9984445341823703
16,0,13,1,1,3,54.41499996185303,149.0,18.68,1,1,0.8361213052174444
41,0,13,2,1,1,49.0,49.0,49.0,0,0,8.096907993562056e-05
50,0,4,2,1,2,81.58499908447266,84.0,79.17,0,0,0.05516507528805627
16,0,3,4,1,2,33.97000026702881,54.95,12.99,0,0,0.001003601833419822
52,1,4,4,1,2,56.5,88.0,25.0,0,0,0.12984732355892784
53,1,4,4,1,2,127.24499893188477,134.5,119.99,1,1,0.9448039218249983
50,0,3,4,1,1,52.0,52.0,52.0,0,0,0.0004073554229427137
55,1,4,2,1,1,119.98999786376953,119.99,119.99,0,0,0.011359031727613407
69,1,3,1,4,3,43.1300003528595,56.63,15.89,1,1,0.6187491638969882
24,1,0,4,1,1,25.0,25.0,25.0,0,0,3.2664699712926596e-06
69,0,13,4,1,1,31.0,31.0,31.0,0,0,1.02311040648322e-05
16,0,4,4,1,1,91.0,91.0,91.0,0,0,0.00883284601166219
48,1,13,4,1,1,49.9900016784668,49.99,49.99,0,0,0.0001594960659213143
21,0,4,4,2,5,51.08400001525879,79.93,7.99,1,1,0.9495077703266713
50,0,7,4,1,1,58.0,58.0,58.0,0,0,0.0006310029639330377
66,1,7,4,2,4,96.87800064086915,149.99,59.5,1,1,0.9999232867001753
69,0,4,3,2,2,44.47500038146973,52.0,36.95,0,0,0.01715957077775226
19,0,7,4,1,2,25.1299991607666,34.42,15.84,0,0,0.0015818441216838446
52,1,4,4,1,1,59.95000076293945,59.95,59.95,0,0,0.0004740060277636114
50,1,10,4,2,5,85.27799949645996,175.0,24.44,1,1,0.9994912698013114
24,0,6,4,1,1,40.0,40.0,40.0,0,0,4.0505063134069376e-05
63,0,10,4,1,1,15.0,15.0,15.0,0,0,2.5029540387088356e-05
55,1,7,4,1,1,179.99000549316406,179.99,179.99,1,1,1.0
66,1,3,3,2,4,50.97500038146973,113.9,12.0,1,1,0.9712089327734055
27,1,13,4,1,1,99.9800033569336,99.98,99.98,0,0,0.010879818309786713
22,0,4,4,2,1,67.98999881744385,115.99,19.99,0,0,0.23471990720432395
34,0,12,4,1,1,25.0,25.0,25.0,0,0,6.160052574650034e-05
61,0,4,4,1,1,36.0,36.0,36.0,0,0,0.00043955331937662765
45,0,0,4,1,2,25.4350004196167,30.92,19.95,0,0,0.0006201198372825274
20,0,4,4,1,1,36.0,36.0,36.0,0,0,2.4917948482181724e-05
59,1,13,4,4,5,68.59714262826103,148.0,14.99,1,1,0.9998185887527966
36,0,13,4,2,2,37.97500038146973,39.95,36.0,0,0,0.0009602009046235685
54,0,13,0,1,3,60.329999923706055,98.0,22.99,1,1,0.9343689441353504
60,1,3,4,3,4,29.940000295639038,59.99,12.47,0,0,0.26313031067583426
45,1,3,4,1,1,158.0,158.0,158.0,0,0,0.003825737718438953
15,1,4,1,1,1,129.0,129.0,129.0,0,0,0.006889978050841562
12,0,4,4,1,1,14.989999771118164,14.99,14.99,0,0,1.848739495798291e-05
21,1,3,4,2,2,67.5,70.0,65.0,0,0,0.04946327861530225
44,0,12,4,1,1,77.36000061035156,77.36,77.36,0,0,0.0013012899329136463
25,1,13,3,1,2,46.22500038146973,62.0,30.45,0,0,0.030088000038603405
61,1,3,3,2,2,35.43999989827474,39.5,28.95,0,0,0.002099739138479984
70,1,12,0,1,1,89.94999694824219,89.95,89.95,0,0,0.0035873018643153166
69,1,4,4,1,1,15.949999809265137,15.95,15.95,0,0,8.38068749601134e-06
44,1,11,4,1,1,26.0,26.0,26.0,0,0,2.5314485649881535e-05
50,0,13,4,1,1,19.950000762939453,19.95,19.95,0,0,1.968289985955307e-05
38,1,13,4,1,1,50.0,50.0,50.0,0,0,0.00017714792797261284
23,0,4,4,1,1,22.0,22.0,22.0,0,0,1.968289985955307e-05
65,1,4,4,1,1,50.0,50.0,50.0,0,0,0.00048106779582820505
68,0,4,0,1,1,39.95000076293945,39.95,39.95,0,0,5.633504105833929e-05
47,0,4,2,1,1,70.0,70.0,70.0,0,0,0.00040638894701129456
43,1,10,1,2,2,30.0,40.0,20.0,0,0,0.0019304937534401522
68,1,4,4,1,1,64.94999694824219,64.95,64.95,0,0,0.0010557332998220564
30,1,13,3,1,4,43.65000009536743,78.0,21.6,1,1,0.9556178196264004
38,0,4,4,1,2,36.739999771118164,48.98,24.5,0,0,0.0008789365297782292
16,1,3,4,1,1,23.559999465942383,23.56,23.56,0,0,3.2664699712926596e-06
61,1,4,4,1,1,159.9499969482422,159.95,159.95,0,0,0.007590060758927366
64,0,4,4,1,1,79.0,79.0,79.0,0,0,0.0007786071204179748
26,0,4,4,1,1,69.0,69.0,69.0,0,0,0.0004214838978153603
36,1,4,4,1,1,195.72000122070312,195.72,195.72,1,1,1.0
50,0,3,4,1,2,154.27999877929688,176.56,132.0,1,1,0.9995761503492728
21,1,3,4,1,1,88.0,88.0,88.0,0,0,0.0043339012829949055
25,1,13,4,1,3,86.2450008392334,179.0,49.99,1,1,0.9999699879951982
46,0,11,4,3,3,58.917500019073486,100.0,15.67,1,1,0.9729806206343635
24,0,3,2,1,1,12.989999771118164,12.99,12.99,0,0,1.968289985955307e-05
33,1,3,0,1,1,54.720001220703125,54.72,54.72,0,0,0.000237638609973091
63,1,10,4,1,1,69.94999694824219,69.95,69.95,0,0,0.000422700888461574
63,0,4,4,1,2,51.19500160217285,62.4,39.99,0,0,0.015418519948939925
54,0,10,4,1,1,44.0,44.0,44.0,0,0,0.0005962803724865787
61,0,13,4,1,1,118.0,118.0,118.0,0,0,0.011831191429898098
60,1,4,4,1,1,54.900001525878906,54.9,54.9,0,0,0.0003177794062271848
18,0,13,4,2,2,105.5,128.0,83.0,1,1,0.9977317149741068
25,0,2,4,2,2,102.49500274658203,179.99,25.0,1,1,0.9992248167475424
36,1,4,4,2,2,481.4950008392334,903.0,59.99,1,1,0.9996437346437347
19,1,13,4,3,3,35.74333381652832,56.0,15.6,0,0,0.11477122674792174
69,1,6,4,1,1,70.0,70.0,70.0,0,0,0.000400694131752957
12,0,13,1,3,5,32.78199996948242,48.0,18.97,0,0,0.4362017081305956
30,0,3,4,1,1,75.0,75.0,75.0,0,0,0.0004770505747518897
59,0,7,3,2,3,127.21999994913737,268.0,9.66,1,1,0.9994093541861139
37,0,10,2,1,3,139.66666666666666,379.0,16.0,1,1,0.998863194650069
51,0,4,4,1,1,79.16999816894531,79.17,79.17,0,0,0.0007543260160890282
21,1,4,4,3,4,48.76285743713379,76.3,14.0,1,1,0.9733052915572905
42,1,4,4,1,2,105.53499984741211,189.0,22.07,1,1,0.9991006063422493
17,1,10,3,1,1,12.739999771118164,12.74,12.74,0,0,3.2664699712926596e-06
61,1,4,4,1,1,24.969999313354492,24.97,24.97,0,0,8.38068749601134e-06
36,1,3,4,1,1,119.0,119.0,119.0,0,0,0.008316246482474364
33,1,4,0,1,1,54.0,54.0,54.0,0,0,0.00023081475544775332
59,0,4,4,2,3,27.96333376566569,38.99,21.0,0,0,0.004066218184926687
56,1,4,2,1,2,66.33999888102214,99.99,39.53,1,0,0.22388463593179822
15,0,13,4,1,1,18.0,18.0,18.0,0,0,1.968289985955307e-05
21,0,8,4,1,1,166.0,166.0,166.0,0,0,0.0102818716146533
16,0,2,3,1,1,34.900001525878906,34.9,34.9,0,0,1.7207848250878683e-05
55,0,10,4,1,1,34.17500019073486,59.45,8.9,0,0,0.0035725946454356478
31,0,13,4,1,1,89.77999877929688,89.78,89.78,0,0,0.0048241138485201115
15,1,11,0,4,4,68.49500115712483,154.99,12.99,1,1,0.9997683313084306
35,1,13,4,1,1,33.75,33.75,33.75,0,0,4.920392183935764e-05
60,0,12,3,1,1,48.0,48.0,48.0,0,0,8.375482140905202e-05
45,1,6,3,2,2,32.415000915527344,39.88,24.95,0,0,0.0006799809112008633
40,1,4,4,1,3,34.81000073750814,49.45,19.99,0,0,0.010905690474406421
20,1,3,3,1,4,38.87249946594238,69.99,26.0,0,0,0.14167486744690505
47,0,13,1,1,2,15.684999465942383,17.38,13.99,0,0,0.0006871637346770516
53,1,11,4,1,1,35.0,35.0,35.0,0,0,2.6115158370912287e-05
39,0,4,4,1,1,122.5999984741211,122.6,122.6,0,0,0.0041719125360085395
12,1,10,3,1,1,32.900001525878906,32.9,32.9,0,0,2.87163779075325e-06
19,0,13,4,4,6,56.898571150643484,248.98,8.47,1,1,0.9999519048726347
38,0,12,3,1,2,30.9950008392334,36.99,25.0,0,0,0.0007941348099383094
29,0,4,3,1,1,17.5,17.5,17.5,0,0,1.968289985955307e-05
58,1,4,2,1,1,19.989999771118164,19.99,19.99,0,0,8.38068749601134e-06
68,1,4,4,1,1,4.039999961853027,4.04,4.04,0,0,8.38068749601134e-06
23,1,4,3,2,3,89.33000183105469,129.99,60.0,1,1,0.9998505490280886
36,0,4,4,2,2,65.0,78.0,52.0,0,0,0.11168454900053555
18,0,13,4,1,2,34.49499988555908,60.0,8.99,0,0,0.004386829521995186
19,1,13,4,2,2,12.130000114440918,16.26,8.0,0,0,0.002208166204397319
69,0,4,0,1,1,135.0,135.0,135.0,0,0,0.021433703532767474
33,0,3,4,1,1,25.0,25.0,25.0,0,0,6.160052574650034e-05
20,0,4,4,2,2,19.0,23.0,16.0,0,0,0.0006551850145763472
67,1,13,2,1,1,36.0,36.0,36.0,0,0,0.0005641621564604544
24,1,4,4,1,1,97.94999694824219,97.95,97.95,0,0,0.004614365745853053
47,0,13,4,1,3,103.99333190917969,155.0,73.99,1,1,0.9995254605655534
19,0,3,2,1,1,24.950000762939453,24.95,24.95,0,0,0.000138318192869794
33,0,4,4,3,6,38.72000026702881,58.3,29.99,1,1,0.8902091407018351
15,1,13,2,3,3,46.65000025431315,68.0,32.0,0,0,0.43302514979478857
46,0,13,4,1,1,37.7599983215332,37.76,37.76,0,0,0.00026885179372000445
23,1,4,2,1,2,115.95999908447266,198.0,33.92,1,1,0.9997283591717189
70,1,4,4,1,1,51.9900016784668,51.99,51.99,0,0,0.0006296435068311843
63,1,3,4,1,2,102.4950008392334,155.0,49.99,1,1,0.9992866021560564
39,0,3,4,3,3,42.36800003051758,92.0,12.9,1,0,0.41418366067199963
55,0,13,2,1,1,12.0,12.0,12.0,0,0,1.968289985955307e-05
41,1,13,4,1,1,95.98999786376953,95.99,95.99,0,0,0.0056248945793629015
16,1,12,4,3,6,148.97666692733765,698.0,9.99,1,1,0.9999462904753453
41,1,10,3,1,1,12.989999771118164,12.99,12.99,0,0,2.5314485649881535e-05
46,0,3,4,2,5,53.00666650136312,97.0,8.76,1,1,0.952903682647289
60,0,4,4,2,4,52.35999984741211,120.0,16.8,1,1,0.967246209190638
32,0,3,3,2,2,65.29500007629395,78.0,52.59,0,0,0.11681217423009897
37,0,4,4,2,3,52.65333334604899,114.0,13.97,0,1,0.5894064025482869
55,1,10,0,1,3,53.026665369669594,103.13,19.99,0,1,0.6444024669208513
28,0,13,4,1,1,50.0,50.0,50.0,0,0,0.0001626157713227424
30,1,4,2,2,5,35.226000213623045,47.95,22.73,1,1,0.794321678818503
68,0,3,3,1,2,26.494999885559082,35.0,17.99,0,0,0.003938035464377121
51,0,3,3,2,1,45.5,49.0,42.0,0,0,0.007870353285071836
43,1,11,4,2,3,34.62999979654948,48.0,21.39,0,0,0.03096958022100639
32,1,3,4,2,2,52.760000228881836,63.56,41.96,0,0,0.015344277465719893
67,0,4,4,1,1,12.199999809265137,12.2,12.2,0,0,4.835768968724385e-05
58,0,4,3,1,2,46.470001220703125,54.99,37.95,0,0,0.012242350323071916
42,0,6,4,1,3,80.44333267211914,139.5,9.27,1,1,0.9730231439051853
33,0,0,4,1,1,13.0,13.0,13.0,0,0,1.968289985955307e-05
35,0,13,4,2,2,86.25,137.5,35.0,1,1,0.9654526510906812
66,1,4,4,1,1,49.5,49.5,49.5,0,0,0.0004335767066276703
48,1,4,4,2,3,35.90666707356771,52.27,26.0,0,0,0.03193524122143816
32,0,6,4,2,2,53.97499990463257,100.0,7.95,0,0,0.12092714196283064
43,1,3,2,1,2,27.5,30.0,25.0,0,0,0.00021361746219342645
42,1,7,4,2,2,77.34500241279602,147.13,7.56,0,0,0.32460639014977816
67,1,4,4,4,4,42.58833249409994,75.6,9.99,1,1,0.9619480755599811
55,1,13,0,2,3,67.18999926249187,89.6,26.97,1,1,0.9438210475331789
70,0,10,3,1,1,55.900001525878906,55.9,55.9,0,0,0.00010464605326829661
50,0,13,1,3,4,28.522499799728394,46.0,12.99,0,0,0.11392385647804928
19,0,4,4,1,2,211.5,345.0,78.0,1,1,0.9997752936718453
59,1,12,4,1,1,33.95000076293945,33.95,33.95,0,0,6.676556487497738e-05
62,1,3,4,1,1,50.0,50.0,50.0,0,0,0.0004648865660547422
69,0,13,4,3,4,37.140000343322754,65.61,13.0,0,1,0.6838425142589625
30,0,7,3,1,2,80.49499988555908,148.0,12.99,0,0,0.2420843628848245
52,0,7,4,4,6,61.98000008719308,169.0,26.0,1,1,0.9999808490366695
53,0,3,4,1,1,88.0,88.0,88.0,0,0,0.0067865076415972395
16,1,3,0,2,3,72.15333302815755,116.96,44.51,1,1,0.971969803258183
68,1,12,4,1,1,58.0,58.0,58.0,0,0,0.0004445362166450112
22,1,4,4,2,2,94.96999931335449,149.95,39.99,1,1,0.9990512044603856
19,0,6,4,1,1,40.0,40.0,40.0,0,0,0.00010934571583677841
52,0,6,4,1,1,129.0,129.0,129.0,0,0,0.003683771794332429
68,1,4,4,1,2,182.25,300.0,64.5,1,1,0.9999513286493701
67,1,4,4,4,2,122.25,195.0,44.0,1,1,0.9998893852642431
49,1,4,4,2,2,18.90000009536743,25.0,12.8,0,0,0.0014112578748050938
34,0,4,4,4,7,44.54777765274048,129.0,7.97,1,1,0.9977620243476923
13,0,4,4,1,1,29.989999771118164,29.99,29.99,0,0,1.3874061603811822e-05
70,0,4,4,1,1,99.0,99.0,99.0,0,0,0.0047884074879431
43,1,4,4,1,1,55.4900016784668,55.49,55.49,0,0,0.00032770036842649764
61,1,13,3,1,1,14.050000190734863,14.05,14.05,0,0,0.0001750518917567142
26,1,3,2,1,1,42.0099983215332,42.01,42.01,0,0,4.7458777535292646e-05
37,0,4,4,1,1,22.989999771118164,22.99,22.99,0,0,1.968289985955307e-05
14,0,7,4,1,1,73.98999786376953,73.99,73.99,0,0,0.0003678304742035703
34,1,4,4,2,2,52.58999824523926,79.95,25.23,0,0,0.05598150030433021
36,1,13,4,1,2,99.9749984741211,120.0,79.95,1,1,0.9917435994691829
66,0,13,3,1,2,38.993333180745445,49.98,19.0,0,0,0.0009031620626051295
38,0,12,4,2,3,24.256667137145996,33.99,14.78,0,0,0.002256948504923375
61,1,13,4,1,1,69.5,69.5,69.5,0,0,0.0011142679127995843
16,1,4,4,1,1,82.45999908447266,82.46,82.46,0,0,0.001962364906063604
59,1,4,3,1,1,28.989999771118164,28.99,28.99,0,0,8.38068749601134e-06
51,0,7,1,1,1,49.9900016784668,49.99,49.99,0,0,0.00011083705369650122
18,1,4,4,1,1,34.0,34.0,34.0,0,0,1.1043886878369898e-05
43,1,6,3,1,1,42.95000076293945,42.95,42.95,0,0,0.0003277132863446604
56,0,12,0,2,1,26.5,32.0,21.0,0,0,0.002356792385430003
30,0,4,4,2,2,92.2450008392334,134.5,49.99,1,1,0.9905863325795674
56,0,3,4,3,4,80.39799995422364,135.0,16.99,1,1,0.9994671957952201
12,1,6,4,3,4,89.60750007629395,149.0,68.0,1,1,0.999962173314993
53,1,4,3,1,1,30.0,30.0,30.0,0,0,9.181360217042095e-06
21,1,4,4,2,3,22.819999933242798,49.0,9.99,0,0,0.002860937418168569
44,1,13,3,1,3,79.74749946594238,198.0,25.0,1,1,0.9972443553211964
52,1,4,3,2,3,54.833333333333336,59.5,50.0,0,0,0.2637259165958983
24,0,4,4,1,1,73.0,73.0,73.0,0,0,0.0005437463692938411
57,1,12,1,1,1,98.0,98.0,98.0,0,0,0.008928759615442074
12,0,3,3,1,1,36.0,36.0,36.0,0,0,1.6745699394565072e-05
30,1,7,4,1,1,49.5,49.5,49.5,0,0,0.0002036554539444094
58,1,10,4,1,1,41.9900016784668,41.99,41.99,0,0,4.866121526357938e-05
15,0,13,4,2,2,46.97499990463257,78.0,15.95,0,0,0.051612446220048236
36,0,13,4,3,6,183.26999991280692,795.0,20.0,1,1,0.9999971695442966
50,0,10,0,1,2,30.470000743865967,49.97,10.97,0,0,0.005221274154857355
25,0,4,4,1,1,5.989999771118164,5.99,5.99,0,0,1.968289985955307e-05
54,1,7,4,1,1,39.0,39.0,39.0,0,0,3.307410061169173e-05
43,1,13,4,1,1,148.97999572753906,148.98,148.98,0,0,0.003566583277923284
26,1,4,4,1,1,10.0,10.0,10.0,0,0,3.2664699712926596e-06
19,0,4,4,1,1,48.29999923706055,48.3,48.3,0,0,0.0006583748844219446
64,1,13,4,1,1,22.969999313354492,22.97,22.97,0,0,0.00019405161472835211
68,0,13,4,1,2,70.69999885559082,105.56,35.84,0,0,0.17326210036939554
65,1,6,4,1,1,24.989999771118164,24.99,24.99,0,0,0.00017096285125990676
27,1,13,4,1,3,65.6225004196167,120.0,38.0,1,1,0.9807785044836748
21,0,13,4,2,2,22.484999656677246,26.97,18.0,0,0,0.0004849544640651
17,0,4,1,2,1,99.4950008392334,159.0,39.99,1,1,0.9581124330025841
36,1,12,1,1,1,36.9900016784668,36.99,36.99,0,0,8.154447142349609e-06
60,0,13,4,4,4,23.100000381469727,37.45,12.0,0,0,0.01783785051291871
70,0,3,4,1,1,39.97999954223633,39.98,39.98,0,0,7.47937935009802e-05
61,0,12,4,2,1,39.99000072479248,59.99,19.99,0,0,0.008501051067206954
27,0,6,3,1,1,29.989999771118164,29.99,29.99,0,0,1.5069566505381985e-05
52,0,13,4,1,1,75.11000061035156,75.11,75.11,0,0,0.0012990249477401324
26,1,4,4,1,4,121.98499965667725,268.0,34.95,1,1,0.9999890839916213
22,1,4,4,4,3,54.261667251586914,142.8,10.0,1,1,0.9017276493680901
19,1,4,4,2,5,59.8,118.0,21.5,1,1,0.9872703799277862
68,0,8,1,2,2,7.739999771118164,8.98,6.5,0,0,0.005587197625078307
22,0,7,3,1,1,39.5,39.5,39.5,0,0,2.4917948482181724e-05
20,0,13,4,2,2,18.989999771118164,19.99,17.99,0,0,0.0004849544640651
38,0,12,4,1,2,59.0,100.0,18.0,0,0,0.19638311577655862
14,1,4,4,1,2,112.5,180.0,45.0,1,1,0.9996174249466943
64,0,8,3,2,3,55.993333180745445,98.0,24.0,0,1,0.5404225859013984
56,0,3,4,1,1,117.0,117.0,117.0,0,0,0.009165638179994027
13,1,4,3,1,1,12.399999618530273,12.4,12.4,0,0,2.0709650697224966e-06
31,1,13,4,2,3,155.16666666666666,296.0,34.5,1,1,0.999988587138742
53,0,13,4,1,1,62.0,62.0,62.0,0,0,0.0004066495823062313
46,0,4,4,1,2,21.489999771118164,22.99,19.99,0,0,0.0006967766569420847
24,0,8,4,2,2,10.954999923706055,14.9,7.01,0,0,0.00041412964003012564
66,1,4,4,1,3,43.83333396911621,81.0,11.51,0,1,0.5222572800542005
60,0,7,4,1,1,42.0,42.0,42.0,0,0,3.887495947555817e-05
51,1,4,4,1,1,54.599998474121094,54.6,54.6,0,0,0.0004225032843338134
70,1,6,4,2,3,75.66000048319499,170.0,19.99,1,1,0.9964920480810252
42,1,13,4,1,2,30.52999973297119,45.0,16.06,0,0,0.0011167374129819859
52,1,13,4,2,4,45.16500027974447,59.99,36.0,1,1,0.9380258008910503
48,0,3,4,1,1,250.0,250.0,250.0,1,1,1.0
53,1,10,4,1,1,45.0,45.0,45.0,0,0,0.00020664378371034576
19,1,4,4,2,5,57.84166622161865,119.7,14.4,1,1,0.9878518900625444
18,0,4,2,2,3,84.0,165.0,18.0,1,1,0.9947702268823545
55,0,11,2,2,2,85.1100001335144,158.0,12.22,1,1,0.9001115066013574
34,1,4,4,1,2,55.809998512268066,89.99,21.63,0,0,0.13892448147167413
33,0,3,4,1,3,37.64666620890299,65.99,18.95,0,0,0.05016621013267909
67,1,3,4,2,1,48.47500038146973,51.95,45.0,0,0,0.006178152479020883
39,0,4,4,1,2,30.5,49.0,12.0,0,0,0.0005672269306337669
39,1,12,4,2,2,58.5,85.0,32.0,0,0,0.23871048987799598
43,1,4,4,1,1,42.9900016784668,42.99,42.99,0,0,0.00046251826881614256
54,1,13,3,2,2,36.44000053405762,52.9,19.98,0,0,0.0072448590194479166
56,0,4,4,1,1,25.0,25.0,25.0,0,0,3.273964061839139e-05
48,1,10,4,2,2,78.64666557312012,149.0,16.99,1,1,0.5704953084894366
42,0,4,1,1,1,24.950000762939453,24.95,24.95,0,0,5.923706604273259e-05
39,1,13,4,1,1,98.0,98.0,98.0,0,0,0.009156167498302474
16,0,4,4,3,3,30.636666615804035,46.98,11.98,0,0,0.04223508468748391
63,1,13,4,1,1,69.0,69.0,69.0,0,0,0.00045008272577088933
34,1,4,4,1,1,59.95000076293945,59.95,59.95,0,0,0.0003972031118562956
29,1,3,4,1,2,57.494998931884766,89.99,25.0,0,0,0.1609641602446078
14,1,4,4,1,3,122.50500011444092,424.5,15.52,1,1,0.9993225172077039
49,1,3,4,1,1,21.989999771118164,21.99,21.99,0,0,8.38068749601134e-06
62,0,13,4,1,2,56.5,88.0,25.0,0,0,0.11547971713649043
51,1,13,3,3,2,39.333333333333336,42.0,36.0,0,0,0.020456990070282996
64,1,4,4,2,4,33.59199981689453,50.0,17.99,0,0,0.10047019947125266
16,0,7,3,3,3,35.735000133514404,69.0,14.99,0,0,0.27657327678333105
55,0,13,4,1,1,92.0,92.0,92.0,0,0,0.006878755895455895
60,1,13,4,1,2,64.7249984741211,119.7,9.75,0,0,0.306023213015676
47,1,10,1,1,1,45.0,45.0,45.0,0,0,0.00012514559053704047
43,1,2,4,1,1,25.950000762939453,25.95,25.95,0,0,8.38068749601134e-06
47,0,4,3,2,3,93.9833304087321,141.01,30.99,1,1,0.995219718627172
58,0,13,4,1,2,74.25,119.0,29.5,0,0,0.2041561124977772
16,1,8,4,3,5,100.32999801635742,389.99,12.99,1,1,0.9999536623883567
36,0,4,4,1,2,211.5950002670288,399.0,24.19,1,1,0.9966871447920171
52,0,4,4,3,2,73.66666666666667,99.0,25.0,1,1,0.8591095043642689
52,0,13,4,2,2,14.675000190734863,18.0,11.35,0,0,0.0005166362247823644
64,0,9,4,2,2,100.75,127.51,73.99,1,1,0.9978988214698162
44,0,12,4,1,1,95.0,95.0,95.0,0,0,0.005406340032740491
50,0,4,3,1,1,218.0,218.0,218.0,1,1,1.0
40,1,4,2,1,1,19.950000762939453,19.95,19.95,0,0,8.38068749601134e-06
62,0,3,3,2,1,239.39999961853027,420.0,58.8,1,1,0.9999388197552921
33,1,12,4,1,1,29.899999618530273,29.9,29.9,0,0,6.389392708422412e-05
65,1,4,3,3,4,44.72500014305115,79.0,14.95,1,1,0.9786142925316723
14,1,6,4,1,1,39.959999084472656,39.96,39.96,0,0,0.00018630116826682676
32,0,12,4,1,2,29.494999885559082,34.0,24.99,0,0,0.000597240457867627
51,1,13,4,1,1,74.98999786376953,74.99,74.99,0,0,0.0005135136105996348
34,0,3,2,1,1,34.97999954223633,34.98,34.98,0,0,1.5069566505381985e-05
38,0,13,4,1,1,4.730000019073486,4.73,4.73,0,0,1.968289985955307e-05
53,1,10,4,1,2,105.99000358581543,159.99,51.99,1,1,0.9983651702496635
65,0,3,4,1,1,89.0,89.0,89.0,0,0,0.006312072265420038
12,1,13,3,1,1,19.989999771118164,19.99,19.99,0,0,2.0709650697224966e-06
29,1,4,3,1,1,44.9900016784668,44.99,44.99,0,0,0.00021260656354791054
61,0,12,1,3,6,66.79714230128697,97.99,11.99,1,1,0.9973826762449264
64,1,4,4,2,4,53.235000133514404,119.0,24.0,1,1,0.9702378025550703
19,1,4,4,1,2,29.0,30.0,28.0,0,0,0.0009096744389107121
47,1,7,1,1,1,16.010000228881836,16.01,16.01,0,0,3.2664699712926596e-06
51,0,3,4,1,2,41.49499988555908,74.0,8.99,0,0,0.008167127889387891
57,1,4,3,1,1,15.890000343322754,15.89,15.89,0,0,8.38068749601134e-06
48,0,13,4,2,3,37.656667709350586,45.99,26.99,0,0,0.0214752734480678
38,0,4,4,4,4,31.59750008583069,40.0,13.94,0,0,0.050623201582213576
30,0,7,3,3,6,54.94142968314035,147.13,7.99,1,1,0.9984659451899506
37,1,4,4,1,1,35.0,35.0,35.0,0,0,9.181360217042095e-06
69,0,4,4,1,1,25.0,25.0,25.0,0,0,2.739300009085611e-05
14,1,6,4,1,1,69.94999694824219,69.95,69.95,0,0,0.0002061936816253882
38,0,0,4,4,3,134.24500036239624,378.0,19.99,1,1,0.9991442187579043
47,0,4,2,1,1,115.0,115.0,115.0,0,0,0.010023758437692563
14,1,12,4,3,3,109.02999941507976,195.0,24.24,1,1,0.9996374373386897
50,0,12,4,1,2,28.0,42.0,14.0,0,0,0.0006267398332198064
28,0,4,4,1,3,83.83333333333333,150.0,49.5,1,1,0.987039655788825
41,1,3,4,1,1,49.5,49.5,49.5,0,0,0.0002194128245956893
37,1,4,3,1,3,35.4975004196167,60.0,16.0,0,0,0.046652609423039906
49,0,13,4,2,3,91.5,181.5,42.0,1,1,0.9993259833685565
68,0,4,4,1,2,50.74000072479248,127.51,6.0,1,0,0.3769906655065977
14,0,11,4,1,1,14.0,14.0,14.0,0,0,1.848739495798291e-05
55,1,3,4,1,2,37.45000076293945,54.95,19.95,0,0,0.0011945764093119536
34,1,3,4,1,1,18.6200008392334,18.62,18.62,0,0,8.38068749601134e-06
44,0,10,3,1,1,55.0,55.0,55.0,0,0,0.00014098868674545224
22,1,3,3,2,2,27.99000072479248,35.99,19.99,0,0,0.0004048306197234501
61,0,4,3,1,4,67.2425012588501,138.99,13.99,1,1,0.9838933950601405
53,1,10,4,2,2,107.49499988555908,195.0,19.99,1,1,0.9990492906977053
49,0,4,4,2,2,84.2249984741211,135.45,33.0,0,0,0.39022917195128365
27,0,8,4,2,4,42.79600028991699,64.0,26.99,1,1,0.9484668654161843
43,0,4,4,2,2,20.989999771118164,27.0,14.98,0,0,0.0008195310484203218
16,0,4,3,1,2,15.75,28.0,3.5,0,0,0.0005968034592064336
20,1,4,3,1,1,25.0,25.0,25.0,0,0,3.2664699712926596e-06
52,0,4,4,1,1,84.0,84.0,84.0,0,0,0.0016767896181313171
55,1,4,4,1,1,9.0,9.0,9.0,0,0,8.38068749601134e-06
47,1,10,0,2,4,51.332000732421875,75.0,17.18,1,1,0.9605017480827813
54,1,10,4,1,2,153.75,249.5,58.0,1,1,0.9999513286493701
27,0,4,4,1,1,64.94999694824219,64.95,64.95,0,0,0.0011507958473854537
27,1,4,4,1,1,20.850000381469727,20.85,20.85,0,0,3.2664699712926596e-06
16,0,13,4,4,5,26.965999794006347,40.0,11.45,0,0,0.04450393306130107
44,1,4,4,1,1,39.9900016784668,39.99,39.99,0,0,3.172741710970919e-05
19,0,4,4,1,3,39.96333376566569,61.95,27.95,0,0,0.050907716768235314
55,0,13,4,1,1,16.899999618530273,16.9,16.9,0,0,1.968289985955307e-05
49,1,4,4,1,1,10.430000305175781,10.43,10.43,0,0,8.38068749601134e-06
43,0,3,4,2,2,67.45000076293945,100.0,34.9,0,0,0.254131245310763
39,1,13,4,1,2,72.46999835968018,129.95,14.99,0,0,0.22198779521011694
66,0,7,4,1,3,80.2350001335144,140.0,24.99,1,1,0.9789226521595306
46,0,4,4,3,5,25.345999908447265,37.8,18.0,0,0,0.019528579726183038
68,0,0,4,3,6,35.13666661580404,65.0,9.15,1,1,0.9510249845910883
69,0,4,3,1,3,33.74333381652832,42.0,25.19,0,0,0.007732971950555179
59,1,4,4,1,1,20.0,20.0,20.0,0,0,8.38068749601134e-06
14,0,12,4,1,1,21.989999771118164,21.99,21.99,0,0,1.848739495798291e-05
14,1,4,1,1,1,72.49499893188477,75.0,69.99,0,0,0.0003682872016452275
55,1,13,4,3,4,35.58750081062317,71.98,11.37,0,1,0.6596837664875517
41,0,13,1,1,1,34.0,34.0,34.0,0,0,7.359466274078951e-06
46,0,10,3,1,4,103.46999931335449,247.39,32.0,1,1,0.9995833171982038
64,1,13,2,2,2,37.06999969482422,38.19,35.95,0,0,0.001349763981998518
43,0,0,1,1,1,8.770000457763672,8.77,8.77,0,0,2.5029540387088356e-05
46,1,4,1,1,1,10.6899995803833,10.69,10.69,0,0,3.2664699712926596e-06
44,0,11,3,2,5,64.54500007629395,138.0,19.0,1,1,0.996853000911981
17,1,3,4,1,1,25.0,25.0,25.0,0,0,3.2664699712926596e-06
14,0,4,4,2,2,29.699999809265137,39.41,19.99,0,0,0.0005723561038059774
55,0,10,3,1,1,49.13999938964844,49.14,49.14,0,0,6.897649628589931e-05
34,0,4,4,1,1,18.299999237060547,18.3,18.3,0,0,1.968289985955307e-05
38,1,6,2,1,1,26.969999313354492,26.97,26.97,0,0,2.5314485649881535e-05
70,1,4,4,4,5,51.09999962647756,117.6,2.95,1,1,0.9948537574042571
13,1,4,4,1,1,55.599998474121094,55.6,55.6,0,0,0.0001509137454086132
40,1,7,4,2,3,27.607500076293945,43.0,18.5,0,0,0.003294365119957719
24,0,7,4,2,2,108.56500244140625,127.15,89.98,1,1,0.9992933068790054
53,0,12,4,2,4,18.72499990463257,40.0,2.5,0,0,0.008519238779338198
47,0,13,4,1,1,39.9900016784668,39.99,39.99,0,0,0.00028443890837189206
26,0,4,4,2,2,76.0,129.0,23.0,0,0,0.21556484045842794
42,1,3,4,3,4,23.74500036239624,32.99,10.0,0,0,0.010284636910365432
68,1,3,4,2,2,106.82999992370605,198.0,15.66,1,1,0.9998496277042922
32,0,0,4,2,2,35.9950008392334,44.99,27.0,0,0,0.008567737274690056
34,0,4,4,3,5,51.68333371480306,134.5,8.85,1,1,0.9965178462888951
64,0,4,1,1,2,35.5,36.0,35.0,0,0,0.0011359674976307342
42,0,13,3,2,3,85.14666748046875,169.0,39.99,1,1,0.9991630984308618
63,1,4,4,1,1,45.0,45.0,45.0,0,0,0.0007889989255685887
68,0,12,4,2,3,70.82333310445149,102.58,29.9,1,1,0.9706991271592303
42,0,7,4,2,2,59.4950008392334,79.0,39.99,0,0,0.1511678024669917
65,1,10,4,1,1,129.99000549316406,129.99,129.99,0,0,0.006716917031660186
56,1,4,0,1,1,8.0,8.0,8.0,0,0,3.2664699712926596e-06
22,1,4,1,1,1,39.5,39.5,39.5,0,0,1.5131191328396092e-05
66,1,11,0,2,4,44.208000564575194,65.0,29.99,1,1,0.9279317374751234
48,0,13,4,1,1,19.989999771118164,19.99,19.99,0,0,1.968289985955307e-05
13,1,6,4,1,1,30.0,30.0,30.0,0,0,2.87163779075325e-06
41,1,7,3,2,2,25.0,25.0,25.0,0,0,0.0005692855713909697
40,0,3,1,1,1,35.0,35.0,35.0,0,0,2.041620703291727e-05
27,0,12,0,4,4,57.322500705718994,97.5,12.99,1,1,0.9977219137717396
21,1,4,1,1,1,40.400001525878906,40.4,40.4,0,0,1.5131191328396092e-05
67,0,7,4,1,3,119.27332941691081,277.08,36.75,1,1,0.9928156267054757
46,1,4,1,1,1,239.99000549316406,239.99,239.99,1,1,1.0
69,0,4,4,1,2,36.625,52.25,21.0,0,0,0.0028442491287881634
19,0,3,4,1,1,43.45000076293945,43.45,43.45,0,0,0.0009146543192728084
23,0,7,4,4,4,81.61249876022339,238.98,4.99,1,1,0.9993935526723127
39,0,3,4,1,1,39.9900016784668,39.99,39.99,0,0,3.352831894802289e-05
66,1,13,3,4,3,49.58250093460083,103.19,23.2,1,1,0.8419391880443153
52,1,7,4,1,1,348.0,348.0,348.0,1,1,1.0
22,0,4,4,1,3,15.966666539510092,24.99,10.0,0,0,0.00038935841815650483
28,1,13,1,2,2,52.90999984741211,90.78,31.95,0,0,0.1915973041226479
41,0,11,4,4,6,57.35000010899135,97.5,18.0,1,1,0.9991537937667359
12,1,3,0,2,2,57.46999931335449,79.95,34.99,0,0,0.16729036366560904
21,0,4,2,4,9,37.768181800842285,109.95,11.07,1,1,0.9802251094802088
65,1,3,0,1,1,52.0,52.0,52.0,0,0,0.0003074005061443032
42,1,3,4,1,1,135.99000549316406,135.99,135.99,0,0,0.003705048077710103
59,1,3,3,1,1,44.9900016784668,44.99,44.99,0,0,0.00020457814399646915
63,0,10,3,1,1,57.9900016784668,57.99,57.99,0,0,0.0003369213295443617
18,0,9,3,1,1,109.0,109.0,109.0,0,0,0.0055515169902649745
20,0,13,4,2,2,109.49000263214111,188.99,29.99,1,1,0.9979629436888788
56,1,4,4,2,2,220.0,395.0,45.0,1,1,0.9995388091567712
46,1,4,4,2,2,43.3100004196167,56.63,29.99,0,0,0.012418583572302164
22,0,4,4,1,1,138.0,138.0,138.0,0,0,0.01129835763679648
57,0,8,4,1,2,87.0,139.0,35.0,1,1,0.9570220069307261
24,1,0,4,2,4,89.32250022888184,180.0,26.99,1,1,0.9999392091138434
19,0,13,4,1,3,90.4533322652181,186.37,25.0,1,1,0.998929788268359
14,0,13,4,4,6,36.950000286102295,115.25,8.72,1,1,0.987872179655235
49,0,13,1,2,3,97.66333389282227,195.0,39.99,1,1,0.9984576706671514
49,1,0,4,1,1,25.0,25.0,25.0,0,0,8.38068749601134e-06
69,1,4,4,2,2,54.444997787475586,65.95,42.94,0,0,0.09725911355351417
46,1,4,2,1,1,48.04999923706055,48.05,48.05,0,0,0.00015879072632281763
24,0,13,4,1,1,35.84000015258789,35.84,35.84,0,0,1.7207848250878683e-05
69,1,4,3,2,2,32.24499988555908,49.5,14.99,0,0,0.005797302198035037
63,1,3,4,3,4,117.1225004196167,280.0,35.49,1,1,0.999957885159564
25,0,13,4,1,1,31.979999542236328,31.98,31.98,0,0,1.7207848250878683e-05
59,0,4,4,1,1,44.9900016784668,44.99,44.99,0,0,0.0002636256252748336
46,1,4,2,1,1,72.98999786376953,72.99,72.99,0,0,0.00030754295309376944
40,0,13,3,1,1,8.100000381469727,8.1,8.1,0,0,1.968289985955307e-05
21,1,13,4,1,1,34.5,34.5,34.5,0,0,0.0006066517343162808
51,0,13,4,1,1,96.0,96.0,96.0,0,0,0.0060904560240283845
45,1,13,4,1,1,129.0,129.0,129.0,0,0,0.006175792019265065
45,1,13,4,2,2,59.239999771118164,68.6,49.88,0,0,0.10753492297089924
31,1,13,4,3,3,44.323333740234375,71.75,23.23,0,1,0.5664025027888971
16,0,3,4,1,1,9.989999771118164,9.99,9.99,0,0,1.968289985955307e-05
31,0,4,4,1,1,8.920000076293945,8.92,8.92,0,0,1.968289985955307e-05
45,1,4,4,1,1,28.43000030517578,28.43,28.43,0,0,8.38068749601134e-06
39,0,6,4,1,1,78.80999755859375,78.81,78.81,0,0,0.0006496117152182232
31,1,4,4,1,2,22.355000972747803,33.99,10.72,0,0,0.0011421733490008183
22,0,11,3,2,2,61.96999931335449,74.0,49.94,0,0,0.1158063824127251
36,0,4,4,1,1,99.0,99.0,99.0,0,0,0.0042877169096124474
65,1,4,3,1,1,55.0,55.0,55.0,0,0,0.00039848326263941254
14,1,7,2,1,1,19.989999771118164,19.99,19.99,0,0,2.0709650697224966e-06
47,0,0,4,1,2,79.71999931335449,119.45,39.99,0,0,0.19076490105991603
64,0,11,4,2,3,23.979999860127766,60.0,5.95,0,0,0.045986495132095045
41,1,13,3,4,6,56.08750009536743,109.35,30.87,1,1,0.9909043894066494
50,1,13,4,1,1,68.0,68.0,68.0,0,0,0.0005168283628457057
41,0,4,4,3,3,40.74000015258789,64.0,15.25,1,0,0.2101882829413602
44,1,4,3,1,1,49.9900016784668,49.99,49.99,0,0,0.00015674133327181608
23,1,13,4,1,1,119.0,119.0,119.0,0,0,0.01724879827272716
39,0,4,4,1,1,9.039999961853027,9.04,9.04,0,0,1.968289985955307e-05
31,0,4,3,3,4,39.481666564941406,65.0,19.99,1,1,0.6381788326024901
70,0,13,4,4,5,55.4483331044515,98.02,12.0,1,1,0.9913362422394664
60,0,3,3,1,2,46.875,48.75,45.0,0,0,0.008164251168416065
42,0,8,3,2,3,37.483333587646484,48.0,19.5,0,0,0.028417044508072448
48,0,13,3,3,5,40.48599967956543,84.99,10.5,1,1,0.9704803894837954
30,0,10,4,1,1,149.0,149.0,149.0,0,0,0.0036239939050298365
36,1,10,0,1,4,45.045000076293945,65.0,34.0,1,1,0.8971793201616813
62,0,11,4,2,2,45.94999980926514,64.0,27.9,0,0,0.018371187326870476
21,1,0,4,1,2,48.5,79.0,18.0,0,0,0.04013102603335751
50,1,4,2,1,1,49.5,49.5,49.5,0,0,0.00014648555815218592
51,1,3,4,1,4,85.02000045776367,148.58,52.5,1,1,0.9778815763344803
42,0,7,4,1,1,69.9800033569336,69.98,69.98,0,0,0.0004976691972676598
46,1,13,4,1,1,16.0,16.0,16.0,0,0,4.840324911832688e-05
69,1,13,4,1,4,35.64750003814697,49.94,16.21,0,0,0.09490618856845741
14,1,4,4,1,1,189.0,189.0,189.0,1,1,1.0
37,0,4,4,1,1,59.0,59.0,59.0,0,0,0.00044729733500896033
44,1,7,4,1,1,18.0,18.0,18.0,0,0,2.5314485649881535e-05
43,1,13,3,1,1,59.9900016784668,59.99,59.99,0,0,0.0006871033006329637
64,1,8,4,1,1,142.99000549316406,142.99,142.99,0,0,0.004417367410811734
24,0,13,4,1,1,100.33999633789062,100.34,100.34,0,0,0.01630356626535195
41,1,10,4,1,1,36.38999938964844,36.39,36.39,0,0,2.6115158370912287e-05
30,0,6,4,1,1,9.1899995803833,9.19,9.19,0,0,1.968289985955307e-05
19,0,13,4,1,1,138.0,138.0,138.0,0,0,0.005645030329391176
18,1,3,4,1,1,138.0,138.0,138.0,0,0,0.0032591659713253345
64,0,8,4,1,1,39.9900016784668,39.99,39.99,0,0,3.887495947555817e-05
47,0,11,4,1,1,23.899999618530273,23.9,23.9,0,0,5.923706604273259e-05
13,0,13,4,2,4,33.97000026702881,44.0,24.95,0,0,0.06160095249333875
39,0,4,3,1,2,44.99499988555908,60.0,29.99,0,0,0.01801389999513704
37,0,4,4,1,1,11.760000228881836,11.76,11.76,0,0,1.968289985955307e-05
17,1,3,4,1,1,15.0,15.0,15.0,0,0,3.2664699712926596e-06
45,0,11,4,1,1,14.329999923706055,14.33,14.33,0,0,2.5029540387088356e-05
24,1,4,4,1,1,21.989999771118164,21.99,21.99,0,0,3.2664699712926596e-06
55,0,12,4,1,1,32.4900016784668,32.49,32.49,0,0,2.3287844823670516e-05
59,1,4,4,1,4,20.012500047683716,29.88,13.87,0,0,0.005351701506552338
53,1,4,0,1,2,40.49499988555908,68.0,12.99,0,0,0.01524347857189455
27,0,4,4,4,6,43.49166679382324,89.0,7.99,1,1,0.9945239631238827
26,1,4,2,1,1,50.0,50.0,50.0,0,0,0.00029804077017954374
66,0,13,4,2,4,52.83749985694885,150.0,6.99,1,1,0.9910307352925488
45,1,10,4,1,1,14.989999771118164,14.99,14.99,0,0,2.5314485649881535e-05
34,1,4,1,1,1,55.779998779296875,55.78,55.78,0,0,0.00014760341751002954
67,0,13,4,1,2,35.49333381652832,39.5,29.99,0,0,0.0008191712662505052
27,0,13,4,4,7,42.878750026226044,138.0,5.64,1,1,0.9985922294022247
16,1,4,3,1,2,53.66499900817871,74.34,32.99,0,0,0.02890934376138291
31,0,4,4,2,3,33.110000928243004,45.08,15.3,0,0,0.0035255500205415204
56,1,13,4,1,1,65.0,65.0,65.0,0,0,0.0006380117595543835
67,0,6,4,2,3,66.10999806722005,98.02,22.36,1,1,0.9550655994066338
37,0,6,4,2,3,59.48500061035156,88.0,40.0,1,1,0.9677338187572156
29,1,6,4,1,2,64.75,69.5,60.0,0,0,0.039974089113154004
46,0,4,4,1,2,84.47999954223633,100.96,68.0,0,0,0.18849324351089058
18,0,13,4,1,1,22.809999465942383,22.81,22.81,0,0,1.968289985955307e-05
18,0,4,4,2,3,40.903334299723305,67.4,12.0,0,0,0.09278370591309815
25,1,8,4,1,1,25.0,25.0,25.0,0,0,3.2664699712926596e-06
68,0,4,3,1,1,13.3100004196167,13.31,13.31,0,0,1.968289985955307e-05
16,0,10,1,2,4,48.43249988555908,81.78,17.95,1,1,0.9564465447605249
43,0,4,0,1,2,54.0,60.0,48.0,0,0,0.014131614301873464
62,1,12,3,1,1,32.0,32.0,32.0,0,0,0.00015558229420747474
43,1,9,4,1,1,49.5,49.5,49.5,0,0,0.0001065680753036328
33,0,13,4,3,2,46.333333333333336,89.0,25.0,0,1,0.5207111153390143
22,1,4,1,1,1,79.5,79.5,79.5,0,0,0.002220838193779675
25,1,3,4,4,6,72.7874995470047,300.0,14.34,1,1,0.9999464166023264
27,1,10,2,1,2,44.4900016784668,46.99,41.99,0,0,0.004623854124725781
64,0,3,3,4,7,51.763333320617676,162.0,14.95,1,1,0.9992011928797087
42,1,4,4,1,1,89.98999786376953,89.99,89.99,0,0,0.003964855417544723
36,1,4,0,1,1,12.0,12.0,12.0,0,0,3.2664699712926596e-06
70,0,11,4,1,1,69.0,69.0,69.0,0,0,0.0004743432684334765
35,1,4,4,2,2,21.449999809265137,25.0,17.9,0,0,0.00038836549094459715
36,0,3,3,2,2,44.75,64.5,25.0,0,0,0.018007774332090932
41,0,13,4,3,3,16.27999973297119,23.99,10.91,0,0,0.00029144791342200136
58,0,4,3,1,1,36.9900016784668,36.99,36.99,0,0,6.455331937662784e-05
53,0,3,4,1,1,157.99000549316406,157.99,157.99,0,0,0.005022999529430714
60,0,13,4,1,1,95.81999969482422,95.82,95.82,0,0,0.004876660984998198
35,0,3,4,1,2,22.119999885559082,27.99,16.25,0,0,0.00047418968874484075
37,0,4,4,1,3,222.875,795.0,25.0,1,1,0.9992028558287166
59,1,4,1,1,1,87.47500038146973,145.0,29.95,1,1,0.8941233258381364
13,0,4,4,1,3,54.3133331934611,128.0,9.95,0,1,0.686681888512354
66,0,13,4,1,3,89.33333333333333,92.0,88.0,1,1,0.9605234211681412
64,1,13,4,1,2,65.81999969482422,96.92,34.72,0,0,0.18663612491685203
51,1,8,4,4,4,34.62999973297119,75.0,14.94,1,1,0.6756267947883968
13,0,3,3,1,1,19.989999771118164,19.99,19.99,0,0,1.848739495798291e-05
31,0,4,3,1,2,144.5,189.0,100.0,1,1,0.9997676014836898
58,1,4,3,1,1,149.0,149.0,149.0,0,0,0.007746358369965683
63,1,13,1,1,1,64.0,64.0,64.0,0,0,0.0003496562748563215
43,1,10,4,1,1,22.989999771118164,22.99,22.99,0,0,2.5314485649881535e-05
64,0,3,2,2,6,64.28000041416713,159.0,34.0,1,1,0.9995229295141863
20,0,3,4,1,4,48.47500014305115,98.0,14.95,1,1,0.9533361455449116
56,0,3,4,1,1,99.0,99.0,99.0,0,0,0.0055799879794976
16,1,3,4,1,2,39.20000076293945,49.45,28.95,0,0,0.00573942007485938
22,1,4,4,1,1,49.9900016784668,49.99,49.99,0,0,0.0002337737061106127
16,1,4,4,1,2,44.74499988555908,79.5,9.99,0,0,0.04065894906025365
69,1,4,4,1,1,15.989999771118164,15.99,15.99,0,0,8.38068749601134e-06
35,0,4,4,1,1,58.95000076293945,58.95,58.95,0,0,0.00044729733500896033
56,0,4,4,1,1,159.9499969482422,159.95,159.95,0,0,0.0043820724857681
48,0,4,4,1,1,203.9499969482422,203.95,203.95,1,1,1.0
24,1,4,4,1,1,18.649999618530273,18.65,18.65,0,0,3.2664699712926596e-06
42,0,13,3,1,1,69.0,69.0,69.0,0,0,0.0006247093769797845
61,0,13,4,2,3,59.25500011444092,92.0,19.95,1,1,0.9341417322728713
18,1,4,4,1,1,133.0,133.0,133.0,0,0,0.003846122692378616
39,1,4,4,2,3,28.826666514078777,29.99,26.5,0,0,0.001518938357271084
66,1,3,4,2,2,32.49000072479248,34.99,29.99,0,0,0.0006787823717746734
35,1,3,4,2,2,44.9950008392334,50.0,39.99,0,0,0.008577806969463952
24,1,7,4,1,2,20.890000343322754,25.0,16.78,0,0,0.0002707725388790219
23,0,4,4,3,5,42.8871431350708,124.0,8.0,1,1,0.9946286329096811
26,0,4,4,1,1,5.829999923706055,5.83,5.83,0,0,1.968289985955307e-05
60,0,4,0,2,2,35.97500038146973,52.0,19.95,0,0,0.011463145396823995
66,1,3,1,1,4,54.125,115.0,25.0,1,1,0.9492442628650238
51,0,3,3,2,3,55.829999923706055,138.89,13.0,0,1,0.7444687202458473
51,0,13,4,3,5,50.13999977111816,87.0,17.99,1,1,0.9893681440837093
42,1,13,4,1,2,31.675000190734863,36.59,26.76,0,0,0.00044949018239517983
31,1,4,4,1,2,44.98999881744385,67.99,21.99,0,0,0.029650004982728215
60,0,13,4,1,1,225.0,225.0,225.0,1,1,1.0
65,0,4,4,2,5,75.35999965667725,250.0,9.58,1,1,0.9987067681084199
60,1,4,4,2,2,46.98499870300293,69.67,24.3,0,0,0.031046924277731827
33,1,13,4,2,1,16.5,18.0,15.0,0,0,0.0005812389479555287
56,1,4,4,1,2,17.22000026702881,19.45,14.99,0,0,0.0013313356141113968
36,0,4,3,1,1,130.0,130.0,130.0,0,0,0.0039852249615156595
37,1,7,0,1,2,19.494999885559082,19.99,19.0,0,0,0.0002029318328870196
33,0,13,4,2,2,19.829999923706055,23.58,16.08,0,0,0.0006517369519038776
33,1,4,3,1,1,6.360000133514404,6.36,6.36,0,0,8.38068749601134e-06
20,0,9,4,1,1,37.0,37.0,37.0,0,0,2.4917948482181724e-05
40,0,4,4,1,1,32.08000183105469,32.08,32.08,0,0,2.3287844823670516e-05
58,1,4,0,2,2,45.329999923706055,94.5,12.99,0,0,0.16268359505645522
46,0,4,4,1,1,44.9900016784668,44.99,44.99,0,0,0.0002767682623509937
13,0,13,1,1,1,19.989999771118164,19.99,19.99,0,0,1.848739495798291e-05
44,0,13,0,1,2,167.5,325.0,10.0,1,1,0.9954029794788876
44,0,11,4,1,1,104.0,104.0,104.0,0,0,0.006124501290097071
34,1,4,4,1,1,72.0,72.0,72.0,0,0,0.0004937805453283552
42,1,11,4,1,1,69.98999786376953,69.99,69.99,0,0,0.0003864122472958824
41,0,4,4,2,3,21.053333282470703,28.19,15.0,0,0,0.0018700729553630241
43,1,10,3,1,1,69.19999694824219,69.2,69.2,0,0,0.0002238914863920145
64,0,4,4,1,1,25.0,25.0,25.0,0,0,5.6067789918546884e-05
35,1,3,2,2,3,38.573333740234375,62.0,13.73,0,0,0.10847522215931954
12,0,4,4,1,1,36.0,36.0,36.0,0,0,1.6745699394565072e-05
65,0,10,4,1,1,59.5,59.5,59.5,0,0,0.0003967384460849246
43,0,3,4,1,1,39.9900016784668,39.99,39.99,0,0,3.887495947555817e-05
19,1,3,2,1,1,76.0,76.0,76.0,0,0,0.00036086361530242447
23,1,8,4,1,3,74.32333564758301,169.99,19.99,1,1,0.9976285468098705
59,1,13,1,2,2,108.0,179.0,25.0,1,1,0.9991542790838912
23,0,11,4,2,2,83.9950008392334,118.0,49.99,0,0,0.17156294751749024
17,1,7,3,1,2,34.47000074386597,52.99,15.95,0,0,0.002124837265920809
65,1,4,0,1,1,18.950000762939453,18.95,18.95,0,0,3.2664699712926596e-06
53,1,10,2,1,2,42.97499990463257,75.0,10.95,0,0,0.046504328161807995
24,0,3,4,1,1,9.949999809265137,9.95,9.95,0,0,1.968289985955307e-05
58,1,4,4,1,4,37.54499936103821,82.95,12.8,0,0,0.13200933210301952
55,1,13,4,1,1,30.0,30.0,30.0,0,0,4.920392183935764e-05
39,1,4,4,2,2,59.4900016784668,59.99,58.99,0,0,0.04855702533935518
32,0,4,4,1,1,13.8100004196167,13.81,13.81,0,0,1.968289985955307e-05
44,0,11,4,1,1,7.519999980926514,7.52,7.52,0,0,2.5029540387088356e-05
13,1,13,3,1,3,80.97999954223633,133.0,19.95,1,1,0.9760325176141278
21,0,3,3,1,2,57.494998931884766,79.99,35.0,0,0,0.07537002930649007
16,0,4,4,2,2,141.29999923706055,248.0,34.6,1,1,0.9987440439262596
29,1,7,4,1,1,176.0,176.0,176.0,1,1,1.0
33,1,13,4,2,3,38.660000483194985,62.0,18.99,0,0,0.10167489716242879
18,1,4,4,1,2,60.36249923706055,84.95,35.0,1,0,0.12876169057201164
41,1,13,4,1,1,15.979999542236328,15.98,15.98,0,0,4.840324911832688e-05
40,0,13,4,1,1,33.95000076293945,33.95,33.95,0,0,1.02311040648322e-05
44,1,4,3,1,1,23.0,23.0,23.0,0,0,8.38068749601134e-06
70,1,6,1,1,2,21.579999923706055,28.17,14.99,0,0,0.0013694480786032434
20,0,3,4,4,3,24.795999908447264,27.99,19.99,0,0,0.022821153616650613
34,1,13,2,1,2,144.0800018310547,213.16,75.0,1,1,0.9999017181129878
15,1,4,3,1,2,45.61000061035156,58.0,33.22,0,0,0.021524759219859194
66,0,6,4,1,1,29.989999771118164,29.99,29.99,0,0,2.041620703291727e-05
23,0,6,1,1,1,97.0,97.0,97.0,0,0,0.006860208599897796
21,1,13,4,1,1,115.0,115.0,115.0,0,0,0.015024359853181884
19,0,13,4,2,2,104.47499656677246,155.93,53.02,1,1,0.997750177731432
20,0,4,4,1,1,46.9900016784668,46.99,46.99,0,0,0.0002406710299554031
62,0,2,4,2,2,11.984999656677246,15.98,7.99,0,0,0.0004306588891382998
51,1,0,4,1,4,58.135000705718994,139.0,25.95,1,1,0.9693987858408586
54,1,3,4,1,2,33.97000026702881,37.95,29.99,0,0,0.0002852410894792742
54,0,4,4,1,1,69.94999694824219,69.95,69.95,0,0,0.0009881103088194374
46,1,0,3,1,1,39.9900016784668,39.99,39.99,0,0,1.614030245782154e-05
54,1,3,4,1,1,17.989999771118164,17.99,17.99,0,0,8.38068749601134e-06
65,1,4,3,2,2,144.5,264.0,25.0,1,1,0.9995380052051697
34,0,3,1,1,1,98.0,98.0,98.0,0,0,0.0073656369288516346
34,0,3,4,1,1,20.899999618530273,20.9,20.9,0,0,1.968289985955307e-05
22,0,13,1,1,1,49.9900016784668,49.99,49.99,0,0,0.00036214546695539175
66,1,13,2,2,4,49.980000495910645,60.0,25.48,1,1,0.9203536724743789
57,0,13,4,2,3,51.38499999046326,83.84,13.06,1,0,0.43220468779145027
63,0,4,4,1,1,7.989999771118164,7.99,7.99,0,0,4.835768968724385e-05
54,1,0,4,3,3,49.233333587646484,56.25,42.0,0,0,0.24924531294951852
23,1,4,4,1,1,89.5,89.5,89.5,0,0,0.0034890834532558222
65,0,13,4,1,1,14.1899995803833,14.19,14.19,0,0,1.968289985955307e-05
63,1,4,4,1,2,59.75,70.0,49.5,0,0,0.1049965157459591
16,0,13,3,1,1,171.52999877929688,171.53,171.53,1,1,1.0
41,0,13,2,1,2,55.47500038146973,61.0,49.95,0,0,0.009606305300803485
18,0,7,4,1,2,46.4950008392334,58.0,34.99,0,0,0.016404377914986126
45,1,4,4,1,1,69.0,69.0,69.0,0,0,0.0005066251011791164
68,1,4,0,1,1,49.9900016784668,49.99,49.99,0,0,0.0002135463169208382
62,1,4,3,3,8,55.55111206902398,239.99,9.99,1,1,0.9969363177480929
63,0,13,4,2,5,77.7360008239746,158.0,9.58,1,1,0.9949809664891373
54,0,2,3,2,3,59.4266668955485,99.97,19.99,1,1,0.9521745390126484
50,1,4,0,1,1,12.630000114440918,12.63,12.63,0,0,3.2664699712926596e-06
58,0,4,4,2,3,61.66333262125651,69.99,46.0,1,1,0.9288179714300733
65,0,4,4,2,2,17.475000381469727,21.95,13.0,0,0,0.0005296560604413483
61,0,7,4,1,1,39.9900016784668,39.99,39.99,0,0,3.887495947555817e-05
69,0,6,4,2,5,35.25799980163574,52.0,9.32,1,1,0.8468341036753497
62,1,3,4,2,2,94.99499893188477,99.99,90.0,1,1,0.9866102174273514
14,0,4,3,1,1,88.0,88.0,88.0,0,0,0.00905452109020879
38,0,13,4,2,2,56.163333892822266,84.0,28.5,0,0,0.07879673510711085
20,0,13,4,4,5,43.03166675567627,89.0,13.93,1,1,0.995805783863145
58,1,4,0,1,1,125.0,125.0,125.0,0,0,0.010868848252669205
31,1,4,4,1,2,28.0600004196167,37.13,18.99,0,0,0.00034910152060225926
12,0,4,4,1,1,60.0,60.0,60.0,0,0,0.0002808547162425951
53,0,13,3,1,1,39.40999984741211,39.41,39.41,0,0,1.02311040648322e-05
23,1,11,4,1,1,49.880001068115234,49.88,49.88,0,0,0.00011354481948967928
35,0,3,4,2,2,58.994998931884766,79.99,38.0,0,0,0.13198952851220894
46,1,3,4,1,1,13.489999771118164,13.49,13.49,0,0,8.38068749601134e-06
20,0,11,4,1,2,35.489999771118164,35.98,35.0,0,0,0.0005744398190854661
59,1,4,4,1,1,25.0,25.0,25.0,0,0,8.38068749601134e-06
42,1,0,3,2,3,51.36333211263021,64.99,39.6,0,0,0.2762444297195086
29,0,3,4,1,1,21.0,21.0,21.0,0,0,1.968289985955307e-05
32,1,3,4,2,1,107.25,155.0,59.5,1,1,0.9816996982446188
69,0,4,4,4,6,36.320000330607094,59.0,19.95,1,1,0.948747628387731
62,0,4,1,1,1,178.0,178.0,178.0,1,1,1.0
12,0,4,1,1,1,92.0,92.0,92.0,0,0,0.0035528137963781216
36,1,10,4,1,2,154.0,250.0,58.0,1,1,1.0
22,1,2,4,2,5,51.573334058125816,90.68,25.28,1,1,0.9621382500704488
15,0,13,3,1,1,19.950000762939453,19.95,19.95,0,0,1.968289985955307e-05
56,0,3,4,1,2,44.49499988555908,69.0,19.99,0,0,0.04102173269784273
43,1,2,4,1,1,39.9900016784668,39.99,39.99,0,0,3.172741710970919e-05
45,0,10,4,1,1,29.950000762939453,29.95,29.95,0,0,2.041620703291727e-05
12,0,4,4,1,4,30.252500534057617,35.99,25.99,0,0,0.014042318126706654
55,0,4,3,3,5,39.16599998474121,138.0,8.56,1,1,0.9838207178218122
28,0,4,4,2,3,81.99333254496257,117.99,28.99,1,1,0.9809958866180485
38,0,13,4,2,2,34.70000076293945,39.95,29.45,0,0,0.0013714804731103567
70,1,4,4,1,1,29.5,29.5,29.5,0,0,2.249095219975164e-05
49,0,4,4,1,1,49.0,49.0,49.0,0,0,0.0002546280409487796
58,1,3,4,1,1,15.680000305175781,15.68,15.68,0,0,8.38068749601134e-06
56,0,3,1,1,1,58.9900016784668,58.99,58.99,0,0,0.00020781418900920408
21,1,6,2,1,1,54.9900016784668,54.99,54.99,0,0,8.240700620460759e-05
55,1,2,4,2,2,103.0,170.0,36.0,1,1,0.9993653981569958
16,0,10,4,1,1,95.0,95.0,95.0,0,0,0.0065666615080110105
44,0,3,4,1,1,12.109999656677246,12.11,12.11,0,0,2.5029540387088356e-05
39,1,7,4,1,1,30.0,30.0,30.0,0,0,2.6115158370912287e-05
69,1,4,4,1,1,76.0,76.0,76.0,0,0,0.0004945853408366427
15,0,4,4,3,4,25.722500324249268,49.5,7.2,0,0,0.030661306989561547
33,0,13,4,2,2,24.249999046325684,35.26,13.24,0,0,0.0003670029220842793
64,1,4,2,1,1,58.0,58.0,58.0,0,0,0.0005338322973982391
64,0,4,4,1,2,25.149999618530273,40.8,9.5,0,0,0.0002190593650392466
28,0,13,3,1,2,108.375,118.75,98.0,1,1,0.9809973328186249
36,0,10,4,1,1,44.0,44.0,44.0,0,0,0.00018508195562738264
60,1,8,4,1,1,129.0,129.0,129.0,0,0,0.007599508467032093
17,1,4,4,1,2,109.09500122070312,139.99,78.2,1,1,0.999115628957815
48,0,13,4,2,3,44.31999969482422,52.0,28.96,0,0,0.1848659184672432
30,1,7,4,1,2,64.0,98.0,30.0,0,0,0.18314875817350143
67,1,4,2,1,3,70.96999931335449,108.95,29.95,1,1,0.9764157897078504
34,0,3,4,1,1,12.989999771118164,12.99,12.99,0,0,1.968289985955307e-05
66,1,3,4,2,3,34.143333435058594,60.0,12.98,0,0,0.09224017728839007
69,1,3,4,1,1,255.0,255.0,255.0,1,1,1.0
47,0,3,1,1,2,65.29499912261963,99.99,30.6,0,0,0.19924943523767846
68,0,13,3,1,4,65.2475004196167,139.0,25.0,1,1,0.985809724758877
33,1,4,4,1,2,30.4950008392334,35.99,25.0,0,0,0.00038585303333672126
42,0,4,4,1,3,82.32666714986165,165.0,21.99,1,1,0.9936695647841062
22,0,13,4,1,3,149.9966665903727,345.0,6.99,1,1,0.9988737662400499
29,1,12,0,2,3,58.7475004196167,60.0,55.99,1,1,0.7940098192382878
47,1,13,4,1,1,22.0,22.0,22.0,0,0,4.840324911832688e-05
55,0,13,4,1,1,3.990000009536743,3.99,3.99,0,0,1.968289985955307e-05
45,0,10,4,1,2,78.5,99.0,58.0,0,0,0.11819907752345196
70,0,4,4,3,3,110.96333440144856,158.0,39.95,1,1,0.9992154991934555
32,0,0,4,2,3,55.41999944051107,98.0,31.0,0,0,0.48406891714326183
40,0,4,4,2,2,22.244999885559082,29.5,14.99,0,0,0.0006605316551038824
12,0,13,4,2,2,84.99000263214111,139.99,29.99,0,0,0.33651210264786013
20,0,12,4,1,1,57.0,57.0,57.0,0,0,0.0002612747108724095
52,0,4,4,1,1,22.989999771118164,22.99,22.99,0,0,2.5029540387088356e-05
64,1,13,4,1,1,14.989999771118164,14.99,14.99,0,0,0.00017787038495488934
27,0,13,4,2,2,36.394999504089355,58.8,13.99,0,0,0.008641693059420663
58,0,8,4,1,1,184.72000122070312,184.72,184.72,1,1,1.0
48,1,3,4,2,2,38.48999881744385,69.99,6.99,0,0,0.015623311927266636
66,1,0,4,1,1,9.989999771118164,9.99,9.99,0,0,0.00023428430195384227
28,0,11,4,2,4,93.01000022888184,223.97,24.09,1,1,0.9998554716561147
39,1,4,4,1,1,30.0,30.0,30.0,0,0,9.181360217042095e-06
54,0,3,4,1,1,59.0,59.0,59.0,0,0,0.0009045466355374905
67,0,13,4,3,4,119.9724988937378,237.01,21.25,1,1,0.9998542775854896
54,1,13,4,2,3,38.60666720072428,59.99,22.88,0,0,0.10443176999044063
58,0,4,1,1,1,29.950000762939453,29.95,29.95,0,0,2.041620703291727e-05
40,1,13,4,1,1,135.0,135.0,135.0,0,0,0.0038976742607006866
29,1,4,4,1,1,63.560001373291016,63.56,63.56,0,0,0.0007298416088261899
16,1,4,4,1,2,64.9950008392334,68.0,61.99,0,0,0.026506824585049143
54,1,10,4,2,3,68.6979995727539,148.0,25.0,1,1,0.997388930434631
48,1,0,4,1,1,14.989999771118164,14.99,14.99,0,0,8.38068749601134e-06
36,0,2,4,1,2,56.0,80.0,32.0,0,0,0.04489988453627361
70,0,3,0,1,1,52.849998474121094,52.85,52.85,0,0,9.47776350270327e-05
50,0,4,4,1,2,27.494999885559082,48.0,6.99,0,0,0.0017005366870608202
41,1,3,4,1,1,69.94999694824219,69.95,69.95,0,0,0.0004908576713492106
43,0,12,4,2,2,51.474998474121094,84.95,18.0,0,0,0.05712839392773523
32,1,2,4,1,1,11.989999771118164,11.99,11.99,0,0,0.00019807166477648751
63,1,12,4,1,1,22.989999771118164,22.99,22.99,0,0,0.0004838935664520476
13,1,13,4,4,7,55.75285720825195,124.0,25.0,1,1,0.9882661209675522
38,0,10,4,1,1,105.0,105.0,105.0,0,0,0.005442282221399063
50,1,4,4,3,4,66.19799995422363,115.0,29.99,1,1,0.9985939734097287
33,1,13,4,1,1,108.5749979019165,200.87,16.28,1,1,0.9833626616158918
69,0,13,4,2,2,184.5,328.0,41.0,1,1,0.9999607657338881
67,0,12,4,1,1,39.5,39.5,39.5,0,0,2.3287844823670516e-05
61,1,4,3,1,4,82.49500179290771,139.99,10.0,1,1,0.97357912538868
31,0,4,3,1,1,29.950000762939453,29.95,29.95,0,0,1.5069566505381985e-05
60,1,4,4,1,1,35.0,35.0,35.0,0,0,5.04468347699994e-05
36,0,6,4,1,1,38.9900016784668,38.99,38.99,0,0,1.7941204296135235e-05
57,0,13,3,1,1,34.9900016784668,34.99,34.99,0,0,1.02311040648322e-05
67,1,3,4,1,1,60.25,80.5,40.0,0,0,0.09923080505519218
50,0,4,3,1,1,206.9600067138672,206.96,206.96,1,1,1.0
37,1,4,4,1,1,45.5,45.5,45.5,0,0,0.00025897243169325384
21,1,4,3,1,1,24.0,24.0,24.0,0,0,3.2664699712926596e-06
30,0,3,3,1,1,34.0,34.0,34.0,0,0,1.7941204296135235e-05
48,1,4,4,1,1,109.98999786376953,109.99,109.99,0,0,0.008197900471081425
30,1,4,4,1,1,42.15999984741211,42.16,42.16,0,0,5.894078579188707e-05
37,0,3,3,1,1,49.95000076293945,49.95,49.95,0,0,0.00014845563329033052
22,1,13,4,2,3,103.66666666666667,172.0,59.5,1,1,0.999879078904289
14,0,6,4,2,2,31.25,44.5,18.0,0,0,0.0012219096183952798
53,1,6,4,1,1,28.0,28.0,28.0,0,0,2.5314485649881535e-05
32,0,4,4,2,3,92.21999994913737,250.0,11.66,1,1,0.9997016076361019
17,0,3,4,2,3,56.05333455403646,90.22,29.95,0,1,0.5082907874165076
50,1,4,4,1,1,46.9900016784668,46.99,46.99,0,0,0.00025161053541419246
35,0,3,3,2,3,27.60000006357829,36.0,10.8,0,0,0.0005620721368160054
56,1,13,4,1,1,78.98999786376953,78.99,78.99,0,0,0.00112745702742046
19,1,0,4,1,1,99.0,99.0,99.0,0,0,0.013803121010367425
27,1,6,4,1,1,134.5,134.5,134.5,0,0,0.0048007780275136904
43,1,4,4,2,2,33.470001220703125,41.99,24.95,0,0,0.0007699216250558208
21,1,10,4,1,1,20.0,20.0,20.0,0,0,3.2664699712926596e-06
59,0,11,4,1,2,127.52999877929688,183.06,72.0,1,1,0.9997409855141081
15,0,4,4,1,1,39.93000030517578,39.93,39.93,0,0,2.4917948482181724e-05
54,0,4,4,1,1,55.9900016784668,55.99,55.99,0,0,0.000856644437201409
16,0,4,4,1,3,22.630000114440918,29.99,9.95,0,0,0.0004505829079524232
70,1,4,3,1,1,49.9900016784668,49.99,49.99,0,0,0.0002826247395651658
31,0,3,3,1,1,19.989999771118164,19.99,19.99,0,0,1.968289985955307e-05
27,0,13,4,1,1,132.5,132.5,132.5,0,0,0.003896069947609174
65,1,4,4,1,1,50.0,50.0,50.0,0,0,0.00048106779582820505
39,0,3,3,3,3,42.97999890645345,94.95,14.99,0,1,0.6050748406449759
49,0,13,4,1,1,62.0,62.0,62.0,0,0,0.0012399829156395648
69,1,10,4,2,2,17.494999885559082,18.99,16.0,0,0,0.0011163033193175081
22,0,13,4,3,4,49.739999771118164,118.99,7.99,1,1,0.9885920373543634
24,1,3,4,1,3,36.15750026702881,55.65,10.99,0,0,0.019005869584222502
28,1,13,4,1,1,35.0,35.0,35.0,0,0,2.715590616076877e-05
69,0,3,4,1,2,27.994999885559082,28.0,27.99,0,0,0.0003857606820616922
68,1,12,4,3,3,49.707499980926514,65.0,29.88,1,0,0.4324049998167981
67,0,6,4,2,5,44.671999549865724,96.5,6.95,1,1,0.956736756949088
32,0,3,2,1,1,125.0,125.0,125.0,0,0,0.007823147322236665
69,1,11,4,1,1,79.98999786376953,79.99,79.99,0,0,0.0007214340112097066
47,0,6,4,1,1,13.890000343322754,13.89,13.89,0,0,2.5029540387088356e-05
26,1,6,2,1,1,25.0,25.0,25.0,0,0,3.2664699712926596e-06
36,0,13,4,1,3,61.562500953674316,99.0,30.0,1,1,0.9578409390407359
60,1,13,1,1,1,38.0,38.0,38.0,0,0,2.8424717412619834e-05
69,1,10,4,2,2,42.220001220703125,49.45,34.99,0,0,0.004052176737406614
50,0,4,4,1,3,39.37333329518636,55.0,9.12,0,0,0.05204814656970335
69,1,4,4,2,2,46.24499988555908,64.5,27.99,0,0,0.039313534440846586
45,0,4,4,2,2,119.0,129.0,109.0,1,1,0.9989686062866755
44,0,6,4,1,1,69.94999694824219,69.95,69.95,0,0,0.0004976691972676598
57,0,4,4,1,1,10.0,10.0,10.0,0,0,2.5029540387088356e-05
48,0,4,4,1,2,54.163333892822266,88.0,34.99,0,0,0.10810982842271741
56,0,4,4,4,7,37.85571425301688,74.0,10.0,1,1,0.9700745488289322
58,1,2,4,1,1,15.5600004196167,15.56,15.56,0,0,8.38068749601134e-06
57,0,4,0,1,2,35.22500038146973,52.5,17.95,0,0,0.0036002753085622157
54,0,4,4,1,2,52.47499990463257,98.5,6.45,0,0,0.14049721205174914
36,0,10,3,1,1,34.95000076293945,34.95,34.95,0,0,1.7941204296135235e-05
24,1,13,0,1,1,903.0,903.0,903.0,1,1,1.0
23,1,10,4,1,1,26.989999771118164,26.99,26.99,0,0,3.2664699712926596e-06
32,0,4,4,1,1,28.0,28.0,28.0,0,0,2.739300009085611e-05
29,0,4,1,1,1,14.949999809265137,14.95,14.95,0,0,1.968289985955307e-05
42,0,4,4,1,1,9.0,9.0,9.0,0,0,2.5029540387088356e-05
13,1,12,2,2,2,22.570000171661377,29.5,15.64,0,0,0.0002725692393039328
32,0,4,4,1,1,32.9900016784668,32.99,32.99,0,0,1.7941204296135235e-05
67,0,8,4,1,2,31.5,49.0,14.0,0,0,0.0009022253479023577
69,1,4,4,1,2,16.794999599456787,23.64,9.95,0,0,0.0011528730126639393
33,0,10,4,1,3,91.91999944051106,184.72,11.09,1,1,0.9989440098181163
61,0,0,4,2,2,32.80500030517578,46.0,19.61,0,0,0.0023446077499875233
17,0,12,4,1,2,22.255000114440918,29.52,14.99,0,0,0.0008015653302538031
67,0,13,4,1,1,19.989999771118164,19.99,19.99,0,0,1.968289985955307e-05
42,0,3,4,2,4,60.735000133514404,144.0,27.95,1,1,0.994156120130972
28,0,13,2,1,1,40.0,40.0,40.0,0,0,7.359466274078951e-06
38,0,4,4,1,3,39.929999351501465,94.95,15.0,0,0,0.2065182734155864
54,1,13,1,1,4,48.50499963760376,100.78,11.25,1,1,0.9315329128379549
60,0,6,4,1,1,13.069999694824219,13.07,13.07,0,0,2.5029540387088356e-05
66,0,4,2,1,2,30.954999923706055,33.91,28.0,0,0,0.00042748619279877936
68,0,3,3,1,1,52.0,52.0,52.0,0,0,0.00014767482789789754
54,0,4,4,1,2,46.820000648498535,68.65,24.99,0,0,0.034899108952172214
58,1,13,4,3,3,69.20666631062825,85.63,59.99,1,1,0.9893631907511018
51,1,0,2,4,4,37.36750030517578,69.5,19.99,0,1,0.6512193606169613
65,1,9,4,2,3,40.2466672261556,59.99,25.0,0,0,0.09134152643203346
16,1,3,4,4,4,83.74874997138977,189.5,12.51,1,1,0.9998482049660875
46,1,3,4,1,1,67.0,67.0,67.0,0,0,0.0006753158038182956
26,1,4,3,1,1,110.0,110.0,110.0,0,0,0.008950799474627085
47,1,12,4,1,2,64.96999931335449,69.95,59.99,0,0,0.04208505006941866
54,0,3,3,1,3,24.72333335876465,46.0,3.17,0,0,0.0023242472020846804
35,0,13,4,1,1,25.0,25.0,25.0,0,0,5.3890425515197304e-05
49,0,0,2,2,2,27.30999994277954,44.0,10.62,0,0,0.00042019874404450373
41,0,3,4,1,1,27.940000534057617,27.94,27.94,0,0,3.273964061839139e-05
68,0,4,4,2,2,20.69499969482422,27.99,13.4,0,0,0.0006855997424944582
65,0,3,4,1,1,25.0,25.0,25.0,0,0,5.6067789918546884e-05
34,1,11,4,1,1,11.989999771118164,11.99,11.99,0,0,2.5314485649881535e-05
48,1,4,4,2,2,54.46999931335449,79.99,28.95,0,0,0.06294276625748997
30,0,4,4,1,2,21.71999979019165,29.99,13.45,0,0,0.0005695609134904029
30,0,2,1,1,3,32.9975004196167,52.0,10.0,0,0,0.002603753110595825
43,1,4,4,1,1,214.0,214.0,214.0,1,1,1.0
54,1,10,4,2,3,111.45999972025554,285.0,19.5,1,1,0.9994298509128988
31,1,4,4,1,1,37.130001068115234,37.13,37.13,0,0,1.1026084933102857e-05
31,0,7,4,1,1,138.0,138.0,138.0,0,0,0.003019435689447299
32,1,4,4,2,2,52.4950008392334,65.0,39.99,0,0,0.019307472115271195
24,1,4,4,3,3,21.30666732788086,34.97,12.0,0,0,0.004717877536508605
24,1,4,4,1,2,20.984999656677246,25.0,16.97,0,0,0.0002707725388790219
26,0,4,4,1,1,43.97999954223633,43.98,43.98,0,0,0.0002783983660095049
14,1,4,4,1,1,190.0,190.0,190.0,1,1,1.0
51,1,4,3,2,2,41.9950008392334,49.0,34.99,0,0,0.0033212657802955065
41,0,2,4,4,3,51.74250030517578,69.99,38.99,1,1,0.645634268897675
32,0,4,4,1,1,26.299999237060547,26.3,26.3,0,0,6.160052574650034e-05
51,0,12,4,1,1,89.94999694824219,89.95,89.95,0,0,0.00391857290475627
25,0,4,3,1,1,198.0,198.0,198.0,1,1,1.0
41,1,13,4,4,4,40.48166688283285,60.0,17.99,1,1,0.7239267143392694
57,0,7,2,2,2,65.36000061035156,86.51,44.21,0,0,0.1869276891721187
15,0,4,4,1,1,57.47999954223633,57.48,57.48,0,0,0.00041621659854279526
33,1,13,2,1,1,35.0,35.0,35.0,0,0,4.3513790850429254e-05
61,1,2,1,1,1,25.0,25.0,25.0,0,0,3.2664699712926596e-06
52,0,11,4,2,2,132.4749984741211,249.95,15.0,1,1,0.9986705270586268
20,1,12,2,2,4,44.70750045776367,78.0,14.0,1,1,0.9535813466441888
33,0,3,4,3,3,45.69666608174642,68.0,24.99,0,0,0.4731192340368731
59,1,4,4,1,1,52.95000076293945,52.95,52.95,0,0,0.0004724426913668286
65,0,4,4,1,1,17.040000915527344,17.04,17.04,0,0,4.835768968724385e-05
43,1,4,4,1,1,18.989999771118164,18.99,18.99,0,0,8.38068749601134e-06
25,0,6,0,1,1,28.5,28.5,28.5,0,0,2.739300009085611e-05
32,0,3,4,2,1,84.45499992370605,158.0,10.91,0,0,0.47927228491585183
44,0,3,4,2,2,43.75,48.0,39.5,0,0,0.006736070334822433
18,1,3,4,2,2,29.494999885559082,39.5,19.49,0,0,0.0005160666582151671
22,1,13,3,1,1,55.0,55.0,55.0,0,0,0.00010554891426563106
21,1,12,4,1,1,18.639999389648438,18.64,18.64,0,0,4.3916876475357743e-05
53,1,4,4,1,1,49.880001068115234,49.88,49.88,0,0,0.0002194128245956893
65,0,3,4,2,4,16.889999628067017,23.99,12.53,0,0,0.005368161994089957
19,0,3,4,1,4,50.875,112.5,12.0,1,1,0.9569741164582182
58,0,3,3,1,2,88.5,128.0,49.0,1,1,0.9829139564828472
65,0,13,4,3,3,49.98333326975504,78.0,9.95,0,1,0.5441557533830567
34,1,3,3,1,1,17.950000762939453,17.95,17.95,0,0,8.38068749601134e-06
27,1,4,4,1,1,64.4000015258789,64.4,64.4,0,0,0.0007298416088261899
39,1,3,4,1,3,91.39999898274739,186.95,36.95,1,1,0.9995369301791822
48,0,3,4,4,4,51.91249942779541,79.95,21.95,1,1,0.9781777914749736
20,0,13,4,1,1,128.0,128.0,128.0,0,0,0.0073256657066441185
26,0,4,4,1,1,32.4900016784668,32.49,32.49,0,0,2.4917948482181724e-05
64,1,13,3,2,3,32.666666666666664,68.0,12.0,0,0,0.06763732733504557
63,1,0,3,1,2,57.0,84.0,30.0,0,0,0.09391877890112892
46,1,4,4,1,1,59.97999954223633,59.98,59.98,0,0,0.00041965820167665487
23,0,3,4,1,2,22.494999885559082,25.0,19.99,0,0,0.0006146304717103142
67,0,9,4,1,1,20.93000030517578,20.93,20.93,0,0,2.5029540387088356e-05
29,1,13,3,2,3,55.99333381652832,98.0,29.99,0,1,0.580660824459107
28,1,11,4,1,2,19.494999885559082,26.99,12.0,0,0,0.0011347365616929353
38,1,4,4,1,1,14.949999809265137,14.95,14.95,0,0,8.38068749601134e-06
56,1,2,4,2,3,40.80999946594238,51.95,25.0,0,0,0.06913260904127402
16,1,3,2,1,2,42.0,46.0,38.0,0,0,0.0011824676394455445
30,1,4,3,1,1,59.5,59.5,59.5,0,0,0.0002932400276825724
20,0,13,3,1,1,19.93000030517578,19.93,19.93,0,0,1.968289985955307e-05
49,0,8,4,2,3,89.33000055948894,199.0,30.0,1,1,0.9997794509757792
68,0,11,2,2,5,51.22666708628336,131.94,15.99,1,1,0.984803949749234
56,1,13,4,1,2,80.81500244140625,139.99,21.64,0,0,0.2539770305246634
61,1,13,3,1,1,37.95000076293945,37.95,37.95,0,0,0.0001828115067185244
22,1,4,4,1,1,104.5,104.5,104.5,0,0,0.010191750780644819
44,0,13,3,3,3,31.326667149861652,49.99,7.99,0,0,0.037145814684513855
24,0,13,4,2,2,31.97499990463257,49.0,14.95,0,0,0.0021322433271198575
61,1,4,4,1,3,75.22999890645345,105.75,19.99,1,1,0.9688510607025418
60,0,13,4,2,5,66.52499985694885,158.0,23.99,1,1,0.9997577894727202
29,0,13,4,1,1,89.94999694824219,89.95,89.95,0,0,0.0049180495502129965
68,1,4,3,1,3,36.87999979654948,58.0,25.0,0,0,0.023664847458285482
21,1,8,4,2,2,52.494998931884766,79.99,25.0,0,0,0.0504619962810979
16,0,3,4,2,2,31.99000072479248,46.99,16.99,0,0,0.0016885743662705358
39,0,4,4,1,1,12.0,12.0,12.0,0,0,1.968289985955307e-05
28,0,4,4,4,5,144.1580017089844,316.6,43.2,1,1,1.0
18,0,4,0,1,1,218.0,218.0,218.0,1,1,1.0
53,1,11,4,1,1,125.0,125.0,125.0,0,0,0.007833196762392736
24,0,13,1,1,1,68.0,68.0,68.0,0,0,0.0005159307886772311
67,0,13,4,3,6,44.978889041476776,85.83,11.99,1,1,0.9881878727393087
23,1,3,4,2,2,40.19000053405762,55.38,25.0,0,0,0.002935934615203558
46,0,10,4,1,1,14.5,14.5,14.5,0,0,2.5029540387088356e-05
23,0,13,3,1,2,73.0,110.0,36.0,0,0,0.17027381011016338
34,1,4,3,2,2,53.22500038146973,56.95,49.5,0,0,0.016140751074995824
20,1,4,4,2,2,25.80500030517578,28.0,23.61,0,0,0.0006176573157313602
44,1,13,4,2,5,40.782000350952146,55.0,23.97,1,1,0.9019594870305403
65,0,4,1,1,1,6.940000057220459,6.94,6.94,0,0,2.5029540387088356e-05
61,1,11,4,3,3,49.26249969005585,69.95,7.11,1,0,0.4682770904910674
63,0,12,4,2,3,54.666666666666664,88.0,36.0,0,1,0.5225681284317326
23,1,4,4,1,2,40.71999994913737,49.99,25.0,0,0,0.0024411197769957883
57,1,3,4,2,2,110.32333056131999,259.99,28.99,1,1,0.9998384821223195
41,0,4,2,1,2,40.89000082015991,69.9,11.88,0,0,0.00922652767476199
39,0,3,4,1,1,44.9900016784668,44.99,44.99,0,0,0.00024198677096003631
37,1,4,4,1,2,59.96999931335449,75.0,44.94,0,0,0.11225380325765397
69,0,13,4,2,2,65.96999931335449,89.99,41.95,0,0,0.2503683495646749
38,0,4,4,1,1,155.0,155.0,155.0,0,0,0.004564671851348431
42,0,4,4,1,1,38.0,38.0,38.0,0,0,2.3287844823670516e-05
53,1,13,4,2,4,41.22500038146973,52.0,25.0,0,0,0.3960010590598681
26,1,10,4,1,1,55.0,55.0,55.0,0,0,0.0002209445623401007
12,0,4,1,1,2,46.484999656677246,68.0,24.97,0,0,0.03243179323945314
40,0,13,4,1,3,103.16666666666667,132.0,88.0,1,1,0.9950562124882816
40,0,3,4,1,1,36.0,36.0,36.0,0,0,2.3287844823670516e-05
41,1,7,3,1,2,222.0,269.0,175.0,1,1,1.0
32,1,10,4,1,1,109.94999694824219,109.95,109.95,0,0,0.008791021326409973
34,0,7,3,1,1,108.0,108.0,108.0,0,0,0.004509726139638064
14,0,0,4,2,3,31.660000483194988,52.0,7.99,0,0,0.008923006438722788
16,0,13,4,3,2,46.64333279927572,69.95,29.99,0,0,0.14293840500075594
34,1,13,3,1,1,51.959999084472656,51.96,51.96,0,0,0.00014058194529878502
67,1,4,3,4,5,84.3939998626709,286.0,8.0,1,1,0.9999080173243758
61,1,3,3,1,2,86.73999786376953,129.95,43.53,1,1,0.9760451656303091
18,1,6,2,1,1,82.45999908447266,82.46,82.46,0,0,0.0021978111532909837
32,0,12,4,1,1,138.0,138.0,138.0,0,0,0.0035300887333973964
21,1,3,4,1,3,65.9966672261556,128.0,30.0,1,1,0.9867260538023745
34,1,7,4,1,1,40.9900016784668,40.99,40.99,0,0,4.866121526357938e-05
32,1,4,4,1,2,22.9950008392334,33.99,12.0,0,0,0.0013369785438060134
54,0,3,4,1,1,158.3300018310547,158.33,158.33,0,0,0.00499428223523799
52,1,4,2,1,1,95.98999786376953,95.99,95.99,0,0,0.0046252148742168715
56,1,4,4,1,2,34.47500038146973,49.0,19.95,0,0,0.0008728427817597167
54,0,0,2,2,2,72.4749984741211,88.95,56.0,0,0,0.1743375947067453
29,1,3,4,1,2,87.97500038146973,139.5,36.45,1,1,0.9823674120601124
65,1,3,4,1,1,45.0,45.0,45.0,0,0,0.000516718616880513
43,0,12,4,1,1,25.0,25.0,25.0,0,0,6.694716627403562e-05
49,1,3,4,1,2,57.81500053405762,63.0,52.63,0,0,0.048452741892692754
35,1,6,4,1,2,163.99499988555908,298.0,29.99,1,1,0.9999337752828771
61,0,13,4,1,3,37.813334465026855,62.99,14.46,0,0,0.058121998994808514
23,0,12,4,2,2,57.255001068115234,79.51,35.0,0,0,0.10097805103319776
28,1,6,2,2,3,39.246665954589844,69.99,11.25,0,0,0.11904883071468135
47,1,3,3,3,5,83.77999954223633,135.0,53.95,1,1,0.9998869222268796
18,1,4,4,1,1,23.979999542236328,23.98,23.98,0,0,3.2664699712926596e-06
14,0,6,4,3,4,49.48750066757202,79.0,24.99,1,1,0.9758320043967305
16,0,4,4,4,7,53.61857196262905,149.0,22.95,1,1,0.9996834533254192
12,1,4,3,1,2,109.97000122070312,139.99,79.95,1,1,0.9939107109250283
22,1,12,4,2,2,12.974999904632568,13.95,12.0,0,0,0.0013301743612985837
61,1,13,4,1,1,19.950000762939453,19.95,19.95,0,0,0.00017787038495488934
33,1,4,4,1,1,26.969999313354492,26.97,26.97,0,0,8.38068749601134e-06
61,1,4,4,1,1,36.43000030517578,36.43,36.43,0,0,5.740577701077884e-05
38,0,7,4,2,6,36.93166637420654,105.56,9.99,1,1,0.9291977530589857
61,1,6,4,4,4,56.83999938964844,123.99,14.24,1,1,0.9996826251098028
19,1,4,4,4,5,33.9620002746582,57.95,20.0,0,1,0.7906112221927658
59,0,3,3,2,2,100.0,150.0,50.0,1,1,0.9980729529813762
34,1,6,4,1,1,33.0,33.0,33.0,0,0,2.6115158370912287e-05
43,1,11,1,2,3,35.33000055948893,44.99,25.0,0,0,0.021879328257819873
43,0,3,4,2,2,25.445000171661377,39.95,10.94,0,0,0.00039718953943343634
61,1,6,3,1,1,119.98999786376953,119.99,119.99,0,0,0.007600583228980059
27,0,11,4,1,1,69.44999694824219,69.45,69.45,0,0,0.00039065656622983225
47,1,11,3,1,1,139.0,139.0,139.0,0,0,0.004344584216756886
69,0,4,4,2,4,48.80200042724609,77.07,27.0,1,1,0.9265224056228472
47,1,12,4,2,4,72.02399978637695,158.0,25.0,1,1,0.9983901480238537
38,0,6,4,2,2,12.635000109672546,23.76,1.51,0,0,0.000978804208579427
52,0,13,4,1,1,77.0,77.0,77.0,0,0,0.0012990249477401324
13,0,4,3,1,2,106.57999992370605,258.75,22.99,1,1,0.9923972803522682
62,1,11,4,2,3,40.89666748046875,55.0,31.95,0,0,0.06368290310363484
28,0,6,4,1,1,13.550000190734863,13.55,13.55,0,0,1.968289985955307e-05
23,0,4,2,1,3,66.18333307902019,139.0,27.65,1,1,0.9860557359155695
50,1,3,4,1,1,176.0,176.0,176.0,1,1,1.0
45,1,13,2,1,1,21.989999771118164,21.99,21.99,0,0,4.5584755920151746e-05
12,0,4,4,2,2,135.98999500274658,259.99,11.99,1,1,0.9962444481203563
37,1,13,2,1,2,46.2450008392334,49.5,42.99,0,0,0.0057131706713015006
66,1,13,0,1,4,127.9399995803833,379.0,22.5,1,1,0.999959523560063
46,1,4,4,1,1,39.83000183105469,39.83,39.83,0,0,0.0002903481067648814
22,1,6,4,3,3,40.06000018119812,69.99,3.29,0,0,0.17539393076995957
51,0,4,4,3,4,54.5862500667572,114.75,19.99,1,1,0.9913150952040735
21,1,4,4,1,2,82.95999717712402,129.93,35.99,0,0,0.23296095926254373
24,1,13,4,1,1,45.0,45.0,45.0,0,0,0.00019988295056309603
21,0,13,4,1,1,30.0,30.0,30.0,0,0,1.7207848250878683e-05
28,0,13,2,1,1,25.0,25.0,25.0,0,0,5.3890425515197304e-05
26,0,4,4,1,1,11.989999771118164,11.99,11.99,0,0,1.968289985955307e-05
69,0,8,4,1,2,76.47500038146973,120.0,32.95,0,0,0.21693627207421756
61,1,10,0,1,2,47.75,59.5,36.0,0,0,0.017689374254000977
48,1,3,3,1,1,129.0,129.0,129.0,0,0,0.004361723335839957
47,1,4,4,1,1,48.0,48.0,48.0,0,0,0.00024649631788947377
59,0,13,2,1,1,42.9900016784668,42.99,42.99,0,0,8.674085781006164e-05
43,0,13,4,1,3,50.27666664123535,89.5,23.33,0,1,0.6275181468269398
64,0,8,4,1,2,35.05999994277954,59.0,11.12,0,0,0.0016449637895694451
50,0,4,4,1,1,36.0,36.0,36.0,0,0,2.3287844823670516e-05
44,0,4,0,2,2,49.625,75.0,24.25,0,0,0.05468523892812302
42,1,7,3,1,1,175.0,175.0,175.0,1,1,1.0
42,1,13,3,1,1,33.880001068115234,33.88,33.88,0,0,4.638542864118251e-05
58,1,13,4,1,1,37.9900016784668,37.99,37.99,0,0,5.616286408013709e-05
41,1,2,3,2,2,57.4950008392334,65.0,49.99,0,0,0.08285511575285302
36,1,10,4,2,4,32.605000019073486,44.0,14.99,0,0,0.1023817076075848
44,1,12,4,1,4,26.94000083208084,44.99,2.78,0,0,0.04977205033355223
19,0,4,4,2,2,75.5,89.0,62.0,0,0,0.114867835100043
36,0,13,1,1,1,20.200000762939453,20.2,20.2,0,0,1.968289985955307e-05
33,1,3,4,1,1,53.95000076293945,53.95,53.95,0,0,0.0004218595201865064
49,1,13,4,2,2,39.5,54.0,25.0,0,0,0.004016816474515175
55,0,4,4,1,1,88.0,88.0,88.0,0,0,0.0031574849367157383
23,0,13,4,2,5,79.96285734857831,239.95,1.51,1,1,0.981337782320043
62,1,7,4,1,1,89.5,89.5,89.5,0,0,0.008414394219363613
51,0,0,4,2,3,128.15666707356772,239.72,46.0,1,1,0.9999582236842106
29,0,6,4,1,1,62.0,62.0,62.0,0,0,0.0003425023415452425
23,1,4,4,2,2,38.31000073750814,54.95,19.99,0,0,0.0036881166061454914
24,1,10,4,1,1,36.0,36.0,36.0,0,0,6.701403613210124e-05
15,1,3,4,1,2,51.30000019073486,72.61,29.99,0,0,0.031434518912849
35,0,8,4,1,1,25.0,25.0,25.0,0,0,6.160052574650034e-05
52,0,3,2,1,2,18.494999885559082,22.99,14.0,0,0,0.001134794405118934
25,1,3,0,1,1,94.5,94.5,94.5,0,0,0.002734887883046484
32,1,7,4,4,3,52.294000244140626,119.99,28.5,1,1,0.8317027696293168
45,0,7,4,3,2,84.66666666666667,128.0,26.0,1,1,0.8477575103768114
23,0,3,4,1,2,37.0,40.0,34.0,0,0,0.0006373573863345727
31,0,3,4,2,4,58.3,210.0,6.92,1,1,0.9987686829684693
68,0,13,4,2,2,31.9950008392334,39.99,24.0,0,0,0.0012582411318565554
35,1,12,0,2,2,51.96500015258789,83.93,20.0,0,0,0.04528938382753339
62,0,7,4,1,1,18.0,18.0,18.0,0,0,2.5029540387088356e-05
49,0,3,4,1,1,7.989999771118164,7.99,7.99,0,0,2.5029540387088356e-05
48,1,4,4,2,5,88.9319995880127,215.0,19.99,1,1,0.9999847018706748
24,1,4,4,1,1,110.0,110.0,110.0,0,0,0.008144273176384519
23,1,4,4,1,2,22.494999885559082,25.0,19.99,0,0,0.00034910152060225926
27,1,7,4,1,2,48.25,79.5,17.0,0,0,0.04120597549136061
69,1,10,1,1,1,42.15999984741211,42.16,42.16,0,0,2.4335676915812405e-05
36,0,4,4,2,2,102.32999992370605,198.0,29.99,1,1,0.9991620755225267
53,0,4,3,4,4,53.477500438690186,131.94,21.0,1,1,0.9981925815215977
16,0,13,4,1,1,29.0,29.0,29.0,0,0,2.584686123206186e-05
27,1,3,4,1,1,260.0,260.0,260.0,1,1,1.0
67,1,13,4,1,2,169.74499893188477,227.5,111.99,1,1,0.9948919333771756
32,0,3,4,1,1,13.989999771118164,13.99,13.99,0,0,1.968289985955307e-05
31,0,4,4,3,4,61.49499988555908,89.99,48.0,1,1,0.9985090164856609
50,1,3,3,2,2,26.4950008392334,44.99,8.0,0,0,0.004479604419062427
40,1,4,4,3,3,36.63000043233236,59.99,24.9,0,0,0.17433429894611183
13,1,8,4,1,1,3.5999999046325684,3.6,3.6,0,0,2.0709650697224966e-06
59,0,3,4,1,1,29.989999771118164,29.99,29.99,0,0,2.041620703291727e-05
42,1,10,4,1,2,30.289999961853027,36.59,23.99,0,0,0.0006662974536740707
51,0,13,3,1,1,29.989999771118164,29.99,29.99,0,0,7.359466274078951e-06
26,1,6,4,1,2,106.98500061035156,180.0,33.97,1,1,0.9984680254734818
59,0,3,4,1,1,18.969999313354492,18.97,18.97,0,0,2.5029540387088356e-05
17,0,4,3,1,1,13.989999771118164,13.99,13.99,0,0,1.968289985955307e-05
46,1,4,4,1,1,39.97999954223633,39.98,39.98,0,0,0.0002903481067648814
64,1,13,0,3,6,56.13999938964844,79.99,22.0,1,1,0.9779973827406073
61,0,13,4,2,2,23.485000133514404,32.0,14.97,0,0,0.000857342356752065
33,1,4,3,1,1,16.420000076293945,16.42,16.42,0,0,8.38068749601134e-06
55,0,3,4,1,1,75.0,75.0,75.0,0,0,0.0005555813099550864
38,0,13,4,2,4,71.65799827575684,199.95,11.33,1,1,0.9935042106061096
57,1,3,4,1,2,15.694999694824219,16.99,14.4,0,0,0.0016010621991487512
53,0,3,4,1,1,24.989999771118164,24.99,24.99,0,0,3.273964061839139e-05
31,0,4,4,3,5,26.211666425069172,65.0,12.99,0,0,0.25668739611360936
64,0,4,4,1,2,30.99000072479248,49.99,11.99,0,0,0.0014115634597633236
21,0,3,4,2,2,83.97499990463257,158.0,9.95,0,0,0.43320942528308315
44,0,12,4,1,1,75.0,75.0,75.0,0,0,0.0013012899329136463
32,0,13,4,1,1,8.600000381469727,8.6,8.6,0,0,1.968289985955307e-05
63,1,4,4,1,1,99.94999694824219,99.95,99.95,0,0,0.006271608817279789
66,0,10,4,2,5,42.895999908447266,107.0,4.99,1,1,0.9447550397571317
21,1,2,4,1,1,44.9900016784668,44.99,44.99,0,0,0.000241724235527923
26,1,13,4,1,1,18.0,18.0,18.0,0,0,2.6355233439738017e-05
54,1,10,4,2,3,46.49333381652832,68.0,21.49,0,0,0.4838964466013211
33,1,3,4,1,1,54.0,54.0,54.0,0,0,0.0004218595201865064
38,1,4,0,1,1,74.0,74.0,74.0,0,0,0.0004051129392511413
61,1,13,4,1,1,29.989999771118164,29.99,29.99,0,0,0.00017579941988516684
54,1,12,3,3,3,140.5,233.0,69.5,1,1,0.9997263553094047
34,1,4,4,2,2,29.625000953674316,37.13,22.12,0,0,0.0004043276301158117
18,0,4,4,1,1,46.0,46.0,46.0,0,0,0.0004184849321933983
13,0,4,3,2,2,237.4000015258789,395.0,79.8,1,1,0.9999950738916256
65,1,7,4,1,1,19.959999084472656,19.96,19.96,0,0,0.00017096285125990676
39,1,13,4,1,1,17.799999237060547,17.8,17.8,0,0,4.840324911832688e-05
43,0,3,4,1,1,88.0,88.0,88.0,0,0,0.0069179341843003265
19,0,11,4,2,2,34.49000072479248,38.99,29.99,0,0,0.0018195596931257039
34,1,13,4,1,1,16.950000762939453,16.95,16.95,0,0,4.840324911832688e-05
21,1,4,4,2,2,72.9850025177002,92.98,52.99,0,0,0.19417911221985862
54,0,13,4,1,1,24.989999771118164,24.99,24.99,0,0,1.968289985955307e-05
24,1,4,0,1,2,28.25,32.0,24.5,0,0,0.0002474715929580935
61,1,13,3,4,5,41.42499987284342,98.0,8.99,1,1,0.9899203901131682
27,0,4,4,1,1,58.0,58.0,58.0,0,0,0.000575989928194586
36,1,4,4,1,1,25.0,25.0,25.0,0,0,8.38068749601134e-06
29,1,13,3,2,2,45.74499988555908,69.5,21.99,0,0,0.02939495973628611
30,1,13,4,2,2,102.0,180.0,24.0,1,1,0.998635051727022
12,1,4,4,1,1,16.0,16.0,16.0,0,0,2.0709650697224966e-06
20,1,13,4,1,1,54.9900016784668,54.99,54.99,0,0,0.00023480710837795067
38,1,11,4,1,1,91.83000183105469,91.83,91.83,0,0,0.003917740079486723
58,1,3,4,2,3,35.16333325703939,49.5,25.99,0,0,0.05041562016407898
42,1,11,4,1,1,49.5,49.5,49.5,0,0,0.0001065680753036328
61,0,13,0,1,2,36.90500068664551,52.81,21.0,0,0,0.0018857417227674733
23,0,3,3,1,2,116.47500038146973,188.0,44.95,1,1,0.9968998019489342
13,1,3,3,1,1,37.130001068115234,37.13,37.13,0,0,6.580072928526404e-05
39,1,12,4,2,2,34.99000072479248,49.99,19.99,0,0,0.003960547649905276
32,1,4,0,2,2,164.4749984741211,223.95,105.0,1,1,1.0
51,0,13,4,2,2,27.244999885559082,39.5,14.99,0,0,0.0008926578907326475
46,1,10,3,1,2,54.7450008392334,69.5,39.99,0,0,0.030288030841143062
67,1,6,4,1,1,85.5,85.5,85.5,0,0,0.006313733208117765
19,0,13,3,3,3,58.46999931335449,125.0,8.98,1,1,0.979824204548784
35,1,4,4,4,5,54.43000030517578,100.01,11.0,1,1,0.9956446996347953
70,0,4,4,2,2,23.619999885559082,33.25,13.99,0,0,0.0009181900204726943
70,0,7,4,1,1,19.979999542236328,19.98,19.98,0,0,1.968289985955307e-05
18,1,7,2,2,5,41.59166693687439,68.0,7.56,1,1,0.9260641106698065
28,0,4,3,1,3,48.62249994277954,90.0,17.99,1,1,0.6196798735233728
19,0,3,4,2,2,26.78499984741211,29.58,23.99,0,0,0.0012663255544568702
35,0,13,4,1,2,62.545000076293945,89.0,36.09,0,0,0.15017103070410873
27,0,4,3,1,1,41.9900016784668,41.99,41.99,0,0,1.7941204296135235e-05
29,0,4,4,1,1,18.700000762939453,18.7,18.7,0,0,1.968289985955307e-05
47,0,13,4,2,2,58.5,89.0,28.0,0,0,0.20211136822432896
33,0,4,4,1,1,39.95000076293945,39.95,39.95,0,0,3.352831894802289e-05
43,0,4,3,1,1,10.869999885559082,10.87,10.87,0,0,2.5029540387088356e-05
34,1,12,4,1,1,35.0,35.0,35.0,0,0,6.676556487497738e-05
13,1,7,4,1,1,42.0,42.0,42.0,0,0,0.00043840200860296123
44,1,7,4,1,1,139.99000549316406,139.99,139.99,0,0,0.0029246258044448026
48,1,4,4,3,3,37.55000042915344,56.0,12.71,0,0,0.10388484358655474
60,1,4,4,1,1,28.0,28.0,28.0,0,0,8.38068749601134e-06
23,1,11,4,2,3,32.75500011444092,70.0,17.99,0,0,0.0638477705549916
63,1,3,4,2,4,48.03166675567627,148.0,20.27,1,1,0.9884951076900039
47,0,10,4,1,1,51.400001525878906,51.4,51.4,0,0,0.0002524754279888965
17,0,4,4,2,2,37.3700008392334,39.99,34.75,0,0,0.0023698610865557487
51,1,4,4,2,3,114.66666666666667,225.0,44.0,1,1,0.9999101082740425
16,0,13,4,1,1,36.0,36.0,36.0,0,0,1.7207848250878683e-05
69,0,4,1,1,4,57.20750045776367,129.0,9.84,1,1,0.9617160729285367
15,0,13,4,1,2,47.974998474121094,69.95,26.0,0,0,0.04157421434878457
48,0,3,4,3,5,52.38400001525879,179.0,9.99,1,1,0.9978234524482145
21,0,0,4,2,2,17.880000114440918,24.78,10.98,0,0,0.00038254818675677186
16,0,7,1,1,1,25.0,25.0,25.0,0,0,6.160052574650034e-05
55,1,4,4,1,4,77.24499988555908,154.0,39.99,1,1,0.997047990411517
54,1,13,4,1,1,38.0,38.0,38.0,0,0,5.616286408013709e-05
36,0,6,4,1,1,9.989999771118164,9.99,9.99,0,0,1.968289985955307e-05
57,0,4,2,1,1,46.0,56.0,36.0,0,0,0.008956919781198757
52,1,4,3,1,1,19.520000457763672,19.52,19.52,0,0,8.38068749601134e-06
36,0,4,0,1,2,112.75,196.0,29.5,1,1,0.9946302358472533
17,1,4,4,1,1,328.0,328.0,328.0,1,1,1.0
30,0,13,4,1,2,37.24499988555908,49.5,24.99,0,0,0.0008637680600050731
60,1,4,1,1,1,53.0,53.0,53.0,0,0,0.00010580641460766397
45,1,12,4,1,1,22.0,22.0,22.0,0,0,6.596489215394662e-05
21,1,3,4,1,1,21.639999389648438,21.64,21.64,0,0,3.2664699712926596e-06
16,0,0,0,1,1,65.0,65.0,65.0,0,0,0.005285772292726102
69,1,13,4,2,3,116.82666778564453,198.0,52.5,1,1,0.999879078904289
25,1,10,4,1,2,18.994999885559082,25.0,12.99,0,0,0.0011421733490008183
65,1,4,4,2,4,29.640000343322754,49.0,10.99,0,0,0.08039883522803218
51,1,4,4,2,2,33.73500061035156,41.99,25.48,0,0,0.0007724555420468139
29,0,4,4,1,1,215.8000030517578,215.8,215.8,1,1,1.0
69,1,13,4,1,3,84.15999984741211,119.99,42.99,1,1,0.972329583900597
58,0,8,1,2,2,17.860000610351562,22.45,13.27,0,0,0.0005193341510901512
62,0,3,4,1,1,75.31999969482422,75.32,75.32,0,0,0.000578909459255242
67,1,7,4,2,2,52.813332875569664,97.99,28.0,0,0,0.20474990994053466
23,0,12,4,2,3,110.66666666666667,148.0,54.0,1,1,0.9996404077498198
12,1,13,4,2,5,48.688001251220705,82.3,17.95,1,1,0.9615216320441344
44,1,4,4,1,1,56.0,56.0,56.0,0,0,0.00040155107319539424
54,0,4,4,2,3,33.93333371480306,36.95,29.9,0,0,0.005366687027349882
36,0,13,4,1,4,39.49749994277954,58.0,16.99,0,0,0.06986554256535149
15,1,3,4,1,1,25.0,25.0,25.0,0,0,3.2664699712926596e-06
39,0,10,4,1,1,10.75,10.75,10.75,0,0,1.968289985955307e-05
48,1,4,2,2,3,35.7966677347819,49.99,21.0,0,0,0.053621472953465324
15,0,3,4,1,1,107.0,107.0,107.0,0,0,0.00665196701822818
50,1,3,4,2,2,177.66666666666666,275.0,98.0,1,1,1.0
25,0,4,4,3,7,67.62624979019165,129.0,25.0,1,1,0.9993818889994354
70,1,4,4,2,2,48.739999771118164,54.5,42.98,0,0,0.025585768084242025
43,1,4,4,1,2,25.5,26.0,25.0,0,0,0.000475762474917463
61,1,13,4,3,3,28.329999923706055,39.5,19.99,0,0,0.015285480708629172
12,1,8,4,1,4,38.110000014305115,71.0,3.6,0,0,0.09665280546000952
21,1,13,2,2,2,143.47500038146973,265.0,21.95,1,1,0.9923726134889976
32,1,4,4,1,1,47.95000076293945,47.95,47.95,0,0,0.00023171799276632102
49,1,11,4,2,3,32.125,59.5,18.0,0,0,0.033071691320445185
59,1,3,4,2,2,112.25,149.5,75.0,1,1,0.9994443043775925
35,1,4,4,2,2,82.9749984741211,109.99,55.96,0,0,0.19948532567601568
61,0,7,2,2,2,109.97000122070312,131.94,88.0,1,1,0.9941417253930338
67,0,13,4,1,1,99.0,99.0,99.0,0,0,0.010083163444492782
48,1,4,4,1,1,44.9900016784668,44.99,44.99,0,0,0.0003025547348485321
52,1,4,4,3,4,33.44599952697754,62.69,12.83,0,0,0.38705175368123895
18,0,4,3,1,1,52.540000915527344,52.54,52.54,0,0,0.00017021153943167652
47,0,13,4,2,2,81.9966672261556,139.0,46.99,1,0,0.4656718267847049
54,0,7,4,1,2,23.335000038146973,26.68,19.99,0,0,0.0013192750491784339
18,0,7,4,2,5,65.05,168.0,20.9,1,1,0.9995788540488567
64,1,4,4,1,2,32.4950008392334,39.99,25.0,0,0,0.00045833948744186594
16,1,0,4,1,1,142.89999389648438,142.9,142.9,0,0,0.005310347825390534
44,1,3,4,1,1,30.0,30.0,30.0,0,0,9.181360217042095e-06
47,0,4,4,2,2,8.674999713897705,8.74,8.61,0,0,0.00048240026276805554
23,1,4,1,1,1,25.0,25.0,25.0,0,0,3.2664699712926596e-06
55,0,4,4,3,3,20.011666774749756,33.97,10.99,0,0,0.002612341679022792
16,0,4,4,2,2,106.49000358581543,179.99,32.99,1,1,0.99797499188165
20,1,4,4,2,2,194.25,321.0,67.5,1,1,0.9996437346437347
70,1,2,4,1,1,148.0,148.0,148.0,0,0,0.004076948304076424
19,0,4,4,3,5,33.069999885559085,44.95,14.81,0,1,0.5156280406886964
30,1,4,4,3,6,78.73166561126709,184.95,12.0,1,1,0.9999536623883567
39,0,3,4,1,1,10.989999771118164,10.99,10.99,0,0,1.968289985955307e-05
13,0,4,3,1,2,79.0,110.0,48.0,0,0,0.12686493938091728
51,1,13,4,2,4,49.48399963378906,80.0,23.0,1,1,0.9609032408804202
42,0,3,4,1,2,104.2475004196167,168.0,35.99,1,1,0.9950637140729022
53,1,4,4,1,1,164.1199951171875,164.12,164.12,0,0,0.0055191148705319715
13,1,2,4,1,2,30.244999885559082,31.99,28.5,0,0,0.0008932191545859405
53,0,4,3,1,1,72.0,72.0,72.0,0,0,0.00040378413354246406
25,0,3,4,2,2,37.484999656677246,55.0,19.97,0,0,0.005758164284198306
15,0,10,4,1,1,19.989999771118164,19.99,19.99,0,0,1.968289985955307e-05
12,1,3,4,1,2,57.75,59.5,56.0,0,0,0.030657582158997766
39,1,4,4,2,3,43.386000061035155,69.99,17.95,1,0,0.4700637828743982
70,0,4,4,1,4,75.49249982833862,159.0,22.97,1,1,0.9959674598345899
30,0,7,4,1,1,24.989999771118164,24.99,24.99,0,0,6.160052574650034e-05
24,1,13,4,2,2,51.69499969482422,56.39,47.0,0,0,0.010805684374367413
66,0,7,4,3,3,67.24500036239624,145.0,14.99,1,1,0.9985226037604283
31,0,4,4,1,1,26.989999771118164,26.99,26.99,0,0,6.160052574650034e-05
61,1,0,4,2,3,39.31666564941406,84.95,8.0,0,0,0.2551323031290043
19,1,4,4,1,1,16.0,16.0,16.0,0,0,8.769423732588935e-05
26,0,13,3,1,1,25.0,25.0,25.0,0,0,5.3890425515197304e-05
54,0,13,1,2,3,73.1866668065389,180.0,9.61,1,1,0.9982958262778382
43,1,13,4,1,1,214.0,214.0,214.0,1,1,1.0
67,0,13,4,1,1,32.0,32.0,32.0,0,0,1.02311040648322e-05
42,1,13,4,1,1,54.45000076293945,54.45,54.45,0,0,0.00024206834189983365
64,0,4,0,1,1,8.979999542236328,8.98,8.98,0,0,2.5029540387088356e-05
65,1,4,4,4,5,45.198333740234375,69.5,31.5,1,1,0.9815908166795502
45,1,4,1,2,3,234.98800048828124,903.0,37.95,1,1,0.9995107953695339
63,0,4,3,2,2,77.24499893188477,99.99,54.5,0,0,0.20770477633758597
38,1,6,0,1,1,120.0,120.0,120.0,0,0,0.008053090379528392
17,1,4,4,2,2,157.49499893188477,205.0,109.99,1,1,1.0
14,1,3,2,2,4,77.0600004196167,175.0,34.16,1,1,0.9988968396049615
16,0,4,4,2,2,52.469998359680176,89.95,14.99,0,0,0.09920336960962968
59,1,4,4,1,1,34.9900016784668,34.99,34.99,0,0,5.04468347699994e-05
29,0,4,4,1,1,130.0,130.0,130.0,0,0,0.003905182495970052
38,0,13,3,1,1,95.0,95.0,95.0,0,0,0.007330827142731915
30,1,4,4,2,3,48.614999771118164,70.59,24.0,1,0,0.4422933975415658
60,1,4,1,1,1,54.599998474121094,54.6,54.6,0,0,0.0001196824553107167
21,0,12,4,1,4,22.330000162124634,50.0,9.96,0,0,0.005968101516520334
41,0,4,4,2,2,51.5,90.0,13.0,0,0,0.09533180249972578
26,0,12,4,1,2,28.5,42.0,15.0,0,0,0.0007086515558922291
62,0,3,4,1,1,39.0,39.0,39.0,0,0,8.788146867678334e-05
18,1,3,4,4,6,61.606250286102295,152.3,19.95,1,1,0.9999464166023264
38,0,7,4,4,5,30.188000297546388,49.0,8.95,0,1,0.7037580048166856
66,0,4,2,1,1,15.100000381469727,15.1,15.1,0,0,4.835768968724385e-05
55,1,3,2,1,2,43.98500061035156,63.97,24.0,0,0,0.036198347765623015
36,1,4,4,1,2,47.25,69.5,25.0,0,0,0.028321070520873865
40,1,13,4,1,1,154.0,154.0,154.0,0,0,0.0039820789708761
17,0,4,4,1,2,7.46999979019165,9.45,5.49,0,0,0.0007396061048060344
44,1,3,4,1,1,28.989999771118164,28.99,28.99,0,0,8.38068749601134e-06
23,1,4,4,2,2,83.9749984741211,98.0,69.95,0,0,0.19457106377019415
45,1,12,4,1,3,60.77333307266235,148.0,7.85,1,1,0.9848822806297387
39,0,4,4,2,2,79.80499982833862,145.0,14.61,0,0,0.2714581923782603
35,0,3,4,2,3,34.32333326339722,72.0,5.98,0,0,0.10934392046450613
23,1,4,4,1,1,289.989990234375,289.99,289.99,1,1,1.0
67,0,10,4,1,2,24.489999771118164,28.99,19.99,0,0,0.0004998139452166285
27,1,13,4,1,1,39.9900016784668,39.99,39.99,0,0,4.970196305343586e-05
43,0,4,4,2,3,34.65666643778483,65.0,11.99,0,0,0.10480583128383275
57,1,4,4,1,1,42.95000076293945,42.95,42.95,0,0,0.00043137563173998255
69,1,7,3,1,1,417.0,417.0,417.0,1,1,1.0
43,0,4,3,1,1,23.729999542236328,23.73,23.73,0,0,5.923706604273259e-05
53,1,3,4,1,1,109.98999786376953,109.99,109.99,0,0,0.008667775990554495
23,0,13,4,1,1,44.470001220703125,44.47,44.47,0,0,0.00014188575457151022
39,1,11,4,2,5,43.88800048828125,69.5,14.0,1,1,0.9692358439473177
67,1,13,2,1,1,239.0,239.0,239.0,1,1,1.0
33,1,4,4,2,2,53.47999954223633,63.0,43.96,0,0,0.01704537595929895
13,0,12,4,2,4,26.15500044822693,39.99,14.69,0,0,0.011515353692493808
34,1,12,4,1,1,17.0,17.0,17.0,0,0,6.596489215394662e-05
13,0,3,4,3,6,83.32833353678386,148.0,35.0,1,1,0.9999180327868852
29,1,4,3,1,3,27.600000381469727,47.95,9.85,0,0,0.00270897962536112
14,1,4,4,1,2,78.54999923706055,109.5,47.6,0,0,0.11580978184630455
45,1,3,1,1,1,13.989999771118164,13.99,13.99,0,0,3.2664699712926596e-06
12,0,13,3,1,1,79.98999786376953,79.99,79.99,0,0,0.0036450234065657904
19,1,13,0,2,2,54.92500114440918,59.45,50.4,0,0,0.04294017988110589
34,0,13,4,2,2,143.0,250.0,36.0,1,1,0.9999190793743654
13,0,13,4,1,1,11.989999771118164,11.99,11.99,0,0,1.848739495798291e-05
40,1,4,4,1,1,64.58000183105469,64.58,64.58,0,0,0.0004718100241768298
26,0,4,4,2,6,87.99666659037273,398.0,11.0,1,1,0.9999046189511186
47,1,11,4,2,3,41.989999771118164,67.99,20.99,0,0,0.11825668601266835
13,1,6,2,1,1,48.970001220703125,48.97,48.97,0,0,5.5001754626364974e-05
44,0,4,4,1,1,48.0,48.0,48.0,0,0,0.0002546280409487796
40,0,4,2,1,1,56.0,56.0,56.0,0,0,0.00023785850795254686
23,0,4,3,2,3,48.34333324432373,110.0,12.95,0,1,0.6286211608124355
49,0,12,4,3,3,41.6899995803833,69.96,9.11,0,0,0.16933303207849096
39,1,4,3,2,4,80.74749994277954,250.0,14.99,1,1,0.9971943592413675
21,1,8,4,1,1,27.0,27.0,27.0,0,0,3.2664699712926596e-06
40,1,13,3,1,1,89.0,89.0,89.0,0,0,0.004823484796890263
14,0,13,4,1,1,79.5,79.5,79.5,0,0,0.001900814870648332
63,1,13,0,1,1,24.989999771118164,24.99,24.99,0,0,2.3536740241562884e-05
65,0,4,1,1,1,66.0,66.0,66.0,0,0,0.00028920257221164093
60,0,12,4,1,1,6.0,6.0,6.0,0,0,2.5029540387088356e-05
26,0,12,2,2,2,93.99499988555908,165.0,22.99,1,1,0.9971938918514814
30,0,11,4,1,1,27.0,27.0,27.0,0,0,6.160052574650034e-05
69,1,3,3,2,4,70.47249984741211,102.9,25.0,1,1,0.9807719514946132
43,1,13,4,1,1,13.0,13.0,13.0,0,0,4.840324911832688e-05
61,0,13,4,1,1,38.0,38.0,38.0,0,0,1.02311040648322e-05
34,0,13,4,1,1,105.55999755859375,105.56,105.56,0,0,0.009549632348656053
64,0,12,4,1,1,12.989999771118164,12.99,12.99,0,0,2.5029540387088356e-05
48,0,4,3,2,4,60.23499870300293,89.99,23.0,1,1,0.9702797861735694
63,1,11,4,1,1,55.0,55.0,55.0,0,0,0.00018693465693512838
47,1,13,4,3,5,26.910000228881835,39.0,11.0,0,0,0.06941605311624455
61,1,2,4,2,3,69.58666737874348,148.58,24.0,1,1,0.9982225300009204
28,0,3,4,1,1,650.0,650.0,650.0,1,1,1.0
25,1,13,2,1,1,33.9900016784668,33.99,33.99,0,0,0.0008179162035684131
14,1,12,4,2,2,56.97499990463257,98.0,15.95,0,0,0.1933372712299281
47,0,4,4,4,6,82.57500012715657,160.0,6.5,1,1,0.999610957092625
22,0,4,4,1,2,24.984999656677246,29.99,19.98,0,0,0.0006912872913698713
64,0,8,4,2,2,34.99000072479248,49.99,19.99,0,0,0.004995097609038287
42,0,3,1,3,3,88.3000005086263,178.0,31.95,1,1,0.9994750733091681
62,1,13,4,1,1,113.9000015258789,113.9,113.9,0,0,0.0164741432462171
14,1,11,4,3,4,108.38500165939331,250.0,14.99,1,1,0.999771853611436
12,0,10,2,2,3,65.72250032424927,110.0,13.99,1,1,0.9670522954942291
25,0,7,4,1,2,89.02000045776367,145.14,32.9,1,1,0.9825720724721196
12,1,0,4,2,2,39.483333587646484,44.5,34.0,0,0,0.009460793596457488
36,1,13,4,1,1,39.95000076293945,39.95,39.95,0,0,7.174997873202474e-05
28,1,4,4,1,1,90.98999786376953,90.99,90.99,0,0,0.0036129586678987193
45,1,3,4,1,2,49.95000076293945,54.9,45.0,0,0,0.005969287258937493
39,0,10,3,1,1,7.989999771118164,7.99,7.99,0,0,1.968289985955307e-05
18,1,4,2,1,1,83.58000183105469,83.58,83.58,0,0,0.002224516908710578
54,0,6,1,1,1,19.989999771118164,19.99,19.99,0,0,2.5029540387088356e-05
64,1,10,4,2,3,52.02333354949951,119.0,15.7,0,1,0.627072599078471
13,0,3,3,1,1,9.579999923706055,9.58,9.58,0,0,1.848739495798291e-05
30,0,6,4,1,2,45.69999885559082,79.99,11.41,0,0,0.04982278486675626
65,1,11,4,1,1,39.5,39.5,39.5,0,0,0.00017872246622171697
70,1,3,4,1,2,90.97500038146973,158.0,23.95,1,1,0.9994563716149617
44,0,13,4,1,2,36.15000009536743,61.5,10.8,0,0,0.0067222451877110775
60,1,4,4,1,1,29.0,29.0,29.0,0,0,8.38068749601134e-06
60,0,4,4,1,1,24.950000762939453,24.95,24.95,0,0,2.5029540387088356e-05
30,0,13,4,1,1,36.0,36.0,36.0,0,0,1.02311040648322e-05
16,0,3,4,2,2,12.819999694824219,13.65,11.99,0,0,0.00047692316898914627
44,0,10,4,2,2,72.71999931335449,112.46,32.98,0,0,0.24824250719181928
47,1,13,4,2,3,102.43000259399415,149.0,34.18,1,1,0.9998549981990033
70,1,12,4,2,4,45.80999908447266,79.45,20.0,1,1,0.9494530393687729
16,1,4,4,1,1,176.0,176.0,176.0,1,1,1.0
45,1,3,4,1,2,112.0,169.0,55.0,1,1,0.9995658785549416
51,1,13,4,2,2,31.946666081746418,35.96,26.13,0,0,0.0008915009068562165
15,0,3,4,1,1,84.98999786376953,84.99,84.99,0,0,0.0020250644949840603
39,1,4,0,1,1,35.33000183105469,35.33,35.33,0,0,1.1955049015701636e-06
23,1,3,4,1,2,56.584999084472656,63.67,49.5,0,0,0.023966406850862206
46,1,4,3,1,1,25.0,25.0,25.0,0,0,8.38068749601134e-06
61,0,7,4,2,2,38.6850004196167,55.38,21.99,0,0,0.008450097978817067
67,0,3,4,1,2,11.484999656677246,12.98,9.99,0,0,0.00029253071076668996
56,0,10,4,2,2,24.0,24.0,24.0,0,0,0.0012557750958582276
36,0,0,4,1,1,45.0,45.0,45.0,0,0,0.0002289697540473251
31,0,4,4,1,1,99.94999694824219,99.95,99.95,0,0,0.0051100644779301365
20,1,13,4,2,2,27.9350004196167,30.87,25.0,0,0,0.00035002315788328726
14,1,10,2,1,1,338.0,338.0,338.0,1,1,1.0
64,0,12,4,2,4,27.547499656677246,55.62,11.25,0,0,0.06591003019008217
39,1,13,4,1,1,149.9499969482422,149.95,149.95,0,0,0.004021698079389071
13,0,13,2,1,1,18.6299991607666,18.63,18.63,0,0,1.848739495798291e-05
29,0,12,3,2,5,82.59399871826172,181.01,25.0,1,1,0.99816610848533
13,1,13,4,3,6,83.49833329518636,208.0,19.99,1,1,0.9996021151998421
48,0,3,4,1,2,67.4950008392334,79.0,55.99,0,0,0.07013709972210819
53,0,12,4,1,1,33.9900016784668,33.99,33.99,0,0,0.0008127615290341969
41,0,4,4,1,1,9.5600004196167,9.56,9.56,0,0,2.5029540387088356e-05
53,1,4,4,1,1,63.5,85.0,42.0,0,0,0.11297497179329802
25,1,13,3,1,1,67.98999786376953,67.99,67.99,0,0,0.0004745571078458502
38,0,4,4,2,3,56.66333325703939,110.0,13.99,0,1,0.5817361753260293
35,1,10,4,2,3,35.54333241780599,58.03,21.63,0,0,0.04855344259306052
22,1,11,4,3,4,49.67500019073486,87.5,19.21,1,1,0.9901767895900201
49,0,4,4,1,1,42.9900016784668,42.99,42.99,0,0,0.000270636272651866
59,0,6,4,1,4,104.56500101089478,239.91,23.85,1,1,0.9992604964540617
19,0,12,4,2,3,53.0,110.0,14.0,0,1,0.571710748691403
35,1,4,0,2,3,98.7680004119873,165.0,16.22,1,1,0.999595331965157
26,0,4,4,2,2,39.795000076293945,44.99,34.6,0,0,0.002553854669113767
31,0,13,4,1,1,11.779999732971191,11.78,11.78,0,0,1.968289985955307e-05
36,0,3,4,2,4,48.139999866485596,89.0,25.57,1,1,0.9450582553744686
66,0,4,4,1,1,78.0,78.0,78.0,0,0,0.0007537726833318821
20,0,7,4,2,2,34.989999771118164,39.98,30.0,0,0,0.0011592392226083663
63,0,4,3,1,2,80.25,137.0,23.5,0,0,0.2232222009656951
37,1,13,3,2,3,25.136666615804035,32.0,19.41,0,0,0.002589742607469208
67,1,4,3,1,1,134.9199981689453,134.92,134.92,0,0,0.0116304860070437
27,0,4,4,1,2,67.0,110.0,24.0,0,0,0.22427380670794858
23,0,3,4,1,1,22.0,22.0,22.0,0,0,1.968289985955307e-05
56,1,4,4,2,2,55.47999827067057,71.99,25.0,0,0,0.05643965951704391
32,1,4,4,2,3,119.66333389282227,278.0,36.99,1,1,0.9995235790443359
66,0,3,4,2,4,40.45250129699707,78.98,8.85,0,1,0.6448820523160488
42,1,8,4,3,6,50.78285830361502,139.99,15.05,1,1,0.9977120520016919
21,0,4,3,1,1,33.599998474121094,33.6,33.6,0,0,2.4917948482181724e-05
34,1,4,4,1,1,75.80999755859375,75.81,75.81,0,0,0.0004937805453283552
58,0,11,4,4,6,53.791250467300415,144.99,18.99,1,1,0.9993842370559985
63,0,0,4,1,2,41.10499954223633,44.21,38.0,0,0,0.0006441724120519997
55,1,3,4,1,1,26.610000610351562,26.61,26.61,0,0,8.38068749601134e-06
12,0,10,4,2,4,29.5,40.0,25.0,0,0,0.02505884981733727
21,1,3,0,1,1,36.400001525878906,36.4,36.4,0,0,6.412459639608094e-05
38,0,13,4,1,3,99.66666603088379,205.0,10.9,1,1,0.9990859357621826
31,1,0,4,3,2,24.6266663869222,30.0,18.88,0,0,0.0026539447251490277
13,0,12,4,1,1,27.969999313354492,27.97,27.97,0,0,2.6197495189285942e-05
50,0,4,4,3,5,62.478333473205566,158.0,19.95,1,1,0.9999017894451231
37,0,13,4,1,1,69.94999694824219,69.95,69.95,0,0,0.0021246374861104136
42,1,13,4,2,2,47.4900016784668,49.99,44.99,0,0,0.009349636802455345
51,1,4,4,3,3,45.98666572570801,79.95,12.99,0,1,0.5846015916275279
24,0,13,4,1,1,89.5,89.5,89.5,0,0,0.00463936267765495
40,1,13,4,1,1,54.9900016784668,54.99,54.99,0,0,0.0002379443826028865
12,1,4,3,1,2,77.7400016784668,85.98,69.5,0,0,0.11872690674738613
44,1,4,4,1,1,37.720001220703125,37.72,37.72,0,0,1.614030245782154e-05
16,1,4,4,2,5,56.85428605760847,139.99,15.3,1,1,0.9942941629902823
22,1,4,4,2,2,37.42500019073486,49.5,25.35,0,0,0.002550698667749996
12,1,4,4,1,2,113.99500274658203,139.99,88.0,1,1,0.9945318971183106
49,1,6,4,2,2,33.0,42.0,24.0,0,0,0.0007303958650501363
49,0,8,4,1,2,26.44499969482422,44.98,7.91,0,0,0.0021305968298613643
64,0,4,1,4,5,36.16333325703939,68.0,20.0,1,1,0.9417028035492281
44,0,7,4,1,2,19.484999656677246,29.98,8.99,0,0,0.0005643519674538006
52,1,2,3,1,1,69.98999786376953,69.99,69.99,0,0,0.0003008930779802997
69,1,7,3,1,3,87.81333510080974,199.99,13.95,1,1,0.9997750891343686
64,0,13,4,1,1,18.530000686645508,18.53,18.53,0,0,1.968289985955307e-05
31,1,13,3,2,2,46.5,55.0,38.0,0,0,0.01455592008129163
46,0,7,4,1,1,18.200000762939453,18.2,18.2,0,0,2.5029540387088356e-05
25,0,3,4,1,1,25.0,25.0,25.0,0,0,6.160052574650034e-05
39,0,3,4,1,1,64.5,64.5,64.5,0,0,0.0004866443909100104
56,0,13,4,2,3,25.996666590372723,33.0,16.99,0,0,0.004752016934867203
52,1,13,4,1,3,36.983333587646484,59.95,25.0,0,0,0.02870476898808897
67,1,4,4,1,2,36.0,52.0,20.0,0,0,0.001374250610130297
52,1,10,0,2,2,20.375,20.75,20.0,0,0,0.007236233726571162
69,1,6,4,1,2,117.5,175.0,60.0,1,1,0.9994457419754872
33,1,3,4,1,1,29.989999771118164,29.99,29.99,0,0,6.309722426288844e-06
36,0,13,3,2,3,45.05999994277954,130.0,9.57,1,1,0.7780417481074793
59,1,6,3,1,1,17.600000381469727,17.6,17.6,0,0,2.5314485649881535e-05
61,1,13,4,1,1,139.99000549316406,139.99,139.99,0,0,0.007036915443418711
59,1,12,3,1,1,24.0,24.0,24.0,0,0,2.5314485649881535e-05
22,0,8,4,2,3,65.82999992370605,132.0,5.99,1,1,0.9676041890486163
24,1,3,4,1,3,49.22999954223633,58.0,39.5,0,0,0.17766728071538423
64,0,10,4,1,2,36.874998569488525,64.95,8.8,0,0,0.008131954250556225
23,0,4,4,1,1,25.0,25.0,25.0,0,0,6.160052574650034e-05
66,0,4,4,1,1,38.95000076293945,38.95,38.95,0,0,8.788146867678334e-05
69,0,6,4,1,1,160.0,160.0,160.0,0,0,0.004489306625546582
69,0,3,4,3,3,115.48000081380208,260.44,28.0,1,1,0.998201203404696
30,1,12,1,1,1,74.25,74.25,74.25,0,0,0.0006495029263384949
51,1,4,4,2,2,45.99000072479248,61.99,29.99,0,0,0.025664955074119696
35,1,13,2,1,1,96.0,96.0,96.0,0,0,0.007862227986238467
26,0,4,4,1,1,19.5,19.5,19.5,0,0,1.968289985955307e-05
48,0,6,3,1,1,420.0,420.0,420.0,1,1,1.0
60,1,10,2,1,1,49.9900016784668,49.99,49.99,0,0,2.6581072938480476e-05
45,0,10,4,2,2,37.0,64.0,10.0,0,0,0.014916749774035025
37,1,4,4,1,1,17.969999313354492,17.97,17.97,0,0,8.38068749601134e-06
17,0,10,4,1,1,30.0,30.0,30.0,0,0,2.4917948482181724e-05
67,1,4,2,1,4,99.52749991416931,295.0,9.79,1,1,0.9989600013081993
53,1,10,4,2,2,58.974998474121094,69.95,48.0,0,0,0.11881574351402746
67,0,9,4,1,4,37.630000591278076,69.0,8.1,0,0,0.09616518927642957
54,1,4,4,1,1,44.5,44.5,44.5,0,0,0.0006936281860570402
32,1,4,3,1,3,56.326666514078774,70.0,38.98,0,1,0.5458979643508413
51,1,13,4,1,3,48.29333368937174,75.0,25.0,0,1,0.5320509714443393
37,0,6,4,2,2,46.96500015258789,61.95,31.98,0,0,0.01692130644885896
47,0,11,4,1,2,97.46499824523926,149.95,44.98,1,1,0.9933836346453344
24,0,13,2,1,1,13.5,19.0,8.0,0,0,1.968289985955307e-05
14,0,11,2,1,2,18.0,32.0,4.0,0,0,0.0010108680124580537
59,1,4,4,1,1,22.0,22.0,22.0,0,0,8.38068749601134e-06
28,0,3,4,2,2,107.5,169.0,46.0,1,1,0.9989443834567056
33,0,7,4,1,1,159.9499969482422,159.95,159.95,0,0,0.004093013669690335
50,1,4,1,2,2,32.5,45.0,20.0,0,0,0.0015476402218719315
37,0,4,4,2,5,70.60799884796143,176.56,15.28,1,1,0.9996085150154557
54,1,13,1,1,1,82.9000015258789,82.9,82.9,0,0,0.0017052603008243306
30,1,0,4,1,1,137.75,137.75,137.75,0,0,0.0053264902371763035
45,1,4,4,1,2,21.619999885559082,21.99,21.25,0,0,0.0004672407457753162
15,1,4,4,1,1,34.29999923706055,34.3,34.3,0,0,6.701403613210124e-05
28,1,10,3,2,2,68.46999835968018,106.95,29.99,0,0,0.23333891447984098
57,0,4,3,1,2,19.039999961853027,24.09,13.99,0,0,0.00028102627364549285
23,1,4,4,2,2,71.39499855041504,79.95,62.84,0,0,0.09952378950746948
30,1,4,4,4,6,29.43624997138977,59.99,12.9,1,1,0.9027294935307357
57,0,0,1,2,2,27.449999809265137,39.5,15.4,0,0,0.0002767426647303754
48,0,4,2,3,4,50.177999877929686,102.9,18.0,1,1,0.9894619571665467
13,0,3,4,1,3,49.66333325703939,88.0,18.99,0,1,0.6024496950102779
68,1,13,4,1,2,64.66000048319499,120.0,29.99,1,0,0.36036037893498496
61,1,4,4,1,1,198.0,198.0,198.0,1,1,1.0
55,1,4,1,1,1,45.0,45.0,45.0,0,0,0.0001465667336008856
70,0,3,4,1,1,21.989999771118164,21.99,21.99,0,0,1.968289985955307e-05
66,1,0,4,2,3,27.940000534057617,36.99,20.84,0,0,0.018090563780802114
30,0,3,3,3,3,74.99666659037273,165.0,29.99,1,1,0.9991452216356416
62,0,3,4,1,1,9.989999771118164,9.99,9.99,0,0,4.835768968724385e-05
12,1,4,4,2,3,59.993333180745445,79.99,49.99,1,1,0.9533769756358366
55,1,13,4,1,3,73.76666768391927,132.3,29.0,1,1,0.9793490046445741
36,1,10,2,1,1,36.380001068115234,36.38,36.38,0,0,2.324352058015904e-05
28,1,8,4,4,4,59.13749933242798,108.95,25.6,1,1,0.999527496468817
54,1,3,4,1,2,54.25,56.0,52.5,0,0,0.007046863952811493
28,0,12,4,2,2,19.22499990463257,30.0,8.45,0,0,0.0005567693266179244
33,0,12,2,4,4,64.99250221252441,128.99,34.0,1,1,0.998669747761113
13,1,3,4,2,2,35.375,58.0,12.75,0,0,0.01639188452856104
42,1,4,4,1,1,84.94999694824219,84.95,84.95,0,0,0.0019830279411478667
16,1,13,4,2,3,25.123332977294922,34.5,10.99,0,0,0.001326258409767231
42,0,4,4,1,3,124.22250175476074,149.99,69.9,1,1,0.9997307087606768
60,0,13,4,2,3,45.49666666984558,108.0,0.49,0,1,0.6047934270734172
65,0,7,4,2,3,67.5,179.0,7.0,1,1,0.9987748891667044
22,0,3,4,2,2,23.7450008392334,34.99,12.5,0,0,0.0004234688900645174
62,1,13,3,1,2,66.28999996185303,110.0,22.58,0,0,0.2210548398559779
24,1,4,4,1,2,33.49666659037272,60.0,17.99,0,0,0.005127929176367954
18,1,4,4,2,3,139.66666666666666,221.0,40.0,1,1,0.9995381755827109
19,1,3,4,1,1,22.0,22.0,22.0,0,0,8.769423732588935e-05
20,1,4,4,1,1,29.950000762939453,29.95,29.95,0,0,8.172249087616648e-06
55,1,3,4,1,1,5.590000152587891,5.59,5.59,0,0,8.38068749601134e-06
27,0,3,0,2,2,83.98500061035156,99.97,68.0,0,0,0.16662090546528252
63,0,2,3,1,1,89.0,89.0,89.0,0,0,0.0060675895146468815
34,1,4,2,1,1,39.5,39.5,39.5,0,0,1.3268664667068287e-05
60,1,6,4,2,2,25.09000015258789,30.18,20.0,0,0,0.0007658346406655966
68,0,12,4,1,1,119.94999694824219,119.95,119.95,0,0,0.004365100417999056
68,1,4,4,1,1,34.9900016784668,34.99,34.99,0,0,6.66280645434622e-05
55,1,0,4,1,1,21.0,21.0,21.0,0,0,8.38068749601134e-06
62,1,4,4,1,1,250.0,250.0,250.0,1,1,1.0
28,0,4,4,2,2,154.25,300.0,8.5,1,1,0.9984864145429226
57,1,12,4,3,3,40.83000055948893,69.5,9.0,0,0,0.1667326105230625
22,1,4,4,1,1,350.0,350.0,350.0,1,1,1.0
42,1,4,4,2,2,192.4950008392334,325.0,59.99,1,1,0.9996437346437347
44,1,3,0,1,2,74.97500038146973,95.0,54.95,0,0,0.13372777778511083
32,1,7,4,1,1,89.94999694824219,89.95,89.95,0,0,0.0031758697638660897
28,1,13,4,1,3,77.7475004196167,189.0,25.0,1,1,0.9976299035815163
22,1,3,0,1,2,35.920000076293945,46.84,25.0,0,0,0.0004929219781047686
54,0,11,3,2,2,23.489999771118164,26.99,19.99,0,0,0.0010947236000129435
32,1,4,4,1,2,31.75,38.5,25.0,0,0,0.0005755440106171974
24,0,6,3,2,4,36.189999198913576,69.95,11.04,1,1,0.567224130076557
49,0,3,4,2,4,38.594000244140624,64.0,24.99,1,1,0.5416139689402337
30,1,13,4,1,1,9.989999771118164,9.99,9.99,0,0,2.6355233439738017e-05
70,1,4,4,1,2,46.060001373291016,52.13,39.99,0,0,0.013496638221726212
63,1,13,4,1,1,25.0,25.0,25.0,0,0,0.0004663319234164278
12,1,4,4,2,2,27.4350004196167,36.88,17.99,0,0,0.0007315668429822069
64,0,4,4,1,1,120.0,120.0,120.0,0,0,0.006014638378012966
60,0,13,4,3,3,83.09999910990398,158.0,11.35,1,1,0.9961498907233691
33,0,12,2,1,1,6.0,6.0,6.0,0,0,1.968289985955307e-05
25,0,4,4,1,1,25.950000762939453,25.95,25.95,0,0,6.160052574650034e-05
55,1,11,4,1,2,74.74499893188477,99.99,49.5,0,0,0.13528903414718976
36,0,13,4,1,1,39.9900016784668,39.99,39.99,0,0,2.581821871671985e-05
44,0,4,1,1,1,52.130001068115234,52.13,52.13,0,0,0.00019523720029246581
42,0,11,4,1,2,88.92499828338623,164.95,12.9,1,1,0.9883399620772976
20,0,6,1,2,2,17.994999885559082,21.99,14.0,0,0,0.00028921100835333315
46,0,10,0,1,3,57.06666660308838,125.0,12.2,1,1,0.9624554783419283
64,1,4,4,1,1,24.899999618530273,24.9,24.9,0,0,0.00025046553172730504
22,0,3,3,2,4,68.72250032424927,166.5,19.99,1,1,0.999423510316473
35,1,13,4,1,1,59.5,59.5,59.5,0,0,0.00045896227754783594
41,1,4,4,1,1,36.0,36.0,36.0,0,0,9.181360217042095e-06
28,1,13,4,1,2,31.9950008392334,38.99,25.0,0,0,0.00029473397629326074
24,0,10,4,1,1,96.0,96.0,96.0,0,0,0.004015345973677239
51,0,4,3,1,1,25.0,25.0,25.0,0,0,6.694716627403562e-05
49,0,6,4,2,2,139.28333536783853,198.0,89.0,1,1,0.9999487175411171
15,1,4,1,1,2,54.9950008392334,75.0,34.99,0,0,0.04973362972691333
25,1,4,4,1,3,53.276666005452476,109.95,8.0,0,1,0.6345674004269994
47,0,13,4,2,2,28.494999885559082,47.0,9.99,0,0,0.0026605575494840178
18,0,13,3,1,1,43.9900016784668,43.99,43.99,0,0,0.0006401214466799413
48,0,13,4,1,2,128.9749984741211,139.95,118.0,1,1,0.9869953164241914
26,0,4,4,2,2,56.04499912261963,89.1,22.99,0,0,0.10680792275831275
68,0,3,4,1,1,29.989999771118164,29.99,29.99,0,0,1.5069566505381985e-05
48,0,4,4,1,1,89.98999786376953,89.99,89.99,0,0,0.003404020471412559
51,0,12,4,4,4,47.84750032424927,71.0,14.99,1,1,0.9678783018946204
55,1,4,4,1,1,18.0,18.0,18.0,0,0,8.38068749601134e-06
63,0,0,4,2,2,26.489999771118164,34.98,18.0,0,0,0.0011272662398986641
63,0,4,0,1,1,25.0,25.0,25.0,0,0,3.273964061839139e-05
22,1,4,4,1,1,79.0,79.0,79.0,0,0,0.0013498150707400233
58,0,6,4,1,1,32.0,32.0,32.0,0,0,2.3287844823670516e-05
63,1,13,3,3,3,47.59500026702881,56.0,36.38,1,0,0.2455237301085971
36,0,13,4,2,5,32.376000213623044,76.0,6.99,0,0,0.44190889105509223
12,1,6,0,1,1,16.079999923706055,16.08,16.08,0,0,2.0709650697224966e-06
18,1,3,4,1,2,65.5,119.0,12.0,0,0,0.2564319839916881
46,0,13,4,1,1,145.0,145.0,145.0,0,0,0.003285127337306182
48,1,13,0,2,4,116.62249994277954,228.0,20.99,1,1,0.9996529834533407
15,0,2,4,1,1,117.5,117.5,117.5,0,0,0.014388954096710628
43,1,11,4,1,1,35.9900016784668,35.99,35.99,0,0,2.6115158370912287e-05
52,0,4,4,3,3,29.4933344523112,32.99,22.5,0,0,0.026716972897404698
20,1,4,4,4,4,43.55999994277954,69.95,14.99,1,1,0.9613005628071956
52,1,3,4,2,2,57.469998359680176,89.95,24.99,0,0,0.21020754765222416
16,1,3,4,1,1,30.950000762939453,30.95,30.95,0,0,1.1043886878369898e-05
61,0,3,4,2,1,43.8700008392334,48.0,39.74,0,0,0.008969260697006187
48,1,4,4,1,1,278.0,278.0,278.0,1,1,1.0
69,0,2,4,1,3,38.64000002543131,59.93,11.99,0,0,0.0329094592757505
40,0,4,1,1,1,135.99000549316406,135.99,135.99,0,0,0.0032150697514375685
34,1,7,4,1,1,59.56999969482422,59.57,59.57,0,0,0.0004182869339928105
65,0,3,4,2,3,49.83000055948893,83.0,8.5,0,0,0.44944335802445623
47,0,4,4,1,2,76.2450008392334,112.5,39.99,0,0,0.20493122902013375
28,0,6,4,2,2,31.975000381469727,33.0,30.95,0,0,0.000669517830652265
62,1,4,4,1,1,119.9800033569336,119.98,119.98,0,0,0.00937934892754834
48,0,10,4,4,3,36.69499969482422,70.0,22.8,0,0,0.40693274288203
34,0,13,0,1,1,42.0,42.0,42.0,0,0,0.0007216451805597933
61,1,6,2,2,3,35.90000025431315,55.0,12.75,0,0,0.12305224095098571
58,1,7,4,1,1,36.35499954223633,36.75,35.96,0,0,2.6115158370912287e-05
61,1,13,4,1,1,75.0,75.0,75.0,0,0,0.0011057164307896933
56,0,6,3,1,2,62.55500030517578,100.11,25.0,0,0,0.2285897464105046
37,0,13,1,1,1,326.0,326.0,326.0,1,1,1.0
60,0,4,4,1,1,10.800000190734863,10.8,10.8,0,0,2.5029540387088356e-05
44,1,4,4,1,1,22.0,22.0,22.0,0,0,8.38068749601134e-06
54,0,13,4,2,1,47.469998359680176,69.95,24.99,0,0,0.028596754272391885
70,1,11,4,1,1,19.989999771118164,19.99,19.99,0,0,0.00017096285125990676
30,0,11,4,4,5,40.894999980926514,75.0,15.86,1,1,0.9737456200742036
41,0,13,4,3,3,49.3233331044515,95.0,25.99,0,1,0.5956063089240631
32,1,3,4,1,1,32.900001525878906,32.9,32.9,0,0,0.00019887233749751827
46,0,6,4,1,1,69.9000015258789,69.9,69.9,0,0,0.0004976691972676598
30,0,13,4,1,2,20.15666659673055,37.5,6.98,0,0,0.0006274503563104675
64,1,4,4,3,3,35.66999880472819,64.95,18.0,0,0,0.2705143452758124
70,0,0,4,2,3,119.91333389282227,300.0,9.75,1,1,0.9936560061597445
53,1,13,4,1,3,70.31666692097981,129.0,32.0,1,1,0.979042573332198
17,1,4,4,1,1,9.989999771118164,9.99,9.99,0,0,3.2664699712926596e-06
37,0,13,4,1,3,87.41749906539917,239.95,14.99,1,1,0.9990264984698222
34,0,7,4,3,5,52.706000900268556,104.0,27.6,1,1,0.9807483020189341
40,1,13,3,1,2,62.47500038146973,95.0,29.95,0,0,0.19344129015699568
30,1,4,4,3,4,83.9379976272583,299.99,9.0,1,1,0.999319073208932
44,0,11,4,1,1,128.0,128.0,128.0,0,0,0.0039452277462878665
59,0,13,4,1,1,168.0,168.0,168.0,0,0,0.00429913642746114
42,0,4,4,1,2,22.96500015258789,32.95,12.98,0,0,0.0005421585258924315
31,0,11,4,2,2,63.44499969482422,95.0,31.89,0,0,0.20777702678579413
45,0,4,3,1,1,135.99000549316406,135.99,135.99,0,0,0.0033703923079805775
48,0,13,3,1,1,32.900001525878906,32.9,32.9,0,0,1.02311040648322e-05
55,1,4,2,1,1,98.0,98.0,98.0,0,0,0.00580812536859924
57,1,4,4,3,6,49.956666469573975,150.0,11.14,1,1,0.9921083308337573
16,1,12,4,1,1,34.970001220703125,34.97,34.97,0,0,0.0006242133773519005
14,0,13,4,1,1,129.99000549316406,129.99,129.99,0,0,0.00630527697038542
44,0,10,4,1,1,61.49499988555908,96.0,26.99,0,0,0.12741102667800663
64,1,13,4,2,2,45.69500160217285,54.99,36.4,0,0,0.02070975515927452
41,1,6,1,2,5,39.042000198364256,79.5,20.91,1,1,0.9251173427730496
18,1,11,3,1,1,54.5,54.5,54.5,0,0,0.00012792439717677543
43,0,13,0,1,1,32.79999923706055,32.8,32.8,0,0,7.359466274078951e-06
46,0,12,3,1,1,46.939998626708984,46.94,46.94,0,0,9.689745848521213e-05
59,1,3,4,1,1,69.0,69.0,69.0,0,0,0.0004468426164750298
41,1,2,4,1,1,39.5,39.5,39.5,0,0,1.614030245782154e-05
55,0,0,3,1,1,59.5,59.5,59.5,0,0,0.00022572344814394098
40,0,13,4,1,1,7.610000133514404,7.61,7.61,0,0,1.968289985955307e-05
15,0,4,4,1,1,42.0,42.0,42.0,0,0,2.4917948482181724e-05
70,1,6,1,4,6,87.01857130868095,379.0,28.97,1,1,0.9999836794923729
28,1,3,4,1,1,19.950000762939453,19.95,19.95,0,0,3.2664699712926596e-06
18,0,4,4,1,1,58.0,58.0,58.0,0,0,0.000421693049802379
49,0,4,4,1,1,48.0,48.0,48.0,0,0,0.0002694063660719323
25,0,4,3,1,2,33.97333335876465,63.18,12.59,0,0,0.0048967756111458986
55,1,13,4,2,2,56.06500053405762,60.0,52.13,0,0,0.03531594620195154
68,1,13,4,1,1,59.9900016784668,59.99,59.99,0,0,0.0008205311300964822
31,0,13,1,1,1,11.319999694824219,11.32,11.32,0,0,1.968289985955307e-05
12,0,3,4,2,2,105.75,169.5,42.0,1,1,0.9977622259242032
43,0,4,4,1,3,36.51666673024496,76.0,10.56,0,0,0.05875406740770624
54,1,10,4,1,1,14.819999694824219,14.82,14.82,0,0,2.5314485649881535e-05
65,0,3,3,1,1,22.0,22.0,22.0,0,0,4.835768968724385e-05
70,1,13,4,1,1,49.5,49.5,49.5,0,0,0.0002586152758157355
35,0,13,4,1,1,18.969999313354492,18.97,18.97,0,0,1.968289985955307e-05
40,0,3,4,1,1,19.989999771118164,19.99,19.99,0,0,2.5029540387088356e-05
46,0,4,4,1,1,69.0,69.0,69.0,0,0,0.0005970368576109293
41,0,3,2,2,2,56.0,94.5,17.5,0,0,0.10843405996198005
23,1,3,4,3,6,71.40625023841858,144.99,25.0,1,1,0.9998994640328996
39,1,3,4,1,2,37.75,65.0,10.5,0,0,0.010638542434312054
22,1,4,4,1,3,54.166666666666664,108.0,25.0,0,1,0.6695026241960822
61,1,4,4,1,3,70.66666666666667,108.0,25.0,1,1,0.9671661510622463
59,1,13,1,2,2,68.96999931335449,87.95,49.99,0,0,0.2443366667846626
23,1,4,4,3,5,74.79400100708008,200.0,22.0,1,1,0.9999956178790534
54,0,11,4,1,1,25.93000030517578,25.93,25.93,0,0,3.273964061839139e-05
60,0,3,4,1,1,22.809999465942383,22.81,22.81,0,0,2.5029540387088356e-05
51,0,7,4,1,1,89.0,89.0,89.0,0,0,0.0035715780004125157
48,0,13,0,1,1,215.0,215.0,215.0,1,1,1.0
70,1,10,2,2,2,104.66333516438802,149.99,34.5,1,1,0.9992336965725692
62,0,10,4,2,4,24.2600004196167,43.99,11.37,0,0,0.018461096030090062
32,0,11,4,2,3,83.16666666666667,132.0,25.0,1,1,0.9873482740036773
69,1,4,4,1,1,17.989999771118164,17.99,17.99,0,0,8.38068749601134e-06
65,1,13,3,1,1,49.5,49.5,49.5,0,0,5.852007344408984e-05
51,1,7,4,3,6,91.92666689554851,217.99,21.38,1,1,0.9999467414941935
27,1,4,4,2,2,66.23250007629395,89.99,36.95,1,0,0.25775616468564183
33,0,4,4,1,2,37.079999923706055,64.5,9.66,0,0,0.003470765310061632
44,1,4,0,1,1,89.0,89.0,89.0,0,0,0.003046237357593882
42,1,4,4,4,7,56.81999996730259,169.0,20.0,1,1,0.9999968982630273
29,1,6,3,2,2,5.519999980926514,7.0,4.04,0,0,0.0012440232547119778
69,0,7,3,1,1,81.2300033569336,81.23,81.23,0,0,0.0009256040933257197
61,0,10,3,1,2,25.4950008392334,41.99,9.0,0,0,0.0002881148601401945
33,0,3,4,1,4,30.982500076293945,52.0,16.95,0,0,0.0054060329545666365
41,0,13,4,1,1,7.989999771118164,7.99,7.99,0,0,1.968289985955307e-05
31,0,4,3,1,2,83.5,99.0,68.0,0,0,0.1254945802824695
13,1,4,4,1,1,34.0,34.0,34.0,0,0,2.87163779075325e-06
59,1,13,3,2,2,84.49000263214111,139.99,28.99,0,0,0.3468010336605494
53,1,4,4,4,4,81.4975004196167,190.0,45.0,1,1,0.9999880431329145
60,0,4,0,1,1,378.0,378.0,378.0,1,1,1.0
16,0,4,4,1,1,11.489999771118164,11.49,11.49,0,0,1.968289985955307e-05
62,1,4,4,1,1,16.989999771118164,16.99,16.99,0,0,0.00023428430195384227
67,0,10,4,1,1,7.989999771118164,7.99,7.99,0,0,2.5029540387088356e-05
45,0,10,4,1,1,27.989999771118164,27.99,27.99,0,0,3.273964061839139e-05
65,0,4,3,1,1,42.9900016784668,42.99,42.99,0,0,0.00021233705185588444
55,1,13,4,2,2,59.49499988555908,89.0,29.99,0,0,0.27647668158518884
67,1,13,3,1,2,66.9950008392334,99.0,34.99,0,0,0.1790737343421407
54,1,3,4,1,1,18.350000381469727,18.35,18.35,0,0,8.38068749601134e-06
34,1,4,4,1,1,25.0,25.0,25.0,0,0,8.38068749601134e-06
37,0,4,4,3,5,23.434000396728514,43.2,10.0,0,0,0.02872199639202755
62,0,0,3,2,3,26.656666437784832,34.98,19.99,0,0,0.0038999577157291065
12,1,2,0,1,2,18.994999885559082,24.0,13.99,0,0,0.0005213815137521779
40,1,13,0,1,1,40.0,40.0,40.0,0,0,2.8424717412619834e-05
20,0,11,2,2,2,73.20000076293945,114.4,32.0,0,0,0.19001851174444068
61,1,13,4,1,2,58.579999923706055,61.78,55.38,0,0,0.04572583757908923
34,1,12,0,1,1,65.0,65.0,65.0,0,0,0.0006406880562847596
39,0,13,4,1,2,23.889999866485596,34.98,12.8,0,0,0.0005307947460372582
61,0,11,4,2,3,48.98999913533529,101.99,14.99,0,1,0.571753970028634
69,1,13,4,1,2,42.2549991607666,42.71,41.8,0,0,0.004903086473644047
17,0,13,1,4,4,45.730000257492065,89.0,6.95,1,1,0.987050680786769
50,1,4,4,1,1,94.98999786376953,94.99,94.99,0,0,0.004010849628993389
23,1,13,1,1,3,52.04333368937174,69.0,32.63,0,0,0.4387894267865821
33,0,13,1,1,1,100.0,100.0,100.0,0,0,0.008124113558042425
25,0,6,3,1,1,118.75,118.75,118.75,0,0,0.006067700182568747
48,0,4,4,1,2,97.5,139.0,56.0,1,1,0.9901396330662994
60,1,4,3,1,1,36.5,36.5,36.5,0,0,5.740577701077884e-05
24,0,2,4,1,1,40.0,40.0,40.0,0,0,3.2794962902766336e-05
15,0,6,4,1,1,32.0,32.0,32.0,0,0,2.4917948482181724e-05
19,0,6,4,2,1,48.25,50.0,46.5,0,0,0.009497066333619065
29,1,4,4,1,2,32.42500066757202,54.9,9.95,0,0,0.0016368550642082993
53,1,3,3,1,1,199.0,199.0,199.0,1,1,1.0
28,0,4,3,2,2,112.14000129699707,250.0,16.26,1,1,0.9976999794094076
35,1,13,4,2,2,108.0,148.0,68.0,1,1,0.9985028458904794
32,1,3,4,1,1,107.98999786376953,107.99,107.99,0,0,0.007886760956988528
42,1,4,2,1,1,61.7400016784668,61.74,61.74,0,0,0.00026148765352220567
22,1,11,4,2,3,35.1233336130778,59.5,20.87,0,0,0.07022996733304077
48,1,12,4,1,1,103.5,103.5,103.5,0,0,0.01146124623017298
48,0,3,4,1,1,230.0,230.0,230.0,1,1,1.0
31,0,3,2,1,1,10.0,10.0,10.0,0,0,1.968289985955307e-05
22,1,4,4,2,2,66.99499893188477,95.99,38.0,0,0,0.2704313465443345
43,0,3,2,2,1,28.7450008392334,32.99,24.5,0,0,0.0005380735643631937
24,0,10,4,1,1,58.970001220703125,58.97,58.97,0,0,0.00022749638836715174
26,0,4,4,1,1,69.0,69.0,69.0,0,0,0.0004214838978153603
16,1,4,4,2,3,56.6499989827474,119.95,11.0,0,1,0.5920445429171083
64,1,13,4,1,1,129.0,129.0,129.0,0,0,0.008734194248252732
46,1,4,0,1,1,26.0,26.0,26.0,0,0,3.2664699712926596e-06
17,0,3,4,1,1,89.94999694824219,89.95,89.95,0,0,0.0036966277503371
42,0,3,4,2,2,28.994999885559082,42.0,15.99,0,0,0.0008017947977608818
19,1,4,4,4,6,48.97666613260905,89.99,21.18,1,1,0.9970922171911073
66,0,4,4,1,1,169.9499969482422,169.95,169.95,0,0,0.010025557399832486
19,0,4,4,2,5,59.2,145.0,15.0,1,1,0.9970914483331628
60,0,12,4,1,1,16.950000762939453,16.95,16.95,0,0,2.5029540387088356e-05
40,0,4,3,4,5,27.138000297546387,36.24,8.47,0,0,0.06179551119592753
62,0,13,3,1,1,44.0,44.0,44.0,0,0,9.283830205242782e-05
28,0,4,4,1,1,11.989999771118164,11.99,11.99,0,0,1.968289985955307e-05
19,1,4,4,2,3,144.3266633351644,396.99,11.99,1,1,0.999540749655549
54,0,11,2,1,1,21.0,21.0,21.0,0,0,2.5029540387088356e-05
23,0,4,3,3,5,32.15200004577637,49.03,11.99,0,1,0.6721771431407919
30,0,3,4,1,3,38.83000055948893,39.5,37.99,0,0,0.026918563887986465
32,0,10,2,1,1,24.989999771118164,24.99,24.99,0,0,6.160052574650034e-05
13,1,13,4,1,1,50.0,50.0,50.0,0,0,0.0005219660963371752
31,0,10,2,1,1,27.06999969482422,27.07,27.07,0,0,6.160052574650034e-05
39,0,12,4,2,3,33.61999988555908,89.5,7.0,0,0,0.3016636840293662
58,0,4,4,1,1,48.9900016784668,48.99,48.99,0,0,0.00022670707874946676
52,0,7,4,1,1,64.0,64.0,64.0,0,0,0.0012598137251023523
32,1,4,4,2,2,28.774999618530273,39.6,17.95,0,0,0.0009878201949800455
54,0,13,4,1,2,131.4749984741211,239.95,23.0,1,1,0.9958084194349651
67,1,3,4,2,2,47.47500038146973,55.0,39.95,0,0,0.013828546165832614
43,0,3,3,2,3,57.28333346048991,89.0,26.99,1,1,0.9130471787367754
25,1,0,2,1,1,75.0,75.0,75.0,0,0,0.00036680131734242874
39,1,13,4,1,1,236.83999633789062,236.84,236.84,1,1,1.0
55,0,12,2,1,1,32.0,32.0,32.0,0,0,2.041620703291727e-05
24,0,3,4,2,2,46.38999938964844,48.0,44.78,0,0,0.011136655516545213
64,0,3,4,1,1,119.37999725341797,119.38,119.38,0,0,0.010391882958378165
52,0,4,2,1,1,36.0,36.0,36.0,0,0,6.168168158587458e-05
43,0,3,4,1,1,24.950000762939453,24.95,24.95,0,0,5.923706604273259e-05
16,1,3,2,1,1,36.95000076293945,36.95,36.95,0,0,7.110134058212744e-05
20,0,13,4,2,3,54.666666666666664,98.0,26.0,0,1,0.5265026390125835
39,1,13,4,1,1,19.989999771118164,19.99,19.99,0,0,4.840324911832688e-05
18,0,12,4,1,2,27.005000114440918,50.0,4.01,0,0,0.001653434998960807
55,1,7,3,2,3,52.49666659037272,78.0,19.99,0,0,0.4497057704469998
41,1,7,4,1,1,49.9900016784668,49.99,49.99,0,0,0.0001139522126325097
50,1,7,4,2,3,27.567500233650208,44.31,6.98,0,0,0.006255129258333214
21,1,10,4,2,2,41.47500038146973,45.0,37.95,0,0,0.002011574594651909
64,0,3,4,3,5,47.455999565124515,132.0,7.95,1,1,0.989376467869269
42,0,3,4,1,2,33.99499988555908,48.0,19.99,0,0,0.0007355343846468719
27,1,4,0,1,1,25.0,25.0,25.0,0,0,3.2664699712926596e-06
22,1,13,4,2,1,57.0,69.0,45.0,0,0,0.03390765353636436
13,1,4,2,1,3,178.84999720255533,396.99,59.99,1,1,0.9996296296296296
17,0,4,4,1,1,62.9900016784668,62.99,62.99,0,0,0.00037126631228097764
38,1,10,1,1,1,179.0,179.0,179.0,1,1,1.0
69,1,3,4,1,1,16.969999313354492,16.97,16.97,0,0,8.38068749601134e-06
22,1,0,4,2,4,37.21000027656555,60.0,5.95,0,1,0.590773161128187
54,1,6,4,1,2,52.2450008392334,69.5,34.99,0,0,0.0333950635725978
31,0,3,3,2,2,17.464999675750732,20.24,14.69,0,0,0.0005765624499397269
22,1,10,4,2,3,133.25,265.0,15.75,1,1,0.9994760836655212
52,0,4,3,2,3,35.16666603088379,48.0,15.99,0,0,0.10355871495207991
19,0,13,4,1,2,15.5,21.0,10.0,0,0,0.0015167234120284428
63,0,10,4,2,2,64.05999946594238,78.0,50.12,0,0,0.13366801487952917
57,1,13,4,1,3,29.410000483194988,44.95,18.78,0,0,0.0075466090920022575
53,1,13,4,1,2,471.0,903.0,39.0,1,1,0.9999348812809491
49,1,12,4,1,1,13.75,13.75,13.75,0,0,6.596489215394662e-05
39,0,3,4,2,2,134.88999938964844,225.0,44.78,1,1,0.9996868195317334
20,1,11,4,1,2,102.22500038146973,179.0,25.45,1,1,0.9960849619796542
16,0,6,0,4,4,36.72999930381775,84.99,15.95,0,1,0.7382324559458575
40,0,4,4,2,3,82.99666659037273,188.0,24.99,1,1,0.9981482798029162
43,0,4,4,2,2,16.765000343322754,17.53,16.0,0,0,0.0008195310484203218
63,0,6,4,4,6,59.228333473205566,98.0,14.4,1,1,0.998856274549168
22,0,13,4,1,1,14.949999809265137,14.95,14.95,0,0,1.968289985955307e-05
54,0,6,0,2,2,36.470001220703125,49.99,22.95,0,0,0.016344367028537178
53,1,4,3,4,4,45.25750017166138,109.0,4.08,1,1,0.9887197172595016
14,0,13,4,1,1,107.98999786376953,107.99,107.99,0,0,0.018148283181108185
69,0,13,4,2,2,49.75,79.5,20.0,0,0,0.053850059759802386
45,0,4,4,3,6,34.73833338419596,82.99,4.99,1,1,0.9507290435876007
20,1,3,4,1,2,111.99499988555908,199.0,24.99,1,1,0.9984448557010972
68,1,4,1,1,1,194.9499969482422,194.95,194.95,1,1,1.0
23,0,11,4,1,2,86.42499732971191,149.9,22.95,1,1,0.96075062748359
55,0,4,4,2,3,64.16666793823242,127.51,30.0,1,1,0.9872563320607489
64,0,13,0,1,1,71.69999694824219,71.7,71.7,0,0,0.000904778037166208
34,0,4,4,2,2,43.970001220703125,47.95,39.99,0,0,0.00516859314953658
58,0,13,4,3,5,26.153999900817873,49.98,11.45,0,0,0.26639744536363813
23,0,4,3,1,4,59.37000119686127,129.74,6.94,1,1,0.9717439750883458
29,0,13,2,1,2,80.5,126.0,35.0,0,0,0.18463642064830577
47,1,13,3,4,4,110.55833371480306,320.0,25.0,1,1,0.9999096107855568
37,1,3,4,1,1,48.0,48.0,48.0,0,0,0.00023171799276632102
51,0,3,4,1,1,35.97999954223633,35.98,35.98,0,0,2.3287844823670516e-05
60,1,3,4,4,4,86.88199806213379,289.99,16.0,1,1,0.9998166188303899
18,0,7,4,1,1,8.949999809265137,8.95,8.95,0,0,1.968289985955307e-05
18,0,12,3,3,3,39.65000025431315,54.0,15.0,0,0,0.0959519917804268
54,0,4,4,2,5,74.29799957275391,178.0,19.5,1,1,0.9988776691654907
51,0,13,4,1,2,21.554999828338623,33.0,10.11,0,0,0.0005873945643047923
44,1,3,4,2,3,38.99666659037272,59.0,17.99,0,0,0.05833945168064286
13,1,13,4,1,1,54.0,54.0,54.0,0,0,0.0004889113306432325
15,1,3,4,1,1,26.0,26.0,26.0,0,0,3.2664699712926596e-06
56,1,6,2,2,2,51.4950008392334,70.0,32.99,0,0,0.030572307352957035
46,0,3,3,1,1,7.440000057220459,7.44,7.44,0,0,2.5029540387088356e-05
63,0,6,4,1,1,127.9800033569336,127.98,127.98,0,0,0.004239367695976761
32,1,13,4,1,1,4.949999809265137,4.95,4.95,0,0,4.840324911832688e-05
56,1,7,3,1,1,24.950000762939453,24.95,24.95,0,0,2.5314485649881535e-05
64,0,8,4,1,2,29.449999809265137,49.5,9.4,0,0,0.0027766266541432868
64,1,12,0,1,1,17.989999771118164,17.99,17.99,0,0,3.2664699712926596e-06
67,1,4,3,1,1,13.329999923706055,13.33,13.33,0,0,0.00023428430195384227
51,1,0,4,1,1,59.5,59.5,59.5,0,0,0.0004312460570980371
14,1,4,4,1,1,23.75,25.0,22.5,0,0,2.0709650697224966e-06
66,0,13,4,1,1,19.989999771118164,19.99,19.99,0,0,1.968289985955307e-05
66,1,4,1,1,1,19.950000762939453,19.95,19.95,0,0,1.9447699744755454e-05
16,0,3,4,1,1,48.0,48.0,48.0,0,0,0.00010333579561569038
51,1,6,4,1,2,92.5,145.0,40.0,1,1,0.992893352929704
25,0,13,4,2,4,56.535000483194985,98.0,23.23,1,1,0.9492051636714975
70,0,4,4,2,2,48.744998931884766,67.49,30.0,0,0,0.027115087740346787
28,1,7,4,1,1,178.0,178.0,178.0,1,1,1.0
66,0,4,4,2,2,143.49499988555908,258.0,28.99,1,1,0.9999607657338881
14,0,13,0,1,1,52.61000061035156,52.61,52.61,0,0,0.002362996354148742
52,0,4,4,1,1,39.9900016784668,39.99,39.99,0,0,8.01404340285155e-05
23,1,2,1,1,1,12.380000114440918,12.38,12.38,0,0,3.2664699712926596e-06
24,1,4,4,1,1,50.400001525878906,50.4,50.4,0,0,0.0005395073624657437
64,0,3,3,1,2,44.994998931884766,64.99,25.0,0,0,0.03238640087427778
66,0,13,3,1,1,31.0,31.0,31.0,0,0,1.02311040648322e-05
55,1,4,4,1,1,38.9900016784668,38.99,38.99,0,0,5.740577701077884e-05
68,0,4,3,1,1,18.264999866485596,25.5,11.03,0,0,1.968289985955307e-05
59,0,13,4,2,2,23.744999885559082,24.99,22.5,0,0,0.0010058163163680362
19,1,4,4,2,4,105.98749923706055,205.0,59.0,1,1,0.9999528471317336
50,1,4,4,1,1,35.0,35.0,35.0,0,0,9.181360217042095e-06
16,1,10,0,1,1,68.0,68.0,68.0,0,0,0.00025454525591361935
34,0,3,4,1,1,73.62999725341797,73.63,73.63,0,0,0.0006301117992416858
36,0,4,4,1,1,44.97999954223633,44.98,44.98,0,0,0.0002714216218234584
66,1,4,4,2,3,34.646666844685875,41.95,30.0,0,0,0.024425128137321544
12,0,4,4,3,3,63.37249994277954,98.5,24.99,1,1,0.9582464680345393
21,0,4,4,2,2,31.454999923706055,52.0,10.91,0,0,0.002529184016663518
44,0,7,4,1,2,38.920000076293945,68.0,9.84,0,0,0.00522214258469693
51,1,7,2,1,1,120.0,120.0,120.0,0,0,0.009414236607224392
65,0,12,4,3,4,66.3859998703003,248.0,9.95,1,1,0.9999045287406584
49,1,4,3,1,2,38.0,46.0,30.0,0,0,0.0013862815283055524
14,0,13,4,1,3,91.0,160.0,53.0,1,1,0.9994584392889575
29,1,3,4,1,1,24.0,24.0,24.0,0,0,3.2664699712926596e-06
39,1,4,4,2,4,96.36250019073486,215.0,35.95,1,1,0.9999157963137065
51,0,4,4,2,2,20.984999656677246,26.98,14.99,0,0,0.0008342624911414445
62,1,3,4,2,4,45.88399963378906,80.46,25.0,1,1,0.9598254364157367
60,0,13,4,2,2,46.34499931335449,55.5,37.19,0,0,0.01575870263159901
44,1,12,4,2,3,165.98333231608072,383.0,50.0,1,1,0.9985714285714287
46,1,10,3,1,1,14.0,14.0,14.0,0,0,2.5314485649881535e-05
28,1,4,4,2,3,48.54199981689453,105.84,22.0,1,1,0.6027583903844795
26,0,13,4,3,4,33.227500438690186,47.99,22.99,0,0,0.11889359071343565
68,1,4,4,1,1,10.0,10.0,10.0,0,0,8.38068749601134e-06
12,0,4,4,1,2,81.5,138.0,25.0,0,0,0.2130463767559434
43,0,13,3,3,5,38.86199951171875,100.0,13.07,1,1,0.9783322186045759
12,1,4,4,1,2,33.72500038146973,49.5,17.95,0,0,0.0010988391266001866
36,0,4,4,2,4,85.77000093460083,136.27,25.99,1,1,0.9953330952705174
32,0,13,3,1,2,25.2450008392334,39.99,10.5,0,0,0.0007214615591457619
39,0,4,4,1,1,143.0,143.0,143.0,0,0,0.003731926923947268
29,0,0,4,4,6,49.75499999523163,160.0,7.95,1,1,0.9984969763829515
56,0,13,4,1,2,73.27000045776367,78.0,68.54,0,0,0.04661184464773572
19,1,11,3,2,4,97.2475004196167,199.0,22.0,1,1,0.9998424752115365
58,0,10,3,1,1,14.899999618530273,14.9,14.9,0,0,2.5029540387088356e-05
41,1,12,4,3,3,122.3133316040039,229.0,67.99,1,1,0.9982977838808332
60,1,3,4,1,1,279.0,279.0,279.0,1,1,1.0
61,1,4,4,1,1,15.989999771118164,15.99,15.99,0,0,8.38068749601134e-06
16,0,10,4,1,1,129.99000549316406,129.99,129.99,0,0,0.005303357942987391
27,1,4,4,2,2,99.25,119.0,79.5,1,1,0.9966994907002212
28,0,11,1,1,1,50.0,50.0,50.0,0,0,9.60633174958005e-05
52,1,6,4,1,1,175.0,175.0,175.0,1,1,1.0
46,0,4,4,1,1,12.989999771118164,12.99,12.99,0,0,2.5029540387088356e-05
51,0,13,4,2,1,37.5,45.0,30.0,0,0,0.00334338942805953
43,1,8,4,1,1,32.400001525878906,32.4,32.4,0,0,2.6115158370912287e-05
25,0,4,4,2,2,38.94500017166138,65.0,12.89,0,0,0.01228697065795223
50,1,13,4,2,5,94.82333342234294,328.0,14.99,1,1,0.9998372430589622
60,0,11,4,1,1,35.0,35.0,35.0,0,0,2.3287844823670516e-05
53,0,12,4,1,1,45.9900016784668,45.99,45.99,0,0,0.00020520692127807064
57,0,12,4,1,1,25.0,25.0,25.0,0,0,3.273964061839139e-05
52,1,3,3,1,2,34.74499988555908,59.5,9.99,0,0,0.007879598379948376
46,0,13,4,1,1,54.38999938964844,54.39,54.39,0,0,0.00028304604076426524
29,0,4,3,1,2,30.489999771118164,34.0,26.98,0,0,0.0005613013638156475
31,1,4,4,1,1,24.440000534057617,24.44,24.44,0,0,3.2664699712926596e-06
14,1,2,4,1,2,37.97500038146973,39.0,36.95,0,0,0.0016787208365561654
42,1,3,0,2,1,37.059998512268066,64.13,9.99,0,0,0.025230768576860293
25,0,4,4,1,1,198.0,198.0,198.0,1,1,1.0
23,0,3,4,1,1,12.989999771118164,12.99,12.99,0,0,1.968289985955307e-05
51,1,4,4,1,1,7.989999771118164,7.99,7.99,0,0,8.38068749601134e-06
54,1,11,3,1,2,96.97500038146973,170.0,23.95,1,1,0.9958967173864456
67,1,4,4,1,1,98.0,98.0,98.0,0,0,0.005971979347340479
13,0,4,4,4,6,57.40250086784363,134.99,20.95,1,1,0.9997553249506339
33,1,4,0,2,2,30.49000072479248,44.99,15.99,0,0,0.003871046450287377
61,0,12,4,1,1,3.109999895095825,3.11,3.11,0,0,2.5029540387088356e-05
59,0,4,4,1,1,7.989999771118164,7.99,7.99,0,0,2.5029540387088356e-05
51,1,3,3,1,2,78.94999885559082,127.95,29.95,0,0,0.20535014570423443
63,0,3,4,1,1,111.12999725341797,111.13,111.13,0,0,0.009432955801181114
26,0,13,4,2,2,40.48000144958496,43.99,36.97,0,0,0.004273302129950355
67,0,6,4,1,1,14.899999618530273,14.9,14.9,0,0,2.5029540387088356e-05
30,1,13,3,2,2,20.96999979019165,25.99,15.95,0,0,0.0007039851885342872
33,0,8,4,1,1,135.0,135.0,135.0,0,0,0.0029851492942591117
23,1,7,4,1,2,26.725000381469727,28.45,25.0,0,0,0.0003619182386476362
17,0,4,4,1,1,142.94000244140625,142.94,142.94,0,0,0.00589353849702167
52,0,4,2,4,5,27.388000106811525,55.0,10.0,0,0,0.3393758917039318
36,0,4,4,2,1,36.5,42.0,31.0,0,0,0.0017986748742701967
17,0,3,1,1,2,89.44500017166138,168.0,10.89,1,1,0.9836140870929363
22,1,13,4,1,2,23.0,30.0,16.0,0,0,0.0002819172582478838
25,0,13,3,1,2,44.54499912261963,79.1,9.99,0,0,0.06561677770698617
28,0,3,4,1,1,16.0,16.0,16.0,0,0,1.968289985955307e-05
51,0,13,4,1,1,248.0,248.0,248.0,1,1,1.0
69,1,13,1,1,1,26.450000762939453,26.45,26.45,0,0,3.971797001502568e-05
37,1,4,4,2,3,66.6366647084554,129.93,19.99,1,1,0.9934931929964732
66,0,3,3,1,2,40.95000076293945,41.95,39.95,0,0,0.0011802883871641356
65,0,13,0,1,1,67.70999908447266,67.71,67.71,0,0,0.0005072050035229081
22,1,3,4,1,1,198.0,198.0,198.0,1,1,1.0
43,1,12,3,2,3,65.81666692097981,125.0,23.0,1,1,0.9879325509113144
17,0,13,4,1,1,54.9900016784668,54.99,54.99,0,0,0.00038865987207373486
27,0,13,4,4,4,57.81749963760376,99.0,8.65,1,1,0.9979254559034412
47,0,11,4,2,2,94.5,138.0,51.0,1,1,0.9942840263241375
14,0,13,4,1,1,34.0,34.0,34.0,0,0,0.0001855061873985561
54,0,3,4,1,1,39.9900016784668,39.99,39.99,0,0,8.01404340285155e-05
41,0,3,4,1,2,11.989999771118164,11.99,11.99,0,0,0.0005140028791839337
43,1,4,2,1,1,139.99000549316406,139.99,139.99,0,0,0.005607248692786438
65,1,3,4,1,2,71.94999837875366,129.95,13.95,0,0,0.20883416396613705
29,0,13,4,1,3,29.459999720255535,63.98,8.5,0,0,0.017544689804479055
51,1,4,4,1,1,62.9900016784668,62.99,62.99,0,0,0.001389413020431511
14,0,3,4,1,2,33.484999656677246,49.98,16.99,0,0,0.0008575656697969587
19,0,13,4,3,3,45.983333587646484,68.0,21.95,0,0,0.48503689312840265
20,0,10,4,1,1,70.0,70.0,70.0,0,0,0.00020016853643757697
55,0,4,4,1,4,59.107500076293945,148.0,12.43,1,1,0.9903594437620277
65,1,4,4,1,1,29.5,29.5,29.5,0,0,0.00024839456665758255
40,0,3,4,3,2,32.833333333333336,59.5,15.0,0,0,0.0484405639301658
64,0,13,4,1,2,41.60499858856201,71.31,11.9,0,0,0.00652879126501991
64,1,12,1,1,1,49.5,49.5,49.5,0,0,3.537816538306638e-05
38,0,12,4,1,1,198.0,198.0,198.0,1,1,1.0
48,1,13,1,1,1,58.029998779296875,58.03,58.03,0,0,0.0005250445326761651
62,1,12,4,1,1,60.2450008392334,69.5,50.99,0,0,0.03653262226336035
35,0,12,4,1,4,20.957499980926514,38.95,9.9,0,0,0.0006251071484960241
70,1,13,4,1,1,25.0,25.0,25.0,0,0,0.00019405161472835211
18,1,13,4,1,2,58.98999881744385,95.99,21.99,0,0,0.17957976917453228
62,1,3,4,2,2,76.29999923706055,98.0,54.6,0,0,0.2105900461099883
52,1,12,4,1,1,346.5,346.5,346.5,1,1,1.0
12,0,12,4,1,1,42.94999980926514,69.5,16.4,0,0,0.03370754432277484
36,0,13,2,1,1,795.0,795.0,795.0,1,1,1.0
24,0,4,0,2,2,58.75,69.5,48.0,0,0,0.11583324454503682
27,0,2,3,2,1,39.14999961853027,42.3,36.0,0,0,0.0058287843992963564
42,1,3,1,4,5,123.9488902621799,250.0,39.5,1,1,0.9998913043478261
57,0,3,4,1,2,43.49499988555908,65.0,21.99,0,0,0.05372341054860851
18,1,13,3,1,1,52.95000076293945,52.95,52.95,0,0,0.0018009852934106599
68,1,13,3,1,1,199.99000549316406,199.99,199.99,1,1,1.0
18,1,4,4,1,1,20.950000762939453,20.95,20.95,0,0,3.2664699712926596e-06
12,1,12,4,1,1,56.9900016784668,56.99,56.99,0,0,0.0004433379815245786
36,0,11,4,1,1,22.950000762939453,22.95,22.95,0,0,1.968289985955307e-05
37,1,4,4,1,1,9.380000114440918,9.38,9.38,0,0,8.38068749601134e-06
15,1,10,4,2,2,42.22500038146973,49.5,34.95,0,0,0.0048026524911497755
26,0,4,3,2,2,17.05500030517578,18.61,15.5,0,0,0.0006662796891325602
15,0,12,4,2,2,39.12999868392944,64.95,13.31,0,0,0.017495759279283995
65,1,0,2,1,1,14.5,14.5,14.5,0,0,0.00023428430195384227
45,1,4,4,1,3,63.16333325703939,148.0,14.5,1,1,0.9929705768530536
58,1,7,4,1,1,39.95000076293945,39.95,39.95,0,0,4.866121526357938e-05
69,1,4,4,1,1,12.75,12.75,12.75,0,0,8.38068749601134e-06
42,0,8,4,1,1,62.0,62.0,62.0,0,0,0.00042008012171964806
54,1,13,4,1,1,12.210000038146973,12.21,12.21,0,0,4.840324911832688e-05
24,1,10,4,1,2,36.480000495910645,53.99,18.97,0,0,0.0011472314685501384
41,0,3,4,1,1,41.560001373291016,41.56,41.56,0,0,3.887495947555817e-05
61,0,4,4,1,1,75.0,75.0,75.0,0,0,0.0007868067516824609
52,1,10,4,1,1,109.98999786376953,109.99,109.99,0,0,0.008693396001273017
29,0,3,4,3,5,26.800000190734863,44.0,10.17,0,0,0.1380175286232321
24,1,4,4,1,1,14.199999809265137,14.2,14.2,0,0,3.2664699712926596e-06
15,1,4,4,1,1,44.900001525878906,44.9,44.9,0,0,0.0001440112168563148
69,1,11,3,1,2,65.99499893188477,115.99,16.0,0,0,0.27147977996863765
34,1,7,4,1,1,36.880001068115234,36.88,36.88,0,0,3.307410061169173e-05
13,1,13,4,2,2,44.8700008392334,61.24,28.5,0,0,0.025523994513806495
57,1,13,4,1,1,55.0,55.0,55.0,0,0,0.0002100234204035737
30,0,6,2,1,1,42.0,42.0,42.0,0,0,1.5069566505381985e-05
62,0,3,4,3,7,23.95249992609024,48.95,5.98,1,0,0.424201196392245
70,1,8,4,1,1,97.30000305175781,97.3,97.3,0,0,0.004914016998391313
46,0,4,4,1,1,25.0,25.0,25.0,0,0,6.694716627403562e-05
52,1,13,4,1,1,89.5,89.5,89.5,0,0,0.004780873546099459
53,1,3,3,1,1,24.950000762939453,24.95,24.95,0,0,8.38068749601134e-06
69,1,13,4,1,4,86.5125002861023,242.0,15.1,1,1,0.9986765090048756
51,0,13,3,1,1,29.979999542236328,29.98,29.98,0,0,7.359466274078951e-06
13,0,13,2,1,1,136.27000427246094,136.27,136.27,0,0,0.005942126918261595
15,1,10,4,2,3,79.66333262125652,125.0,25.0,1,1,0.9889563855536957
28,1,13,3,2,2,94.5,149.0,40.0,1,1,0.9984075727048689
66,1,4,4,2,2,36.49499988555908,55.0,17.99,0,0,0.007571614945284232
28,1,4,4,1,1,12.270000457763672,12.27,12.27,0,0,3.2664699712926596e-06
25,0,4,3,1,1,12.989999771118164,12.99,12.99,0,0,1.968289985955307e-05
64,1,13,4,1,1,25.0,25.0,25.0,0,0,0.00019405161472835211
55,0,3,1,3,4,64.8725004196167,118.75,36.8,1,1,0.9993717219154035
34,0,7,4,2,3,46.27999941507975,89.99,23.85,0,1,0.5305609465588298
34,1,4,4,1,1,299.95001220703125,299.95,299.95,1,1,1.0
27,1,3,4,1,1,99.98999786376953,99.99,99.99,0,0,0.006960137353908516
26,1,11,4,1,3,34.52333323160807,68.0,13.93,0,0,0.034763052676559235
29,1,4,4,4,5,36.366000986099245,58.99,2.95,1,1,0.9383476240113118
37,1,4,4,1,1,12.0,12.0,12.0,0,0,8.38068749601134e-06
39,1,4,4,1,1,59.5,59.5,59.5,0,0,0.0003972031118562956
56,0,4,2,2,5,77.40399971008301,189.0,10.58,1,1,0.9985748170413755
35,0,12,4,1,1,66.0,66.0,66.0,0,0,0.0028333591771703788
38,0,12,1,1,1,66.0,66.0,66.0,0,0,0.003218785149185513
28,0,13,2,2,3,114.59666697184245,224.0,29.79,1,1,0.9998496804959833
23,1,4,2,3,4,96.2475004196167,295.0,15.0,1,1,0.9998296748997137
31,1,12,4,2,3,81.8725004196167,178.0,16.0,1,1,0.9963796617718572
41,1,12,4,1,1,44.970001220703125,44.97,44.97,0,0,0.00023251586509125813
45,0,4,4,1,1,122.5999984741211,122.6,122.6,0,0,0.005601900867397104
51,0,4,4,1,2,15.494999885559082,19.5,11.49,0,0,0.0005436853062404573
19,0,4,3,1,1,29.989999771118164,29.99,29.99,0,0,0.00010647407804602517
34,0,13,4,4,5,30.547143254961288,59.99,11.99,1,1,0.8075485642582383
17,0,3,4,1,1,24.0,24.0,24.0,0,0,5.3890425515197304e-05
67,1,4,3,1,1,98.0,98.0,98.0,0,0,0.0058804463842512915
49,1,4,3,1,1,118.0,118.0,118.0,0,0,0.013348073470885917
49,1,4,0,1,1,399.0,399.0,399.0,1,1,1.0
30,1,3,4,3,5,82.79399909973145,194.0,22.05,1,1,0.9999956178790534
15,1,10,4,3,3,29.4975004196167,36.99,20.0,0,0,0.02526588629056251
55,1,4,4,2,4,139.74499797821045,399.99,34.0,1,1,0.999909648682285
50,0,4,3,4,5,61.524000549316405,171.0,23.95,1,1,0.9999385907055017
39,0,6,4,2,2,56.397999954223636,175.0,16.0,1,1,0.8154128423722894
70,1,4,4,2,3,81.16666666666667,160.0,34.0,1,1,0.9977975034390206
19,1,6,4,1,2,59.9950008392334,61.99,58.0,0,0,0.030718755357257228
46,0,13,3,1,2,61.790000915527344,90.0,33.58,0,0,0.1769080261728831
60,0,3,3,1,1,49.5,49.5,49.5,0,0,0.000125881311618553
25,1,10,4,1,1,38.0,38.0,38.0,0,0,1.8002829119149342e-05
36,1,3,4,1,1,167.0,167.0,167.0,0,0,0.006521160049980912
28,1,4,4,2,4,55.07000160217285,90.3,29.0,1,1,0.952649831778183
47,1,3,4,1,1,239.99000549316406,239.99,239.99,1,1,1.0
43,1,13,2,2,3,41.72999986012777,59.5,10.69,0,0,0.09607605199264953
55,1,4,4,2,4,92.97799911499024,206.0,34.99,1,1,0.9999123706917966
14,1,10,4,1,4,73.23000049591064,158.0,22.54,1,1,0.9974485073945162
15,0,8,2,2,2,61.4950008392334,88.0,34.99,0,0,0.1757508119805251
61,1,4,4,2,5,90.65666580200195,190.0,24.5,1,1,0.9999551414391165
46,1,4,4,4,9,72.76699905395508,197.37,18.98,1,1,0.9998959493537888
58,0,3,4,1,1,52.0,52.0,52.0,0,0,0.00030263154483608514
56,1,4,4,1,2,25.9950008392334,41.99,10.0,0,0,0.0011966505818244812
36,0,13,4,1,1,25.0,25.0,25.0,0,0,5.3890425515197304e-05
27,0,10,2,1,4,63.399999141693115,187.7,12.91,1,1,0.9989189045017801
59,0,13,4,2,2,57.57499980926514,89.0,26.15,0,0,0.19763524108472896
56,0,4,3,2,3,130.81000010172525,210.0,13.43,1,1,0.9997050619780731
21,1,4,4,1,1,30.0,30.0,30.0,0,0,1.1043886878369898e-05
48,0,3,0,2,1,48.0,64.0,32.0,0,0,0.027525144266436253
61,1,4,3,1,1,49.9900016784668,49.99,49.99,0,0,0.00012882037107250327
28,0,0,0,1,1,148.0,148.0,148.0,0,0,0.029595965644460466
33,1,4,3,1,1,16.989999771118164,16.99,16.99,0,0,8.38068749601134e-06
58,1,13,4,1,3,68.58749914169312,139.95,31.9,1,1,0.9888787843378977
36,1,4,4,1,1,13.9399995803833,13.94,13.94,0,0,8.38068749601134e-06
21,1,13,4,2,4,95.74749946594238,220.0,16.0,1,1,0.99975017505166
15,0,13,3,1,2,64.96999931335449,89.95,39.99,0,0,0.12138688640323388
62,1,3,4,1,1,17.899999618530273,17.9,17.9,0,0,0.00023428430195384227
59,1,4,4,1,1,28.5,28.5,28.5,0,0,8.38068749601134e-06
61,1,4,4,1,1,41.95000076293945,41.95,41.95,0,0,7.29928916626665e-05
49,1,4,4,2,1,17.450000762939453,17.95,16.95,0,0,0.00022624264857867054
56,0,4,3,2,2,35.9950008392334,36.0,35.99,0,0,0.0020925227928191726
41,1,4,4,1,4,56.48500061035156,69.5,39.95,1,1,0.9383305163637138
51,1,10,4,1,2,53.47500038146973,54.0,52.95,0,0,0.0072508224634689235
69,0,3,4,3,3,79.8033332824707,160.0,29.41,1,1,0.998201203404696
19,1,12,4,2,3,52.38999938964844,81.27,32.9,0,0,0.4403566689152965
41,0,3,4,2,2,24.155000686645508,39.99,8.32,0,0,0.00046694848864205766
42,0,11,3,2,2,62.494998931884766,99.99,25.0,0,0,0.23227151070823052
34,0,10,3,1,1,25.0,25.0,25.0,0,0,6.160052574650034e-05
18,0,4,4,1,1,95.0,95.0,95.0,0,0,0.007756889947694749
20,0,4,4,4,3,61.48750019073486,99.0,23.95,1,1,0.9856821649871257
39,0,13,4,1,1,5.5,5.5,5.5,0,0,1.968289985955307e-05
56,0,3,3,1,1,3.990000009536743,3.99,3.99,0,0,2.5029540387088356e-05
39,0,0,3,1,1,12.949999809265137,12.95,12.95,0,0,1.968289985955307e-05
28,0,13,2,1,1,68.0,68.0,68.0,0,0,0.0005812246839161575
39,0,4,4,1,1,25.0,25.0,25.0,0,0,6.160052574650034e-05
61,1,7,4,2,4,50.6939998626709,82.5,16.99,1,1,0.9599288799435621
36,1,4,4,2,2,61.5,108.0,15.0,0,0,0.25612093775944994
58,1,13,4,2,2,82.5,140.0,25.0,0,0,0.3585688151046905
67,1,11,4,1,1,17.0,17.0,17.0,0,0,0.00015478162148644398
32,0,3,4,2,2,89.45500183105469,103.91,75.0,1,1,0.9778447337076337
18,0,4,2,1,1,90.30000305175781,90.3,90.3,0,0,0.00807248061002292
51,1,7,4,1,1,79.98999786376953,79.99,79.99,0,0,0.0011227728942755871
57,0,11,4,1,1,29.989999771118164,29.99,29.99,0,0,2.041620703291727e-05
70,1,4,4,1,1,42.5,42.5,42.5,0,0,7.004886828538609e-05
62,0,3,4,2,4,51.989999771118164,165.0,9.99,1,1,0.991612050818592
31,0,6,4,1,2,182.5,240.0,125.0,1,1,0.99998738170347
19,1,4,1,1,1,34.97999954223633,34.98,34.98,0,0,0.0011485701656959448
31,0,13,4,1,1,44.5,44.5,44.5,0,0,0.00017737185539607958
63,0,10,3,1,2,46.10000038146973,74.0,18.2,0,0,0.04549761123608821
53,0,10,4,1,1,26.979999542236328,26.98,26.98,0,0,3.273964061839139e-05
41,0,4,3,3,3,70.603333791097,139.0,21.0,1,1,0.9990176264988034
56,0,4,4,2,4,21.957499980926514,31.92,12.98,0,0,0.006167128571729486
70,0,11,4,1,1,49.9900016784668,49.99,49.99,0,0,0.0001393298786044251
53,1,4,4,1,1,54.9900016784668,54.99,54.99,0,0,0.0003501554582468569
27,1,4,4,1,1,104.5,104.5,104.5,0,0,0.010794340645780992
19,0,13,1,1,1,23.170000076293945,23.17,23.17,0,0,0.00010411066721414975
27,1,4,0,1,1,50.880001068115234,50.88,50.88,0,0,0.00040957779675608217
33,1,6,4,2,5,67.27333227793376,119.0,22.99,1,1,0.988454520988821
68,1,13,2,2,2,50.969998359680176,71.95,29.99,0,0,0.04017193609053612
30,1,4,4,1,1,49.9900016784668,49.99,49.99,0,0,0.00032388434056534283
22,0,4,4,1,1,36.5,36.5,36.5,0,0,2.4917948482181724e-05
56,0,13,0,1,2,26.47000026702881,36.95,15.99,0,0,0.0008005890628231767
34,0,4,4,1,1,29.0,29.0,29.0,0,0,3.355696146336489e-05
70,1,11,4,1,1,77.0,77.0,77.0,0,0,0.005381740591544587
33,0,13,2,2,2,59.31333223978678,88.0,19.99,1,0,0.16730421200786794
47,0,12,4,2,2,26.994999885559082,42.0,11.99,0,0,0.0005624237224651098
40,1,4,4,1,1,38.619998931884766,38.62,38.62,0,0,1.614030245782154e-05
47,0,4,4,1,1,59.0,59.0,59.0,0,0,0.0006016780310906816
62,0,4,4,2,3,22.643333435058594,43.95,11.99,0,0,0.002620247929277572
66,0,13,3,1,1,44.0,44.0,44.0,0,0,9.283830205242782e-05
12,1,12,4,3,4,37.95750045776367,73.97,8.99,0,1,0.6193465989544275
29,0,13,4,1,1,17.5,17.5,17.5,0,0,1.968289985955307e-05
15,1,13,4,2,4,73.73499965667725,190.0,22.0,1,1,0.997982146849068
21,1,13,4,2,2,30.49000072479248,39.99,20.99,0,0,0.0004984997641009276
40,0,0,4,1,1,52.0,52.0,52.0,0,0,0.0003175354901226867
32,1,13,4,1,1,34.9900016784668,34.99,34.99,0,0,4.920392183935764e-05
46,0,11,4,1,2,127.72000122070312,188.0,67.44,1,1,0.9997409855141081
42,0,3,4,1,1,99.0,99.0,99.0,0,0,0.005236103032348846
18,0,4,4,1,1,64.0,64.0,64.0,0,0,0.00028699664935962957
38,1,13,3,1,1,14.989999771118164,14.99,14.99,0,0,4.5584755920151746e-05
53,1,6,4,2,2,49.02000045776367,49.99,48.05,0,0,0.008602897857230373
70,0,4,4,1,3,47.666666666666664,98.0,8.0,0,1,0.5304844597195385
14,0,7,4,2,2,35.5,65.0,6.0,0,0,0.0174263304118087
33,0,4,4,2,4,24.5150004029274,62.4,3.99,0,0,0.07653449065881154
41,1,6,4,1,1,36.75,36.75,36.75,0,0,3.307410061169173e-05
25,0,3,2,2,1,31.494999885559082,34.0,28.99,0,0,0.0005327269238356583
57,0,4,2,2,2,33.46000003814697,36.0,30.92,0,0,0.0009619695533224079
36,0,10,3,1,1,12.0,12.0,12.0,0,0,1.968289985955307e-05
32,0,12,3,1,1,59.0,59.0,59.0,0,0,0.0018193654204142584
54,0,13,4,1,1,13.0,13.0,13.0,0,0,1.968289985955307e-05
47,0,13,4,1,2,25.0,37.0,13.0,0,0,0.0005873945643047923
61,0,12,4,2,3,64.86333338419597,122.6,22.0,1,1,0.985026965342881
34,1,4,4,1,1,69.98999786376953,69.99,69.99,0,0,0.0004992569965879389
33,1,4,4,2,2,95.99666849772136,139.99,12.0,1,1,0.87511557467863
22,0,13,4,3,5,20.476000022888183,54.0,7.0,0,0,0.10228009465087384
15,0,7,3,1,1,4.210000038146973,4.21,4.21,0,0,1.968289985955307e-05
44,1,10,3,1,2,164.75,270.0,59.5,1,1,1.0
50,0,7,4,2,2,23.489999771118164,26.99,19.99,0,0,0.0015607901014975745
63,1,13,4,1,1,18.350000381469727,18.35,18.35,0,0,0.0004663319234164278
30,0,12,4,2,2,89.5,147.0,32.0,1,1,0.9945176390507605
68,0,4,4,2,2,24.114999771118164,25.0,23.23,0,0,0.0013158754147856414
66,0,10,4,1,1,145.13999938964844,145.14,145.14,0,0,0.002730177512007896
38,1,4,2,2,4,64.6300006866455,115.0,12.83,1,1,0.9856176758623415
34,0,4,3,2,3,60.25000047683716,169.0,12.01,1,1,0.998986299398311
20,1,4,4,1,1,39.0,39.0,39.0,0,0,7.397297837288068e-05
59,0,4,1,3,3,117.86000188191731,316.6,16.99,1,1,0.9990597350470182
47,1,3,0,4,5,52.878570829119,99.0,24.0,1,1,0.9854720384129882
12,0,6,4,1,1,25.420000076293945,25.42,25.42,0,0,6.040502084493018e-05
20,1,13,1,2,2,42.4950008392334,59.99,25.0,0,0,0.010198823565928265
22,0,13,3,1,2,38.0,44.0,32.0,0,0,0.0010346977292032614
13,0,3,4,1,1,82.5,82.5,82.5,0,0,0.0074275781695923235
50,1,3,4,1,2,47.119998931884766,69.24,25.0,0,0,0.028928226110293557
51,1,13,4,2,3,66.23750019073486,88.0,49.95,1,1,0.9728908380863303
51,1,8,4,2,2,98.5,105.0,92.0,1,1,0.9947783143107989
28,0,7,4,1,1,40.84000015258789,40.84,40.84,0,0,3.352831894802289e-05
41,1,13,4,2,2,25.0,25.0,25.0,0,0,0.0005984261364193785
57,1,3,0,1,1,22.0,22.0,22.0,0,0,3.2664699712926596e-06
18,0,13,4,1,1,50.380001068115234,50.38,50.38,0,0,0.00014888139234629178
69,0,6,4,1,1,19.989999771118164,19.99,19.99,0,0,1.968289985955307e-05
56,0,4,4,2,2,61.22499990463257,115.5,6.95,0,0,0.29502211319300325
51,1,7,4,2,2,30.18499994277954,50.0,10.37,0,0,0.00470577881405801
54,1,10,3,1,2,117.99499988555908,208.0,27.99,1,1,0.9993320977243992
36,1,6,4,2,3,50.326667149861656,98.0,9.99,0,1,0.5863816780816582
17,1,4,4,1,4,76.27250003814697,198.0,19.59,1,1,0.9977329142114294
61,0,4,4,1,2,33.65499973297119,48.0,19.31,0,0,0.0006765522335969132
13,0,12,3,1,2,86.58999824523926,160.2,12.98,1,1,0.9848263042799901
13,0,4,4,1,4,48.732500076293945,99.99,12.0,1,1,0.9502299519848636
19,0,4,4,3,8,44.863749504089355,104.99,8.98,1,1,0.9923198308467253
28,0,12,4,1,1,15.84000015258789,15.84,15.84,0,0,1.968289985955307e-05
27,1,4,4,1,1,46.0,46.0,46.0,0,0,0.00025385821416853516
29,0,4,4,1,1,229.99000549316406,229.99,229.99,1,1,1.0
25,1,6,4,1,1,65.0,65.0,65.0,0,0,0.0008596683454860475
52,1,7,4,2,2,51.5,59.0,44.0,0,0,0.011942635462978038
59,1,13,4,1,2,33.97500038146973,55.95,12.0,0,0,0.0030459978766216745
28,1,13,4,1,1,38.0,38.0,38.0,0,0,3.411484840154821e-05
44,1,6,4,1,1,22.0,22.0,22.0,0,0,2.5314485649881535e-05
63,0,4,4,1,1,18.56999969482422,18.57,18.57,0,0,4.835768968724385e-05
49,1,8,4,1,1,55.970001220703125,55.97,55.97,0,0,0.00036550923981065346
43,1,13,4,2,2,29.994999885559082,35.0,24.99,0,0,0.0008303732398652233
39,1,4,1,2,2,34.415000915527344,40.83,28.0,0,0,0.006762347038169652
43,1,4,4,1,1,30.0,30.0,30.0,0,0,9.181360217042095e-06
67,1,4,4,1,1,13.989999771118164,13.99,13.99,0,0,0.00023428430195384227
63,1,6,4,1,2,57.4950008392334,65.0,49.99,0,0,0.05395423145075591
21,1,4,4,1,1,52.0,52.0,52.0,0,0,0.00042683286917307947
46,0,13,4,1,1,598.0,598.0,598.0,1,1,1.0
37,0,4,4,3,7,57.99428531101772,189.95,7.99,1,1,0.9999855522481395
52,0,4,4,1,1,14.359999656677246,14.36,14.36,0,0,2.5029540387088356e-05
56,1,8,4,1,3,49.14333470662435,69.98,28.0,0,1,0.5144860798151438
12,1,4,2,1,1,29.899999618530273,29.9,29.9,0,0,0.0
63,1,7,0,1,1,36.959999084472656,36.96,36.96,0,0,8.154447142349609e-06
57,0,4,4,1,1,80.0,80.0,80.0,0,0,0.001027448548126719
53,1,6,4,1,1,49.5,49.5,49.5,0,0,0.0001200451642524198
20,0,11,4,1,1,25.899999618530273,25.9,25.9,0,0,6.160052574650034e-05
41,0,3,4,2,2,35.329999923706055,65.0,15.99,0,0,0.017688417970081
27,1,10,4,1,1,69.5,69.5,69.5,0,0,0.0006475188626955502
45,1,4,2,1,1,78.75,78.75,78.75,0,0,0.0009697944986296456
49,0,4,0,2,4,54.672499656677246,139.95,16.75,1,1,0.9735709643406715
28,0,4,4,4,7,35.18125009536743,88.0,5.49,1,1,0.9807088309457632
70,1,0,4,2,4,57.23249912261963,110.0,8.99,1,1,0.9783407854177546
68,0,3,2,1,4,51.99000024795532,99.97,25.0,1,1,0.9301622655834086
57,1,12,4,1,1,22.0,22.0,22.0,0,0,6.596489215394662e-05
39,1,4,4,1,2,24.975000381469727,34.95,15.0,0,0,0.0011077594555815396
39,0,13,4,1,1,108.98999786376953,108.99,108.99,0,0,0.009377731873969453
57,0,6,2,1,4,33.95750021934509,48.5,14.21,0,0,0.013513761910639166
34,1,4,2,1,1,79.44999694824219,79.45,79.45,0,0,0.0021236406524758
42,1,3,4,1,1,43.45000076293945,43.45,43.45,0,0,0.00048342858363842285
57,0,4,4,1,2,26.535000801086426,42.58,10.49,0,0,0.00031907779639067294
31,1,4,4,1,1,56.959999084472656,56.96,56.96,0,0,0.0006313826731261671
60,0,13,3,1,1,39.0,39.0,39.0,0,0,1.02311040648322e-05
46,0,10,4,1,3,71.07000017166138,119.0,17.9,1,1,0.9582775486647449
70,1,13,3,2,2,38.4950008392334,42.0,34.99,0,0,0.001966696244237677
46,0,4,3,1,1,223.97000122070312,223.97,223.97,1,1,1.0
55,0,6,4,1,1,15.899999618530273,15.9,15.9,0,0,2.5029540387088356e-05
65,1,4,4,1,2,43.15500068664551,56.7,29.61,0,0,0.011459918590967892
14,0,4,4,1,1,4.989999771118164,4.99,4.99,0,0,1.848739495798291e-05
42,1,7,4,1,1,49.5,49.5,49.5,0,0,0.0001065680753036328
64,0,4,4,1,3,83.9966672261556,172.0,35.0,1,1,0.9961760783873845
47,1,4,4,2,5,59.68799896240235,127.99,9.5,1,1,0.9914630494169662
31,1,7,4,1,1,25.0,25.0,25.0,0,0,3.2664699712926596e-06
59,0,13,4,2,2,24.4950008392334,33.99,15.0,0,0,0.0009163974748623013
33,0,13,4,1,3,95.33000055948894,210.0,35.0,1,1,0.9994452460345346
60,1,7,2,1,1,75.0,75.0,75.0,0,0,0.00029379573546402043
67,0,4,4,2,2,62.32333501180013,148.99,17.99,1,1,0.6858241589055895
45,0,4,4,1,1,17.989999771118164,17.99,17.99,0,0,2.5029540387088356e-05
60,1,3,4,2,2,48.666666666666664,95.0,25.0,0,0,0.20157320347313248
32,0,4,4,2,2,24.15999937057495,38.12,10.2,0,0,0.0003704509847567488
70,0,4,4,1,2,114.4950008392334,194.0,34.99,1,1,0.994595753130499
48,1,4,3,2,2,50.9950008392334,62.0,39.99,0,0,0.016767033842392514
65,0,7,3,1,1,59.970001220703125,59.97,59.97,0,0,0.00021019861873659344
29,1,4,4,4,5,56.20199966430664,119.99,30.0,1,1,0.9909719160762862
65,1,13,3,1,2,95.46500015258789,154.97,35.96,1,1,0.997605530955064
33,0,10,4,1,1,39.9900016784668,39.99,39.99,0,0,3.352831894802289e-05
15,0,13,4,2,2,70.99000263214111,129.99,11.99,0,0,0.22708079087332675
46,0,4,4,1,1,30.0,30.0,30.0,0,0,2.3287844823670516e-05
45,1,4,4,2,2,36.989999771118164,48.98,25.0,0,0,0.00363257584660231
35,1,4,4,2,2,174.48999977111816,319.0,29.98,1,1,0.9995308881166841
48,1,4,4,1,1,45.0,45.0,45.0,0,0,0.0003025547348485321
62,0,4,3,2,2,88.0,98.0,78.0,1,1,0.947706879233765
69,1,4,4,1,1,24.0,24.0,24.0,0,0,2.4561917269474136e-05
36,0,4,4,1,2,74.75,110.0,39.5,0,0,0.20222026446265975
42,0,2,4,1,1,24.0,24.0,24.0,0,0,5.923706604273259e-05
40,0,3,4,1,1,3.990000009536743,3.99,3.99,0,0,2.5029540387088356e-05
69,1,3,4,2,4,96.99599952697754,160.0,14.99,1,1,0.9988912331994915
23,1,7,4,1,1,19.0,19.0,19.0,0,0,3.2664699712926596e-06
54,1,6,4,1,1,64.94999694824219,64.95,64.95,0,0,0.001262174850329379
59,1,4,4,3,3,67.32333374023438,119.0,33.97,1,1,0.9956272259844502
27,1,7,0,1,1,128.0,128.0,128.0,0,0,0.0056295814186700975
47,0,3,4,1,1,158.0,158.0,158.0,0,0,0.00674180633915592
58,0,6,4,1,1,248.0,248.0,248.0,1,1,1.0
50,1,12,4,1,2,37.410000801086426,52.83,21.99,0,0,0.009853254788578639
37,0,13,4,1,1,3.6700000762939453,3.67,3.67,0,0,1.968289985955307e-05
46,1,4,4,1,2,41.22000026702881,52.45,29.99,0,0,0.0016272798099606048
66,1,4,4,2,2,49.744998931884766,79.99,19.5,0,0,0.05594958653978133
55,1,2,3,1,3,33.37249994277954,59.5,17.9,0,0,0.026079164195175423
49,0,3,4,3,2,16.329999923706055,24.0,9.99,0,0,0.0011717813405573976
13,0,10,4,1,1,14.050000190734863,14.05,14.05,0,0,1.848739495798291e-05
51,0,13,4,1,1,49.45000076293945,49.45,49.45,0,0,0.00015523163399386552
38,0,4,4,1,3,322.5833333333333,903.0,16.75,1,1,0.9991701683966268
58,1,6,4,1,1,68.0,68.0,68.0,0,0,0.0003696228453252823
59,0,13,3,1,1,11.949999809265137,11.95,11.95,0,0,1.968289985955307e-05
65,0,13,4,1,1,25.0,25.0,25.0,0,0,1.968289985955307e-05
53,1,4,4,1,1,79.5,79.5,79.5,0,0,0.0011390925087072575
24,0,11,4,1,1,65.0,65.0,65.0,0,0,0.0003336820221038167
64,1,4,4,4,5,52.28428568158831,99.72,19.99,1,1,0.996035051581608
33,0,2,3,2,2,16.833333333333332,25.5,7.0,0,0,0.0003892792572406829
49,0,13,4,1,2,35.4950008392334,36.0,34.99,0,0,0.0008189227197531901
35,0,10,3,1,2,26.994999885559082,42.0,11.99,0,0,0.0007222465683370587
30,0,4,2,2,2,20.994999885559082,30.0,11.99,0,0,0.00018150374797085825
28,0,4,4,1,2,27.97499990463257,50.0,5.95,0,0,0.000830928789474206
67,0,3,4,1,1,40.0,40.0,40.0,0,0,0.00010346858332867098
27,1,4,4,2,2,20.329999923706055,24.0,17.0,0,0,0.001749660404219709
54,0,4,4,1,1,29.0,29.0,29.0,0,0,3.890360199090018e-05
30,0,7,0,3,3,36.987999725341794,76.0,8.0,1,0,0.21390331381555583
60,1,13,4,1,2,32.4950008392334,36.99,28.0,0,0,0.0004851544303231972
27,0,4,3,1,1,40.75,40.75,40.75,0,0,1.7941204296135235e-05
31,0,4,2,1,1,11.989999771118164,11.99,11.99,0,0,1.968289985955307e-05
50,1,12,4,2,3,40.36333338419596,59.5,30.0,0,0,0.08820321855795697
21,1,13,4,3,2,68.60999941825867,95.0,11.95,1,1,0.7679090075968095
28,0,4,4,1,4,68.9424991607666,100.96,30.98,1,1,0.9668056703140476
33,0,6,4,1,1,50.0,50.0,50.0,0,0,0.00015729787740685164
16,0,4,4,2,2,62.739999771118164,114.5,10.98,0,0,0.2686018884905168
62,1,13,4,1,3,50.077500343322754,60.37,24.95,1,0,0.3496235977549877
49,1,13,1,2,2,99.49499893188477,109.0,89.99,1,1,0.9953643608224269
46,1,6,0,2,4,86.47499942779541,124.95,63.95,1,1,0.9998574533595784
49,1,2,4,1,1,13.729999542236328,13.73,13.73,0,0,8.38068749601134e-06
55,1,13,4,1,4,54.7450008392334,104.0,23.0,1,1,0.9489039143042466
64,0,13,4,1,2,65.5,66.0,65.0,0,0,0.03166306533868738
50,1,4,4,1,1,27.989999771118164,27.99,27.99,0,0,8.38068749601134e-06
31,1,10,4,1,1,31.989999771118164,31.99,31.99,0,0,4.067142692323414e-06
36,1,4,1,1,1,19.5,19.5,19.5,0,0,3.2664699712926596e-06
68,1,3,3,2,4,68.49250030517578,159.0,36.95,1,1,0.9994143403700236
40,1,13,4,1,1,109.94999694824219,109.95,109.95,0,0,0.013878282376632401
15,0,3,4,1,2,68.56499910354614,124.99,12.14,0,0,0.22165853292869778
64,0,4,4,1,2,34.99499988555908,48.0,21.99,0,0,0.002804909990517293
47,1,4,4,1,3,105.71000003814697,219.5,8.63,1,1,0.9996194161264437
16,0,4,0,1,1,49.5,49.5,49.5,0,0,7.242537956811686e-05
57,1,3,4,1,1,125.0,125.0,125.0,0,0,0.011301172300908444
27,1,4,4,1,1,39.9900016784668,39.99,39.99,0,0,2.661319958499051e-05
53,0,13,0,3,6,55.971666971842446,167.5,10.34,1,1,0.9984061771818941
55,0,6,4,1,3,81.33000055948894,112.5,41.99,1,1,0.9668517509842753
65,1,3,3,1,2,18.494999885559082,25.0,11.99,0,0,0.0014504108828001783
70,0,13,4,1,2,44.86500072479248,73.15,16.58,0,0,0.04631009692815899
36,0,4,4,2,2,27.475000381469727,29.95,25.0,0,0,0.0006165372497292647
24,0,4,4,4,4,53.596000289916994,120.0,14.99,1,1,0.9974142196298165
34,0,3,3,1,2,32.97000026702881,43.95,21.99,0,0,0.0005525173225760735
66,0,4,4,1,1,90.0,90.0,90.0,0,0,0.003259341766409399
65,0,3,3,1,2,31.9950008392334,38.99,25.0,0,0,0.0003988697276856156
70,1,4,4,1,3,45.4966672261556,74.5,27.0,0,1,0.51530434728016
53,0,4,4,2,3,29.47333335876465,49.5,13.42,0,0,0.006434801539486525
16,1,3,4,1,1,25.600000381469727,25.6,25.6,0,0,3.2664699712926596e-06
32,1,4,4,1,1,49.9900016784668,49.99,49.99,0,0,0.00032388434056534283
46,0,4,4,1,2,49.99499988555908,89.0,10.99,0,0,0.10623210949673302
44,0,6,4,1,1,9.670000076293945,9.67,9.67,0,0,2.5029540387088356e-05
21,1,13,4,1,1,76.98999786376953,76.99,76.99,0,0,0.0004870448175662709
12,0,0,4,1,2,24.994999885559082,27.99,22.0,0,0,0.0008760953094341427
57,0,4,4,1,2,41.49499988555908,68.0,14.99,0,0,0.00861213488565129
32,1,10,4,2,2,28.7450008392334,43.99,13.5,0,0,0.0029312576568099368
44,1,11,3,1,1,25.0,25.0,25.0,0,0,2.5314485649881535e-05
52,1,4,4,2,2,42.25,62.0,22.5,0,0,0.008443254505468236
57,0,3,4,1,1,132.66000366210938,132.66,132.66,0,0,0.011979340451072953
54,1,7,4,2,3,134.04333368937174,320.0,27.95,1,1,0.999631790543599
23,0,13,4,1,2,27.600000381469727,35.0,20.2,0,0,0.0006746529275047503
19,0,10,4,2,2,219.4950008392334,399.0,39.99,1,1,0.9987319957334886
60,1,4,4,1,3,33.54000027974447,44.63,17.99,0,0,0.009316788237591285
40,0,0,4,1,2,78.5,132.0,25.0,0,0,0.2058734411511063
52,0,3,4,2,2,51.994998931884766,65.99,38.0,0,0,0.01594495668679511
69,0,4,4,2,2,64.99499893188477,116.99,13.0,0,0,0.2982298377569455
28,1,13,4,2,3,38.85400047302246,97.3,15.99,1,0,0.41663367589664807
59,0,13,4,1,1,25.0,25.0,25.0,0,0,1.968289985955307e-05
25,1,3,2,1,2,127.56999969482422,230.14,25.0,1,1,0.9986737040581656
25,1,4,3,3,4,51.38800048828125,63.95,25.0,1,1,0.9690844250297999
15,1,13,4,2,4,109.10000324249268,325.95,21.0,1,1,0.9997887783575679
23,0,3,3,1,4,42.2475004196167,78.0,25.0,0,0,0.21736362659591987
62,0,7,4,1,2,18.994999885559082,19.99,18.0,0,0,0.0004174998878686588
48,1,13,2,1,1,146.05999755859375,146.06,146.06,0,0,0.00793031470787387
68,0,13,1,1,2,193.5,328.0,59.0,1,1,0.9999607657338881
45,0,4,4,1,1,14.59000015258789,14.59,14.59,0,0,2.5029540387088356e-05
32,0,4,2,4,8,58.726999282836914,131.43,11.41,1,1,0.9995021735716128
31,0,9,4,2,3,52.68666776021322,98.08,19.99,0,1,0.5371133032392551
25,0,4,3,1,1,9.989999771118164,9.99,9.99,0,0,1.968289985955307e-05
24,0,13,4,2,3,52.62999979654948,109.0,15.0,0,1,0.5298841339352214
64,0,7,4,1,1,109.98999786376953,109.99,109.99,0,0,0.00924240917238131
70,1,8,1,1,1,39.5,39.5,39.5,0,0,2.4335676915812405e-05
34,1,4,4,1,2,33.97000026702881,49.95,17.99,0,0,0.0004120563550935589
70,1,10,4,2,2,64.3849983215332,88.77,40.0,0,0,0.3114786345771294
43,1,6,4,1,1,600.0,600.0,600.0,1,1,1.0
12,0,4,4,2,2,53.060001373291016,85.12,21.0,0,0,0.10356389947536089
16,1,4,4,2,3,30.916000366210938,45.0,19.59,0,0,0.002392547609018003
16,0,3,4,1,1,35.2599983215332,35.26,35.26,0,0,2.4917948482181724e-05
20,0,3,4,4,4,57.179999351501465,99.0,15.0,1,1,0.9981256935660443
29,1,4,2,1,1,36.2400016784668,36.24,36.24,0,0,1.1955049015701636e-06
15,1,4,4,1,1,28.5,28.5,28.5,0,0,3.2664699712926596e-06
53,1,13,4,1,1,149.5,149.5,149.5,0,0,0.006127846665676769
35,1,4,2,1,2,68.53499984741211,87.57,49.5,0,0,0.13378518073189785
40,1,4,0,1,1,25.0,25.0,25.0,0,0,3.2664699712926596e-06
60,0,3,4,1,1,183.05999755859375,183.06,183.06,1,1,1.0
58,1,13,3,2,3,31.190000534057617,49.99,19.99,0,0,0.03616529172988716
38,0,4,4,1,1,13.949999809265137,13.95,13.95,0,0,1.968289985955307e-05
69,1,10,4,1,1,20.84000015258789,20.84,20.84,0,0,0.00017096285125990676
16,0,13,2,1,1,129.99000549316406,129.99,129.99,0,0,0.007431837529643365
20,1,4,4,3,4,80.68999938964843,169.95,16.75,1,1,0.9998501667029924
31,0,4,4,1,1,14.989999771118164,14.99,14.99,0,0,1.968289985955307e-05
24,0,10,2,1,1,62.0,62.0,62.0,0,0,8.497905223351542e-05
41,0,13,3,1,1,16.860000610351562,16.86,16.86,0,0,1.968289985955307e-05
34,1,4,3,1,1,117.98999786376953,117.99,117.99,0,0,0.0192818714191464
32,0,6,4,1,2,18.994999885559082,24.99,13.0,0,0,0.0005074491122481668
27,1,13,4,1,1,25.0,25.0,25.0,0,0,2.6355233439738017e-05
43,0,4,3,1,1,10.949999809265137,10.95,10.95,0,0,2.5029540387088356e-05
46,1,4,4,1,1,214.0,214.0,214.0,1,1,1.0
36,1,3,4,2,3,24.296667098999023,25.95,21.94,0,0,0.0020995958583982337
33,0,3,4,1,1,9.960000038146973,9.96,9.96,0,0,1.968289985955307e-05
50,1,3,3,2,2,54.60499954223633,59.71,49.5,0,0,0.02366059692839872
40,1,4,2,1,2,241.27499961853027,429.0,53.55,1,1,1.0
45,1,4,4,2,5,77.2319995880127,204.95,22.47,1,1,0.9980413749008891
51,1,7,4,2,2,63.369998931884766,89.99,36.75,0,0,0.269272226623395
65,1,4,4,2,2,95.4749984741211,121.0,69.95,1,1,0.995662453224653
66,0,3,4,1,1,119.44999694824219,119.45,119.45,0,0,0.006106168672663879
49,0,4,3,1,2,59.96999931335449,69.99,49.95,0,0,0.08510117875400641
67,0,2,3,1,1,130.0,130.0,130.0,0,0,0.008741529910151424
50,0,11,4,2,2,102.0,140.0,64.0,1,1,0.9938572318409372
21,0,4,4,1,1,29.0,29.0,29.0,0,0,3.355696146336489e-05
19,1,4,0,3,3,25.670000553131104,32.95,16.04,0,0,0.010773285646263415
32,1,3,4,1,1,25.0,25.0,25.0,0,0,0.00019807166477648751
18,1,4,4,2,2,59.99499988555908,90.0,29.99,0,0,0.25812663766011784
65,0,4,1,1,1,25.0,25.0,25.0,0,0,3.273964061839139e-05
39,1,13,4,1,1,80.0,80.0,80.0,0,0,0.001121422137410352
66,0,12,2,2,2,19.0,28.0,10.0,0,0,0.0004171904514362087
64,0,13,4,1,1,66.0,66.0,66.0,0,0,0.0005032885216701078
28,1,4,4,1,1,575.0,575.0,575.0,1,1,1.0
42,0,13,4,1,1,32.97999954223633,32.98,32.98,0,0,1.02311040648322e-05
47,1,7,4,2,3,61.553332010904946,137.7,16.97,1,1,0.9955275568336969
59,0,10,4,1,2,101.0,137.0,65.0,1,1,0.9934147096538132
53,1,4,4,1,1,218.0,218.0,218.0,1,1,1.0
60,1,4,4,3,6,39.79166634877523,99.99,16.99,1,1,0.974754768670945
13,0,13,1,1,1,49.9900016784668,49.99,49.99,0,0,0.0005795458003174823
57,0,4,4,1,1,64.98999786376953,64.99,64.99,0,0,0.0005268010071410796
23,0,6,4,1,1,14.989999771118164,14.99,14.99,0,0,1.968289985955307e-05
24,0,4,4,2,3,38.68999989827474,68.0,17.9,0,0,0.09119044639623883
59,1,0,3,1,1,25.0,25.0,25.0,0,0,8.38068749601134e-06
18,0,4,4,1,1,31.989999771118164,31.99,31.99,0,0,2.4917948482181724e-05
41,0,4,1,2,2,69.9950008392334,80.0,59.99,0,0,0.09476248989316179
49,0,13,4,1,2,28.290000438690186,44.63,11.95,0,0,0.0015170475641392742
50,0,3,4,3,4,83.71499919891357,178.0,29.0,1,1,0.999971487401704
29,0,13,2,1,3,37.146666844685875,49.95,22.99,0,0,0.012002522163950778
47,0,12,4,3,4,49.804999589920044,89.45,15.28,1,1,0.9867974549617564
21,0,2,4,1,1,28.34000015258789,28.34,28.34,0,0,1.968289985955307e-05
25,1,4,4,1,3,51.29249906539917,89.0,14.99,1,1,0.6445328736405388
54,0,4,3,1,1,18.0,18.0,18.0,0,0,2.5029540387088356e-05
34,0,13,4,4,9,44.4450005531311,129.6,10.0,1,1,0.9985839612710283
53,1,4,0,1,1,133.0,133.0,133.0,0,0,0.0213982693996168
24,0,4,3,1,2,91.00500106811523,127.51,54.5,1,1,0.9857682695355934
27,0,7,4,2,2,51.98999881744385,89.99,13.99,0,0,0.07970701158285082
12,1,4,4,1,2,58.5,95.0,22.0,0,0,0.185740322748958
27,0,11,4,1,1,58.95000076293945,58.95,58.95,0,0,0.00031849482380226876
22,1,10,4,2,5,110.01800003051758,230.14,11.0,1,1,0.9998713142437933
38,1,11,4,1,1,54.0,54.0,54.0,0,0,0.00021897957843138832
56,1,13,4,1,2,67.24499893188477,69.5,64.99,0,0,0.040070726401029315
60,0,10,4,2,2,94.5,100.0,89.0,1,1,0.9905272255288695
48,1,4,3,1,1,14.0,14.0,14.0,0,0,8.38068749601134e-06
48,0,3,1,1,2,55.5,72.0,39.0,0,0,0.021846192714597774
69,0,12,4,1,2,29.954999923706055,29.98,29.93,0,0,0.0008222203656636268
51,0,7,4,2,3,15.663333257039389,25.0,7.99,0,0,0.0005388541623961054
43,1,11,4,1,3,38.41000111897787,39.99,36.75,0,0,0.027782573968466683
26,1,3,4,1,1,44.9900016784668,44.99,44.99,0,0,0.00028963893638670715
24,1,13,1,2,6,60.42428575243269,98.0,13.03,1,1,0.9859072123065554
70,0,11,4,2,2,132.49499988555908,258.0,6.99,1,1,0.9878920831450237
30,0,13,4,3,5,76.2080005645752,148.58,21.99,1,1,0.9999971695442966
41,0,13,4,2,3,55.42333443959554,89.37,14.95,0,1,0.5251127128744743
38,1,4,4,2,4,66.52399940490723,193.95,9.85,1,1,0.9988886924826511
27,1,13,4,2,2,39.39999961853027,49.8,29.0,0,0,0.0025154417927583266
38,1,10,4,1,1,142.39999389648438,142.4,142.4,0,0,0.003027628738156112
18,1,4,4,2,5,60.31833299001058,155.0,19.99,1,1,0.998827418444342
31,0,12,3,1,1,33.0,33.0,33.0,0,0,1.7941204296135235e-05
56,0,4,4,2,2,109.90499877929688,130.0,89.81,1,1,0.9989686062866755
45,1,13,4,1,2,99.98500061035156,99.99,99.98,1,1,0.9022736277229454
70,1,10,4,2,3,60.996665954589844,79.99,28.0,1,1,0.8993015505016256
44,0,4,2,1,1,52.59000015258789,52.59,52.59,0,0,0.0002452627553725774
60,0,4,4,1,1,24.989999771118164,24.99,24.99,0,0,3.273964061839139e-05
32,1,3,4,3,3,131.61000061035156,204.95,29.5,1,1,0.9993944340508364
40,1,6,3,1,1,22.0,22.0,22.0,0,0,2.5314485649881535e-05
46,0,10,0,2,3,31.660000483194988,36.0,23.99,0,0,0.0031063364450962592
55,0,8,4,1,2,33.47000026702881,38.95,27.99,0,0,0.0005222664441017378
17,0,10,3,3,2,93.66333389282227,158.0,32.99,1,1,0.998811082523845
12,1,6,4,2,2,28.5,32.0,25.0,0,0,0.0006209324882313832
12,1,13,4,1,1,10.0,10.0,10.0,0,0,2.0709650697224966e-06
58,0,6,4,1,2,98.47500038146973,179.0,17.95,1,1,0.9910393278915264
55,1,4,4,2,3,63.26666768391927,88.0,30.0,1,1,0.9659381950362281
20,1,13,4,2,2,47.224998474121094,69.99,24.46,0,0,0.035257902575400527
32,0,3,3,1,1,29.989999771118164,29.99,29.99,0,0,1.5069566505381985e-05
19,0,3,4,2,2,21.550000190734863,25.9,17.2,0,0,0.0009834102280268037
27,0,13,4,1,4,70.88749980926514,149.0,12.0,1,1,0.9889740576213061
28,0,4,4,2,4,32.11749982833862,79.5,10.99,0,0,0.18134676854144532
68,0,0,4,1,3,47.99666659037272,68.0,9.99,0,0,0.36892721738506123
37,1,13,2,1,1,49.9900016784668,49.99,49.99,0,0,7.47723054080635e-05
16,0,0,4,1,1,14.989999771118164,14.99,14.99,0,0,1.968289985955307e-05
28,0,4,4,1,1,128.0,128.0,128.0,0,0,0.004435732118161924
22,1,4,2,2,5,74.53800086975097,148.69,22.76,1,1,0.9971488121258387
31,1,4,3,3,3,23.65999984741211,39.44,11.25,0,0,0.0010504719865087702
64,0,4,4,2,3,39.643333435058594,68.0,25.0,0,0,0.11907175063035565
33,0,4,4,1,1,13.640000343322754,13.64,13.64,0,0,1.968289985955307e-05
69,1,13,4,2,2,49.4950008392334,49.99,49.0,0,0,0.026733895360625235
41,0,11,4,1,1,12.0,12.0,12.0,0,0,2.5029540387088356e-05
14,0,13,4,3,4,56.22500038146973,114.5,6.41,1,1,0.9859513173246178
38,1,4,0,1,1,25.0,25.0,25.0,0,0,3.2664699712926596e-06
66,0,13,4,1,1,69.5,69.5,69.5,0,0,0.00048455072418403835
24,1,13,4,1,1,19.649999618530273,19.65,19.65,0,0,2.6355233439738017e-05
64,1,4,4,1,4,139.2725009918213,334.13,26.0,1,1,0.999959523560063
47,1,13,4,1,1,185.0,185.0,185.0,1,1,1.0
30,1,4,4,2,5,38.092000579833986,75.47,25.0,1,1,0.9142972617474237
23,0,11,1,1,2,165.0,308.0,22.0,1,1,0.9928879962614799
27,1,13,2,1,1,89.98999786376953,89.99,89.99,0,0,0.007121765075842624
48,0,11,4,4,4,55.702499866485596,122.82,12.0,1,1,0.9977598678778672
55,0,8,4,1,2,26.974998950958252,43.76,10.19,0,0,0.00032119573137791307
13,0,13,4,1,4,51.99499988555908,125.0,17.99,1,1,0.9692803194689005
57,0,12,4,3,5,38.78999980290731,161.0,8.87,1,1,0.9856550779810381
46,0,13,4,1,3,58.23333231608073,69.95,44.0,1,1,0.8534510044797391
31,0,4,4,1,1,17.989999771118164,17.99,17.99,0,0,1.968289985955307e-05
61,0,6,4,1,2,44.484999656677246,69.0,19.97,0,0,0.0442377723839575
20,0,13,4,1,1,111.36000061035156,111.36,111.36,0,0,0.012387872795544437
47,0,13,3,1,1,55.9900016784668,55.99,55.99,0,0,0.00020473486189392972
29,0,4,3,2,2,51.25,90.0,12.5,0,0,0.08675318171406485
15,0,13,4,1,2,24.0,30.0,18.0,0,0,0.0007872788040625152
54,0,3,4,1,2,14.809999942779541,19.99,9.63,0,0,0.0011119918147284955
29,1,4,4,1,1,102.98999786376953,102.99,102.99,0,0,0.00829923490786379
22,0,7,4,2,5,54.18999977111817,103.96,14.99,1,1,0.9668497445981078
54,0,13,3,1,1,10.5,10.5,10.5,0,0,1.968289985955307e-05
58,0,4,2,1,1,24.0,24.0,24.0,0,0,2.5029540387088356e-05
20,0,3,4,1,1,25.0,25.0,25.0,0,0,6.160052574650034e-05
44,1,4,4,1,1,50.0,50.0,50.0,0,0,0.000266903913796224
28,1,4,3,1,1,36.0,36.0,36.0,0,0,4.067142692323414e-06
14,1,4,4,3,4,65.61249923706055,89.5,25.0,1,1,0.9970334950012952
34,1,10,4,1,1,499.989990234375,499.99,499.99,1,1,1.0
70,0,13,1,1,1,98.0,98.0,98.0,0,0,0.00868461107168315
22,1,3,4,3,3,43.66333325703939,69.0,30.0,0,0,0.4574140260278059
63,0,4,3,1,1,7.010000228881836,7.01,7.01,0,0,4.835768968724385e-05
62,0,3,4,2,2,63.83000183105469,91.16,36.5,0,0,0.24858434073702732
65,0,4,4,1,1,316.6000061035156,316.6,316.6,1,1,1.0
62,1,13,4,1,1,24.0,24.0,24.0,0,0,0.00017787038495488934
63,1,13,4,2,3,26.233333587646484,49.95,13.75,0,0,0.007885041591565094
52,1,12,4,3,4,35.697500228881836,44.99,27.8,0,0,0.27110060325366614
56,0,11,4,1,1,16.0,16.0,16.0,0,0,2.5029540387088356e-05
12,0,4,4,1,1,42.0,42.0,42.0,0,0,1.6745699394565072e-05
45,1,4,3,1,2,45.23500061035156,53.48,36.99,0,0,0.0050192303819181425
14,0,10,2,1,1,96.0,96.0,96.0,0,0,0.00926123732482814
56,0,4,4,3,4,55.452500343322754,130.0,26.45,1,1,0.9939233046556285
22,0,13,4,1,1,196.0,196.0,196.0,1,1,1.0
38,1,4,4,2,3,70.66333516438802,169.99,15.0,1,1,0.9985156707576095
27,1,6,4,1,1,48.650001525878906,48.65,48.65,0,0,0.00022943771106382813
13,1,4,4,1,1,198.0,198.0,198.0,1,1,1.0
50,1,4,4,1,1,276.32000732421875,276.32,276.32,1,1,1.0
56,1,3,3,2,4,28.6939998626709,70.0,12.99,0,0,0.14874192245499082
20,1,7,4,2,3,23.326666514078777,29.99,14.99,0,0,0.0030395154316368556
20,0,4,3,3,5,39.70857129778181,119.99,10.0,1,1,0.9864880025682083
31,1,4,4,1,1,36.34000015258789,36.34,36.34,0,0,4.067142692323414e-06
37,0,4,0,1,1,28.68000030517578,28.68,28.68,0,0,2.739300009085611e-05
23,0,4,4,1,3,53.23750019073486,140.0,15.0,1,1,0.8270226055935619
22,1,3,4,1,1,134.99000549316406,134.99,134.99,0,0,0.005386393734352583
14,1,13,4,1,2,54.7450008392334,59.99,49.5,0,0,0.02328891434699614
58,0,4,4,3,5,50.25,89.0,25.0,1,1,0.9900615013611523
42,1,0,4,1,1,23.559999465942383,23.56,23.56,0,0,8.38068749601134e-06
13,0,13,4,1,4,63.50000023841858,169.0,14.14,1,1,0.9981053500477044
34,0,10,4,1,1,19.989999771118164,19.99,19.99,0,0,1.968289985955307e-05
31,1,10,3,2,2,140.80000019073486,268.0,13.6,1,1,0.9944031069285593
58,0,4,4,1,1,11.989999771118164,11.99,11.99,0,0,2.5029540387088356e-05
41,1,13,4,1,2,47.0,69.0,25.0,0,0,0.02809179998420584
49,1,4,2,2,3,36.313334147135414,49.99,24.95,0,0,0.04401133904870286
32,0,13,2,1,1,79.0,79.0,79.0,0,0,0.0018672810957179773
51,0,4,1,1,1,54.0,54.0,54.0,0,0,0.00023735803527492611
54,0,4,4,1,1,59.5,59.5,59.5,0,0,0.0009245276155091806
24,1,4,4,1,2,72.1349983215332,81.27,63.0,0,0,0.06112979662442211
27,1,7,4,2,2,144.9950008392334,245.0,44.99,1,1,0.9996987458636665
57,1,4,4,1,1,25.0,25.0,25.0,0,0,8.38068749601134e-06
47,0,10,4,1,4,71.19250106811523,136.27,6.5,1,1,0.9694393367965678
68,0,6,4,1,3,155.92749977111816,259.0,25.0,1,1,0.996964742704545
20,1,3,4,1,1,54.95000076293945,54.95,54.95,0,0,0.0002140626321617779
52,1,4,4,2,2,68.94000053405762,87.89,49.99,0,0,0.23572977941051998
57,0,3,4,1,3,26.28000005086263,34.95,19.99,0,0,0.0029456777110764467
14,0,13,4,1,1,12.989999771118164,12.99,12.99,0,0,1.848739495798291e-05
31,1,4,4,1,1,79.5,79.5,79.5,0,0,0.001397124093356618
46,0,3,3,1,1,168.0,168.0,168.0,0,0,0.006359909762437811
37,1,12,4,1,3,46.022499561309814,107.99,22.1,1,1,0.6904935016151338
34,1,13,3,1,4,43.35000038146973,65.0,20.0,1,1,0.9459831624704803
63,0,4,4,1,1,34.0,34.0,34.0,0,0,4.661599412382602e-05
31,0,3,4,1,1,26.0,26.0,26.0,0,0,6.160052574650034e-05
40,0,4,4,1,1,37.0,37.0,37.0,0,0,2.3287844823670516e-05
51,0,13,4,1,1,23.989999771118164,23.99,23.99,0,0,5.3890425515197304e-05
40,0,4,4,2,3,39.16000111897787,73.48,19.0,0,0,0.14451738611525217
58,0,4,3,1,1,43.97999954223633,43.98,43.98,0,0,0.0001922347090073419
70,1,4,4,1,1,69.0,69.0,69.0,0,0,0.0006350995546325879
42,0,4,4,1,1,120.0,120.0,120.0,0,0,0.005227521016040931
38,1,13,4,1,1,31.950000762939453,31.95,31.95,0,0,4.920392183935764e-05
15,0,11,4,1,1,25.989999771118164,25.99,25.99,0,0,6.160052574650034e-05
22,0,8,4,1,1,14.970000267028809,14.97,14.97,0,0,1.968289985955307e-05
17,0,7,4,1,4,45.18750071525574,97.8,15.45,1,1,0.9638746379011224
59,0,13,1,1,1,44.97999954223633,44.98,44.98,0,0,8.996666426167458e-05
47,1,13,4,1,2,29.984999656677246,42.98,16.99,0,0,0.0008522546141846607
26,0,4,1,1,1,7.989999771118164,7.99,7.99,0,0,1.968289985955307e-05
32,1,4,4,1,2,36.23500061035156,68.97,3.5,0,0,0.010658164292580612
27,0,13,4,1,1,85.0,85.0,85.0,0,0,0.0028773553199057376
54,1,12,4,2,2,69.22999954223633,69.5,68.96,0,0,0.05141769776283787
58,1,4,3,1,1,149.99000549316406,149.99,149.99,0,0,0.006674929798537111
54,1,10,4,1,2,56.0,98.0,14.0,0,0,0.13163931631300035
33,0,12,3,2,2,70.5,88.0,53.0,0,0,0.1488874690365739
35,0,6,4,1,2,29.494999885559082,44.0,14.99,0,0,0.000591132693892442
25,1,0,4,2,3,127.36666425069173,269.99,27.99,1,1,0.9995391026562516
16,0,12,4,2,3,60.02333386739095,127.08,25.0,1,1,0.9925335260110633
30,0,4,4,2,5,68.65000038146972,118.26,26.99,1,1,0.9821548548786455
60,0,3,4,1,1,149.0,149.0,149.0,0,0,0.007470146520948663
36,0,13,4,1,1,60.0,60.0,60.0,0,0,0.0008606130711234525
67,1,10,4,2,2,31.7450008392334,34.99,28.5,0,0,0.010086943583558928
70,1,4,4,2,2,51.86999988555908,78.75,24.99,0,0,0.07391634772502323
27,1,10,4,2,4,47.109999656677246,89.99,24.95,1,1,0.9585451659325002
12,0,3,3,1,1,24.950000762939453,24.95,24.95,0,0,5.269492061362714e-05
36,0,4,4,3,5,21.995999908447267,31.98,11.01,0,0,0.015787088167013824
21,0,4,4,1,1,64.80000305175781,64.8,64.8,0,0,0.00039167122638430715
46,1,4,4,2,2,28.225000381469727,29.5,26.95,0,0,0.0005746107208180751
43,1,0,3,3,2,13.633333206176758,17.0,9.0,0,0,0.005463168663796853
58,0,3,4,1,2,27.365000009536743,50.0,4.73,0,0,0.0004135006242805416
41,1,13,4,1,1,23.530000686645508,23.53,23.53,0,0,4.840324911832688e-05
18,1,4,4,1,1,59.9900016784668,59.99,59.99,0,0,0.0002556640476252624
40,0,4,4,1,1,49.0,49.0,49.0,0,0,0.0002546280409487796
32,1,4,4,1,1,39.5,39.5,39.5,0,0,0.00020583127973829773
62,1,10,4,1,1,129.0,129.0,129.0,0,0,0.008557471765588446
53,0,4,2,1,2,48.760000228881836,60.57,36.95,0,0,0.012407552381438758
31,1,4,4,1,2,157.96999549865723,265.99,49.95,1,1,1.0
50,0,4,4,2,2,88.30499839782715,141.62,34.99,1,1,0.9825549405270615
41,0,13,4,1,2,41.489999771118164,59.0,23.98,0,0,0.004840620413637831
21,0,7,4,1,2,22.44499969482422,25.9,18.99,0,0,0.0007134807329312403
70,1,3,4,2,2,30.9950008392334,36.99,25.0,0,0,0.0007282495667734572
25,0,13,4,1,1,69.5,69.5,69.5,0,0,0.0004052520930575811
16,0,3,3,1,1,62.0,62.0,62.0,0,0,0.00021424247370131985
35,1,4,3,1,1,52.0,52.0,52.0,0,0,0.0003882186612144809
48,0,4,4,1,1,35.0,35.0,35.0,0,0,2.3287844823670516e-05
29,1,10,4,1,1,18.0,18.0,18.0,0,0,3.2664699712926596e-06
47,0,4,4,1,1,32.0,32.0,32.0,0,0,2.3287844823670516e-05
63,0,4,3,1,1,28.969999313354492,28.97,28.97,0,0,6.223175129105567e-05
69,1,3,0,1,3,39.826667149861656,54.5,19.99,0,0,0.04552521537546965
66,1,11,3,1,1,30.709999084472656,30.71,30.71,0,0,0.0001717635239809375
68,1,6,2,2,2,34.14666748046875,39.99,22.5,0,0,0.0014759160646057117
55,0,13,4,1,1,44.0,44.0,44.0,0,0,0.00016422921831991952
40,0,13,1,1,1,29.950000762939453,29.95,29.95,0,0,7.359466274078951e-06
46,1,3,2,1,1,26.989999771118164,26.99,26.99,0,0,8.38068749601134e-06
58,0,3,0,1,1,193.5,193.5,193.5,1,1,1.0
50,1,4,3,1,1,49.79999923706055,49.8,49.8,0,0,0.00014935719594293917
49,1,3,4,1,1,20.229999542236328,20.23,20.23,0,0,8.38068749601134e-06
32,0,4,4,1,4,27.68250012397766,43.79,11.45,0,0,0.002458519108677325
35,1,4,4,2,3,21.446666717529297,43.95,5.99,0,0,0.0008459908184415384
21,0,3,4,2,1,40.66500186920166,69.23,12.1,0,0,0.021098269442823666
19,0,13,4,2,2,32.53000068664551,49.99,15.07,0,0,0.004158404404564572
69,1,4,4,1,2,72.37499856948853,130.81,13.94,0,0,0.21929196145317068
31,1,4,4,2,2,25.5,26.0,25.0,0,0,0.00046287671229298895
61,1,4,4,4,7,89.06111187405057,299.0,10.0,1,1,0.9999343520886648
46,1,4,4,2,3,42.99333381652832,54.0,24.99,0,0,0.1952815852410995
39,1,4,4,1,2,90.10000038146973,155.0,25.2,1,1,0.9993727754858007
19,1,4,3,3,5,49.49799995422363,138.0,19.99,1,1,0.9974960094694073
56,1,11,3,3,3,27.99749994277954,40.0,13.99,0,0,0.01277399616178274
36,0,12,4,1,1,59.9900016784668,59.99,59.99,0,0,0.0005113545937861571
52,1,3,4,1,1,145.0,145.0,145.0,0,0,0.003745254162297844
36,1,0,4,1,1,130.0,130.0,130.0,0,0,0.008250156366694673
69,1,13,4,1,3,49.97749996185303,69.99,34.99,1,0,0.4159923412077689
66,0,10,2,1,1,180.0,180.0,180.0,1,1,1.0
63,0,13,3,1,2,23.114999771118164,32.0,14.23,0,0,0.00022704993535918312
29,0,4,4,1,1,48.0,48.0,48.0,0,0,0.0002492814004212443
35,1,4,4,1,1,24.989999771118164,24.99,24.99,0,0,8.38068749601134e-06
32,1,13,4,1,1,7.5,7.5,7.5,0,0,4.840324911832688e-05
49,1,4,4,1,2,137.26999521255493,259.99,14.55,1,1,0.9949792703995574
51,0,8,4,2,2,97.15999984741211,215.0,26.98,1,1,0.9989884832746745
42,0,6,4,1,2,36.2450008392334,59.99,12.5,0,0,0.0045778783283695725
62,0,4,0,2,3,63.14999980926514,124.5,14.46,1,1,0.9820454113941799
21,1,13,3,1,1,99.5,99.5,99.5,0,0,0.011784711396204215
64,1,4,4,2,2,27.94499969482422,36.0,19.89,0,0,0.0008081308739067116
54,0,4,4,3,3,38.63333320617676,50.0,29.9,0,0,0.053623494819382334
35,1,4,4,1,1,69.44999694824219,69.45,69.45,0,0,0.0005023320273382464
64,0,8,3,1,1,32.900001525878906,32.9,32.9,0,0,2.3287844823670516e-05
25,1,4,3,1,1,22.399999618530273,22.4,22.4,0,0,3.2664699712926596e-06
54,0,4,4,2,2,26.890000820159912,39.99,13.79,0,0,0.0006725265394768757
63,1,7,4,4,5,39.994285583496094,75.0,24.99,1,1,0.9371628443660999
42,1,4,4,2,2,65.15333429972331,109.5,37.97,1,0,0.3392038759600953
31,0,4,3,2,4,62.81749951839447,132.5,6.78,1,1,0.9837075229688342
18,1,4,3,1,1,49.5,49.5,49.5,0,0,5.374047333410317e-05
25,0,4,4,2,5,53.99599990844727,69.99,34.99,1,1,0.9468984871969929
60,1,4,4,1,1,25.0,25.0,25.0,0,0,8.38068749601134e-06
27,1,4,4,4,4,43.65600032806397,98.0,12.38,1,1,0.9884022691077942
47,0,13,4,1,3,58.10499906539917,119.95,5.49,1,1,0.9644900786373098
20,1,4,4,2,3,47.24666659037272,108.0,16.24,0,1,0.6033413854845214
69,0,3,4,1,1,26.100000381469727,26.1,26.1,0,0,2.739300009085611e-05
23,0,7,4,2,1,37.75,44.0,31.5,0,0,0.0018252615378595192
24,1,3,4,2,2,23.725000381469727,24.95,22.5,0,0,0.00039636433520668805
63,0,13,4,1,3,90.74499988555908,299.0,10.0,1,1,0.9989522857848734
44,1,13,4,1,1,46.0,46.0,46.0,0,0,0.00018615024402351282
60,0,3,4,1,1,27.954999923706055,40.91,15.0,0,0,2.5029540387088356e-05
23,1,10,0,1,2,61.5,75.0,48.0,0,0,0.10364608857715768
56,1,4,4,2,3,48.375,60.0,30.0,1,0,0.3904826294775123
29,1,13,4,1,1,19.950000762939453,19.95,19.95,0,0,2.6355233439738017e-05
18,1,13,3,1,1,56.0,56.0,56.0,0,0,0.00014819466744704564
36,0,4,4,2,3,19.49333318074544,24.5,15.99,0,0,0.0018700729553630241
38,1,13,3,1,2,76.88000011444092,145.0,8.76,0,0,0.24341561458193822
68,1,13,4,4,5,49.96999907493591,97.95,11.99,1,1,0.9894982174297433
52,1,12,4,1,1,39.5,39.5,39.5,0,0,7.372450711575682e-05
16,1,13,4,1,2,35.59499931335449,46.69,24.5,0,0,0.006475646161836709
17,0,12,4,2,4,67.85799999237061,111.0,15.31,1,1,0.9859175000138276
44,0,4,4,2,2,50.34499979019165,86.0,14.69,0,0,0.0825151432633462
33,1,7,4,2,2,49.5,75.0,24.0,0,0,0.05305026402453358
34,0,13,4,1,1,79.0,79.0,79.0,0,0,0.0017455756250518407
63,1,11,3,2,2,38.970001220703125,39.99,37.95,0,0,0.0013629565941357211
70,0,3,4,1,1,53.97999954223633,53.98,53.98,0,0,0.0002942098735582423
62,1,4,4,1,1,29.950000762939453,29.95,29.95,0,0,0.00023221333688411977
48,1,13,4,1,2,50.0,60.0,40.0,0,0,0.015565298475773558
44,1,4,4,1,1,130.0,130.0,130.0,0,0,0.0045744659800291635
60,1,3,4,2,2,53.47500038146973,69.0,37.95,0,0,0.026048454169240735
47,1,4,4,3,4,99.02399787902831,236.98,13.49,1,1,0.9997814250043017
59,0,13,1,1,1,5.989999771118164,5.99,5.99,0,0,1.968289985955307e-05
69,0,3,3,3,4,48.769999504089355,101.99,17.99,1,1,0.9927062468579085
30,1,6,4,3,5,58.51333363850912,205.0,19.95,1,1,0.9999536623883567
21,0,13,4,1,3,38.66666730244955,64.0,7.01,0,0,0.03222727627828842
52,1,3,3,1,1,44.95000076293945,44.95,44.95,0,0,0.00023249910619578193
20,0,0,3,1,1,28.799999237060547,28.8,28.8,0,0,2.584686123206186e-05
58,1,3,3,1,1,37.95000076293945,37.95,37.95,0,0,5.740577701077884e-05
52,1,3,4,4,4,20.739999771118164,24.0,16.0,0,0,0.022337778376952593
36,0,0,4,1,1,99.73999786376953,99.74,99.74,0,0,0.00564680671988759
23,1,6,2,1,3,48.81666692097982,65.0,31.5,0,0,0.44259936651309567
52,0,2,3,4,6,49.309999783833824,140.0,13.9,1,1,0.9987859296467428
25,1,7,3,1,1,16.420000076293945,16.42,16.42,0,0,3.2664699712926596e-06
47,0,4,1,1,1,7.019999980926514,7.02,7.02,0,0,2.5029540387088356e-05
44,0,13,4,1,1,99.0,99.0,99.0,0,0,0.009554250783441106
68,1,10,4,1,1,33.9900016784668,33.99,33.99,0,0,0.0001717635239809375
68,0,4,4,1,1,28.989999771118164,28.99,28.99,0,0,3.355696146336489e-05
20,1,7,4,1,1,173.9499969482422,173.95,173.95,1,1,1.0
15,1,13,4,1,1,85.0,85.0,85.0,0,0,0.0038099260778283756
24,0,13,4,1,1,15.180000305175781,15.18,15.18,0,0,1.968289985955307e-05
14,1,13,4,1,1,16.959999084472656,16.96,16.96,0,0,2.0709650697224966e-06
69,0,13,4,1,2,52.470001220703125,88.44,16.5,0,0,0.08335338629136672
33,1,13,3,1,1,69.94999694824219,69.95,69.95,0,0,0.0004464451125570822
12,1,0,4,1,1,13.0,13.0,13.0,0,0,2.0709650697224966e-06
20,1,3,4,1,1,37.7400016784668,37.74,37.74,0,0,7.397297837288068e-05
30,0,4,4,1,1,46.0,46.0,46.0,0,0,0.0002714216218234584
62,1,11,3,3,3,30.64666684468587,34.95,27.0,0,0,0.02055538115842016
22,0,13,4,4,4,41.21999979019165,88.0,21.98,0,1,0.8112784728116799
42,0,4,4,1,1,25.0,25.0,25.0,0,0,6.694716627403562e-05
18,0,4,4,2,4,22.672500371932983,53.97,5.99,0,0,0.029038187831050274
13,0,12,4,2,2,29.994999885559082,35.0,24.99,0,0,0.0006371262965498781
28,0,3,3,1,1,20.0,20.0,20.0,0,0,1.968289985955307e-05
17,0,13,4,1,2,39.635000228881836,70.0,9.27,0,0,0.01748588586015057
59,0,13,4,1,2,34.0,48.0,20.0,0,0,0.0009147882326775529
45,0,10,4,1,1,52.0,52.0,52.0,0,0,0.00029610278152310347
69,1,8,2,1,1,49.5,49.5,49.5,0,0,0.0001760763348525737
65,0,12,4,1,1,49.9900016784668,49.99,49.99,0,0,0.00014775154988226792
31,1,12,2,1,2,52.25,55.0,49.5,0,0,0.007194375472270341
64,1,13,0,2,3,46.53666687011719,49.95,40.16,0,0,0.154041406977422
19,0,7,4,1,1,30.0,30.0,30.0,0,0,0.00010934571583677841
30,0,3,4,3,5,54.53500111897787,98.0,8.27,1,1,0.98928804817397
25,0,4,4,4,6,48.94166644414266,122.57,10.38,1,1,0.998409066633065
53,1,6,4,3,7,48.178749799728394,99.0,19.99,1,1,0.9912237672245345
30,0,13,3,1,1,39.9900016784668,39.99,39.99,0,0,1.02311040648322e-05
21,1,13,4,1,1,24.989999771118164,24.99,24.99,0,0,2.6355233439738017e-05
63,1,7,4,1,1,56.46499824523926,69.95,42.98,0,0,0.030695055419942493
64,1,12,3,1,2,39.77500009536743,65.0,14.55,0,0,0.012357030953438802
48,0,4,3,4,6,141.9962499141693,498.0,8.98,1,1,0.9998677557257523
66,1,4,4,1,1,134.9499969482422,134.95,134.95,0,0,0.010379853807178476
58,0,12,4,1,2,62.9950008392334,63.99,62.0,0,0,0.027395661169063983
24,0,3,3,1,1,85.0,85.0,85.0,0,0,0.006881084258413518
45,0,4,4,1,2,62.5,100.0,25.0,0,0,0.23637032584839265
24,0,4,4,1,1,7.690000057220459,7.69,7.69,0,0,1.968289985955307e-05
22,1,13,4,1,2,109.96999740600586,119.99,99.95,1,1,0.9869978836214339
19,0,6,4,1,1,68.95999908447266,68.96,68.96,0,0,0.000210431919212925
36,0,13,4,1,1,100.33999633789062,100.34,100.34,0,0,0.013048709997142754
20,0,2,4,1,1,48.099998474121094,48.1,48.1,0,0,0.00020352607886067804
68,0,13,4,2,3,44.993333180745445,69.99,25.0,0,0,0.3723781420533697
68,0,11,4,1,1,54.150001525878906,54.15,54.15,0,0,0.0002373050582255886
67,0,4,1,2,5,65.9900001525879,102.32,40.99,1,1,0.9709381883166386
38,1,10,4,1,1,135.0,135.0,135.0,0,0,0.003347345942499068
21,1,4,4,1,1,85.98999786376953,85.99,85.99,0,0,0.0039807709982729415
53,0,13,3,1,1,44.9900016784668,44.99,44.99,0,0,0.00012075926425174063
43,0,12,4,3,3,63.329999923706055,129.0,8.99,1,1,0.969360730117547
13,0,6,4,1,1,52.0,52.0,52.0,0,0,0.00017785409435340022
41,1,4,4,1,3,79.97999890645345,115.0,24.99,1,1,0.9670949787216585
13,0,3,4,1,1,7.849999904632568,7.85,7.85,0,0,1.848739495798291e-05
63,1,4,4,1,1,49.0,49.0,49.0,0,0,0.0007181621834863777
29,0,13,4,1,1,16.0,16.0,16.0,0,0,1.968289985955307e-05
60,1,4,4,1,1,24.0,24.0,24.0,0,0,8.38068749601134e-06
64,1,3,1,2,5,86.55799942016601,250.0,11.0,1,1,0.9998660256568952
60,1,6,4,1,2,39.974998474121094,69.95,10.0,0,0,0.009378608039866494
70,1,3,2,1,2,97.47500038146973,145.0,49.95,1,1,0.9920223125918122
44,0,4,4,2,6,50.210000117619835,158.0,7.52,1,1,0.9933050863647545
53,0,4,4,1,1,24.0,24.0,24.0,0,0,2.5029540387088356e-05
61,1,3,4,1,3,43.99666659037272,89.0,17.99,0,1,0.6406942126774203
45,1,12,4,2,3,46.760000228881836,90.0,19.28,0,1,0.5756134299931771
38,1,13,3,3,3,36.507999420166016,64.99,19.99,1,0,0.15851776371746956
62,0,12,4,1,1,11.130000114440918,11.13,11.13,0,0,2.5029540387088356e-05
40,0,13,3,1,3,44.9966672261556,53.99,35.0,0,0,0.16232332442269368
62,0,13,4,1,1,79.0,79.0,79.0,0,0,0.0032624384627259946
68,0,4,4,1,1,25.0,25.0,25.0,0,0,2.739300009085611e-05
69,0,10,0,1,4,54.03000020980835,169.0,14.99,1,1,0.9690380331414304
64,0,11,3,2,1,51.70000076293945,62.0,41.4,0,0,0.02091563884908215
31,1,10,4,1,3,41.81666628519694,80.46,19.99,0,0,0.08973402047552939
12,1,0,4,1,1,60.0,60.0,60.0,0,0,0.00022963856962917632
50,1,4,3,1,1,55.0,55.0,55.0,0,0,0.00027730352628821007
56,1,8,4,1,1,21.989999771118164,21.99,21.99,0,0,2.5314485649881535e-05
45,0,4,4,1,1,58.0,58.0,58.0,0,0,0.0006760227981893507
31,0,12,3,1,1,17.989999771118164,17.99,17.99,0,0,1.968289985955307e-05
67,1,0,4,1,2,60.80250096321106,150.41,15.8,1,1,0.6721153747927991
12,0,10,3,1,1,22.399999618530273,22.4,22.4,0,0,1.848739495798291e-05
28,1,10,4,1,2,484.0,903.0,65.0,1,1,1.0
29,0,11,4,2,1,31.0,44.0,18.0,0,0,0.0009292209926817424
30,0,3,0,1,1,9.989999771118164,9.99,9.99,0,0,1.968289985955307e-05
38,0,13,4,1,1,122.5999984741211,122.6,122.6,0,0,0.005803281295004372
47,0,13,4,1,1,10.170000076293945,10.17,10.17,0,0,1.968289985955307e-05
55,1,13,0,1,1,36.0,36.0,36.0,0,0,0.00039646577517184027
62,1,9,3,3,3,49.95666631062826,64.99,24.98,0,0,0.46314128521387515
33,0,4,3,3,4,57.45249962806702,128.0,10.21,1,1,0.9977763051173875
42,1,12,3,2,2,47.2450008392334,59.5,34.99,0,0,0.014193799375859888
46,0,13,3,1,1,11.90999984741211,11.91,11.91,0,0,1.968289985955307e-05
48,0,11,3,2,4,24.690000295639038,57.99,8.79,0,0,0.07362892500022902
19,0,13,3,2,4,51.34999990463257,88.0,18.9,1,1,0.9556070260941162
52,1,13,3,1,2,57.29999923706055,74.0,40.6,0,0,0.09200108228652755
61,1,0,3,2,2,22.362500190734863,34.99,15.99,0,0,0.0004173092675519321
52,0,6,4,1,3,111.26333300272624,250.0,26.99,1,1,0.9991935296454569
42,1,0,4,2,2,48.48999881744385,77.99,18.99,0,0,0.05210297458036612
45,1,4,3,1,3,33.0,45.0,14.5,0,0,0.004006625380309744
49,1,8,4,1,2,32.83000087738037,48.97,16.69,0,0,0.0007250686454626421
16,1,4,4,1,1,32.9900016784668,32.99,32.99,0,0,1.1043886878369898e-05
64,1,3,4,3,6,60.122856685093474,175.0,14.99,1,1,0.999950560651384
56,1,3,4,1,1,13.989999771118164,13.99,13.99,0,0,8.38068749601134e-06
70,1,4,4,1,3,72.0,120.0,25.0,1,1,0.9714765509999005
20,1,13,4,1,1,149.0,149.0,149.0,0,0,0.006493683015892986
35,1,13,4,1,2,40.49499988555908,62.0,18.99,0,0,0.0026774092441366553
37,1,12,4,1,2,39.75,54.5,25.0,0,0,0.0012782092264754439
36,1,4,4,1,3,82.31666564941406,119.0,45.0,1,1,0.9678296485428832
61,0,4,4,1,1,13.119999885559082,13.12,13.12,0,0,2.5029540387088356e-05
59,1,4,4,3,5,73.69833342234294,160.0,14.99,1,1,0.9998784512392078
28,1,4,4,2,2,52.99499988555908,95.0,10.99,0,0,0.14869899433439998
42,1,4,4,3,4,44.480000495910645,69.5,13.93,1,1,0.951818821493835
58,0,3,4,1,1,39.9900016784668,39.99,39.99,0,0,8.01404340285155e-05
55,0,4,3,2,4,96.12500047683716,194.0,13.99,1,1,0.9998603262125946
15,1,4,4,3,4,89.68600082397461,129.99,49.5,1,1,0.9997330876798161
53,1,4,4,1,1,179.0,179.0,179.0,1,1,1.0
27,0,12,4,1,1,13.649999618530273,13.65,13.65,0,0,1.968289985955307e-05
29,0,12,4,1,1,15.15999984741211,15.16,15.16,0,0,1.968289985955307e-05
17,1,4,4,1,2,94.97500419616699,139.96,49.99,1,1,0.997462541479256
53,0,13,3,1,1,19.989999771118164,19.99,19.99,0,0,1.968289985955307e-05
50,0,12,4,1,1,193.5,193.5,193.5,1,1,1.0
54,1,7,4,1,1,30.0,30.0,30.0,0,0,2.6115158370912287e-05
54,0,6,4,1,1,22.989999771118164,22.99,22.99,0,0,2.5029540387088356e-05
26,0,4,4,1,1,88.0,88.0,88.0,0,0,0.0037784325354268244
18,1,13,4,1,1,55.52000045776367,55.52,55.52,0,0,0.000272145944877957
24,1,4,4,1,1,23.0,23.0,23.0,0,0,3.2664699712926596e-06
13,1,13,4,1,1,34.9900016784668,34.99,34.99,0,0,0.0005753907217602188
35,1,4,0,2,2,121.4950008392334,180.0,62.99,1,1,0.9994838767396494
70,0,13,4,4,4,58.981667041778564,130.0,9.0,1,1,0.9936614034743859
36,0,3,4,2,4,70.125,169.0,8.5,1,1,0.9993188138125955
14,1,4,4,1,1,31.989999771118164,31.99,31.99,0,0,0.0001793422260260473
43,0,7,0,2,4,26.152000141143798,36.8,7.98,0,0,0.005093090796473018
52,0,4,4,1,1,30.0,30.0,30.0,0,0,2.3287844823670516e-05
24,1,4,2,1,1,221.97999572753906,221.98,221.98,1,1,1.0
19,1,0,3,1,1,65.0,65.0,65.0,0,0,0.0005684700555450554
16,0,3,4,1,2,52.9800001780192,89.0,29.99,0,0,0.1122860505327999
46,0,6,4,2,2,37.25,49.5,25.0,0,0,0.0036882647429534025
64,1,4,2,1,2,47.4950008392334,59.99,35.0,0,0,0.009673741308951522
49,0,11,2,1,1,44.0,44.0,44.0,0,0,0.0001309443672198257
31,1,7,4,1,1,46.0,46.0,46.0,0,0,0.0001410134648764786
39,0,4,4,1,1,34.0,34.0,34.0,0,0,1.7941204296135235e-05
41,1,7,2,3,6,82.90666659673055,249.0,12.55,1,1,0.999950560651384
26,0,13,2,1,2,20.989999771118164,27.99,13.99,0,0,0.0007214615591457619
18,0,6,1,1,1,32.97500038146973,35.0,30.95,0,0,2.204631069142847e-05
23,0,3,1,3,4,20.920000076293945,29.7,6.99,0,0,0.010261668948537368
53,1,13,4,3,3,196.75,325.0,65.0,1,1,0.9996354462184955
63,0,4,4,2,3,22.606666882832844,39.0,5.87,0,0,0.001292277831227192
15,0,4,4,1,2,116.76499938964844,171.53,62.0,1,1,0.9954169237594636
57,1,3,4,1,1,79.94999694824219,79.95,79.95,0,0,0.0011192056591151052
48,1,13,4,1,1,55.4900016784668,55.49,55.49,0,0,0.0003147472985102023
35,1,7,4,3,3,103.29333559672038,219.99,29.9,1,1,0.999413857699274
12,0,4,4,1,1,23.989999771118164,23.99,23.99,0,0,5.269492061362714e-05
12,0,3,3,2,4,41.37000007629395,79.5,15.9,1,1,0.6360787124343806
23,1,4,4,1,1,50.0,50.0,50.0,0,0,0.0002738806579822705
64,1,4,4,1,1,36.75,36.75,36.75,0,0,0.0002994906212420726
24,1,3,4,2,3,35.66333262125651,69.99,13.0,0,0,0.11565246236372072
30,1,0,4,2,2,63.75,85.5,42.0,0,0,0.24915743206464394
58,0,4,3,1,3,76.68666585286458,105.56,45.0,1,1,0.9589482873595491
61,0,4,4,1,1,19.989999771118164,19.99,19.99,0,0,2.5029540387088356e-05
47,0,4,4,1,1,75.0,75.0,75.0,0,0,0.000588485375601038
43,0,7,3,2,2,52.99499988555908,81.0,24.99,0,0,0.050673638477765334
58,1,3,4,1,1,28.0,28.0,28.0,0,0,8.38068749601134e-06
47,0,12,4,2,3,57.329999923706055,144.5,10.5,1,1,0.979993804650901
58,0,4,4,2,2,18.75,25.0,12.5,0,0,0.0005172959433013977
16,0,4,4,2,3,92.65333366394043,215.0,18.97,1,1,0.9997710635615366
47,1,11,3,1,1,36.9900016784668,36.99,36.99,0,0,0.00029169479026686394
13,1,7,4,1,1,108.0,108.0,108.0,0,0,0.017773654634746304
56,1,13,4,1,1,95.0,95.0,95.0,0,0,0.007577139465524078
64,1,6,2,2,3,62.62999979654948,99.95,27.95,1,1,0.9620524106872064
66,1,6,4,1,1,26.239999771118164,26.24,26.24,0,0,0.00017096285125990676
43,1,12,3,1,1,34.9900016784668,34.99,34.99,0,0,2.6115158370912287e-05
64,0,10,4,2,4,101.7939998626709,374.0,12.99,1,1,0.999869652395854
42,1,3,3,1,2,46.25,49.5,43.0,0,0,0.004443522623928771
15,0,13,3,4,4,77.74249982833862,235.0,11.0,1,1,0.9998273356115175
51,0,6,4,1,1,35.9900016784668,35.99,35.99,0,0,2.3287844823670516e-05
22,1,4,4,2,2,95.09999990463257,179.0,11.2,1,1,0.9927430201392773
15,1,13,4,3,6,45.36428587777274,119.0,22.0,1,1,0.9934582854487636
34,0,13,3,4,5,86.31400051116944,198.0,9.56,1,1,0.9999359813057558
17,1,6,4,1,2,22.795000076293945,28.0,17.59,0,0,0.0005229518869559426
62,0,7,4,1,2,54.0,98.0,10.0,0,0,0.1265509588709654
17,1,13,4,1,1,25.0,25.0,25.0,0,0,2.6355233439738017e-05
48,1,13,2,1,1,13.989999771118164,13.99,13.99,0,0,4.5584755920151746e-05
28,1,4,4,2,3,115.73500061035156,233.0,25.0,1,1,0.9999588952442473
67,0,11,4,1,2,84.48999977111816,109.99,58.99,0,0,0.17380700945826594
52,0,4,4,3,5,37.71166706085205,58.0,24.99,1,1,0.9187128402450989
32,0,13,4,4,3,75.2475004196167,120.0,51.0,1,1,0.9975340487033931
37,1,10,4,2,2,25.839999675750732,35.73,15.95,0,0,0.0007358912900366694
61,0,13,1,1,1,140.0,140.0,140.0,0,0,0.004677174256973102
67,1,4,4,1,3,50.37500047683716,95.0,26.51,1,1,0.678917544982887
61,0,13,4,1,3,43.29666709899902,62.0,17.9,0,0,0.4140297950852866
42,1,12,4,1,1,16.989999771118164,16.99,16.99,0,0,6.596489215394662e-05
12,0,13,4,1,1,5.989999771118164,5.99,5.99,0,0,1.848739495798291e-05
69,1,4,4,1,1,96.0,96.0,96.0,0,0,0.004849094859881092
33,1,3,4,1,1,50.400001525878906,50.4,50.4,0,0,0.0005325306182796972
25,0,4,3,1,1,69.0,69.0,69.0,0,0,0.0003119267851496394
40,0,3,4,1,2,60.22500038146973,79.0,41.45,0,0,0.09999061302436907
39,1,13,4,1,1,348.0,348.0,348.0,1,1,1.0
23,0,13,1,2,4,101.22999835014343,170.98,5.95,1,1,0.9996796051898806
62,1,4,4,1,2,32.49499988555908,53.0,11.99,0,0,0.002072616402233195
28,1,3,3,2,2,59.2400016784668,63.49,54.99,0,0,0.08339521719054466
35,1,7,3,1,1,19.950000762939453,19.95,19.95,0,0,2.5314485649881535e-05
14,1,13,1,1,1,25.5,25.5,25.5,0,0,2.0709650697224966e-06
28,0,6,4,1,1,9.880000114440918,9.88,9.88,0,0,1.968289985955307e-05
37,1,13,4,1,2,37.49000072479248,54.99,19.99,0,0,0.0013125229941345973
21,0,4,4,2,4,19.06749987602234,29.99,7.29,0,0,0.004506674287348349
62,0,6,4,1,2,92.49499893188477,95.0,89.99,1,1,0.9309509168932774
63,1,12,4,2,3,57.46666590372721,79.95,42.95,1,1,0.9099688184716159
47,1,4,2,1,1,84.94999694824219,84.95,84.95,0,0,0.0019695121544856266
15,1,4,4,1,2,30.05000066757202,49.99,10.11,0,0,0.002746009922186763
24,0,4,4,2,2,46.97999986012777,82.0,14.94,0,0,0.05388940677522514
32,1,13,3,2,2,28.249999046325684,44.51,11.99,0,0,0.007539277030403317
29,1,4,4,1,1,46.9900016784668,59.99,33.99,0,0,0.008515284527863988
19,0,13,4,1,2,69.93000221252441,89.91,49.95,0,0,0.08024651856593351
32,1,8,4,2,3,28.11750030517578,54.99,14.5,0,0,0.009700823523858437
63,0,3,3,4,4,73.47749900817871,171.53,10.0,1,1,0.9999564623477768
54,1,3,3,1,1,36.95000076293945,36.95,36.95,0,0,5.740577701077884e-05
42,1,3,4,1,1,15.270000457763672,15.27,15.27,0,0,8.38068749601134e-06
67,0,13,4,1,1,47.0,47.0,47.0,0,0,0.00014208899691770544
63,1,4,4,1,1,6.949999809265137,6.95,6.95,0,0,0.00023428430195384227
62,1,4,4,1,1,34.5,34.5,34.5,0,0,0.00027635044922783036
46,1,13,4,1,1,47.95000076293945,47.95,47.95,0,0,0.00014196200694270984
12,1,4,2,1,1,169.0,169.0,169.0,0,0,0.01689042645801532
61,1,4,4,1,1,79.5,79.5,79.5,0,0,0.0010907843799922068
27,1,11,4,1,2,25.4950008392334,40.99,10.0,0,0,0.0011347365616929353
41,1,13,3,1,3,25.490000406901043,41.25,15.27,0,0,0.002325185050255466
66,0,3,0,1,1,64.5,64.5,64.5,0,0,0.00025534555153689816
64,1,4,1,1,3,31.22000026702881,51.95,17.99,0,0,0.008387314215303065
42,0,4,2,1,1,9.989999771118164,9.99,9.99,0,0,2.5029540387088356e-05
50,1,13,4,1,1,129.0,129.0,129.0,0,0,0.006288386365674996
46,0,2,4,3,5,42.28400001525879,78.46,12.0,1,1,0.9460595651513043
67,0,4,4,1,1,22.989999771118164,22.99,22.99,0,0,4.835768968724385e-05
61,1,3,1,1,1,68.0,68.0,68.0,0,0,0.00022125300236481877
42,0,11,4,1,1,47.0,69.0,25.0,0,0,0.017302924017070377
54,0,4,4,2,2,90.03500366210938,139.99,40.08,1,1,0.9863511350204156
42,0,3,4,3,3,62.563332875569664,79.99,52.2,1,1,0.9804828405640424
24,0,10,4,1,1,7.989999771118164,7.99,7.99,0,0,1.968289985955307e-05
50,1,4,3,1,1,79.5,79.5,79.5,0,0,0.0021095727081095797
61,1,10,4,1,1,69.98999786376953,69.99,69.99,0,0,0.0010881041185808315
21,1,3,4,2,3,44.33000055948893,49.99,35.0,0,0,0.13745352714906303
67,0,6,4,1,1,31.979999542236328,31.98,31.98,0,0,2.3287844823670516e-05
57,1,13,0,1,2,32.49499988555908,39.0,25.99,0,0,0.0007924453678626676
57,0,10,1,1,2,76.02499961853027,118.0,34.05,0,0,0.1849419631667178
25,1,8,4,2,2,101.97500038146973,159.0,44.95,1,1,0.9994779123498252
40,1,13,4,1,1,129.9499969482422,129.95,129.95,0,0,0.005716919423663632
53,0,4,4,1,1,23.190000534057617,23.19,23.19,0,0,2.5029540387088356e-05
25,0,11,4,1,1,90.0,90.0,90.0,0,0,0.0037167994813915384
37,0,4,3,1,3,46.06500029563904,100.0,11.28,1,1,0.6338806322306862
61,1,4,4,1,2,40.0,55.0,25.0,0,0,0.0012679648701384811
20,1,3,4,2,4,108.93399963378906,325.0,10.0,1,1,0.999745438289809
43,1,13,4,1,1,17.0,17.0,17.0,0,0,4.840324911832688e-05
59,1,3,4,1,2,59.5,79.5,39.5,0,0,0.17713452565592624
56,1,3,4,1,1,49.9900016784668,49.99,49.99,0,0,0.0001988759997252534
45,0,4,2,1,2,28.0,31.0,25.0,0,0,0.0006413477705545428
47,0,8,4,2,2,134.8200011253357,259.69,9.95,1,1,0.9981250834497198
43,0,6,4,3,4,47.43999910354614,97.99,21.99,1,1,0.9867143111021298
23,0,13,3,2,5,35.397999954223636,69.0,18.0,1,1,0.9081243216134454
39,0,4,3,1,1,29.950000762939453,29.95,29.95,0,0,1.5069566505381985e-05
16,1,4,4,1,1,48.970001220703125,48.97,48.97,0,0,0.00011520723882418921
40,0,4,4,1,1,93.81999969482422,93.82,93.82,0,0,0.003745343791469196
18,1,12,3,1,1,87.5,87.5,87.5,0,0,0.0066363890566665225
64,1,0,4,1,1,12.75,12.75,12.75,0,0,0.00023428430195384227
61,0,6,3,1,1,99.0,99.0,99.0,0,0,0.0037179439149686026
70,0,3,3,1,1,24.0,24.0,24.0,0,0,1.968289985955307e-05
38,1,13,4,1,1,42.9900016784668,42.99,42.99,0,0,0.00038969608114640153
15,1,3,3,1,1,19.989999771118164,19.99,19.99,0,0,3.2664699712926596e-06
58,1,4,4,2,3,17.023333231608074,23.0,5.33,0,0,0.002818260021267327
61,1,3,4,1,1,39.9900016784668,39.99,39.99,0,0,7.29928916626665e-05
24,0,4,4,1,1,150.0,150.0,150.0,0,0,0.004866751529949745
65,0,13,3,1,1,43.95000076293945,43.95,43.95,0,0,9.283830205242782e-05
12,0,3,4,1,3,87.16666666666667,168.0,44.5,1,1,0.9935762914119252
64,0,10,4,1,2,154.1500015258789,238.8,69.5,1,1,0.9997409855141081
63,0,3,4,1,2,53.75,98.0,9.5,0,0,0.12582048560545317
60,0,4,4,2,3,26.96999990940094,52.0,7.9,0,0,0.012348594587183135
56,0,4,4,2,4,265.9975004196167,699.0,42.0,1,1,0.9999475065616799
58,1,4,3,1,1,31.770000457763672,31.77,31.77,0,0,9.181360217042095e-06
19,0,13,4,1,1,65.44000244140625,65.44,65.44,0,0,0.000266350237689046
44,0,4,4,1,2,32.04499912261963,48.1,15.99,0,0,0.0007749703606339725
63,0,4,4,1,1,8.609999656677246,8.61,8.61,0,0,4.835768968724385e-05
28,1,13,4,1,1,56.630001068115234,56.63,56.63,0,0,0.0005416266873025558
32,0,13,4,1,2,39.28666687011719,52.87,25.0,0,0,0.0012824681972550345
15,1,13,4,1,2,44.49499988555908,62.0,26.99,0,0,0.023355767123643633
65,1,13,4,1,1,15.100000381469727,15.1,15.1,0,0,0.00017787038495488934
28,1,4,4,1,2,152.25,245.0,59.5,1,1,1.0
54,1,4,4,1,2,35.47500038146973,53.95,17.0,0,0,0.0036355794274893992
18,1,11,4,1,1,69.98999786376953,69.99,69.99,0,0,0.0002971406074345954
25,0,10,4,1,2,35.05000019073486,60.0,10.1,0,0,0.009605906412951478
65,0,12,4,3,2,126.59000015258789,308.0,25.0,1,1,0.999092010426569
36,0,6,4,1,1,24.0,24.0,24.0,0,0,5.3890425515197304e-05
24,1,3,2,1,1,69.5,69.5,69.5,0,0,0.0005658701362963619
46,1,6,4,1,1,21.5,21.5,21.5,0,0,2.5314485649881535e-05
27,0,3,3,3,3,53.64750003814697,169.0,13.75,1,1,0.8932916912405051
37,0,10,4,2,4,248.53750038146973,903.0,24.17,1,1,0.9998854836609165
51,0,3,4,1,2,51.5,59.0,44.0,0,0,0.008334836189283431
50,1,3,4,3,5,39.18800029754639,69.5,12.0,1,1,0.9637524938925871
51,0,4,4,1,2,71.49666595458984,124.99,39.5,1,0,0.2560588642518461
23,0,4,1,4,5,44.15333350499471,128.0,13.97,1,1,0.9987877912290252
27,0,13,1,1,2,33.49000072479248,34.99,31.99,0,0,0.0008848464756460501
46,0,13,4,4,5,74.64200134277344,158.27,19.95,1,1,0.9998093115235563
59,1,4,4,2,2,270.48333231608075,598.0,88.77,1,1,0.9999902152641879
68,0,3,4,1,1,21.0,21.0,21.0,0,0,1.968289985955307e-05
15,1,13,4,1,1,55.0,55.0,55.0,0,0,0.000492959620433902
36,1,13,4,1,2,72.48999881744385,119.99,24.99,0,0,0.20309063848507844
64,0,6,4,2,5,72.49599990844726,163.0,25.0,1,1,0.9989248575691455
34,0,13,4,1,1,25.989999771118164,25.99,25.99,0,0,5.3890425515197304e-05
19,1,12,4,1,1,17.989999771118164,17.99,17.99,0,0,0.00012834464382995443
34,0,12,2,3,3,43.76166788736979,151.6,12.99,1,1,0.8723063845207912
44,1,12,3,1,1,230.0,230.0,230.0,1,1,1.0
13,1,4,4,2,4,95.84399719238282,293.33,36.5,1,1,0.999901197705237
68,0,4,4,1,2,57.494998931884766,69.99,45.0,0,0,0.09606102116740445
59,1,3,2,1,1,22.760000228881836,22.76,22.76,0,0,8.38068749601134e-06
47,1,4,3,1,2,53.75,65.0,42.5,0,0,0.024127218960567073
27,0,3,3,2,3,80.32666714986165,175.0,29.99,1,1,0.9982259301060727
62,1,4,4,3,3,98.16000175476074,199.99,14.99,1,1,0.9983846113377378
41,0,13,3,1,1,29.950000762939453,29.95,29.95,0,0,7.359466274078951e-06
64,0,4,4,1,1,150.0,150.0,150.0,0,0,0.004391092545792054
50,1,10,4,1,2,44.994998931884766,69.99,20.0,0,0,0.032877789181134175
47,1,12,3,2,2,38.7450008392334,54.99,22.5,0,0,0.011137354589166934
18,1,8,4,4,6,109.41333262125652,264.0,25.0,1,1,0.9998986859943686
33,1,6,4,1,1,36.0,36.0,36.0,0,0,2.6115158370912287e-05
32,0,13,3,1,1,9.5600004196167,9.56,9.56,0,0,1.968289985955307e-05
25,1,13,4,1,1,74.5,74.5,74.5,0,0,0.0006735700156278317
46,1,12,4,1,1,69.94999694824219,69.95,69.95,0,0,0.0007181981642165746
16,0,13,4,1,1,169.0,169.0,169.0,0,0,0.021459835026493703
22,0,8,4,1,1,22.989999771118164,22.99,22.99,0,0,1.968289985955307e-05
46,1,4,4,1,1,37.900001525878906,37.9,37.9,0,0,0.0002747609921129938
19,0,4,4,2,2,26.994999885559082,34.0,19.99,0,0,0.0009737897188752661
13,1,4,4,2,2,60.75,90.0,31.5,0,0,0.3053184916971963
30,0,3,3,1,2,25.989999771118164,31.99,19.99,0,0,0.00047182782611071355
35,1,4,4,3,3,53.0,63.0,41.0,0,0,0.31543842132126027
55,1,3,3,1,3,24.75,49.0,12.0,0,0,0.005666046628071516
39,0,11,4,2,2,27.144999504089355,34.98,19.31,0,0,0.0004849544640651
60,0,3,4,1,1,29.969999313354492,29.97,29.97,0,0,2.041620703291727e-05
64,1,13,4,1,1,3.990000009536743,3.99,3.99,0,0,0.00017787038495488934
27,1,6,3,1,1,44.939998626708984,44.94,44.94,0,0,0.000113238903204641
27,0,13,4,1,1,94.0,94.0,94.0,0,0,0.005793237205171565
40,0,13,0,1,1,54.95000076293945,54.95,54.95,0,0,0.0021831071316177285
29,0,13,4,1,1,89.98999786376953,89.99,89.99,0,0,0.005534031164951346
40,1,13,4,1,2,97.5,170.0,25.0,1,1,0.9980020274976831
14,0,4,4,1,1,39.9900016784668,39.99,39.99,0,0,0.0001932162876298591
13,0,6,4,1,1,90.0,90.0,90.0,0,0,0.0039714929383846
61,1,3,0,2,2,23.0,26.0,18.0,0,0,0.0008239937905142969
61,0,4,4,1,1,13.989999771118164,13.99,13.99,0,0,2.5029540387088356e-05
52,0,4,1,1,1,126.0,126.0,126.0,0,0,0.005501422643843368
53,0,6,4,1,1,8.949999809265137,8.95,8.95,0,0,2.5029540387088356e-05
29,1,3,4,1,1,69.5,69.5,69.5,0,0,0.0007488892559985711
39,0,3,4,1,2,41.25,68.0,14.5,0,0,0.006527258584579235
68,1,13,2,2,2,104.99000263214111,179.99,29.99,1,1,0.9996297288350167
26,0,6,4,1,1,51.189998626708984,51.19,51.19,0,0,0.00016427462159289815
16,0,7,3,1,2,59.75,77.5,42.0,0,0,0.08071371492582681
32,0,4,4,1,1,26.0,26.0,26.0,0,0,6.160052574650034e-05
25,0,3,4,1,1,161.74000549316406,161.74,161.74,0,0,0.008910085084497886
68,1,4,3,2,2,71.47000277042389,139.99,2.95,0,0,0.38633105494165554
50,0,4,4,1,1,92.69999694824219,92.7,92.7,0,0,0.0035261843955850343
18,1,13,3,2,4,61.48750019073486,125.0,25.0,1,1,0.990060434292909
56,1,4,2,1,1,106.0,106.0,106.0,0,0,0.010978281982113886
12,1,4,4,1,1,61.2400016784668,61.24,61.24,0,0,0.00030008536190297244
13,1,4,4,1,1,81.06999969482422,81.07,81.07,0,0,0.0031395032563482136
68,1,10,4,1,4,37.99500036239624,75.0,12.0,0,0,0.11919509451103041
32,0,0,3,1,1,15.899999618530273,15.9,15.9,0,0,1.968289985955307e-05
13,0,4,2,1,1,42.9900016784668,42.99,42.99,0,0,0.0002541567039348393
43,1,3,3,1,1,13.970000267028809,13.97,13.97,0,0,8.38068749601134e-06
22,1,12,4,1,1,36.0,36.0,36.0,0,0,0.0006242133773519005
42,0,4,1,1,1,14.949999809265137,14.95,14.95,0,0,2.5029540387088356e-05
36,1,12,4,2,5,38.98000068664551,63.99,9.99,1,1,0.9357855162821713
17,0,9,4,1,1,98.0,98.0,98.0,0,0,0.005367986118890295
50,0,3,4,2,3,18.856667200724285,34.99,6.99,0,0,0.0011290711220172153
55,0,12,4,1,1,39.9900016784668,39.99,39.99,0,0,3.887495947555817e-05
46,1,4,0,2,2,16.31999969482422,17.66,14.98,0,0,0.002531777664048575
32,1,0,4,1,2,26.244999885559082,26.99,25.5,0,0,0.00046962178403285354
38,0,4,3,2,4,29.367999458312987,69.95,9.12,0,0,0.10270900279222332
22,0,13,4,1,1,6.25,6.25,6.25,0,0,1.968289985955307e-05
31,1,3,4,1,1,38.95000076293945,38.95,38.95,0,0,1.1026084933102857e-05
55,1,12,4,4,4,52.02250051498413,130.0,16.1,1,1,0.9977805405279124
45,1,4,1,2,3,65.96200008392334,165.0,12.21,1,1,0.9982443040061065
33,1,3,1,1,1,49.5,49.5,49.5,0,0,0.0001935473817128509
14,1,4,4,2,3,26.990000406901043,39.99,8.99,0,0,0.0009470687857343253
25,0,4,4,2,4,44.48199977874756,132.5,15.95,1,1,0.983205406800284
53,0,4,1,1,1,79.0,79.0,79.0,0,0,0.000758663065030557
53,0,13,3,1,1,18.100000381469727,18.1,18.1,0,0,1.968289985955307e-05
20,1,3,4,1,3,55.00333340962728,109.0,16.06,0,1,0.6597364741129742
63,1,3,2,1,1,26.950000762939453,26.95,26.95,0,0,0.0005227458404153808
24,1,13,3,1,2,35.45000076293945,36.4,34.5,0,0,0.000805114260722114
48,0,12,2,1,2,16.5,23.0,10.0,0,0,0.0005480379039705612
46,1,13,4,1,1,34.95000076293945,34.95,34.95,0,0,0.00030782461149452987
52,0,4,1,2,3,35.10000069936117,52.0,13.31,0,0,0.1398073649608353
35,0,4,4,4,6,49.94444455040826,112.5,11.95,1,1,0.9969724433299434
63,1,8,4,1,1,41.7400016784668,41.74,41.74,0,0,0.0004665898895616804
35,1,12,4,1,1,25.0,25.0,25.0,0,0,6.596489215394662e-05
42,0,6,4,2,3,26.683333079020183,34.6,12.5,0,0,0.0026423399179656727
51,1,10,4,1,1,9.989999771118164,9.99,9.99,0,0,2.5314485649881535e-05
17,1,4,4,1,1,69.94999694824219,69.95,69.95,0,0,0.0003410584047599929
49,0,4,2,1,1,10.0,10.0,10.0,0,0,2.5029540387088356e-05
25,0,4,2,2,1,23.494999885559082,34.0,12.99,0,0,7.366402270057481e-05
39,1,4,4,2,1,47.98500061035156,56.0,39.97,0,0,0.011486068377280181
56,1,7,4,1,1,29.5,29.5,29.5,0,0,2.324352058015904e-05
47,0,13,3,2,2,37.17500019073486,52.13,22.22,0,0,0.008103836464596982
24,0,4,4,3,4,71.48249912261963,124.99,14.0,1,1,0.9889558921944672
60,0,13,4,1,1,19.989999771118164,19.99,19.99,0,0,1.968289985955307e-05
43,1,13,4,1,1,32.0,32.0,32.0,0,0,4.920392183935764e-05
20,0,4,4,1,1,22.799999237060547,22.8,22.8,0,0,1.968289985955307e-05
32,0,12,4,1,1,59.47999954223633,76.96,42.0,0,0,0.03223652649416871
29,0,7,4,1,3,38.989999771118164,57.0,28.0,0,0,0.009313051342281902
14,0,4,4,2,2,41.66333325703939,69.0,19.99,0,0,0.016474065963697375
70,1,13,4,2,2,40.22500038146973,54.45,26.0,0,0,0.007053491199737088
58,0,4,4,2,2,33.49499988555908,45.0,21.99,0,0,0.0015459782793053926
60,0,7,4,1,1,19.989999771118164,19.99,19.99,0,0,2.5029540387088356e-05
55,0,3,4,1,2,56.47500038146973,88.0,24.95,0,0,0.1197367761488917
70,1,13,4,2,2,46.9900016784668,64.98,29.0,0,0,0.030538850534995166
51,0,8,2,3,4,34.980000019073486,59.95,14.98,0,1,0.6501870919967707
61,0,10,4,1,2,19.97000026702881,22.99,16.95,0,0,0.0003802790441962023
40,1,13,4,1,1,19.989999771118164,19.99,19.99,0,0,4.840324911832688e-05
29,1,3,1,3,6,50.448333422342934,162.0,18.0,1,1,0.9965781487488675
13,1,7,4,2,4,52.810000610351565,89.0,32.45,1,1,0.952200654815967
41,0,13,4,1,2,75.0,132.0,18.0,0,0,0.20573025960228353
48,1,13,4,3,3,42.829999923706055,69.5,19.99,0,1,0.5025459112127101
23,0,13,1,1,1,39.95000076293945,39.95,39.95,0,0,1.4336210460125433e-05
70,1,6,1,2,4,84.99499988555908,115.0,59.99,1,1,0.9566673791824729
19,1,4,1,2,3,61.08500003814697,93.0,28.0,1,1,0.9599888453332642
61,0,4,4,1,4,88.72750043869019,199.0,14.99,1,1,0.9990728173152853
59,1,0,4,1,1,28.959999084472656,28.96,28.96,0,0,8.38068749601134e-06
62,0,2,4,1,1,48.0,48.0,48.0,0,0,0.0002276686020780499
46,0,4,4,1,1,80.0,80.0,80.0,0,0,0.0008703359632540875
22,1,4,4,1,1,178.0,178.0,178.0,1,1,1.0
52,0,4,4,2,3,46.69666735331217,69.98,19.99,0,0,0.4504585821558083
42,0,13,4,1,4,73.73999977111816,139.0,28.0,1,1,0.9807307686214574
24,0,10,3,1,1,18.989999771118164,18.99,18.99,0,0,1.968289985955307e-05
59,1,4,1,1,2,45.67499899864197,84.99,6.36,0,0,0.08817698417604333
43,0,13,4,1,1,12.0,12.0,12.0,0,0,1.968289985955307e-05
41,1,4,4,4,5,46.488000345230105,69.5,2.95,1,1,0.9760791421675767
12,0,4,4,2,2,34.5,44.0,25.0,0,0,0.002729383630884854
24,0,3,4,1,1,88.0,88.0,88.0,0,0,0.004149647514224731
55,1,4,3,1,1,18.989999771118164,18.99,18.99,0,0,8.38068749601134e-06
48,1,13,3,1,1,25.0,25.0,25.0,0,0,4.5584755920151746e-05
64,0,13,1,1,1,32.0,32.0,32.0,0,0,7.359466274078951e-06
31,1,10,4,1,1,14.989999771118164,14.99,14.99,0,0,3.2664699712926596e-06
51,0,4,4,2,3,63.34000015258789,97.0,34.02,1,1,0.971553349025242
66,0,7,3,1,1,4.579999923706055,4.58,4.58,0,0,2.5029540387088356e-05
65,1,3,2,1,1,40.84000015258789,40.84,40.84,0,0,0.00029661898345131936
46,1,13,4,1,1,34.95000076293945,34.95,34.95,0,0,0.00030782461149452987
36,0,0,4,1,1,16.950000762939453,16.95,16.95,0,0,1.968289985955307e-05
33,0,6,4,1,1,19.899999618530273,19.9,19.9,0,0,1.968289985955307e-05
63,1,13,4,2,5,70.66833368937175,170.0,29.95,1,1,0.9992337664629537
50,1,10,4,2,3,44.483333587646484,70.0,25.95,0,0,0.43935057880906764
33,1,3,4,2,2,45.74499988555908,79.5,11.99,0,0,0.04899088523759972
43,0,4,4,2,2,14.62000036239624,19.95,9.29,0,0,0.00044350938247003863
39,1,4,4,2,2,46.75,54.0,39.5,0,0,0.010274237517280054
44,0,10,4,1,1,44.779998779296875,44.78,44.78,0,0,0.0001904285961549179
68,0,4,4,3,4,34.260000467300415,77.0,9.5,0,1,0.5914290324215237
43,1,4,4,1,1,115.0,115.0,115.0,0,0,0.010093966445618736
51,0,4,0,1,1,29.479999542236328,29.48,29.48,0,0,3.890360199090018e-05
38,1,4,4,3,4,90.8575005531311,155.0,24.99,1,1,0.9998983375063254
50,0,11,4,4,4,147.510000705719,450.0,9.49,1,1,0.9999158767099787
24,1,3,4,1,1,66.5,66.5,66.5,0,0,0.0009661861623348643
16,0,4,2,1,1,15.279999732971191,15.28,15.28,0,0,1.968289985955307e-05
63,1,6,4,2,2,17.333333333333332,28.0,6.0,0,0,0.0014665203883886771
63,0,7,4,2,3,20.59666633605957,23.8,18.0,0,0,0.004121634225471679
14,1,3,2,1,2,113.5,172.0,55.0,1,1,0.9996174249466943
35,1,3,4,2,3,50.333333333333336,85.0,16.0,0,1,0.5417911787118692
30,0,4,4,3,4,68.52250003814697,110.0,25.0,1,1,0.9981822597023754
57,1,7,2,1,1,58.0,58.0,58.0,0,0,0.00034248959402571
58,1,4,3,1,1,49.9900016784668,49.99,49.99,0,0,0.00012882037107250327
46,1,0,2,1,2,32.88000011444092,36.0,29.76,0,0,0.0001897610010895468
17,0,4,4,1,1,139.0,139.0,139.0,0,0,0.005027891579980887
29,0,10,3,1,2,121.66666666666667,259.0,44.0,1,1,0.9968316506579353
53,0,13,4,2,3,29.982500076293945,54.95,16.99,0,0,0.018475255657697497
46,0,4,4,2,3,44.429999669392906,58.3,24.99,0,0,0.20883312762395906
49,1,3,1,2,3,58.65000025431315,89.5,31.95,1,1,0.966899006490336
57,1,2,3,2,5,133.09400100708007,299.0,9.99,1,1,0.9995106257446271
19,1,4,2,1,1,79.5,79.5,79.5,0,0,0.0021714960885165172
56,1,4,2,1,1,60.0,60.0,60.0,0,0,0.00020699178044100748
28,0,11,4,2,3,33.84333356221517,39.98,22.22,0,0,0.0028177809975962133
26,0,4,3,1,1,46.0,46.0,46.0,0,0,0.00020700744974201318
20,0,4,4,1,2,11.639999866485596,12.3,10.98,0,0,0.0005695609134904029
55,0,4,4,1,1,140.0,140.0,140.0,0,0,0.004245411947379916
39,0,4,4,1,1,9.989999771118164,9.99,9.99,0,0,1.968289985955307e-05
27,1,4,4,1,2,84.07999992370605,145.0,23.16,0,0,0.2704078003820246
32,1,13,4,3,2,62.61249876022339,94.99,16.01,1,1,0.7772974832890928
15,0,11,1,2,4,60.58999862670898,157.93,12.48,1,1,0.9991337979715564
32,1,4,3,1,1,34.0,34.0,34.0,0,0,0.00019887233749751827
25,1,10,4,1,3,54.49499845504761,89.99,15.99,1,1,0.6345249617000804
42,1,13,3,1,1,21.600000381469727,21.6,21.6,0,0,4.5584755920151746e-05
28,0,13,4,2,2,37.86000061035156,38.0,37.72,0,0,0.0011108631717300622
65,1,4,4,2,2,98.5,144.0,53.0,1,1,0.9984707544423368
46,1,4,3,2,2,23.375,33.75,13.0,0,0,0.001358919605717727
38,1,13,4,1,1,49.5,49.5,49.5,0,0,0.00012965683877207815
70,0,4,4,2,2,61.94499969482422,73.99,49.9,0,0,0.13742290533227625
12,0,4,3,1,2,21.239999771118164,29.99,12.49,0,0,0.0007258119694348171
49,1,4,4,3,5,47.04500039418539,155.0,11.99,1,1,0.9969106792736234
47,1,11,4,1,1,75.0,75.0,75.0,0,0,0.0003809357960362986
18,0,13,3,1,3,34.9966672261556,49.99,25.0,0,0,0.01723261221249054
13,1,3,4,1,2,36.5,58.0,15.0,0,0,0.010361123293754795
61,0,4,4,1,2,78.5,99.0,58.0,0,0,0.13437366494736364
39,1,3,4,1,1,68.37999725341797,68.38,68.38,0,0,0.0005058242783945669
65,1,3,4,2,2,137.49000358581543,229.99,44.99,1,1,0.9999513286493701
53,1,4,1,3,2,83.49749994277954,178.0,31.99,1,1,0.9794440345110015
30,0,6,4,1,1,60.0,60.0,60.0,0,0,0.00034681144812381186
44,1,10,0,1,1,77.0,77.0,77.0,0,0,0.00035577083398798337
39,0,13,3,1,3,53.39750003814697,92.5,36.99,1,1,0.6210334233660114
69,0,13,4,1,1,19.989999771118164,19.99,19.99,0,0,1.968289985955307e-05
37,1,3,4,3,3,52.326666514078774,95.99,28.0,0,1,0.6194983315082131
16,1,3,4,1,4,48.73499917984009,153.95,9.0,1,1,0.979328129179543
55,0,11,4,1,2,34.67500114440918,46.99,22.36,0,0,0.0024906548055234536
57,0,7,4,2,3,141.32999992370605,352.0,14.99,1,1,0.9996031151268474
26,0,13,4,2,3,27.516667048136394,46.0,13.6,0,0,0.004025273303081666
58,0,3,4,1,1,79.44999694824219,79.45,79.45,0,0,0.001017556841888132
22,1,4,4,2,3,111.27333132425944,236.84,26.99,1,1,0.999529776472992
57,1,4,4,1,1,61.9900016784668,61.99,61.99,0,0,0.0004171016254124079
62,0,13,2,2,2,28.475000381469727,31.95,25.0,0,0,0.0009790634119102174
60,1,4,3,1,1,44.9900016784668,44.99,44.99,0,0,0.00020457814399646915
53,1,3,4,1,1,19.969999313354492,19.97,19.97,0,0,8.38068749601134e-06
17,1,13,4,1,1,59.9900016784668,59.99,59.99,0,0,0.00045219575880433194
32,1,13,4,1,2,57.47500038146973,70.0,44.95,0,0,0.06725764496408142
37,1,13,4,1,1,26.5,26.5,26.5,0,0,4.840324911832688e-05
13,1,3,0,1,2,37.99499988555908,48.0,27.99,0,0,0.001560971741947817
13,1,4,3,1,1,37.0,37.0,37.0,0,0,6.580072928526404e-05
45,1,3,4,1,1,105.37999725341797,105.38,105.38,0,0,0.007419375702014568
20,1,4,2,1,1,24.950000762939453,24.95,24.95,0,0,3.2664699712926596e-06
63,1,10,4,2,3,43.97999986012777,65.0,10.69,0,0,0.4851956046478314
54,1,2,4,1,1,229.99000549316406,229.99,229.99,1,1,1.0
47,0,12,4,1,3,33.260000228881836,61.79,8.0,0,0,0.025455365110100416
24,1,7,3,1,1,24.989999771118164,24.99,24.99,0,0,3.2664699712926596e-06
21,0,4,4,1,4,90.21249961853027,218.0,27.02,1,1,0.9997216571191524
50,1,13,4,1,4,157.46250104904175,398.0,20.97,1,1,0.999054504649426
49,1,13,4,2,1,162.4950008392334,280.0,44.99,1,1,0.9996329563899822
30,0,4,4,3,4,71.34750032424927,135.0,15.99,1,1,0.9997014088809669
33,1,0,4,1,1,52.95000076293945,52.95,52.95,0,0,0.0005815683211730237
46,0,13,4,1,1,140.0,140.0,140.0,0,0,0.003757229375203183
34,1,4,4,4,5,49.41600074768066,79.0,14.24,1,1,0.9919529405998466
68,1,12,4,1,1,69.98999786376953,69.99,69.99,0,0,0.0004278674493082351
19,0,11,2,1,4,37.37249994277954,59.0,16.5,0,0,0.0708376187620043
15,1,13,4,1,1,60.0,60.0,60.0,0,0,0.0004291069953358867
21,1,4,4,1,1,29.399999618530273,29.4,29.4,0,0,3.2664699712926596e-06
33,1,6,4,2,2,33.65999984741211,37.91,29.41,0,0,0.00048294615129641555
56,0,13,3,1,1,11.260000228881836,11.26,11.26,0,0,1.968289985955307e-05
12,0,10,4,1,1,39.9900016784668,39.99,39.99,0,0,1.6745699394565072e-05
54,0,7,0,2,3,64.49666849772136,149.99,17.5,1,1,0.9975943158202195
57,1,4,4,1,2,60.6150016784668,61.24,59.99,0,0,0.03149147927452198
41,0,10,3,1,1,39.5,39.5,39.5,0,0,2.3287844823670516e-05
26,0,13,4,2,3,35.96666797002157,64.8,4.15,0,0,0.0801134186545428
43,1,12,4,1,2,34.249999046325684,43.53,24.97,0,0,0.003164937233413323
62,0,3,4,1,3,161.51999950408936,343.0,50.09,1,1,0.9998863782394517
60,1,3,3,2,2,57.4950008392334,75.0,39.99,0,0,0.15051050392133683
56,0,11,1,1,1,24.950000762939453,24.95,24.95,0,0,2.5029540387088356e-05
55,1,12,1,2,2,52.4399995803833,75.0,29.88,0,0,0.050368772723917106
23,1,13,4,1,1,79.5,79.5,79.5,0,0,0.001344745420038089
37,1,11,4,1,1,37.77000045776367,37.77,37.77,0,0,3.307410061169173e-05
62,0,4,4,3,2,37.660000483194985,48.0,31.99,0,0,0.05740320996813644
63,1,4,2,1,1,129.99000549316406,129.99,129.99,0,0,0.00994513120077049
25,1,7,4,2,2,102.25,169.0,35.5,1,1,0.9994899642805205
26,1,10,4,2,5,76.22499910990398,148.0,45.0,1,1,0.9968983069050779
28,0,10,4,2,2,46.19499969482422,58.0,34.39,0,0,0.013322799289216583
17,0,3,4,3,3,31.486666997273762,44.99,22.5,0,0,0.041517851854236024
65,0,4,3,2,5,28.286000061035157,59.5,13.99,0,0,0.17261212472780563
35,0,12,3,1,1,74.0,74.0,74.0,0,0,0.0008116953132721336
70,0,4,4,2,2,40.28666718800863,72.0,13.87,0,0,0.033180447302860024
36,0,10,0,1,2,24.979999542236328,31.97,17.99,0,0,0.0009896573757798262
26,1,13,4,1,1,45.0,45.0,45.0,0,0,0.00019988295056309603
52,0,4,4,1,2,60.47499990463257,110.0,10.95,0,0,0.2973237588192147
70,1,3,0,1,1,66.5,66.5,66.5,0,0,0.0017638200459167983
65,1,10,4,2,1,36.99499988555908,44.0,29.99,0,0,0.003188213044199776
56,1,7,4,1,1,150.0,150.0,150.0,0,0,0.006059787410170773
27,0,3,4,1,1,189.0,189.0,189.0,1,1,1.0
15,0,3,4,1,1,20.989999771118164,20.99,20.99,0,0,1.968289985955307e-05
28,1,13,4,1,2,32.19000053405762,36.38,28.0,0,0,0.000308135468418157
18,0,4,4,2,2,77.60499954223633,109.99,45.22,0,0,0.16611318018637075
17,0,3,4,1,1,39.9900016784668,39.99,39.99,0,0,2.4917948482181724e-05
15,0,13,3,1,1,14.989999771118164,14.99,14.99,0,0,1.968289985955307e-05
36,0,7,3,1,1,39.5,39.5,39.5,0,0,1.7941204296135235e-05
24,1,4,4,1,1,49.9900016784668,49.99,49.99,0,0,0.0003308610847513893
51,0,7,3,1,1,26.989999771118164,26.99,26.99,0,0,6.694716627403562e-05
34,0,4,4,1,1,12.989999771118164,12.99,12.99,0,0,1.968289985955307e-05
47,0,13,2,1,3,59.74000024795532,104.0,28.99,1,1,0.9490155237920517
70,1,0,4,4,5,56.428749561309814,178.0,14.99,1,1,0.9940035855264702
38,1,13,2,1,2,59.87249946594238,89.95,44.55,1,0,0.22173668692434728
15,1,13,4,2,1,110.4950008392334,176.0,44.99,1,1,0.994555660422396
17,0,9,4,2,2,61.0,98.0,24.0,0,0,0.18019306046451106
28,0,7,0,1,1,11.989999771118164,11.99,11.99,0,0,1.968289985955307e-05
39,1,10,4,2,2,47.595001220703125,59.99,35.2,0,0,0.014929711009647404
69,1,12,2,1,1,39.5,39.5,39.5,0,0,0.0001758508284309637
25,0,4,2,1,1,44.0,44.0,44.0,0,0,0.00020413581195125993
69,1,4,4,2,3,42.54666709899902,60.15,27.99,0,0,0.2574095708505112
34,0,4,4,1,1,34.0,34.0,34.0,0,0,1.7941204296135235e-05
26,1,3,3,1,2,74.71500015258789,89.93,59.5,0,0,0.11627476236813143
34,0,4,4,3,3,51.11000061035156,63.33,42.0,0,0,0.2637343210060671
47,1,13,4,1,1,40.0,40.0,40.0,0,0,0.00033037066838719696
58,1,13,4,2,2,39.9900016784668,44.99,34.99,0,0,0.0033394450122900122
70,1,12,4,1,2,462.64000034332275,903.0,22.28,1,1,0.9978288824334325
56,0,3,3,1,1,158.0,158.0,158.0,0,0,0.004931462641324059
16,1,3,3,4,5,62.20833396911621,109.5,26.0,1,1,0.9981475399569351
67,1,3,2,3,2,25.99333318074544,48.0,13.98,0,0,0.03343379035629537
40,1,12,4,1,1,417.0,417.0,417.0,1,1,1.0
32,0,4,4,1,1,140.0,140.0,140.0,0,0,0.004447473343394005
41,0,13,4,2,4,38.86999988555908,48.0,28.0,0,0,0.2204585671413439
59,1,4,4,1,1,15.949999809265137,15.95,15.95,0,0,8.38068749601134e-06
50,0,12,4,1,2,53.989999771118164,98.0,9.98,0,0,0.13168731211878235
40,0,12,4,2,3,130.23499965667725,378.0,44.0,1,1,0.9999470629699249
69,0,12,3,1,1,24.950000762939453,24.95,24.95,0,0,1.968289985955307e-05
49,0,4,0,1,1,16.979999542236328,16.98,16.98,0,0,2.5029540387088356e-05
35,0,4,4,1,1,78.0,78.0,78.0,0,0,0.0006767482359146226
18,0,4,0,1,1,59.5,59.5,59.5,0,0,0.00023677914900270493
63,1,13,4,2,1,14.835000038146973,15.87,13.8,0,0,0.0007572351427390422
68,0,4,1,1,1,19.5,19.5,19.5,0,0,1.968289985955307e-05
34,0,4,4,1,1,34.0,34.0,34.0,0,0,1.7941204296135235e-05
69,1,11,3,1,2,33.90500068664551,48.65,19.16,0,0,0.0009070728603705414
47,0,4,4,2,2,91.33500003814697,158.0,24.67,1,1,0.9985187119910306
17,1,13,4,1,1,23.5,23.5,23.5,0,0,2.6355233439738017e-05
58,1,13,4,2,3,39.003334045410156,58.95,24.07,0,0,0.05887783400380429
14,1,4,4,2,4,67.25500154495239,179.99,21.08,1,1,0.9992151709481482
16,1,13,4,1,1,33.97999954223633,33.98,33.98,0,0,3.413265034681525e-05
54,1,4,4,1,3,41.20249938964844,80.0,17.8,0,0,0.09321267066578594
65,0,4,4,1,1,83.0999984741211,83.1,83.1,0,0,0.0013189607712593646
22,1,7,4,2,5,78.10599937438965,230.14,19.95,1,1,0.9978068073747353
29,1,13,4,1,1,60.0,60.0,60.0,0,0,0.0007830931846355008
26,1,8,3,1,1,74.93000030517578,74.93,74.93,0,0,0.00034148303423461824
48,1,6,0,1,1,11.899999618530273,11.9,11.9,0,0,3.2664699712926596e-06
49,1,4,4,1,1,48.41999816894531,48.42,48.42,0,0,0.00024649631788947377
33,0,4,4,3,6,51.80499998728434,129.0,6.33,1,1,0.9946779779331608
57,0,6,4,2,4,63.48750019073486,118.5,23.95,1,1,0.9827907037326349
66,0,4,4,1,1,79.5,79.5,79.5,0,0,0.0007368331011749085
31,1,13,4,3,5,82.32166798909505,179.99,34.0,1,1,0.999989475372911
34,1,4,4,1,2,113.2249984741211,159.95,66.5,1,1,0.9995436068400195
36,0,4,4,1,1,8.989999771118164,8.99,8.99,0,0,1.968289985955307e-05
38,1,13,4,1,1,18.0,18.0,18.0,0,0,4.840324911832688e-05
27,1,7,4,1,1,52.5,52.5,52.5,0,0,0.0006862717009622311
65,1,4,3,1,1,20.0,20.0,20.0,0,0,0.00025046553172730504
31,0,4,4,3,4,44.90500068664551,64.0,20.0,1,1,0.954581345278917
38,0,7,4,1,4,63.0,110.0,44.0,1,1,0.9628016050877722
67,0,6,4,2,5,75.3939998626709,288.0,8.99,1,1,0.9987067681084199
46,0,4,4,1,1,38.5,38.5,38.5,0,0,0.00028190853447884273
34,1,4,4,1,1,23.229999542236328,23.23,23.23,0,0,8.38068749601134e-06
18,0,0,4,1,2,18.739999771118164,24.99,12.49,0,0,0.0006509802587076238
60,0,13,4,1,1,78.0,78.0,78.0,0,0,0.0008640427408008615
36,0,13,4,1,1,38.9900016784668,38.99,38.99,0,0,1.02311040648322e-05
62,1,6,4,1,1,10.489999771118164,10.49,10.49,0,0,0.00015478162148644398
45,0,13,4,4,5,51.24800033569336,125.0,5.49,1,1,0.9928870783353443
43,0,6,3,1,1,54.9900016784668,54.99,54.99,0,0,0.00012796069259825846
54,0,3,0,2,3,124.65999984741211,318.0,25.99,1,1,0.9998631605283643
59,0,3,4,1,1,12.989999771118164,12.99,12.99,0,0,2.5029540387088356e-05
49,1,13,4,1,4,29.487500190734863,32.95,25.0,0,0,0.014661329594320992
66,0,4,4,2,2,40.59000015258789,63.18,18.0,0,0,0.00933307440418004
44,1,13,4,1,1,126.0,126.0,126.0,0,0,0.0064677588685944495
54,1,4,4,1,1,98.0,98.0,98.0,0,0,0.005277349221862504
22,1,3,4,1,3,24.52666727701823,42.99,5.59,0,0,0.001451125330487606
19,1,3,0,1,1,259.989990234375,259.99,259.99,1,1,1.0
56,0,10,4,1,1,17.989999771118164,17.99,17.99,0,0,2.5029540387088356e-05
63,1,4,4,1,1,64.00500106811523,100.01,28.0,0,0,0.1570725882972656
32,1,4,4,4,3,25.46749973297119,28.88,20.0,0,0,0.008690719838919992
13,1,13,4,1,1,65.0,65.0,65.0,0,0,0.0006413372867220407
31,0,3,0,2,3,10.130000114440918,12.93,8.47,0,0,0.0007482400918211569
67,1,4,3,2,3,62.5,109.0,31.5,1,1,0.9824505696209989
12,0,12,3,1,1,10.739999771118164,10.74,10.74,0,0,1.848739495798291e-05
66,1,3,4,1,2,25.5,26.0,25.0,0,0,0.00026836228672537393
57,0,12,3,2,2,57.97500038146973,78.0,37.95,0,0,0.1382595612472964
63,0,4,4,3,3,22.906666437784832,29.84,13.9,0,0,0.012929932570641147
69,0,4,1,1,2,121.5,198.0,45.0,1,1,0.9983463920261333
58,0,3,4,1,1,42.9900016784668,42.99,42.99,0,0,0.0002132804595891312
37,1,13,4,2,2,42.4950008392334,46.99,38.0,0,0,0.0022416766772095373
14,1,13,1,1,1,89.98999786376953,89.99,89.99,0,0,0.008296378596448307
50,1,4,4,1,3,49.0533332824707,84.21,28.0,0,1,0.5949236881473257
55,0,3,4,1,1,4.949999809265137,4.95,4.95,0,0,2.5029540387088356e-05
12,1,13,4,2,5,43.9939998626709,79.0,8.98,1,1,0.948226112170903
18,0,13,4,1,1,35.9900016784668,35.99,35.99,0,0,1.7207848250878683e-05
57,0,13,4,4,6,64.6216672261556,169.0,25.0,1,1,0.9999808490366695
47,1,7,4,1,1,75.48999786376953,75.49,75.49,0,0,0.00051486436746487
55,1,4,2,2,2,64.97499990463257,115.0,14.95,0,0,0.3159354350075183
34,1,8,4,1,3,44.625,69.5,25.0,1,1,0.5010531807316658
55,1,11,4,3,8,79.48666657341852,205.0,13.0,1,1,0.9999047860034966
14,0,4,3,1,1,59.5,59.5,59.5,0,0,0.0005949974346508121
48,0,2,4,1,1,34.97999954223633,34.98,34.98,0,0,1.5577744592367483e-05
70,1,13,4,2,3,57.666666666666664,70.0,45.0,1,1,0.8932980711892019
30,0,7,4,1,2,22.494999885559082,29.99,15.0,0,0,0.0006351517512080028
27,0,13,4,1,1,59.9900016784668,59.99,59.99,0,0,0.0008181502261128366
26,0,4,2,1,4,74.49000024795532,195.0,19.99,1,1,0.9977858045036809
57,1,4,4,1,2,42.415000915527344,49.99,34.84,0,0,0.002246656614148584
70,1,4,4,1,3,84.9399995803833,138.0,34.84,1,1,0.9683794827422032
20,0,10,4,1,1,21.950000762939453,21.95,21.95,0,0,1.968289985955307e-05
62,0,13,4,1,1,12.989999771118164,12.99,12.99,0,0,1.968289985955307e-05
56,0,3,4,1,1,34.22999954223633,34.23,34.23,0,0,6.455331937662784e-05
31,0,4,4,1,1,78.19999694824219,78.2,78.2,0,0,0.0006767482359146226
27,0,13,4,1,1,97.5,97.5,97.5,0,0,0.00928300609473091
28,1,4,4,1,1,69.94999694824219,69.95,69.95,0,0,0.0007603636119876069
52,0,4,4,2,2,96.0,168.0,24.0,1,1,0.9991403336126523
44,1,3,4,1,4,72.72250080108643,149.5,21.95,1,1,0.9962155997168035
20,0,4,4,1,1,100.0,100.0,100.0,0,0,0.00549353405896277
14,1,12,4,1,3,54.660000483194985,98.0,25.99,0,1,0.6951579503232475
25,1,13,4,2,3,34.47666676839193,64.93,13.5,0,0,0.0971370905700279
65,1,4,3,1,1,29.989999771118164,29.99,29.99,0,0,0.00024839456665758255
39,1,4,3,1,1,52.0,52.0,52.0,0,0,0.0003882186612144809
62,0,10,4,1,2,25.994999885559082,38.0,13.99,0,0,0.0002455940119092864
14,1,3,4,1,1,29.989999771118164,29.99,29.99,0,0,0.00017647058823529405
23,1,13,0,1,3,88.49666849772136,139.99,49.5,1,1,0.9966463708277402
65,0,13,4,2,2,48.35000038146973,64.5,32.2,0,0,0.022086054993475247
28,0,0,4,3,3,38.32666778564453,59.99,15.0,0,0,0.14851638566615596
64,1,4,4,3,5,32.821666399637856,59.5,19.24,1,1,0.7196765507906515
32,1,11,4,1,1,59.9900016784668,59.99,59.99,0,0,0.0015942035553661899
50,1,13,4,2,2,69.98999881744385,119.99,19.99,0,0,0.290991125162053
46,1,4,2,1,1,45.83000183105469,45.83,45.83,0,0,0.0001860451652497504
28,1,13,4,1,3,67.4125006198883,169.0,12.71,1,1,0.993143057289085
14,1,6,4,2,2,15.5,19.0,12.0,0,0,0.002566425037641589
39,0,3,4,1,3,159.14333216349283,352.0,55.44,1,1,0.9998863782394517
22,0,4,4,1,1,223.5,223.5,223.5,1,1,1.0
30,1,2,4,1,1,73.55000305175781,73.55,73.55,0,0,0.0007368141658139086
39,1,4,2,1,1,49.5,49.5,49.5,0,0,0.00014648555815218592
13,1,13,4,1,2,136.64666620890299,189.95,43.99,1,1,0.9999752475247524
39,1,8,4,2,4,104.81200332641602,349.17,19.95,1,1,0.9993686780789598
45,0,3,4,2,3,42.32333246866862,64.99,23.98,0,0,0.13083684895940584
58,0,8,4,2,5,73.19799995422363,152.0,13.99,1,1,0.9974625538616918
58,1,13,2,3,5,57.43600006103516,133.0,17.18,1,1,0.9989814554582943
58,1,4,4,1,1,24.989999771118164,24.99,24.99,0,0,8.38068749601134e-06
50,1,7,3,1,1,164.0,164.0,164.0,0,0,0.007101986455544429
58,1,6,4,1,1,25.0,25.0,25.0,0,0,2.5314485649881535e-05
67,1,4,3,3,7,60.632500410079956,139.99,9.0,1,1,0.9998043514124059
56,0,13,4,1,1,149.97999572753906,149.98,149.98,0,0,0.003829090558586995
25,1,4,4,1,1,42.04999923706055,42.05,42.05,0,0,6.591752997793355e-05
49,1,12,2,1,1,12.5,12.5,12.5,0,0,2.5314485649881535e-05
26,0,4,4,1,1,43.13999938964844,43.14,43.14,0,0,0.0002783983660095049
26,0,3,4,2,3,50.6233336130778,100.93,22.99,0,1,0.5415341092654992
16,0,4,3,1,1,150.0,150.0,150.0,0,0,0.0060808755458586945
16,1,7,4,1,1,17.579999923706055,17.58,17.58,0,0,3.2664699712926596e-06
44,1,11,4,1,4,18.8725004196167,34.99,9.79,0,0,0.010318766078164341
56,0,2,0,3,4,39.494999408721924,85.74,12.75,0,1,0.7583642595178682
14,1,13,4,1,1,29.989999771118164,29.99,29.99,0,0,0.00017647058823529405
64,1,11,0,1,1,65.0,65.0,65.0,0,0,0.001592379927569709
48,0,13,3,2,3,74.9966672261556,105.0,34.99,1,1,0.9725352859173185
54,1,4,4,3,5,113.58833312988281,199.95,39.6,1,1,0.9949661813777919
36,0,4,4,1,1,35.9900016784668,35.99,35.99,0,0,1.7941204296135235e-05
27,0,7,0,1,1,85.0,85.0,85.0,0,0,0.0018246797600178347
25,1,13,4,1,2,38.2966677347819,44.99,29.95,0,0,0.0005277961744434501
44,1,6,2,1,2,40.640000343322754,62.36,18.92,0,0,0.004405820378574378
52,0,13,4,1,1,8.989999771118164,8.99,8.99,0,0,1.968289985955307e-05
38,1,6,4,1,1,72.0,72.0,72.0,0,0,0.00039441288498508567
12,0,4,4,1,1,29.0,29.0,29.0,0,0,3.236145656179473e-05
55,0,4,4,1,1,188.25,188.25,188.25,1,1,1.0
44,1,3,0,2,2,54.45000076293945,64.5,44.4,0,0,0.029102190177814728
12,1,4,4,1,1,109.98999786376953,109.99,109.99,0,0,0.014977066110919226
52,1,3,0,1,1,84.94999694824219,84.95,84.95,0,0,0.0019101123047173183
32,1,3,4,1,3,68.73500156402588,129.99,20.0,1,1,0.9737168153522023
21,0,4,4,1,1,37.9900016784668,37.99,37.99,0,0,2.4917948482181724e-05
67,0,3,3,1,1,20.0,20.0,20.0,0,0,4.835768968724385e-05
30,0,7,4,2,3,35.1324999332428,62.0,12.95,0,0,0.10590785052291694
66,0,11,4,1,1,13.880000114440918,13.88,13.88,0,0,2.5029540387088356e-05
49,0,4,4,3,4,71.16250085830688,161.0,17.9,1,1,0.9997451802049973
25,0,12,4,1,1,45.0,45.0,45.0,0,0,0.00014959585480281326
17,0,11,4,1,1,15.899999618530273,15.9,15.9,0,0,1.968289985955307e-05
28,0,4,4,1,1,80.0,80.0,80.0,0,0,0.0007010174449664404
36,1,7,4,3,3,35.99250078201294,49.99,24.0,0,0,0.08447282659514307
50,0,6,2,1,1,125.0,125.0,125.0,0,0,0.007601747813793838
43,1,4,4,1,1,40.0,40.0,40.0,0,0,3.172741710970919e-05
30,0,13,3,2,3,40.64333407084147,59.95,21.99,0,0,0.04058066337946846
31,1,4,3,1,2,27.570000171661377,39.5,15.64,0,0,0.00020306728752397284
63,1,13,4,2,2,80.48999977111816,119.99,40.99,0,0,0.2634261370647345
34,0,8,4,1,1,45.0,45.0,45.0,0,0,0.00017205396148018887
42,0,13,4,2,5,84.53800048828126,223.97,16.0,1,1,0.996935730220391
19,0,12,4,1,1,172.0,172.0,172.0,1,1,1.0
33,0,13,4,1,2,32.89999961853027,37.8,28.0,0,0,0.0004227262716638648
37,1,3,3,1,4,22.72000026702881,39.95,15.99,0,0,0.0006945384199672065
47,0,13,4,1,3,13.989999771118164,18.0,10.98,0,0,6.957836804670473e-05
39,0,4,3,2,2,171.46000003814697,326.0,16.92,1,1,0.998813626104606
58,1,4,2,2,2,69.5,109.0,30.0,0,0,0.2537189683261262
65,0,3,4,2,2,93.47000122070312,131.94,55.0,1,1,0.9900928863223116
34,0,4,4,1,3,52.0,73.0,14.0,0,0,0.47070057738591325
64,1,7,4,1,1,89.5,89.5,89.5,0,0,0.004130971201758243
46,0,4,2,2,2,272.5,495.0,50.0,1,1,0.9998995854891802
23,1,4,3,3,4,74.56000018119812,178.0,12.8,1,1,0.9998296748997137
13,1,4,4,1,1,15.0,15.0,15.0,0,0,2.0709650697224966e-06
66,0,4,4,1,3,48.163333892822266,70.0,24.5,0,0,0.4608900255537234
50,0,7,4,1,1,40.0,40.0,40.0,0,0,3.887495947555817e-05
61,0,3,4,2,1,74.69499969482422,81.4,67.99,0,0,0.051053569221853626
41,1,3,4,1,1,47.43000030517578,47.43,47.43,0,0,0.00023171799276632102
64,1,13,4,1,2,152.0,219.0,85.0,1,1,0.9998919333771756
44,1,13,4,1,1,31.149999618530273,31.15,31.15,0,0,4.920392183935764e-05
36,0,4,1,1,2,18.94499969482422,24.99,12.9,0,0,0.00036908213250467635
55,0,0,4,2,3,40.99666659037272,88.0,12.99,0,0,0.3248625230658982
39,0,13,4,3,2,54.31666692097982,129.0,16.95,0,1,0.7375118538942081
36,1,4,4,3,5,99.89800109863282,189.0,18.0,1,1,0.9999536623883567
12,0,4,4,1,3,56.24499988555908,81.0,34.0,1,1,0.6254091506025077
49,0,3,4,1,1,99.08999633789062,99.09,99.09,0,0,0.005555843213284415
47,0,12,4,1,1,148.0,148.0,148.0,0,0,0.0031394506699419446
46,1,10,4,2,2,69.56000137329102,114.12,25.0,0,0,0.28164838162487976
16,1,4,4,2,3,44.65000025431315,59.0,25.0,0,0,0.19727985434040385
55,0,6,1,2,2,57.47500038146973,95.0,19.95,0,0,0.17395798432235834
19,0,7,1,3,3,43.81000073750814,61.45,29.99,0,0,0.3578591785754074
65,0,13,3,2,3,37.993334452311196,51.99,22.0,0,0,0.05274125132625272
51,0,13,4,1,1,85.0,85.0,85.0,0,0,0.002608773889331929
22,0,6,4,2,3,47.9966672261556,69.0,34.99,0,0,0.3577533490724292
66,1,10,4,2,3,47.31666564941406,87.95,16.0,0,1,0.5390478517752814
48,1,12,4,3,4,38.2939998626709,111.99,9.99,1,1,0.8469890025238795
23,1,4,1,1,2,37.480000495910645,49.99,24.97,0,0,0.001998787226404229
67,0,3,4,1,2,35.0,50.0,20.0,0,0,0.002213883007682129
19,0,3,4,1,1,92.0,92.0,92.0,0,0,0.004601769866277403
68,1,4,4,1,1,55.0,55.0,55.0,0,0,0.00043740254494638466
17,0,3,4,1,1,49.95000076293945,49.95,49.95,0,0,0.00014920735524871792
44,0,8,4,1,2,29.225000381469727,35.0,23.45,0,0,0.0009226757420612874
48,1,11,4,1,1,50.0,50.0,50.0,0,0,0.00023086208041148324
50,1,7,4,4,5,47.78857149396624,68.0,29.88,1,1,0.9956284555475525
43,0,13,3,2,5,73.29199981689453,130.5,9.99,1,1,0.9882122762731487
24,0,10,4,4,5,44.28799991607666,117.5,9.99,1,1,0.9982258179053315
34,1,3,4,1,1,17.989999771118164,17.99,17.99,0,0,8.38068749601134e-06
54,1,10,4,2,3,40.63666598002116,56.5,29.99,0,0,0.06668206442305842
60,1,4,3,1,2,31.994999885559082,44.0,19.99,0,0,0.0005948011418394184
51,1,4,4,3,3,171.31666564941406,328.0,16.0,1,1,0.9989062496827447
27,0,7,1,1,1,79.5,79.5,79.5,0,0,0.004891600570954305
45,0,13,4,1,2,73.7249984741211,129.95,17.5,0,0,0.2057725019113383
12,0,6,4,1,1,18.950000762939453,18.95,18.95,0,0,1.848739495798291e-05
61,0,10,0,1,2,52.9950008392334,66.0,39.99,0,0,0.022506757158646463
43,0,13,3,2,2,27.25,44.0,10.5,0,0,0.0007990318764386732
55,0,4,4,2,2,100.0,189.0,11.0,1,1,0.9984831968161916
35,1,13,3,1,2,45.4950008392334,48.0,42.99,0,0,0.006153984320784387
13,1,12,4,3,4,41.09999990463257,99.99,11.99,0,1,0.828118530698343
55,1,13,4,1,4,71.5,162.0,25.0,1,1,0.9979714309730491
48,1,13,4,1,2,18.269999980926514,23.0,13.54,0,0,0.001242880172369382
51,1,4,3,1,1,69.5,69.5,69.5,0,0,0.00031896607289441393
30,0,13,4,1,1,32.16999816894531,32.17,32.17,0,0,1.02311040648322e-05
31,0,13,4,2,3,86.83999951680501,133.53,7.99,1,1,0.975826228572972
68,0,13,2,1,1,9.970000267028809,9.97,9.97,0,0,1.968289985955307e-05
36,0,13,4,1,2,71.67500114440918,106.4,36.95,0,0,0.17478798814290677
17,1,3,2,1,1,30.450000762939453,30.45,30.45,0,0,8.172249087616648e-06
63,0,12,4,3,5,56.58999900817871,119.0,9.9,1,1,0.9946929480753162
21,1,4,4,1,1,70.0,70.0,70.0,0,0,0.0006036021570429467
45,0,11,4,1,3,35.30333264668783,64.99,16.92,0,0,0.04281207229356145
68,0,3,2,1,2,68.98499870300293,115.99,21.98,0,0,0.22962857248988736
32,0,4,3,2,1,25.375,35.0,15.75,0,0,0.00048178314420271965
32,1,3,4,1,3,25.593333562215168,43.29,13.5,0,0,0.001676213902032897
56,1,13,4,2,2,80.00500106811523,100.01,60.0,0,0,0.19683103212847283
25,1,3,3,1,1,65.0,65.0,65.0,0,0,0.000734575394061617
62,1,7,3,2,5,55.36000061035156,99.0,33.82,1,1,0.9557901738399854
52,0,4,4,1,1,36.0,36.0,36.0,0,0,6.455331937662784e-05
16,0,6,4,1,1,71.9000015258789,71.9,71.9,0,0,0.00021882001936000716
40,1,3,4,2,2,57.35999870300293,79.99,34.73,0,0,0.1858518164913869
16,1,13,4,1,1,38.970001220703125,38.97,38.97,0,0,0.0006136106765570603
12,1,11,1,1,1,11.529999732971191,11.53,11.53,0,0,2.0709650697224966e-06
40,1,4,4,1,1,15.0,15.0,15.0,0,0,8.38068749601134e-06
52,0,6,4,3,6,44.25333293279012,122.99,8.99,1,1,0.9890217578086807
26,0,7,1,1,1,58.0,58.0,58.0,0,0,0.00025551057358905795
41,0,0,4,1,2,75.0,125.0,25.0,0,0,0.2004962198745771
12,0,4,4,2,2,79.66333262125652,114.99,25.0,1,0,0.17936433627937542
41,0,13,4,1,1,38.9900016784668,38.99,38.99,0,0,1.02311040648322e-05
69,1,10,4,2,2,47.45000076293945,68.9,26.0,0,0,0.030365644853225196
37,1,4,4,1,1,49.95000076293945,49.95,49.95,0,0,0.0002194128245956893
64,1,3,3,1,2,53.0,98.0,8.0,0,0,0.10699089032865179
44,0,10,4,2,2,53.47500038146973,77.0,29.95,0,0,0.04709599952269597
30,1,6,4,1,1,51.0,51.0,51.0,0,0,0.00043316295793642773
14,0,4,4,1,1,40.0,40.0,40.0,0,0,0.0001932162876298591
41,0,12,4,2,2,63.489999771118164,92.0,34.98,0,0,0.22722926321061634
40,1,4,4,1,1,239.99000549316406,239.99,239.99,1,1,1.0
58,1,4,1,1,1,36.119998931884766,36.12,36.12,0,0,4.246097945452747e-05
55,0,6,2,2,3,18.97333335876465,25.0,13.93,0,0,0.0050813662345677735
56,0,9,1,3,5,53.25,130.0,14.25,1,1,0.9858965511748239
52,1,10,4,1,2,62.49499988555908,110.0,14.99,0,0,0.23030349701249425
48,1,10,4,2,3,41.7400016784668,72.23,17.0,0,0,0.13833254357816915
17,1,3,4,2,1,25.30000066757202,36.99,13.61,0,0,0.00039091291178834897
57,0,13,4,1,2,34.74499988555908,39.5,29.99,0,0,0.0009139342984796253
16,1,9,4,1,1,19.600000381469727,19.6,19.6,0,0,3.2664699712926596e-06
17,1,10,4,2,3,65.1879997253418,119.99,23.97,1,1,0.9825980842184446
29,0,3,4,2,3,159.16666666666666,214.5,94.0,1,1,0.9999894736842105
52,0,8,4,3,4,23.987500190734863,49.0,14.0,0,0,0.04198684540933603
52,1,3,4,1,1,18.969999313354492,18.97,18.97,0,0,8.38068749601134e-06
36,1,3,3,3,3,41.666666666666664,88.0,12.0,0,0,0.38036195296619946
33,1,4,4,1,1,69.5,69.5,69.5,0,0,0.0005994194059790231
59,0,4,4,2,2,40.480000495910645,55.99,24.97,0,0,0.009657603068887903
23,0,3,4,1,1,94.0,94.0,94.0,0,0,0.004736091840989845
55,0,2,4,1,1,10.989999771118164,10.99,10.99,0,0,2.5029540387088356e-05
60,1,4,4,1,3,59.99333357810974,129.0,2.78,1,1,0.945213875253105
22,1,4,4,1,1,134.9499969482422,134.95,134.95,0,0,0.005623569109099033
65,0,6,4,1,1,25.200000762939453,25.2,25.2,0,0,3.273964061839139e-05
25,0,12,4,1,1,5.5,5.5,5.5,0,0,1.968289985955307e-05
48,0,9,4,1,1,88.0,88.0,88.0,0,0,0.0035846059945597096
64,0,3,4,2,4,23.332499980926514,29.5,11.85,0,0,0.005368161994089957
68,0,3,4,1,2,52.5,60.0,45.0,0,0,0.018643436234374148
43,0,4,4,2,2,60.01499891281128,106.06,13.97,0,0,0.28286081231535887
45,0,4,4,3,2,42.765000343322754,48.1,34.98,1,0,0.07742880410574082
34,1,12,4,1,3,84.48333231608073,169.95,29.5,1,1,0.9815759003343423
34,0,13,4,1,1,59.9900016784668,59.99,59.99,0,0,0.0008606130711234525
38,1,9,4,1,1,25.0,25.0,25.0,0,0,2.5314485649881535e-05
13,1,4,4,1,3,28.386666615804035,30.18,24.99,0,0,0.003995485306287577
24,0,11,3,3,5,27.144000244140624,58.0,12.0,0,0,0.2989172155813647
60,0,13,4,2,5,46.99599990844727,98.0,19.98,1,1,0.95969645444199
41,1,6,3,1,1,64.5,64.5,64.5,0,0,0.00018907640938972776
13,0,10,1,2,2,31.75,39.5,24.0,0,0,0.005670845732572987
16,0,11,4,1,1,12.989999771118164,12.99,12.99,0,0,1.968289985955307e-05
12,0,4,4,1,1,1.75,1.75,1.75,0,0,1.848739495798291e-05
67,1,10,3,1,1,239.99000549316406,239.99,239.99,1,1,1.0
66,1,13,4,3,3,36.49599990844727,85.0,4.49,1,0,0.336086576347356
67,1,10,3,1,2,32.71500015258789,34.5,30.93,0,0,0.0005920602025726369
47,1,13,4,2,2,65.49499988555908,115.0,15.99,0,0,0.35978085273795485
34,1,3,4,3,2,76.83333333333333,109.0,42.0,1,1,0.839240714834039
37,0,13,4,1,2,34.326666514078774,55.0,22.99,0,0,0.0014734196564328667
49,1,4,4,1,3,54.735000133514404,96.0,24.99,1,1,0.6810318057879495
49,1,13,3,1,1,148.5800018310547,148.58,148.58,0,0,0.003493303965338191
61,0,4,4,1,1,2.990000009536743,2.99,2.99,0,0,2.5029540387088356e-05
45,1,4,4,2,2,189.0,328.0,50.0,1,1,0.9995874805074011
32,0,8,4,4,4,91.7975001335144,279.0,12.74,1,1,0.9998789587238907
40,1,10,1,1,1,12.359999656677246,12.36,12.36,0,0,3.2664699712926596e-06
53,1,13,4,3,3,65.09249949455261,193.95,8.72,1,1,0.9983537408652897
33,0,4,4,2,3,38.69666608174642,62.0,9.99,0,0,0.07866128676087697
23,1,10,1,1,2,52.5,80.0,25.0,0,0,0.05405111857428206
36,1,13,3,1,1,9.989999771118164,9.99,9.99,0,0,4.5584755920151746e-05
32,0,4,4,4,4,72.64833323160808,132.0,27.96,1,1,0.9997465492167159
19,1,4,3,1,1,145.0,145.0,145.0,0,0,0.00545340020115626
33,1,3,3,1,2,81.99499893188477,109.99,54.0,0,0,0.1351916915115845
19,1,4,3,4,4,36.59250020980835,59.5,11.99,0,1,0.6772028551239357
59,1,13,4,1,1,26.0,26.0,26.0,0,0,4.840324911832688e-05
29,1,13,4,2,2,134.5,215.0,54.0,1,1,0.9996651905715176
14,1,3,4,2,1,90.84000396728516,143.96,37.72,1,1,0.9565180754983983
50,0,4,4,1,1,105.0,105.0,105.0,0,0,0.005189838844310432
25,0,4,3,2,2,78.19500160217285,101.4,54.99,0,0,0.15172675629751473
15,0,4,4,1,1,70.0,70.0,70.0,0,0,0.0003551104241079628
16,0,8,4,1,2,31.354999542236328,37.76,24.95,0,0,0.0009001478173303006
53,0,3,3,3,4,28.690000772476196,49.99,9.06,0,0,0.08231193172961143
70,0,13,4,2,3,59.4300000667572,98.0,6.29,1,1,0.9417636302632575
51,1,0,2,2,2,223.97500610351562,289.95,158.0,1,1,1.0
24,1,13,1,1,1,132.3000030517578,132.3,132.3,0,0,0.008492788767728696
19,0,12,4,1,2,43.96999931335449,48.0,39.94,0,0,0.010449548256547772
51,0,7,4,1,1,41.9900016784668,41.99,41.99,0,0,3.887495947555817e-05
61,0,7,1,2,2,25.489999771118164,25.98,25.0,0,0,0.0007000405113021086
16,0,4,4,2,2,45.980000495910645,80.97,10.99,0,0,0.04998483600453162
25,1,4,4,2,2,53.5,55.0,52.0,0,0,0.017438305039769474
51,0,10,2,1,1,24.0,24.0,24.0,0,0,5.923706604273259e-05
41,1,0,4,2,2,37.98999881744385,66.99,8.99,0,0,0.017792383105799697
59,0,13,4,1,3,22.634999990463257,35.0,13.05,0,0,0.002051847306219142
14,1,3,4,1,1,12.739999771118164,12.74,12.74,0,0,2.0709650697224966e-06
22,1,4,2,1,1,20.0,20.0,20.0,0,0,3.2664699712926596e-06
60,0,10,4,1,1,29.5,29.5,29.5,0,0,2.041620703291727e-05
64,1,10,4,2,3,71.65999857584636,99.99,25.0,1,1,0.9629976111842689
69,1,4,4,1,1,17.690000534057617,17.69,17.69,0,0,8.38068749601134e-06
69,1,13,4,2,2,48.20000076293945,59.45,36.95,0,0,0.02067366407743236
39,1,3,4,1,2,134.4749984741211,243.95,25.0,1,1,0.9999449451130914
70,0,3,3,1,2,23.530000686645508,34.99,12.07,0,0,0.0007217478282464372
65,0,13,4,1,1,24.989999771118164,24.99,24.99,0,0,1.968289985955307e-05
57,0,13,4,1,1,53.33000183105469,53.33,53.33,0,0,0.00023266998874459314
23,0,11,4,1,1,19.899999618530273,19.9,19.9,0,0,1.968289985955307e-05
40,1,4,4,1,1,30.0,30.0,30.0,0,0,9.181360217042095e-06
30,0,13,2,4,7,73.46999969482422,195.0,5.99,1,1,0.9999200577388767
66,1,13,3,3,3,33.483333587646484,42.0,18.95,0,0,0.026717267770553593
57,1,4,4,4,4,52.85999917984009,89.5,14.0,1,1,0.9929440890542728
60,1,12,4,1,1,88.5,88.5,88.5,0,0,0.005325781832809598
27,0,6,4,1,1,50.0,50.0,50.0,0,0,0.00015729787740685164
45,1,4,1,1,1,190.0,190.0,190.0,1,1,1.0
13,0,4,4,2,3,50.329999923706055,110.0,15.0,0,1,0.6042150364431168
30,0,4,4,1,1,14.6899995803833,14.69,14.69,0,0,1.968289985955307e-05
46,0,4,1,2,3,66.2933349609375,98.0,32.9,1,1,0.9678804613683859
60,0,4,4,3,3,37.326667149861656,57.99,22.0,0,0,0.1476447281801936
19,1,6,3,1,1,51.189998626708984,51.19,51.19,0,0,0.00035419865573193106
14,0,4,4,2,2,114.45999908447266,159.95,68.97,1,1,0.998026319909609
66,0,2,4,1,1,14.0,14.0,14.0,0,0,4.835768968724385e-05
22,1,3,3,2,6,90.7933349609375,405.26,21.0,1,1,0.9999847018706748
35,1,13,1,1,2,57.244998931884766,74.95,39.54,0,0,0.10146913544694094
38,1,3,4,1,1,25.0,25.0,25.0,0,0,8.38068749601134e-06
61,1,8,4,1,1,158.0,158.0,158.0,0,0,0.006393519329752845
65,1,11,4,1,1,69.30000305175781,69.3,69.3,0,0,0.0004021595252163513
30,0,2,4,1,1,17.989999771118164,17.99,17.99,0,0,1.968289985955307e-05
41,1,4,1,1,1,32.0,32.0,32.0,0,0,1.1955049015701636e-06
52,0,13,3,1,1,19.989999771118164,19.99,19.99,0,0,1.968289985955307e-05
56,1,13,3,2,1,40.46999931335449,55.94,25.0,0,0,0.005761463305020826
66,1,4,4,1,2,52.97500038146973,76.0,29.95,0,0,0.043729878198535015
16,1,12,3,2,4,54.734999656677246,89.99,34.95,1,1,0.9559907704021845
18,1,13,4,1,1,2.950000047683716,2.95,2.95,0,0,2.6355233439738017e-05
15,0,13,0,1,2,26.47000026702881,47.95,4.99,0,0,0.004372997614565391
22,0,3,4,1,1,139.0,139.0,139.0,0,0,0.01248945846691872
42,0,4,4,2,2,147.95000076293945,198.0,97.9,1,1,0.9999607657338881
58,1,13,4,1,2,37.49499988555908,55.0,19.99,0,0,0.0013718562877052748
41,1,4,4,2,2,56.989999771118164,74.99,38.99,0,0,0.07193010268523131
52,0,13,4,1,2,52.204999923706055,90.0,14.41,0,0,0.11233414477690074
47,0,4,4,1,1,49.45000076293945,49.45,49.45,0,0,0.0002546280409487796
30,1,13,4,2,2,82.94499969482422,135.0,30.89,0,0,0.3641580953297453
25,1,4,3,2,3,65.81333414713542,115.0,32.99,1,1,0.9844897724109402
15,1,3,4,1,4,35.77999973297119,63.6,15.52,0,0,0.10510790505309522
48,0,7,4,2,2,19.69999933242798,27.96,11.44,0,0,0.0004765102067282369
13,1,13,4,1,1,43.0,43.0,43.0,0,0,0.0004697125937063702
32,1,4,3,1,2,72.4900016784668,75.48,69.5,0,0,0.04639607654174107
42,0,4,4,1,1,44.95000076293945,44.95,44.95,0,0,0.0002767682623509937
59,1,7,0,2,2,26.994999885559082,28.99,25.0,0,0,0.0026240398708178556
53,1,13,4,1,1,17.989999771118164,17.99,17.99,0,0,4.840324911832688e-05
39,1,3,4,1,1,178.0,178.0,178.0,1,1,1.0
54,0,4,3,1,1,35.9900016784668,35.99,35.99,0,0,6.455331937662784e-05
21,1,13,4,1,1,118.56999969482422,118.57,118.57,0,0,0.012959752828102876
21,1,6,4,1,1,399.0,399.0,399.0,1,1,1.0
53,1,11,4,1,1,154.97000122070312,154.97,154.97,0,0,0.005704340375583972
23,1,6,3,1,1,39.9900016784668,39.99,39.99,0,0,1.8002829119149342e-05
19,0,4,4,1,1,14.0,14.0,14.0,0,0,0.00010411066721414975
61,0,7,4,1,1,32.4900016784668,32.49,32.49,0,0,2.3287844823670516e-05
23,1,4,3,1,1,274.989990234375,274.99,274.99,1,1,1.0
26,0,4,4,1,1,35.9900016784668,35.99,35.99,0,0,2.4917948482181724e-05
44,0,13,4,3,3,27.476667086283367,63.99,5.49,0,0,0.0460812904046304
30,1,3,4,1,1,15.989999771118164,15.99,15.99,0,0,3.2664699712926596e-06
46,1,4,3,1,3,52.63333384195963,59.95,38.0,0,0,0.20791229746848713
16,1,3,4,2,3,131.66666666666666,198.0,39.0,1,1,0.9995381755827109
36,0,0,4,1,4,25.12000036239624,39.99,8.99,0,0,0.010588714959164863
16,0,4,3,1,1,58.0,58.0,58.0,0,0,0.00038919616486818314
36,0,4,4,1,2,35.95000076293945,39.95,31.95,0,0,0.0007368190821223033
56,1,4,4,1,1,39.9900016784668,39.99,39.99,0,0,7.29928916626665e-05
16,1,7,4,1,2,24.994999885559082,29.99,20.0,0,0,0.0005229518869559426
55,0,3,4,1,2,25.494999885559082,26.0,24.99,0,0,0.00038685738524782106
38,0,0,3,1,1,9.930000305175781,9.93,9.93,0,0,1.968289985955307e-05
34,1,7,4,2,2,49.2450008392334,59.5,38.99,0,0,0.01679653770542791
69,1,4,4,2,3,149.81333541870117,249.5,29.95,1,1,0.9998432144933693
42,0,3,3,1,3,25.987500190734863,34.99,21.97,0,0,0.0011546976567424494
50,1,4,3,4,4,69.23250102996826,140.0,16.95,1,1,0.9995880380556134
59,0,4,4,1,1,30.0,30.0,30.0,0,0,2.3287844823670516e-05
43,0,4,4,2,2,105.91999816894531,198.84,13.0,1,1,0.9930908015556015
21,0,4,4,1,2,74.97500228881836,79.98,69.97,0,0,0.055014243911840933
14,0,4,2,1,1,18.5,18.5,18.5,0,0,1.848739495798291e-05
41,0,13,2,1,1,74.98999786376953,74.99,74.99,0,0,0.001456002654082729
29,0,0,4,1,2,36.53000068664551,44.99,28.07,0,0,0.0005991375911835646
57,1,11,0,2,4,38.35000020265579,99.5,3.95,0,1,0.6444632218870219
56,0,13,4,1,1,72.0,72.0,72.0,0,0,0.0008076911514077624
14,1,13,1,1,1,29.989999771118164,29.99,29.99,0,0,0.00017647058823529405
68,0,4,1,1,2,22.489999771118164,24.99,19.99,0,0,0.0009783840800455482
67,0,12,4,3,2,103.0,158.0,12.0,1,1,0.975853661918109
29,0,13,4,2,4,23.586000061035158,48.0,6.0,0,0,0.03786504396315326
35,0,3,4,1,2,19.80999994277954,25.0,14.62,0,0,0.00047418968874484075
47,0,4,4,2,3,32.65000025431315,58.5,15.0,0,0,0.012437268165034812
55,1,4,4,1,1,59.5,59.5,59.5,0,0,0.0003692821496569828
28,1,4,4,3,4,59.72500038146973,125.0,25.0,1,1,0.9993927758428371
47,1,8,3,1,1,33.0,33.0,33.0,0,0,2.6115158370912287e-05
49,0,12,4,1,1,19.989999771118164,19.99,19.99,0,0,2.5029540387088356e-05
14,0,8,4,1,1,12.989999771118164,12.99,12.99,0,0,1.848739495798291e-05
63,1,0,1,1,1,187.60000610351562,187.6,187.6,1,1,1.0
12,1,4,4,1,1,22.0,22.0,22.0,0,0,2.0709650697224966e-06
48,1,3,4,1,1,12.0,12.0,12.0,0,0,8.38068749601134e-06
12,1,4,4,1,1,56.5,56.5,56.5,0,0,0.0001094643555869064
40,0,3,4,1,2,70.90999984741211,93.82,48.0,0,0,0.13757968791344788
49,0,13,4,1,1,139.5,139.5,139.5,0,0,0.003757229375203183
51,1,4,2,2,5,54.02285756383623,139.99,2.95,1,1,0.9792898915399748
69,1,4,4,2,3,40.66000111897787,44.99,34.99,0,0,0.044155057525199444
12,1,13,4,1,1,22.75,22.75,22.75,0,0,2.0709650697224966e-06
53,0,13,4,1,1,29.979999542236328,29.98,29.98,0,0,7.359466274078951e-06
35,1,4,4,1,4,67.875,99.0,25.0,1,1,0.9734087777343202
70,0,13,4,1,2,38.06500005722046,63.18,12.95,0,0,0.003287673761814799
58,0,3,3,1,2,36.220001220703125,37.45,34.99,0,0,0.0007812681864341763
41,0,4,4,1,1,79.98999786376953,79.99,79.99,0,0,0.0008703359632540875
58,0,13,1,2,3,58.789999643961586,110.39,10.98,1,1,0.9679018830843152
64,1,12,4,1,2,161.9749984741211,255.0,68.95,1,1,0.9999265761741226
42,1,4,2,1,1,72.9800033569336,72.98,72.98,0,0,0.00030754295309376944
21,1,6,4,1,1,38.68000030517578,38.68,38.68,0,0,7.397297837288068e-05
38,1,13,3,1,1,65.0,65.0,65.0,0,0,0.0007765304627069129
59,0,13,4,1,2,44.25,49.0,39.5,0,0,0.012277913540440204
44,0,11,4,2,2,13.804999828338623,17.98,9.63,0,0,0.0005072514225887768
28,1,3,4,1,1,29.989999771118164,29.99,29.99,0,0,1.1955049015701636e-06
28,0,4,4,1,2,61.4950008392334,76.0,46.99,0,0,0.08077438582512446
35,0,11,4,2,2,19.949999809265137,25.0,14.9,0,0,0.0006517369519038776
38,1,10,4,2,2,172.9950008392334,286.0,59.99,1,1,0.999755
20,0,12,4,1,1,79.5,79.5,79.5,0,0,0.0016186293631604135
22,0,4,4,1,1,85.0,85.0,85.0,0,0,0.004789520756934717
52,1,4,4,1,1,109.0,109.0,109.0,0,0,0.009582021289234278
46,1,12,3,3,3,31.826666514078777,42.0,19.5,0,0,0.03644573369005161
19,0,13,3,1,2,30.0,32.0,28.0,0,0,0.001499718483522576
18,1,3,1,1,1,59.9900016784668,59.99,59.99,0,0,0.00021015645652601892
19,0,4,3,1,1,43.790000915527344,43.79,43.79,0,0,0.0008935922852020346
60,1,3,3,1,1,37.2599983215332,37.26,37.26,0,0,5.740577701077884e-05
56,1,3,4,1,1,169.9499969482422,169.95,169.95,0,0,0.006757786311898022
46,0,13,4,1,3,33.97333335876465,41.95,29.98,0,0,0.0024214662749713644
65,1,4,4,2,3,35.006666819254555,59.5,16.0,0,0,0.10510554995682751
29,1,13,1,4,5,75.07799911499023,159.95,20.95,1,1,0.9999938574938575
19,0,13,4,3,3,95.85333251953125,160.0,55.57,1,1,0.9997122784426601
33,0,3,4,1,1,17.899999618530273,17.9,17.9,0,0,1.968289985955307e-05
57,0,0,0,1,1,34.0,34.0,34.0,0,0,1.2706106801614232e-05
42,1,13,4,2,2,50.650001525878906,76.3,25.0,0,0,0.048779995040598934
56,0,4,3,4,6,30.174285888671875,50.99,11.28,1,1,0.8741891644421004
64,0,3,4,2,2,31.47000026702881,47.95,14.99,0,0,0.0024502529374762724
47,1,10,0,1,1,44.45000076293945,44.45,44.45,0,0,0.0004949826500292723
22,0,11,4,2,2,140.0,248.0,32.0,1,1,0.9982129476708954
68,0,4,4,1,1,58.0,58.0,58.0,0,0,0.00048448171205997754
52,1,13,3,2,2,177.9199981689453,236.84,119.0,1,1,0.9999490154205194
21,1,4,3,1,2,53.89499855041504,69.99,37.8,0,0,0.02481764619004206
21,1,12,4,3,3,46.48666572570801,79.99,21.97,0,1,0.5783708786816416
27,1,13,4,4,2,157.5,383.0,40.0,1,1,0.9997263553094047
49,0,6,4,2,2,36.505001068115234,45.99,27.02,0,0,0.0026464766927599163
16,0,4,4,3,2,22.880000114440918,32.95,10.7,0,0,0.010528279223737029
64,0,3,4,1,1,50.0,50.0,50.0,0,0,0.00022798451451507711
32,0,8,4,1,1,59.5,59.5,59.5,0,0,0.001534053633962638
20,1,4,3,1,1,12.899999618530273,12.9,12.9,0,0,3.2664699712926596e-06
43,0,3,4,1,1,18.0,18.0,18.0,0,0,2.5029540387088356e-05
25,0,13,4,2,2,298.99499893188477,498.0,99.99,1,1,0.999987951807229
69,0,11,4,1,1,55.47500038146973,68.0,42.95,0,0,0.012799082518029104
23,0,13,2,1,1,29.899999618530273,29.9,29.9,0,0,1.4336210460125433e-05
65,0,4,0,1,1,38.439998626708984,38.44,38.44,0,0,6.168168158587458e-05
59,0,13,4,1,1,39.5,39.5,39.5,0,0,1.02311040648322e-05
47,1,4,4,2,2,70.9950008392334,100.0,41.99,0,0,0.2384628757763878
31,1,13,4,1,4,33.105000495910645,49.99,21.99,0,0,0.019895178200623937
27,1,4,4,2,2,92.16333325703938,172.0,24.99,1,1,0.9976708179479025
16,1,10,4,1,3,230.66666666666666,595.0,28.0,1,1,0.999745024645147
56,1,3,4,1,1,29.989999771118164,29.99,29.99,0,0,6.309722426288844e-06
37,0,6,4,1,2,17.0,26.0,8.0,0,0,0.0005036439372101151
43,1,13,4,1,1,25.0,25.0,25.0,0,0,4.840324911832688e-05
64,0,13,4,2,2,25.994999885559082,26.99,25.0,0,0,0.0009379951824902274
27,0,8,4,3,4,43.60800018310547,100.0,8.88,1,1,0.9865014990369276
33,0,13,4,1,1,33.9900016784668,33.99,33.99,0,0,0.0007997047882753585
12,0,4,4,1,1,9.25,9.25,9.25,0,0,1.848739495798291e-05
51,0,13,0,1,2,201.8700008392334,352.0,51.74,1,1,0.9997607657338883
63,1,3,2,2,3,90.94999885559082,213.95,8.9,1,1,0.9993910399854589
63,0,3,4,4,5,76.44799995422363,148.0,14.99,1,1,0.9999343453223559
32,1,13,4,1,1,228.0,228.0,228.0,1,1,1.0
67,0,3,4,3,4,34.3149995803833,69.99,8.32,0,1,0.5239352000475149
19,1,10,2,1,3,38.96333376566569,54.95,26.99,0,0,0.009927383408626507
31,0,3,4,2,2,28.530000686645508,44.99,12.07,0,0,0.0026284800927704618
32,0,12,3,1,1,148.99000549316406,148.99,148.99,0,0,0.005346297722284719
56,1,4,4,2,3,95.1066665649414,198.0,12.0,1,1,0.999488235115478
54,1,4,4,1,2,27.922500133514404,49.5,12.0,0,0,0.001851181604362371
65,0,3,4,1,1,31.989999771118164,31.99,31.99,0,0,4.661599412382602e-05
70,1,10,3,2,2,47.25,55.0,39.5,0,0,0.02804456030182391
33,1,13,1,3,4,48.08750009536743,59.5,27.9,1,1,0.9434528637549469
56,0,3,4,1,1,99.0,99.0,99.0,0,0,0.0055799879794976
18,0,3,4,1,1,29.979999542236328,29.98,29.98,0,0,2.204631069142847e-05
28,0,4,4,1,1,49.5,49.5,49.5,0,0,0.0002492814004212443
23,0,3,4,4,5,62.7879997253418,89.95,19.0,1,1,0.9985062261321097
51,0,13,4,1,1,198.0,198.0,198.0,1,1,1.0
57,0,13,4,1,1,98.0,98.0,98.0,0,0,0.008424005827982563
24,1,10,4,1,1,75.5999984741211,75.6,75.6,0,0,0.0005409922010644954
30,0,13,4,1,2,46.149999141693115,79.99,12.31,0,0,0.052352322137978725
58,1,6,3,2,2,28.770000457763672,39.54,18.0,0,0,0.0006887978590900333
31,0,11,1,1,2,83.0,96.0,70.0,0,0,0.10327552507699171
37,1,13,4,1,1,9.989999771118164,9.99,9.99,0,0,4.840324911832688e-05
51,1,13,4,1,1,35.0,35.0,35.0,0,0,4.920392183935764e-05
55,0,3,3,2,4,38.55400009155274,69.0,8.98,1,1,0.5864169456910818
48,1,13,4,1,1,55.9900016784668,55.99,55.99,0,0,0.00038859800327909887
34,1,4,4,1,1,33.33000183105469,33.33,33.33,0,0,9.181360217042095e-06
41,1,13,3,2,3,100.64999898274739,179.0,33.0,1,1,0.9999231141410321
12,0,4,1,2,2,48.98499870300293,64.99,32.98,0,0,0.017167349921520036
47,1,4,4,1,1,40.84000015258789,40.84,40.84,0,0,0.0002903481067648814
19,0,4,4,2,2,19.0,22.0,16.0,0,0,0.0011405722067140437
52,1,11,4,1,1,903.0,903.0,903.0,1,1,1.0
19,1,4,4,1,1,41.9900016784668,41.99,41.99,0,0,0.0005310020250451745
34,0,10,0,1,3,56.28249907493591,159.95,13.19,1,1,0.871116970294211
26,1,4,4,1,1,29.989999771118164,29.99,29.99,0,0,8.172249087616648e-06
66,0,3,1,1,1,50.0,50.0,50.0,0,0,8.036825607656504e-05
66,0,13,4,1,1,72.0,72.0,72.0,0,0,0.00047599924217414706
64,1,4,3,1,1,55.0,55.0,55.0,0,0,0.00039848326263941254
28,1,13,4,1,1,36.0,36.0,36.0,0,0,2.715590616076877e-05
23,0,3,4,1,1,8.989999771118164,8.99,8.99,0,0,1.968289985955307e-05
50,0,6,4,3,4,54.12249994277954,135.0,12.5,1,1,0.9870943097352086
33,1,4,4,1,1,55.0,55.0,55.0,0,0,0.0004247877470672743
44,1,3,4,1,2,67.49499988555908,110.0,24.99,0,0,0.23707597072601755
23,1,7,4,2,1,27.5,30.0,25.0,0,0,0.0002840674599322466
46,0,10,2,1,1,25.0,25.0,25.0,0,0,6.694716627403562e-05
14,1,10,4,1,1,39.900001525878906,39.9,39.9,0,0,0.00018630116826682676
58,0,4,3,1,1,29.989999771118164,29.99,29.99,0,0,2.041620703291727e-05
36,1,4,0,2,5,92.96599960327148,168.0,13.0,1,1,0.9997372431058038
70,0,4,3,1,4,58.3725004196167,115.5,29.0,1,1,0.9679114405047738
32,0,3,4,3,6,39.90571444375174,98.0,8.69,1,1,0.9737966254352878
13,1,13,4,1,1,49.5,49.5,49.5,0,0,0.000428603447503613
46,0,6,3,1,1,128.0,128.0,128.0,0,0,0.0037321778555613155
58,1,4,3,1,1,178.0,178.0,178.0,1,1,1.0
44,0,4,4,2,1,35.5,40.0,31.0,0,0,0.0018950599490390016
47,1,13,4,1,1,134.9499969482422,134.95,134.95,0,0,0.004579361540026879
45,1,13,2,1,2,44.74499988555908,69.5,19.99,0,0,0.031707117555049125
16,0,8,3,1,3,42.60999997456869,65.0,22.83,0,0,0.3599841326360809
47,1,4,3,2,4,60.342501640319824,149.99,19.5,1,1,0.9971381850362364
37,1,13,4,1,1,20.0,20.0,20.0,0,0,4.840324911832688e-05
41,1,13,4,1,1,13.949999809265137,13.95,13.95,0,0,4.840324911832688e-05
33,0,13,4,1,1,44.900001525878906,44.9,44.9,0,0,0.00017737185539607958
56,0,3,4,1,1,8.380000114440918,8.38,8.38,0,0,2.5029540387088356e-05
69,1,4,4,1,1,77.83999633789062,77.84,77.84,0,0,0.0004945853408366427
41,0,4,4,1,1,9.989999771118164,9.99,9.99,0,0,2.5029540387088356e-05
62,1,3,2,3,5,62.97599868774414,95.0,30.0,1,1,0.9929907988969533
33,1,3,4,2,3,72.81333414713542,109.5,48.99,1,1,0.9745662594515285
17,0,3,4,1,1,130.0,130.0,130.0,0,0,0.00551211029468269
37,0,4,4,1,1,74.0,74.0,74.0,0,0,0.0006639688199164286
49,1,11,3,1,1,144.74000549316406,144.74,144.74,0,0,0.002600427782227732
59,1,4,4,1,1,54.9900016784668,54.99,54.99,0,0,0.0002997794062271849
38,1,3,4,2,5,71.8879997253418,198.0,9.75,1,1,0.998972394585606
45,1,4,4,1,3,62.54999987284342,130.0,21.9,1,1,0.9863723681953767
19,1,4,2,1,1,60.0,60.0,60.0,0,0,0.0006628072831032901
19,0,13,2,1,1,10.979999542236328,10.98,10.98,0,0,0.00010411066721414975
45,0,4,4,1,1,25.0,25.0,25.0,0,0,6.694716627403562e-05
64,0,13,4,2,3,24.823333104451496,31.99,12.49,0,0,0.0036748200643455403
32,0,13,4,2,2,37.4950008392334,39.99,35.0,0,0,0.001230819461324599
33,1,11,3,1,2,104.96999835968018,179.95,29.99,1,1,0.9980385685430594
43,1,12,4,1,1,3.0,3.0,3.0,0,0,6.596489215394662e-05
26,1,4,4,2,2,82.64666684468587,160.0,28.99,1,1,0.8312694259835444
47,1,10,3,1,1,139.99000549316406,139.99,139.99,0,0,0.003255456649393026
21,1,10,3,2,3,79.31666692097981,115.0,57.95,1,1,0.9776396235292872
43,0,13,1,1,4,75.54499959945679,189.0,15.99,1,1,0.9964599490769207
27,1,8,4,3,5,94.41999969482421,325.0,23.99,1,1,0.9999956178790534
39,0,0,4,1,1,28.0,28.0,28.0,0,0,1.968289985955307e-05
29,1,0,4,1,1,34.9900016784668,34.99,34.99,0,0,4.067142692323414e-06
20,1,13,4,3,2,69.16666666666667,98.0,49.5,1,1,0.8462773087890895
19,0,7,4,1,1,23.25,36.0,10.5,0,0,0.00010411066721414975
26,0,3,4,1,2,41.79999923706055,52.8,30.8,0,0,0.0014062266655320212
57,0,7,4,1,1,99.98999786376953,99.99,99.99,0,0,0.004739110546658865
20,0,4,4,2,4,24.957499980926514,32.95,14.99,0,0,0.006903203556697793
57,1,4,0,1,1,15.989999771118164,15.99,15.99,0,0,3.2664699712926596e-06
28,0,4,4,1,1,6.0,6.0,6.0,0,0,1.968289985955307e-05
32,1,4,3,3,3,84.23000017801921,199.0,18.65,1,1,0.9989165683614045
18,1,3,4,1,2,41.25,60.0,22.5,0,0,0.0022844953701466712
69,0,4,4,1,2,33.0,54.0,12.0,0,0,0.0009787353011132072
46,1,4,3,1,1,903.0,903.0,903.0,1,1,1.0
23,1,0,4,1,1,39.880001068115234,39.88,39.88,0,0,3.3589943771036995e-05
37,1,4,3,2,2,223.75,228.0,219.5,1,1,1.0
70,0,13,3,1,4,42.244999408721924,79.99,14.0,0,0,0.21789444443304834
19,1,4,4,2,2,76.31333414713542,144.0,39.99,1,1,0.5794950299840803
14,1,0,4,3,5,26.478333592414856,45.0,3.09,0,0,0.07009607598718312
18,1,11,3,2,5,101.9480001449585,375.0,8.95,1,1,0.9998387047338566
46,0,0,4,1,1,11.899999618530273,11.9,11.9,0,0,2.5029540387088356e-05
41,1,4,4,1,2,31.869999885559082,59.0,4.74,0,0,0.0014970493537554098
40,1,4,4,1,1,78.0,78.0,78.0,0,0,0.001156032090864231
12,0,4,4,2,5,35.393999862670896,85.0,18.99,1,1,0.8986849275758816
63,1,4,4,1,1,12.739999771118164,12.74,12.74,0,0,0.00023428430195384227
32,1,3,2,1,1,53.0,53.0,53.0,0,0,0.0002737881243501499
29,0,13,4,2,5,73.42399978637695,178.0,14.0,1,1,0.9986949164738234
41,1,4,4,1,3,80.98333231608073,120.0,48.0,1,1,0.9723375411010519
14,0,13,4,3,4,27.551999664306642,58.8,4.99,0,0,0.11984639697169916
51,1,13,4,1,1,49.9900016784668,49.99,49.99,0,0,0.0001594960659213143
26,1,10,4,2,3,44.25,75.0,25.0,0,0,0.4653397492359843
54,1,10,4,1,2,86.99499893188477,95.99,78.0,1,1,0.9146922473267571
19,1,7,0,1,1,36.9900016784668,36.99,36.99,0,0,0.00014855236375067765
22,0,11,4,1,1,184.72000122070312,184.72,184.72,1,1,1.0
15,0,4,4,2,2,21.494999885559082,36.0,6.99,0,0,0.0004847552610571191
39,1,13,4,1,2,74.98499965667725,128.0,21.97,0,0,0.22887052014435144
65,1,4,4,1,3,182.49499988555908,399.0,34.98,1,1,0.9998043278785516
27,1,4,4,1,2,12.494999885559082,14.99,10.0,0,0,0.0011421733490008183
19,0,6,4,1,2,48.0,48.0,48.0,0,0,0.012509724232928138
69,1,6,3,1,1,49.5,49.5,49.5,0,0,0.00017894797264332696
47,1,13,3,1,1,56.959999084472656,56.96,56.96,0,0,0.00033095035750520696
21,0,4,4,1,1,58.0,58.0,58.0,0,0,0.0005263676268270568
52,0,13,4,1,1,89.94999694824219,89.95,89.95,0,0,0.004691723966382978
39,1,13,4,1,1,93.81999969482422,93.82,93.82,0,0,0.005064828422493041
19,1,13,4,1,3,40.47749948501587,69.99,10.99,0,0,0.03863043760494296
34,1,7,4,1,1,29.989999771118164,29.99,29.99,0,0,2.324352058015904e-05
33,1,13,3,1,1,239.0,239.0,239.0,1,1,1.0
65,1,7,3,1,1,50.0,50.0,50.0,0,0,8.574089237435435e-05
16,1,4,4,3,4,49.37999963760376,84.95,21.99,1,1,0.9787334730496977
13,0,3,3,2,5,43.700000166893005,125.0,12.9,1,1,0.9787390265630515
50,0,4,3,1,1,18.969999313354492,18.97,18.97,0,0,2.5029540387088356e-05
55,0,6,4,1,1,11.579999923706055,11.58,11.58,0,0,2.5029540387088356e-05
39,1,4,4,4,7,68.78000005086263,379.0,11.99,1,1,0.9999549427723305
65,0,10,4,2,2,69.54999923706055,92.7,46.4,0,0,0.21090469453247543
18,0,3,4,1,1,51.4950008392334,68.0,34.99,0,0,0.016214195675074355
42,0,13,4,2,2,52.44999980926514,88.0,16.9,0,0,0.07721381272273448
24,1,13,4,1,2,75.49499988555908,145.0,5.99,0,0,0.2702786619632247
22,1,13,4,1,2,25.475000381469727,33.95,17.0,0,0,0.0002819172582478838
70,1,4,1,1,2,39.970001220703125,39.99,39.95,0,0,0.0024162956038909066
42,1,4,2,1,1,212.0,212.0,212.0,1,1,1.0
48,0,4,4,2,1,29.075000762939453,32.95,25.2,0,0,0.0006669236731426808
61,1,10,3,2,1,22.399999618530273,24.9,19.9,0,0,0.0011573663170594353
22,0,4,3,1,3,26.97000002861023,35.0,12.89,0,0,0.0011743938846710197
47,1,11,4,1,1,70.4000015258789,70.4,70.4,0,0,0.0003809357960362986
34,0,4,4,1,1,128.0,128.0,128.0,0,0,0.004105710880976343
44,1,7,4,3,5,35.8916662534078,89.95,12.47,1,1,0.9762916240917601
12,0,13,4,1,1,19.280000686645508,19.28,19.28,0,0,1.848739495798291e-05
61,1,4,4,1,1,49.95000076293945,49.95,49.95,0,0,0.00019149186239637652
57,0,13,4,1,1,11.989999771118164,11.99,11.99,0,0,1.968289985955307e-05
48,1,10,1,1,1,78.94999694824219,78.95,78.95,0,0,0.0008704268382863759
56,1,8,1,1,1,64.0,64.0,64.0,0,0,0.00013789664288392365
44,0,4,2,2,2,69.0,98.0,40.0,0,0,0.20323501096602192
35,0,6,4,1,1,21.950000762939453,21.95,21.95,0,0,1.968289985955307e-05
58,0,3,4,3,4,36.012500047683716,58.0,13.05,0,1,0.5781700877365261
34,0,11,4,1,1,54.0,54.0,54.0,0,0,0.00026830105117520896
42,1,3,4,2,3,30.59000015258789,33.27,28.5,0,0,0.0013000747638857498
56,0,6,4,1,2,14.904999732971191,15.74,14.07,0,0,0.0002787916109026289
53,0,6,2,2,1,41.964999198913574,66.96,16.97,0,0,0.021390398272005347
70,1,4,4,2,4,45.86399955749512,89.99,14.33,1,1,0.9362707110025322
43,1,8,2,2,2,62.375,109.0,15.75,0,0,0.25531694039292563
62,0,10,4,4,4,57.484999775886536,99.0,6.73,1,1,0.993405232239188
39,1,4,1,1,1,56.9900016784668,56.99,56.99,0,0,0.0002803476388000256
47,0,3,4,1,1,24.0,24.0,24.0,0,0,5.923706604273259e-05
41,0,4,4,2,3,21.169999440511067,36.76,10.0,0,0,0.0005499452409779559
47,0,13,3,1,1,19.950000762939453,19.95,19.95,0,0,1.968289985955307e-05
36,0,4,4,2,2,49.96500205993652,78.98,20.95,0,0,0.04722547318431011
69,0,4,4,3,4,70.92199935913087,119.99,28.0,1,1,0.9939825656038075
42,0,13,4,1,1,27.469999313354492,27.47,27.47,0,0,1.968289985955307e-05
59,0,4,4,2,3,60.666666666666664,75.0,46.0,1,1,0.9687928022825371
57,0,3,2,1,1,41.9900016784668,41.99,41.99,0,0,6.168168158587458e-05
37,1,10,4,1,3,18.12666670481364,25.0,12.39,0,0,0.0011822910092699835
50,1,4,3,1,1,49.939998626708984,49.94,49.94,0,0,0.00014935719594293917
69,1,13,4,1,1,33.95000076293945,33.95,33.95,0,0,0.0001948522874493829
35,0,4,3,2,2,55.5,65.0,46.0,0,0,0.01876424963557647
21,1,4,0,1,1,36.95000076293945,36.95,36.95,0,0,6.412459639608094e-05
61,0,4,2,1,1,10.989999771118164,10.99,10.99,0,0,2.5029540387088356e-05
17,1,7,2,1,1,198.0,198.0,198.0,1,1,1.0
38,0,4,4,1,2,19.72499990463257,24.99,14.46,0,0,0.0005182671956694679
47,0,3,4,1,1,34.0,34.0,34.0,0,0,2.3287844823670516e-05
46,0,13,4,1,1,16.950000762939453,16.95,16.95,0,0,1.968289985955307e-05
16,0,4,2,1,1,198.0,198.0,198.0,1,1,1.0
36,0,4,1,1,1,40.720001220703125,40.72,40.72,0,0,1.5069566505381985e-05
37,1,4,4,1,2,24.445000648498535,32.9,15.99,0,0,0.00027588675640374057
65,0,4,3,1,2,41.11999988555908,52.25,29.99,0,0,0.0014791778936656603
28,0,4,4,1,1,27.950000762939453,27.95,27.95,0,0,2.739300009085611e-05
41,0,3,4,1,4,77.60499858856201,196.18,26.29,1,1,0.9965049592703892
31,0,8,4,1,1,25.5,25.5,25.5,0,0,6.160052574650034e-05
43,0,13,4,1,2,32.54499912261963,48.1,16.99,0,0,0.0008719687444686186
20,0,4,3,1,3,36.15000025431315,70.0,6.5,0,0,0.05278275527085599
41,1,10,4,2,3,57.890000343322754,119.0,12.72,1,1,0.9705884136437807
46,0,4,3,1,1,38.2450008392334,39.5,36.99,0,0,0.00028190853447884273
47,1,13,4,2,2,119.4749984741211,129.0,109.95,1,1,0.9994297929792978
65,1,13,4,2,3,55.90666707356771,73.72,25.0,0,0,0.3820188291868234
61,0,13,3,2,5,79.19599952697754,158.0,28.99,1,1,0.9972922297788134
33,1,4,4,1,2,62.25,99.5,25.0,0,0,0.1955394410692439
57,1,3,4,3,4,63.419999837875366,199.0,7.95,1,1,0.9997530157870951
14,0,13,3,1,2,37.38499927520752,44.78,29.99,0,0,0.0013270606836325376
68,1,10,1,1,2,29.475000381469727,39.0,19.95,0,0,0.0004708311020986788
58,1,4,0,1,1,10.899999618530273,10.9,10.9,0,0,3.2664699712926596e-06
12,0,10,4,1,1,48.0,48.0,48.0,0,0,0.00033906598555246396
39,1,4,4,1,1,28.0,28.0,28.0,0,0,8.38068749601134e-06
31,1,6,4,4,5,47.02600021362305,78.75,27.5,1,1,0.9931523636645727
51,0,7,1,2,2,70.9950008392334,99.0,42.99,0,0,0.20780154537112328
56,1,4,4,1,1,139.99000549316406,139.99,139.99,0,0,0.00603908959441861
51,0,4,3,1,1,14.949999809265137,14.95,14.95,0,0,2.5029540387088356e-05
13,1,13,4,1,4,42.4574990272522,74.95,25.0,0,0,0.3305420104020866
41,0,4,4,1,1,120.0,120.0,120.0,0,0,0.005227521016040931
64,1,7,4,1,2,44.4950008392334,59.99,29.0,0,0,0.016705310291059757
21,0,13,4,2,3,48.989999771118164,74.0,22.99,0,0,0.43284450465667434
19,0,4,3,3,3,255.18999989827475,695.0,8.57,1,1,0.9973424241807719
51,0,12,4,2,2,31.799999237060547,48.6,15.0,0,0,0.0027203924970428863
13,0,4,4,1,1,12.989999771118164,12.99,12.99,0,0,1.848739495798291e-05
27,0,13,4,1,1,58.0,58.0,58.0,0,0,0.0007964458943251897
31,0,13,4,1,4,37.489999532699585,65.21,12.95,0,0,0.11738258323231886
49,0,13,1,1,1,132.0,132.0,132.0,0,0,0.009936909612265132
34,0,4,3,2,3,55.73333231608073,70.0,30.0,0,0,0.34719673897400744
34,0,6,4,1,1,32.9900016784668,32.99,32.99,0,0,1.7941204296135235e-05
50,0,13,4,2,3,114.32999992370605,288.0,19.99,1,1,0.9998113005899637
32,0,8,4,1,1,48.4950008392334,62.0,34.99,0,0,0.015549860779791846
52,1,4,4,1,1,29.989999771118164,29.99,29.99,0,0,6.309722426288844e-06
65,0,4,4,1,1,45.7400016784668,45.74,45.74,0,0,0.00028695377457498906
36,0,13,1,1,1,12.989999771118164,12.99,12.99,0,0,1.968289985955307e-05
63,0,13,4,1,1,80.0,80.0,80.0,0,0,0.001576260242037993
20,1,12,4,1,3,28.87249994277954,39.5,15.0,0,0,0.002424130882423977
63,0,8,4,1,2,81.0,98.0,64.0,0,0,0.12943960304252486
45,1,6,1,2,2,41.9900016784668,43.99,39.99,0,0,0.002171327831270806
57,0,4,3,1,1,29.989999771118164,29.99,29.99,0,0,2.041620703291727e-05
32,1,4,4,1,1,24.0,24.0,24.0,0,0,0.00019807166477648751
46,0,3,4,1,1,24.989999771118164,24.99,24.99,0,0,6.694716627403562e-05
57,0,12,2,2,2,55.49499988555908,98.0,12.99,0,0,0.10715346377374393
48,1,3,4,4,3,86.83999919891357,174.0,25.0,1,1,0.9993944340508364
28,1,13,4,1,1,20.139999389648438,20.14,20.14,0,0,2.6355233439738017e-05
47,0,6,3,1,1,168.0,168.0,168.0,0,0,0.00412942025532154
51,1,4,4,1,1,28.0,28.0,28.0,0,0,8.38068749601134e-06
50,1,7,3,1,1,18.0,18.0,18.0,0,0,2.5314485649881535e-05
18,1,4,4,2,2,14.989999771118164,17.99,11.99,0,0,0.0014776616174685478
64,1,11,4,1,1,79.98999786376953,79.99,79.99,0,0,0.0008578983223814774
60,1,4,1,2,5,78.1879997253418,155.0,29.0,1,1,0.9980162512443965
50,0,11,4,1,3,50.9966672261556,78.0,20.0,0,0,0.4846012523018788
50,0,0,2,1,4,55.48500061035156,99.0,28.0,1,1,0.9326854904334004
21,1,4,4,1,1,77.98999786376953,77.99,77.99,0,0,0.0005981257057833631
68,1,4,3,1,2,33.94000053405762,39.88,28.0,0,0,0.0005217992953764832
46,1,12,3,1,1,45.0,45.0,45.0,0,0,0.0001352869188832299
22,1,3,3,1,3,55.7475004196167,69.5,34.99,1,0,0.45944612409563973
36,1,4,4,2,2,75.99500274658203,129.99,22.0,0,0,0.318846619686414
17,0,13,2,4,5,68.1616662343343,164.0,19.99,1,1,0.9999971695442966
53,1,7,2,2,2,139.49500274658203,149.99,129.0,1,1,0.9947390772064498
43,0,3,4,1,1,85.0,85.0,85.0,0,0,0.007767571807247974
45,1,13,2,1,1,64.98999786376953,64.99,64.99,0,0,0.0008011704218137954
59,1,4,4,4,6,66.92142922537667,169.99,22.0,1,1,0.9999836794923729
33,1,4,4,4,3,165.0071428843907,903.0,5.95,1,1,0.9927050407471725
70,1,3,4,1,2,90.0,168.0,12.0,1,1,0.9954021198647875
47,1,4,4,1,1,24.989999771118164,24.99,24.99,0,0,8.38068749601134e-06
58,1,3,4,1,1,32.5,32.5,32.5,0,0,9.181360217042095e-06
66,1,13,4,1,1,54.095001220703125,61.24,46.95,0,0,0.006064578685938119
29,1,4,4,1,1,22.0,22.0,22.0,0,0,3.2664699712926596e-06
49,1,3,4,2,2,34.9950008392334,44.99,25.0,0,0,0.004002502848300848
64,1,4,4,2,2,34.47000026702881,53.95,14.99,0,0,0.011539148344238737
18,1,4,4,1,2,50.92499876022339,89.99,11.86,0,0,0.12407244106230914
68,1,3,4,3,4,41.98500061035156,62.97,25.0,0,1,0.6340811399398378
59,1,6,2,1,1,28.950000762939453,28.95,28.95,0,0,2.5314485649881535e-05
67,1,7,4,1,2,24.0,25.0,23.0,0,0,0.0006135064371998712
48,0,8,3,1,1,99.98999786376953,99.99,99.99,0,0,0.0041844903819703025
26,1,4,4,1,1,24.989999771118164,24.99,24.99,0,0,3.2664699712926596e-06
63,1,4,4,1,1,36.0,36.0,36.0,0,0,0.0009398119876893689
70,0,13,4,1,1,56.75,56.75,56.75,0,0,0.00029932256192437257
56,0,4,4,2,2,65.0,84.0,46.0,0,0,0.1373581841935238
45,1,3,4,1,1,27.0,27.0,27.0,0,0,8.38068749601134e-06
29,0,6,4,1,1,169.0,169.0,169.0,0,0,0.01270811689656397
35,1,10,0,1,2,209.98999786376953,289.99,129.99,1,1,0.995
23,0,4,4,1,2,61.75,87.5,36.0,0,0,0.14175132350006275
29,0,13,4,1,2,64.8899998664856,120.0,9.78,0,0,0.2858265418152012
56,1,10,3,1,4,117.625,233.0,58.0,1,1,0.9999611133851822
25,1,7,4,3,3,61.346666971842446,89.5,40.0,1,1,0.9964790790172816
36,0,4,4,1,3,26.609999974568684,35.0,14.84,0,0,0.0011602198574568875
63,0,0,1,1,1,8.449999809265137,8.45,8.45,0,0,2.5029540387088356e-05
66,0,13,4,1,1,24.030000686645508,24.03,24.03,0,0,1.968289985955307e-05
38,1,13,2,2,4,44.01199951171875,71.99,16.0,1,1,0.9466380134343387
70,0,13,4,2,3,41.3266658782959,79.99,19.99,0,0,0.1840518480071339
39,1,3,4,1,3,80.9933344523112,168.0,34.99,1,1,0.9980017438054612
53,1,4,4,2,2,132.4749984741211,135.0,129.95,1,1,0.994566244745515
55,1,12,4,1,1,25.0,25.0,25.0,0,0,6.596489215394662e-05
62,1,4,3,2,2,49.98999881744385,79.99,19.99,0,0,0.04758779273169977
63,0,4,4,1,1,29.989999771118164,29.99,29.99,0,0,4.374435633307277e-05
53,0,4,2,1,1,155.0,155.0,155.0,0,0,0.004568102251982688
14,1,12,4,2,2,34.47500038146973,36.95,32.0,0,0,0.002811664912485028
12,1,3,2,4,5,84.40666675567627,219.5,15.0,1,1,0.9999408177451972
68,1,3,4,1,2,95.29999923706055,150.0,40.6,1,1,0.9942635216821373
26,1,4,3,1,2,65.98999881744385,107.95,14.5,1,0,0.18249667870218952
70,0,13,1,1,1,34.9900016784668,34.99,34.99,0,0,7.359466274078951e-06
26,0,4,4,1,3,26.03333346048991,44.86,15.25,0,0,0.002160367191169332
34,1,13,3,1,2,85.63333384195964,169.0,40.0,1,1,0.9987080052405111
22,1,13,4,1,2,129.93000030517578,239.86,20.0,1,1,0.9975730036994563
17,0,3,1,2,2,41.480000495910645,68.97,13.99,0,0,0.016427303111876394
66,1,13,4,2,3,36.11666615804037,53.35,25.0,0,0,0.04075743311598808
47,0,13,4,2,3,32.646666844685875,49.95,18.0,0,0,0.004926393775380068
40,0,3,4,1,1,110.0,110.0,110.0,0,0,0.006099140322391208
42,1,4,2,1,1,28.0,28.0,28.0,0,0,8.38068749601134e-06
30,1,3,4,1,1,59.5,59.5,59.5,0,0,0.00048281613450803644
46,1,3,0,1,1,39.0,39.0,39.0,0,0,8.154447142349609e-06
46,1,10,4,1,1,41.9900016784668,41.99,41.99,0,0,0.0003072819049187516
35,0,3,1,1,1,24.979999542236328,24.98,24.98,0,0,6.160052574650034e-05
49,0,6,4,1,1,11.979999542236328,11.98,11.98,0,0,2.5029540387088356e-05
19,0,4,3,1,1,18.979999542236328,18.98,18.98,0,0,0.00010411066721414975
53,0,4,4,1,3,90.79000186920166,129.99,14.38,1,1,0.9937533605990123
69,1,6,4,2,3,74.36666615804036,129.0,37.5,1,1,0.9899479376172176
40,0,13,0,2,2,30.399999618530273,36.8,24.0,0,0,0.0035215586741193274
43,0,3,4,1,1,39.9900016784668,39.99,39.99,0,0,3.887495947555817e-05
16,1,3,4,1,1,8.0,8.0,8.0,0,0,3.2664699712926596e-06
13,1,4,4,2,3,60.32999928792318,79.99,22.0,1,1,0.8949856635283945
40,0,4,4,1,1,24.639999389648438,24.64,24.64,0,0,5.923706604273259e-05
34,0,13,4,2,2,24.8700008392334,36.99,12.75,0,0,0.0003670029220842793
31,1,13,4,1,1,24.989999771118164,24.99,24.99,0,0,2.6355233439738017e-05
47,1,7,3,1,1,82.5,82.5,82.5,0,0,0.0022863756192920133
19,1,11,2,1,1,59.5,59.5,59.5,0,0,7.8059044865509e-05
17,1,13,4,1,1,67.5,67.5,67.5,0,0,0.00542755672298442
59,1,4,0,1,1,87.94999694824219,87.95,87.95,0,0,0.006573273206692668
17,1,0,4,1,2,63.744998931884766,75.49,52.0,0,0,0.09071839370915902
24,1,10,3,1,2,104.75,160.0,49.5,1,1,0.9981584363642174
55,0,11,4,2,3,54.96333249409994,119.99,16.9,0,1,0.6139401056185445
46,0,11,4,2,2,91.97499990463257,172.0,11.95,1,1,0.9966086502700469
35,1,0,4,1,1,30.0,30.0,30.0,0,0,9.181360217042095e-06
13,1,10,4,2,2,32.470001220703125,34.99,29.95,0,0,0.0010819150666753154
52,1,12,4,1,1,104.5,104.5,104.5,0,0,0.011435613218992667
14,1,3,4,1,1,27.979999542236328,27.98,27.98,0,0,2.0709650697224966e-06
42,1,13,4,1,2,104.4950008392334,169.0,39.99,1,1,0.9986915578720901
42,1,13,4,1,1,26.0,26.0,26.0,0,0,4.840324911832688e-05
45,0,4,1,2,3,20.30999978383382,29.98,5.95,0,0,0.0006751375862270098
49,1,4,4,1,1,49.9900016784668,49.99,49.99,0,0,0.00024925205174492545
68,0,4,4,1,1,465.0,465.0,465.0,1,1,1.0
43,1,4,4,2,2,87.4950008392334,140.0,34.99,1,1,0.9814479750076051
45,0,4,4,1,1,99.0,99.0,99.0,0,0,0.004046612444553611
34,1,3,4,2,4,44.49749946594238,99.99,25.0,1,1,0.9579527985548296
55,0,11,3,1,1,119.98999786376953,119.99,119.99,0,0,0.004597999085042249
28,1,3,4,1,1,22.0,22.0,22.0,0,0,3.2664699712926596e-06
13,0,13,4,4,6,74.64000047956195,191.0,12.0,1,1,0.99991172243782
47,0,4,4,2,2,54.95000076293945,97.9,12.0,0,0,0.1148698191266028
28,0,13,4,1,1,44.9900016784668,44.99,44.99,0,0,0.00017737185539607958
20,1,4,4,1,1,48.95000076293945,48.95,48.95,0,0,0.0002231076223004799
44,1,3,2,1,1,33.0,33.0,33.0,0,0,6.309722426288844e-06
27,0,3,3,1,2,49.9950008392334,65.0,34.99,0,0,0.025870753141295107
63,1,13,4,4,4,124.96399688720703,293.33,25.0,1,1,0.9999096107855568
21,1,10,4,1,1,34.9900016784668,34.99,34.99,0,0,6.701403613210124e-05
28,0,13,4,1,1,44.0,44.0,44.0,0,0,0.00017737185539607958
40,1,13,4,2,2,76.39500284194946,139.99,12.8,0,0,0.3048519073931987
42,0,8,4,3,4,63.494999408721924,119.0,25.0,1,1,0.9989014019668774
45,0,4,4,1,1,20.280000686645508,20.28,20.28,0,0,2.5029540387088356e-05
32,0,4,4,1,1,39.0,39.0,39.0,0,0,1.7941204296135235e-05
16,1,3,4,1,3,27.496666590372723,45.0,17.5,0,0,0.00432163511903241
63,1,3,4,1,3,70.17999903361003,97.99,53.55,1,1,0.9710284605290472
51,0,4,4,1,3,61.71000019709269,122.5,7.68,1,1,0.9652686729497222
25,0,4,1,2,2,17.989999771118164,19.99,15.99,0,0,0.00033260840450956416
61,0,4,4,1,1,12.989999771118164,12.99,12.99,0,0,2.5029540387088356e-05
64,0,12,4,1,1,19.989999771118164,19.99,19.99,0,0,2.5029540387088356e-05
54,1,3,3,1,1,45.0,45.0,45.0,0,0,0.0006235725574042899
26,0,4,4,2,3,57.9975004196167,98.0,37.99,1,1,0.974481189834214
35,0,4,4,2,2,74.31999969482422,79.99,68.65,0,0,0.05486919700649984
28,0,13,4,1,3,72.62333488464355,182.88,9.99,1,1,0.9965466279749906
68,1,12,4,3,3,23.326666514078777,45.0,8.99,0,0,0.020229317073342346
12,0,10,4,3,3,45.96750020980835,79.99,10.0,1,0,0.49254122512881815
31,0,3,4,2,2,11.46999990940094,19.99,2.95,0,0,0.0009324843655428247
56,1,3,3,1,1,127.94999694824219,127.95,127.95,0,0,0.008197460302853678
64,0,13,3,2,2,26.990000009536743,46.0,7.98,0,0,0.0027271128285688002
61,1,4,4,1,1,69.98999786376953,69.99,69.99,0,0,0.00045094886787288804
40,1,7,1,2,1,112.24499893188477,168.84,55.65,1,1,0.9796329563899822
43,0,12,4,1,2,39.994998931884766,69.99,10.0,0,0,0.0114908296011618
23,0,10,3,1,1,69.94999694824219,69.95,69.95,0,0,0.0017620716423640006
70,0,10,1,3,6,30.93333339691162,44.99,12.9,1,1,0.6958314344425907
25,1,4,4,1,1,5.590000152587891,5.59,5.59,0,0,3.2664699712926596e-06
25,0,4,4,1,1,19.979999542236328,19.98,19.98,0,0,1.968289985955307e-05
26,0,4,4,1,1,49.0,49.0,49.0,0,0,0.00025625814460729075
15,1,4,0,2,2,109.4800033569336,169.99,48.97,1,1,0.9994276226033159
29,0,11,1,2,4,78.72749996185303,141.47,34.0,1,1,0.9925593731005677
19,1,13,4,1,1,199.0,199.0,199.0,1,1,1.0
66,1,4,4,1,1,57.9900016784668,57.99,57.99,0,0,0.0007377543980034923
52,1,4,4,2,3,43.313334147135414,52.99,25.0,0,0,0.1911344289236342
33,1,3,4,3,6,68.43666585286458,197.65,25.0,1,1,0.9999956178790534
48,1,7,4,1,2,143.31499814987183,283.34,3.29,1,1,0.9940759389984217
55,0,4,2,2,2,39.96500015258789,39.98,39.95,0,0,0.0012635042196156173
55,1,13,4,1,1,25.0,25.0,25.0,0,0,4.840324911832688e-05
65,1,4,4,1,1,60.0,60.0,60.0,0,0,0.0006368174955040915
68,1,7,4,4,3,60.467498779296875,89.99,25.0,1,1,0.9843081590947794
43,1,3,4,2,3,66.625,98.0,49.5,1,1,0.9713065469803375
12,1,6,4,1,1,49.0,49.0,49.0,0,0,0.0008570349897365727
23,1,3,0,1,3,35.77749967575073,55.0,17.99,0,0,0.018442655535793103
64,1,12,4,1,1,43.95000076293945,43.95,43.95,0,0,0.0003650215936251233
29,0,4,4,1,2,54.78499984741211,92.57,17.0,0,0,0.11635235776183644
26,0,6,4,1,1,52.9900016784668,52.99,52.99,0,0,0.00016427462159289815
12,0,4,4,1,3,40.732500076293945,59.95,25.0,0,0,0.037128613976367485
56,1,4,4,2,2,28.244999885559082,28.5,27.99,0,0,0.0007543571254277308
54,0,13,0,2,2,71.5,99.0,44.0,0,0,0.21327815866757663
52,0,4,4,2,4,91.23499965667725,169.0,29.95,1,1,0.9998906711927414
17,0,11,2,1,1,6.489999771118164,6.49,6.49,0,0,1.968289985955307e-05
39,0,6,4,1,1,31.0,31.0,31.0,0,0,1.7941204296135235e-05
59,0,4,4,2,2,10.994999885559082,14.12,7.87,0,0,0.0005428304066965564
21,0,4,4,1,1,24.0,24.0,24.0,0,0,5.3890425515197304e-05
59,0,6,4,2,2,13.65000025431315,22.95,8.0,0,0,0.0005428304066965564
58,0,3,4,4,6,53.0083335240682,148.0,8.0,1,1,0.9986710229861562
68,1,13,4,1,1,62.36000061035156,62.36,62.36,0,0,0.0007531258008695559
70,0,4,4,1,1,20.200000762939453,20.2,20.2,0,0,1.968289985955307e-05
29,1,13,4,1,1,60.369998931884766,60.37,60.37,0,0,0.0006379944595317772
34,1,12,4,2,2,103.9950008392334,148.0,59.99,1,1,0.9985028458904794
49,1,4,4,1,1,22.989999771118164,22.99,22.99,0,0,8.38068749601134e-06
53,1,4,3,1,1,25.0,25.0,25.0,0,0,8.38068749601134e-06
17,0,12,4,1,1,54.95000076293945,54.95,54.95,0,0,0.00039636997230503785
55,0,4,4,2,3,34.829999923706055,62.0,17.99,0,0,0.1485525550479907
30,0,4,4,1,1,14.489999771118164,14.49,14.49,0,0,1.968289985955307e-05
62,1,12,4,2,2,29.99000072479248,44.99,14.99,0,0,0.011189369212423687
14,0,3,4,1,4,36.46249997615814,78.0,4.85,0,0,0.12160443203069159
41,0,4,4,1,1,145.13999938964844,145.14,145.14,0,0,0.003800853814809404
40,0,4,4,2,3,78.16666666666667,110.0,15.0,1,1,0.9686688856435981
24,0,10,4,1,1,69.94999694824219,69.95,69.95,0,0,0.0018716287550297214
23,1,7,4,1,2,87.25,149.5,25.0,1,1,0.9894982641902935
54,1,13,4,1,1,35.95000076293945,35.95,35.95,0,0,4.920392183935764e-05
27,0,13,1,1,2,79.74000263214111,149.99,9.49,0,0,0.3922666470572435
46,1,4,4,1,1,69.5,69.5,69.5,0,0,0.0005023320273382464
51,1,4,4,1,1,37.95000076293945,37.95,37.95,0,0,1.614030245782154e-05
42,1,12,4,2,2,67.77999877929688,94.99,40.57,0,0,0.27377264701537274
17,1,7,3,1,2,63.4950008392334,65.0,61.99,0,0,0.049504782798228064
27,1,4,4,4,5,79.2300018310547,152.3,22.0,1,1,1.0
57,1,4,4,4,5,35.872000503540036,47.98,20.0,1,1,0.9116456223528232
33,1,13,4,1,1,64.5,64.5,64.5,0,0,0.0004791414169939952
21,1,4,4,2,2,34.74499988555908,59.5,9.99,0,0,0.013334036135567141
15,1,4,4,1,1,32.0,32.0,32.0,0,0,1.1043886878369898e-05
26,1,13,4,1,1,45.5,45.5,45.5,0,0,0.00017107897253097043
19,1,12,4,2,2,42.5,60.0,25.0,0,0,0.011256812193528839
29,1,4,4,1,4,79.62000042200089,198.5,3.99,1,1,0.9915831776530429
12,0,10,4,2,3,58.32999928792318,101.99,8.0,1,1,0.9514349820100854
34,1,13,3,1,1,79.98999786376953,79.99,79.99,0,0,0.0009752165455015838
48,1,13,4,2,1,115.9749984741211,181.95,50.0,1,1,0.9996241535730808
67,1,4,2,2,2,24.994999885559082,25.0,24.99,0,0,0.0005402903432335147
59,1,4,4,3,5,48.521666844685875,79.57,25.0,1,1,0.990609671402844
17,0,13,4,2,2,48.5,69.0,28.0,0,0,0.03583614729499807
18,0,4,4,1,2,54.72500038146973,69.5,39.95,0,0,0.025077947891906528
55,0,8,4,1,1,42.9900016784668,42.99,42.99,0,0,0.0001433476501092837
28,0,4,0,1,2,15.824999809265137,19.99,11.66,0,0,0.0006577984411620569
47,0,13,2,1,1,72.0,72.0,72.0,0,0,0.0006132862571791399
52,0,10,4,2,3,163.06000010172525,448.0,16.99,1,1,0.9996321247400215
39,0,12,4,1,1,225.0,225.0,225.0,1,1,1.0
34,1,13,4,1,2,51.969998359680176,83.95,19.99,0,0,0.05339424711358212
59,1,3,4,3,4,44.609999656677246,69.99,27.95,1,1,0.9857139648265342
44,1,3,4,1,1,24.5,24.5,24.5,0,0,8.38068749601134e-06
16,1,3,4,3,4,33.88750076293945,42.0,21.0,0,0,0.06485064740227173
44,0,3,4,3,3,139.66666666666666,339.0,34.0,1,1,0.9994750733091681
63,0,4,0,2,1,33.47499990463257,54.0,12.95,0,0,0.004246148197042129
29,0,3,4,3,4,22.993333498636883,43.99,9.0,0,0,0.023651190708133474
35,1,12,4,1,4,55.11250019073486,118.0,25.0,1,1,0.9656207134232598
44,0,4,4,2,3,86.66333389282227,175.0,25.0,1,1,0.999941386634758
12,0,13,1,2,5,41.077999877929685,99.0,8.4,1,1,0.9303293364887564
48,0,12,0,1,3,27.49333381652832,39.99,12.5,0,0,0.0014168773231747992
19,0,4,4,1,1,19.989999771118164,19.99,19.99,0,0,0.00010411066721414975
53,0,10,4,1,2,61.5,64.0,59.0,0,0,0.035053702914427956
51,1,13,4,2,2,82.4749984741211,119.95,45.0,0,0,0.2489946347847595
61,0,3,4,1,1,79.98999786376953,79.99,79.99,0,0,0.0010923579978444
22,1,4,4,1,1,19.40999984741211,19.41,19.41,0,0,3.2664699712926596e-06
51,1,13,4,1,1,45.83000183105469,45.83,45.83,0,0,0.00020092856914666554
23,0,4,4,1,1,150.0,150.0,150.0,0,0,0.005172948595955358
55,1,13,3,1,1,13.0,13.0,13.0,0,0,4.5584755920151746e-05
32,0,4,4,2,2,34.25,60.0,8.5,0,0,0.012186920770654247
40,0,4,3,2,2,57.0,82.0,32.0,0,0,0.0874315915843652
14,1,4,4,2,3,78.91000080108643,220.0,12.75,1,1,0.9974381408641452
49,1,13,2,2,3,19.269999980926514,36.0,7.11,0,0,0.0027719219052804445
68,0,4,0,1,1,49.0,49.0,49.0,0,0,9.707232908357493e-05
20,1,4,4,1,1,99.98999786376953,99.99,99.99,0,0,0.007475351729484136
24,1,13,4,1,1,56.0,56.0,56.0,0,0,0.0003178840305774426
59,1,4,4,1,1,242.0,242.0,242.0,1,1,1.0
60,0,10,0,2,2,35.0,45.0,25.0,0,0,0.007797803209011426
12,0,4,4,1,1,10.0,10.0,10.0,0,0,1.848739495798291e-05
29,0,3,4,1,2,56.99499988555908,99.0,14.99,0,0,0.16039384300727186
22,0,6,4,1,1,495.0,495.0,495.0,1,1,1.0
15,1,11,1,1,1,39.9900016784668,39.99,39.99,0,0,1.5131191328396092e-05
62,1,3,4,2,2,151.72500038146973,269.5,33.95,1,1,0.9998384821223195
46,1,13,4,1,1,129.0,129.0,129.0,0,0,0.006175792019265065
25,0,4,4,2,4,136.05999946594238,230.0,24.25,1,1,0.9998854836609165
17,0,4,3,1,1,26.989999771118164,26.99,26.99,0,0,6.160052574650034e-05
47,1,3,4,2,2,35.4950008392334,49.99,21.0,0,0,0.005222980086036824
37,1,4,2,1,4,33.13499999046326,69.5,14.05,0,0,0.07013231616731605
46,1,4,3,2,2,36.32333437601725,49.99,14.99,0,0,0.009977982638025696
51,1,6,4,2,2,67.65499877929688,109.99,25.32,0,0,0.30342656996893425
63,0,11,4,1,1,96.0,96.0,96.0,0,0,0.008038848123056924
48,1,13,4,2,3,79.98333231608073,179.95,12.0,1,1,0.9969740156020207
41,1,11,4,1,1,15.0,15.0,15.0,0,0,2.5314485649881535e-05
54,0,4,4,1,1,74.94999694824219,74.95,74.95,0,0,0.0011326200512993421
25,1,0,4,1,2,117.4749984741211,170.0,64.95,1,1,0.9995658785549416
43,0,0,4,1,1,57.9900016784668,57.99,57.99,0,0,0.0005932918779797654
14,1,3,4,2,3,23.753333409627277,28.99,20.27,0,0,0.0038535486084421613
50,1,3,4,3,2,95.97999890645345,198.0,19.99,1,1,0.9992839005248402
19,0,4,4,2,3,36.31999969482422,56.96,24.0,0,0,0.026354362093712752
49,0,4,4,1,1,23.0,23.0,23.0,0,0,2.5029540387088356e-05
47,0,3,4,1,1,16.989999771118164,16.99,16.99,0,0,2.5029540387088356e-05
59,0,7,4,2,2,32.47500038146973,39.95,25.0,0,0,0.0010877085704285843
27,0,13,3,2,4,23.357500076293945,42.0,6.49,0,0,0.031385824512791156
68,1,10,4,2,3,97.82750129699707,164.99,27.32,1,1,0.9996426247797854
61,0,12,4,1,1,279.989990234375,279.99,279.99,1,1,1.0
50,0,4,4,3,3,48.48500061035156,84.0,25.0,1,1,0.5587735882396403
24,1,4,4,3,3,58.65000025431315,119.0,24.95,1,1,0.9907736575372382
40,0,7,4,2,2,99.61999988555908,170.25,28.99,1,1,0.9991234113601739
27,1,4,4,1,1,5.989999771118164,5.99,5.99,0,0,3.2664699712926596e-06
26,0,13,1,1,2,55.989999771118164,99.0,12.98,0,0,0.12183921721186772
69,1,4,4,1,2,41.23500061035156,55.49,26.98,0,0,0.0031698081681238465
29,0,4,4,3,3,31.163333257039387,58.0,9.5,0,0,0.035969117911682044
43,0,3,4,1,1,12.0,12.0,12.0,0,0,2.5029540387088356e-05
45,0,6,4,3,4,57.44333457946777,151.99,16.0,1,1,0.9998563805528893
52,1,4,4,3,5,55.31599998474121,160.0,15.99,1,1,0.9971573758627919
68,1,3,4,1,1,18.600000381469727,18.6,18.6,0,0,2.4561917269474136e-05
50,1,3,4,1,1,39.56999969482422,39.57,39.57,0,0,3.172741710970919e-05
23,1,3,4,1,1,13.329999923706055,13.33,13.33,0,0,3.2664699712926596e-06
62,1,4,4,2,3,58.24666659037272,108.0,29.99,1,1,0.9778828026544469
49,1,4,3,1,1,13.0,13.0,13.0,0,0,8.38068749601134e-06
64,0,13,4,2,3,80.25,149.0,12.0,1,1,0.9918841670311395
53,1,12,0,1,1,55.939998626708984,55.94,55.94,0,0,0.00012071640206723081
13,0,13,4,1,1,48.0,48.0,48.0,0,0,0.000331355885321161
28,1,4,4,1,1,33.9900016784668,33.99,33.99,0,0,4.067142692323414e-06
47,1,4,4,2,2,27.494999885559082,29.99,25.0,0,0,0.0006401073120047871
68,0,4,4,1,1,28.0,28.0,28.0,0,0,2.739300009085611e-05
23,0,4,3,1,1,10.989999771118164,10.99,10.99,0,0,1.968289985955307e-05
70,0,4,4,2,3,51.54999987284342,81.71,12.99,0,0,0.39131079609388286
25,0,4,4,2,3,57.91333325703939,118.75,25.0,1,1,0.9814301903893528
55,0,4,4,2,2,60.3650016784668,85.05,35.68,0,0,0.23751414661461678
52,1,4,3,1,3,163.23333326975504,429.0,12.72,1,1,0.9997957774246283
22,1,3,4,1,1,21.989999771118164,21.99,21.99,0,0,3.2664699712926596e-06
48,0,10,4,2,4,29.199999809265137,59.5,9.57,0,0,0.09993601579193705
29,1,4,4,1,1,16.0,16.0,16.0,0,0,3.2664699712926596e-06
64,0,3,4,1,2,27.994999885559082,28.0,27.99,0,0,0.0002896251393844388
49,1,3,4,1,1,105.26000213623047,105.26,105.26,0,0,0.0071174404826316005
45,1,13,4,1,2,79.18000221252441,125.37,32.99,0,0,0.2119732678636418
48,0,6,4,1,1,26.899999618530273,26.9,26.9,0,0,6.694716627403562e-05
34,1,13,3,2,2,29.577500343322754,55.38,14.99,0,0,0.0046950653701438435
14,0,4,4,2,2,24.24000072479248,41.99,6.49,0,0,0.0007229171123414007
18,0,3,4,1,1,36.9900016784668,36.99,36.99,0,0,2.4917948482181724e-05
52,1,3,4,1,1,25.0,25.0,25.0,0,0,8.38068749601134e-06
55,0,3,4,2,3,22.163333257039387,28.0,13.49,0,0,0.0022971193480293495
45,1,12,4,2,3,51.97666613260905,109.99,19.95,0,1,0.5869620860922423
53,1,4,1,1,1,10.989999771118164,10.99,10.99,0,0,3.2664699712926596e-06
52,1,2,0,1,1,225.0,225.0,225.0,1,1,1.0
32,1,4,4,1,2,59.744998931884766,89.99,29.5,0,0,0.18153343450288065
18,1,2,4,1,1,176.0,176.0,176.0,1,1,1.0
47,0,3,4,3,4,75.29400024414062,275.0,19.99,1,1,0.9997494255881431
50,1,13,2,1,1,25.0,25.0,25.0,0,0,4.5584755920151746e-05
58,0,7,1,2,5,51.01833335558573,148.0,7.14,1,1,0.9865024297699957
66,0,3,1,2,2,68.51750040054321,98.08,19.99,1,0,0.25580199321570757
47,1,10,4,3,7,82.10142925807408,298.0,18.35,1,1,0.9999047860034966
42,0,13,4,1,1,69.44999694824219,69.45,69.45,0,0,0.0006179212573362308
44,0,13,4,1,1,29.25,29.25,29.25,0,0,2.584686123206186e-05
49,1,7,4,1,1,33.75,33.75,33.75,0,0,2.6115158370912287e-05
21,0,10,3,1,3,51.14666748046875,69.0,34.45,0,0,0.4129536145090041
19,0,3,1,2,2,36.0,40.0,32.0,0,0,0.0021558657136879107
42,0,3,4,1,2,121.58499908447266,178.0,65.17,1,1,0.9990780919287302
28,1,4,4,2,5,28.944000816345216,44.63,11.95,0,0,0.2945823991294555
19,1,4,3,1,1,14.0,14.0,14.0,0,0,8.769423732588935e-05
24,1,3,3,1,1,29.989999771118164,29.99,29.99,0,0,8.172249087616648e-06
32,0,13,4,1,1,129.99000549316406,129.99,129.99,0,0,0.005083658423970913
38,1,3,3,1,1,44.0,44.0,44.0,0,0,0.0002177207810726292
23,1,13,3,1,1,69.0,69.0,69.0,0,0,0.000386999532809764
28,1,4,4,1,1,16.969999313354492,16.97,16.97,0,0,3.2664699712926596e-06
68,1,4,4,1,1,14.989999771118164,14.99,14.99,0,0,8.38068749601134e-06
57,1,12,4,4,3,93.76749849319458,248.98,16.1,1,1,0.9992065517205578
23,1,4,4,1,1,129.99000549316406,129.99,129.99,0,0,0.0044966466566240815
24,1,4,2,1,2,56.199999491373696,110.0,25.0,0,0,0.2900793495190835
50,0,7,4,1,1,11.670000076293945,11.67,11.67,0,0,2.5029540387088356e-05
13,0,3,4,2,2,122.875,229.0,16.75,1,1,0.9975276836612679
44,1,3,4,1,1,99.98999786376953,99.99,99.99,0,0,0.005319080739876472
29,0,13,4,1,1,25.0,25.0,25.0,0,0,5.3890425515197304e-05
28,0,6,4,1,2,24.994999885559082,31.99,18.0,0,0,0.0006912872913698713
61,1,13,4,1,2,106.00500011444092,198.0,14.01,1,1,0.995236819744548
44,1,12,4,1,1,26.0,26.0,26.0,0,0,6.596489215394662e-05
34,0,4,4,2,2,48.97500038146973,69.0,28.95,0,0,0.032407895034517596
66,1,6,4,1,1,189.9499969482422,189.95,189.95,1,1,1.0
63,0,10,4,1,1,99.98999786376953,99.99,99.99,0,0,0.005232668795698415
51,0,4,4,1,1,34.9900016784668,34.99,34.99,0,0,2.3287844823670516e-05
61,0,6,4,2,2,40.9549994468689,68.6,13.31,0,0,0.018600829232394884
60,1,6,3,1,2,35.864999771118164,38.84,32.89,0,0,0.0006726187020941869
39,1,13,0,1,4,75.7350001335144,169.0,14.99,1,1,0.9972652446688209
24,1,4,4,1,2,65.0,112.0,18.0,0,0,0.2343171392706443
12,1,3,4,1,1,87.94999694824219,87.95,87.95,0,0,0.0063239498453872625
47,1,6,4,1,1,19.950000762939453,19.95,19.95,0,0,2.5314485649881535e-05
42,1,3,4,1,2,47.22500038146973,54.45,40.0,0,0,0.004797330863314493
52,1,4,4,1,1,53.0,66.0,40.0,0,0,0.019047838807937003
51,1,3,3,1,2,57.5,88.0,27.0,0,0,0.14901447208535107
63,1,3,4,2,5,56.18400001525879,89.0,12.99,1,1,0.9534643203552892
35,1,3,2,4,6,55.72833331425985,175.0,14.95,1,1,0.9992120746027409
27,1,4,3,3,4,52.62249994277954,135.0,12.99,1,1,0.9972740888553251
51,1,7,4,2,3,97.33000055948894,129.0,42.99,1,1,0.9960663793222463
12,1,4,4,1,1,29.0,29.0,29.0,0,0,2.0709650697224966e-06
32,0,3,4,1,1,14.989999771118164,14.99,14.99,0,0,1.968289985955307e-05
25,1,3,4,1,1,34.9900016784668,34.99,34.99,0,0,1.1043886878369898e-05
65,0,3,4,1,1,26.979999542236328,26.98,26.98,0,0,5.6067789918546884e-05
49,0,13,2,4,5,66.33333365122478,119.0,12.99,1,1,0.9993303316553027
61,1,4,4,1,1,10.989999771118164,10.99,10.99,0,0,8.38068749601134e-06
47,0,4,4,2,4,58.9975004196167,118.0,25.0,1,1,0.9850528094716889
44,0,3,3,1,1,16.950000762939453,16.95,16.95,0,0,2.5029540387088356e-05
41,1,13,3,1,4,39.109999656677246,79.95,12.0,0,0,0.16406273634883323
32,0,4,2,2,3,19.273333350817364,32.0,1.82,0,0,0.0005536248036356515
62,1,4,3,1,2,104.96999931335449,164.95,44.99,1,1,0.9992791119662165
39,0,6,4,1,1,21.459999561309814,33.98,8.94,0,0,1.968289985955307e-05
53,1,11,4,2,2,44.22666676839193,62.69,30.0,0,0,0.026421569732520907
40,0,0,0,1,1,49.9900016784668,49.99,49.99,0,0,0.00010057911804457481
31,0,3,4,2,2,24.970000743865967,39.99,9.95,0,0,0.0004234688900645174
37,1,4,4,1,1,77.94999694824219,77.95,77.95,0,0,0.0004937805453283552
29,0,13,4,1,2,58.75,92.5,25.0,0,0,0.13683763256657455
22,0,10,4,2,2,6.84499990940094,10.7,2.99,0,0,0.0012524738847668395
36,0,12,3,1,3,86.43000157674153,147.13,45.99,1,1,0.999221131036669
14,1,13,4,4,4,38.39999961853027,59.45,22.88,1,1,0.6261983403487177
37,0,13,2,1,3,27.014999866485596,58.0,12.99,0,0,0.009179918492941084
28,1,0,2,1,2,117.25,198.0,36.5,1,1,0.9995685012676335
25,0,7,4,2,2,56.489999771118164,69.99,42.99,0,0,0.0418827428005287
47,1,3,4,1,1,54.0,54.0,54.0,0,0,0.00040157505745304557
59,1,3,4,1,1,15.210000038146973,15.21,15.21,0,0,8.38068749601134e-06
59,1,4,4,2,7,65.788572038923,139.99,16.0,1,1,0.9976190206678968
49,0,4,0,2,3,49.65000025431315,98.0,11.0,0,1,0.5485658137913919
18,1,4,3,1,2,45.579999923706055,60.0,31.16,0,0,0.0136738706974838
53,1,2,4,1,3,41.86333338419596,55.0,25.59,0,0,0.032695555134967566
21,0,4,4,1,2,55.49499988555908,98.0,12.99,0,0,0.14177416178573862
32,0,0,4,1,4,22.490000247955322,41.99,6.99,0,0,0.0058580083925916905
36,0,4,4,1,1,465.0,465.0,465.0,1,1,1.0
46,0,3,2,1,1,40.779998779296875,40.78,40.78,0,0,2.041620703291727e-05
20,0,0,4,1,2,95.97000122070312,131.94,60.0,1,1,0.9796336927545548
39,0,13,4,2,2,20.480000019073486,30.0,10.96,0,0,0.0003670029220842793
28,1,4,4,3,3,103.06666851043701,249.99,12.21,1,1,0.9975663707600277
18,0,4,4,1,4,44.44250011444092,55.57,25.0,1,1,0.7701879887547901
54,0,13,4,1,1,49.0,49.0,49.0,0,0,0.0005463050852023734
33,1,3,4,2,6,46.71333376566569,65.0,27.0,1,1,0.9639255032747869
41,1,4,4,1,3,61.0733331044515,135.0,23.23,1,1,0.9884157588810067
45,1,4,4,1,1,24.0,24.0,24.0,0,0,8.38068749601134e-06
48,0,4,4,3,3,29.323333740234375,47.99,9.99,0,0,0.037550957731607604
49,1,13,4,1,1,10.6899995803833,10.69,10.69,0,0,4.840324911832688e-05
25,1,4,4,1,1,79.94999694824219,79.95,79.95,0,0,0.001403204410000129
61,1,11,2,2,2,64.4950008392334,69.0,59.99,0,0,0.06898913138762669
45,0,11,4,2,2,86.31666564941406,199.95,29.5,1,1,0.9984533082673904
35,0,7,4,2,2,55.30500030517578,68.61,42.0,0,0,0.02009340866789425
36,0,4,4,3,3,35.99999976158142,103.96,6.49,0,0,0.3981198693024677
35,1,13,3,3,2,61.23750019073486,98.0,25.0,1,1,0.8134355656794675
38,1,13,4,1,1,293.3299865722656,293.33,293.33,1,1,1.0
65,0,11,4,1,1,32.4900016784668,32.49,32.49,0,0,2.3287844823670516e-05
42,1,11,4,2,2,39.3799991607666,65.99,12.77,0,0,0.01659603576080967
18,1,4,2,4,5,46.80999919346401,102.99,9.99,1,1,0.9900761428904526
12,0,13,2,1,1,49.9900016784668,49.99,49.99,0,0,0.0005795458003174823
30,1,3,4,2,2,66.66333516438802,129.99,18.0,1,1,0.5235899208231406
30,1,4,4,1,1,135.94000244140625,135.94,135.94,0,0,0.004345110655366582
62,1,7,4,3,4,30.982500076293945,37.95,16.48,0,0,0.10699441676798775
21,0,12,4,1,1,84.98999786376953,84.99,84.99,0,0,0.0020400971588675413
57,1,4,4,1,1,115.0,115.0,115.0,0,0,0.012794626525531073
34,0,4,3,1,1,22.950000762939453,22.95,22.95,0,0,1.968289985955307e-05
57,0,4,3,1,1,122.5999984741211,122.6,122.6,0,0,0.006676484076393845
52,0,4,2,1,4,51.149999380111694,88.0,7.2,1,1,0.9129482148478733
26,0,4,4,1,2,43.454999923706055,44.95,41.96,0,0,0.01039683735336915
65,1,3,1,1,1,59.5,59.5,59.5,0,0,0.0001038601379825823
19,0,7,4,1,1,29.989999771118164,29.99,29.99,0,0,0.00010647407804602517
62,0,4,4,1,1,4.989999771118164,4.99,4.99,0,0,4.835768968724385e-05
36,1,4,4,1,2,34.054999351501465,53.03,15.08,0,0,0.0016212641137866848
47,0,4,4,2,3,11.99666659037272,22.0,5.99,0,0,0.0005536248036356515
49,1,4,4,1,3,89.24749946594238,189.0,30.0,1,1,0.9995369301791822
54,1,4,4,1,2,84.93000221252441,119.98,49.88,0,0,0.21242068294699337
48,0,10,0,2,3,21.829999923706055,25.0,16.5,0,0,0.0025684127996063537
26,1,4,4,3,6,64.32999960581462,99.99,31.99,1,1,0.9983198168297415
26,0,13,3,1,1,44.97999954223633,44.98,44.98,0,0,0.0003797731888194822
13,1,4,4,2,3,35.65250015258789,75.0,19.5,0,0,0.1309476082845115
49,1,0,4,1,3,55.663333892822266,98.0,34.0,0,1,0.616930029764741
25,0,13,1,1,2,22.25,34.0,10.5,0,0,0.0006970448472629621
68,0,4,4,1,2,42.78000020980835,75.0,10.56,0,0,0.06193975183854853
56,0,4,4,1,1,34.95000076293945,34.95,34.95,0,0,6.455331937662784e-05
56,0,13,2,1,2,62.0,84.5,39.5,0,0,0.1632804634011163
52,0,13,4,1,1,20.0,20.0,20.0,0,0,1.968289985955307e-05
53,1,4,0,2,2,19.97499990463257,28.0,11.95,0,0,0.0029137454580586584
57,1,3,3,1,1,55.0,55.0,55.0,0,0,0.00016552746200386648
62,0,4,4,1,1,17.0,17.0,17.0,0,0,4.835768968724385e-05
52,1,13,4,1,1,69.94999694824219,69.95,69.95,0,0,0.0005220650926095262
56,1,3,4,2,2,33.99499988555908,54.5,13.49,0,0,0.0033857142674284086
12,1,4,4,1,2,31.823333740234375,55.49,11.99,0,0,0.0019143381208589203
28,0,6,4,1,4,63.80250072479248,119.0,8.0,1,1,0.9683442400471894
68,0,4,3,1,1,63.18000030517578,63.18,63.18,0,0,0.0003296273241584302
63,0,4,3,1,1,44.0,44.0,44.0,0,0,0.00021556285830749738
67,1,3,4,2,2,28.494999885559082,29.99,27.0,0,0,0.0005934687998962191
64,1,4,3,2,2,94.96999931335449,149.95,39.99,1,1,0.9989852295585194
66,1,4,4,1,1,119.9800033569336,119.98,119.98,0,0,0.008353214951493425
61,0,13,4,1,1,59.0,59.0,59.0,0,0,0.0009060414751128888
20,0,6,4,4,7,62.55750012397766,158.0,10.49,1,1,0.9999003195731239
48,0,11,4,1,1,39.9900016784668,39.99,39.99,0,0,3.887495947555817e-05
29,1,13,4,1,1,40.0,40.0,40.0,0,0,4.970196305343586e-05
26,0,4,3,1,1,48.95000076293945,48.95,48.95,0,0,0.00018486722833979907
47,0,11,3,1,1,21.0,31.0,11.0,0,0,2.5029540387088356e-05
68,1,4,4,1,3,38.483333587646484,62.0,24.95,0,0,0.05809702070574937
21,0,12,4,1,2,176.94999980926514,338.0,15.9,1,1,0.9939987545029897
15,1,10,4,2,2,46.44000053405762,56.0,36.88,0,0,0.01210464634950847
48,0,4,4,1,1,24.0,24.0,24.0,0,0,5.923706604273259e-05
65,1,4,4,1,1,212.0,212.0,212.0,1,1,1.0
28,1,7,4,1,1,38.0,38.0,38.0,0,0,1.1026084933102857e-05
39,1,13,4,1,1,34.9900016784668,34.99,34.99,0,0,4.920392183935764e-05
70,1,13,4,1,1,92.0,92.0,92.0,0,0,0.006212300426081088
35,1,7,4,1,1,52.45000076293945,52.45,52.45,0,0,0.0005891843223214545
57,0,11,3,1,1,59.0,59.0,59.0,0,0,0.000208228736358736
13,0,4,4,1,1,49.9900016784668,49.99,49.99,0,0,0.00017785409435340022
68,0,4,2,1,2,24.996666590372723,36.0,13.99,0,0,0.0007217478282464372
57,1,4,4,4,5,59.82599983215332,89.5,30.13,1,1,0.9941518103569945
25,0,7,3,1,1,88.0,88.0,88.0,0,0,0.0033639273440019923
45,1,11,4,1,1,54.994998931884766,84.99,25.0,0,0,0.06001923314132578
33,0,13,0,1,2,35.9900016784668,36.99,34.99,0,0,0.003098153177470202
25,1,4,4,1,1,8.0,8.0,8.0,0,0,3.2664699712926596e-06
62,0,3,4,1,2,74.9900016784668,89.98,60.0,0,0,0.10243847447236565
63,0,13,4,2,5,87.77000045776367,237.5,25.0,1,1,0.9999635859465426
59,0,4,4,2,2,33.834999084472656,42.67,25.0,0,0,0.0011658791240787365
44,0,4,4,1,1,24.979999542236328,24.98,24.98,0,0,6.694716627403562e-05
47,1,4,1,2,2,81.95499801635742,89.99,73.92,0,0,0.1489082693315273
13,1,4,4,2,2,51.25,94.5,8.0,0,0,0.15944984698411566
34,0,3,4,1,1,14.5,14.5,14.5,0,0,1.968289985955307e-05
48,0,3,4,1,1,15.0,15.0,15.0,0,0,2.5029540387088356e-05
34,0,3,4,2,4,75.10749959945679,139.0,26.99,1,1,0.9924757382469968
61,0,3,3,1,1,40.0,40.0,40.0,0,0,6.455331937662784e-05
64,1,4,4,1,1,79.94999694824219,79.95,79.95,0,0,0.0015022652298451468
67,1,4,4,1,1,38.0,38.0,38.0,0,0,0.0002994906212420726
58,1,4,4,1,1,11.449999809265137,11.45,11.45,0,0,8.38068749601134e-06
22,0,4,3,1,1,39.9900016784668,39.99,39.99,0,0,2.4917948482181724e-05
19,0,3,4,1,1,59.95000076293945,59.95,59.95,0,0,0.0006864438658271932
25,0,3,4,1,1,10.0,10.0,10.0,0,0,1.968289985955307e-05
26,1,13,3,1,1,25.989999771118164,25.99,25.99,0,0,2.3536740241562884e-05
29,0,3,3,2,2,56.734999656677246,84.0,29.47,0,0,0.06755902704903155
50,1,4,4,1,1,20.989999771118164,20.99,20.99,0,0,8.38068749601134e-06
21,0,13,4,1,1,146.0,146.0,146.0,0,0,0.006163169429097762
30,1,4,4,1,2,77.96999931335449,97.99,57.95,0,0,0.12748014666818022
64,0,4,4,2,1,94.53000259399414,174.99,14.07,1,1,0.9745596961538504
49,1,13,4,1,2,85.0,98.0,72.0,0,0,0.1943408612480419
33,1,3,4,1,1,89.0,89.0,89.0,0,0,0.005141436364474671
12,1,13,4,2,4,34.075999641418456,79.45,4.95,1,0,0.37209316868678693
56,1,13,4,1,1,44.9900016784668,44.99,44.99,0,0,0.0002018115849794783
16,1,13,3,1,1,18.75,18.75,18.75,0,0,2.3536740241562884e-05
25,0,13,2,1,1,96.0,96.0,96.0,0,0,0.009542826320603905
28,0,13,2,1,1,10.0,10.0,10.0,0,0,1.968289985955307e-05
33,1,4,4,1,1,25.0,25.0,25.0,0,0,8.38068749601134e-06
62,1,0,4,3,4,42.71999979019165,68.0,18.0,1,1,0.9612847466594296
15,1,4,4,2,1,62.915000915527344,76.33,49.5,0,0,0.09477460899364935
33,1,4,4,1,2,60.96999931335449,89.99,31.95,0,0,0.19325776020620286
20,0,3,4,1,1,37.45000076293945,37.45,37.45,0,0,2.4917948482181724e-05
13,0,13,1,1,1,89.98999786376953,89.99,89.99,0,0,0.008343986745539626
43,0,2,4,3,3,36.606666564941406,49.0,23.5,0,0,0.11673271384726926
68,1,3,2,2,3,57.666666666666664,85.0,28.0,1,1,0.9564741621598869
45,1,13,4,1,1,35.0,35.0,35.0,0,0,0.00030782461149452987
53,1,3,4,1,1,276.5,276.5,276.5,1,1,1.0
16,1,11,2,1,2,105.48999977111816,198.0,12.98,1,1,0.9898532080173016
17,0,13,4,1,1,15.0,15.0,15.0,0,0,1.968289985955307e-05
40,1,4,4,1,1,34.9900016784668,34.99,34.99,0,0,9.181360217042095e-06
64,0,4,4,1,2,30.489999771118164,35.98,25.0,0,0,0.00040378195904399583
54,0,8,4,1,1,95.79000091552734,95.79,95.79,0,0,0.00449301511709356
66,1,13,4,3,3,57.823333740234375,95.0,24.5,1,1,0.9864511016610957
13,1,4,2,1,1,25.0,25.0,25.0,0,0,2.0709650697224966e-06
20,0,4,3,1,1,22.5,23.0,22.0,0,0,1.968289985955307e-05
67,0,4,4,2,4,48.99749994277954,87.0,20.99,1,1,0.9463622755477445
47,0,10,4,2,2,33.2450008392334,43.99,22.5,0,0,0.0014308614365930706
58,0,13,3,1,1,110.0,110.0,110.0,0,0,0.011530742582444535
29,0,13,4,1,1,33.95000076293945,33.95,33.95,0,0,1.02311040648322e-05
16,0,13,4,1,1,13.449999809265137,13.45,13.45,0,0,1.968289985955307e-05
46,0,13,4,1,2,63.5,79.0,48.0,0,0,0.09896328210037347
39,1,11,4,1,2,148.9899959564209,259.99,37.99,1,1,0.9999510763209394
18,1,7,3,1,3,41.0533332824707,65.0,28.16,0,0,0.0710559081444371
49,0,12,4,1,1,78.0,78.0,78.0,0,0,0.0014671305734016364
67,0,3,4,4,7,55.107142857142854,110.0,7.99,1,1,0.9966486324179757
25,0,13,3,1,2,19.475000381469727,26.95,12.0,0,0,0.0007214615591457619
52,0,10,4,1,1,275.0,275.0,275.0,1,1,1.0
65,0,4,4,1,1,49.95000076293945,49.95,49.95,0,0,0.0002500352280496223
47,1,4,4,1,1,18.989999771118164,18.99,18.99,0,0,8.38068749601134e-06
32,1,13,4,2,2,19.899999618530273,21.0,18.8,0,0,0.0011333910085686
25,0,4,4,1,1,12.90999984741211,12.91,12.91,0,0,1.968289985955307e-05
21,1,3,4,4,4,41.78250002861023,60.0,15.95,0,1,0.722273692912838
18,1,10,4,1,1,45.0,45.0,45.0,0,0,0.0005196966894838826
52,0,4,2,1,1,59.95000076293945,59.95,59.95,0,0,0.00038254460216763424
26,0,3,4,1,1,39.9900016784668,39.99,39.99,0,0,4.0505063134069376e-05
29,1,13,4,2,5,40.03800048828125,54.0,25.0,1,1,0.8809589540282512
38,1,12,4,1,4,30.7475004196167,39.99,23.0,0,0,0.014491599253035453
25,0,13,4,2,3,26.396666526794434,52.0,12.2,0,0,0.006457808901446761
32,1,6,3,1,1,37.97999954223633,37.98,37.98,0,0,3.307410061169173e-05
34,1,6,4,1,2,108.52000045776367,182.0,35.04,1,1,0.9984680254734818
43,1,6,4,1,1,85.62999725341797,85.63,85.63,0,0,0.005662167703599822
23,1,4,4,1,1,15.989999771118164,15.99,15.99,0,0,3.2664699712926596e-06
17,0,3,3,3,3,53.660000483194985,89.0,21.99,0,1,0.5704731667632297
39,0,4,4,1,1,23.0,23.0,23.0,0,0,1.968289985955307e-05
60,1,13,4,1,2,42.41499853134155,79.95,4.88,0,0,0.0357542056887102
12,1,4,3,1,1,97.9900016784668,110.0,85.98,1,1,0.5095892577605163
20,1,3,4,1,3,51.33000055948893,98.0,16.0,0,1,0.6757356727288564
60,0,13,4,1,2,36.75,48.5,25.0,0,0,0.0006879511771924697
43,1,3,1,4,5,75.18749952316284,238.98,22.0,1,1,0.9998913043478261
42,1,3,4,4,4,44.41428593226841,119.0,19.0,1,1,0.997108890371815
27,1,13,4,1,1,89.94999694824219,89.95,89.95,0,0,0.004483837781741437
54,0,3,4,1,1,54.5,54.5,54.5,0,0,0.000757957088767318
28,0,8,3,1,2,23.994999885559082,26.99,21.0,0,0,0.000803686760728483
28,0,11,4,1,1,22.950000762939453,22.95,22.95,0,0,1.968289985955307e-05
60,0,12,4,2,2,113.0,158.0,68.0,1,1,0.999050868618856
49,1,4,4,1,1,28.0,28.0,28.0,0,0,8.38068749601134e-06
26,1,11,4,1,1,39.9900016784668,39.99,39.99,0,0,3.3589943771036995e-05
68,1,4,4,1,1,52.9900016784668,52.99,52.99,0,0,0.0004415265042433319
44,0,13,4,2,2,42.49499988555908,60.0,24.99,0,0,0.005049804599354934
68,0,13,4,1,1,61.0,61.0,61.0,0,0,0.0004004767369384823
40,0,4,4,1,1,29.989999771118164,29.99,29.99,0,0,2.041620703291727e-05
26,1,4,4,2,2,36.22500038146973,39.5,32.95,0,0,0.0014401919606761846
30,1,6,4,1,1,29.0,29.0,29.0,0,0,3.2664699712926596e-06
70,1,12,4,1,2,93.72500038146973,148.0,39.45,1,1,0.9793151182018417
44,0,4,4,2,3,26.93000030517578,51.99,10.82,0,0,0.0030826996085506746
36,1,4,4,1,1,49.5,49.5,49.5,0,0,0.0002194128245956893
64,0,0,4,2,3,77.4933344523112,127.98,16.5,1,1,0.9739896667146617
36,0,8,0,1,1,49.16999816894531,49.17,49.17,0,0,7.56511860197298e-05
32,1,7,4,1,1,22.030000686645508,22.03,22.03,0,0,2.5314485649881535e-05
40,1,3,3,1,2,31.640000343322754,49.95,13.33,0,0,0.002237248787601097
29,1,4,4,2,2,107.4950008392334,160.0,54.99,1,1,0.9994276226033159
55,1,4,4,1,1,25.0,25.0,25.0,0,0,8.38068749601134e-06
21,1,4,4,1,1,28.049999237060547,28.05,28.05,0,0,3.2664699712926596e-06
42,1,10,3,1,1,24.0,24.0,24.0,0,0,2.5314485649881535e-05
25,0,3,2,3,4,124.625,352.0,25.0,1,1,0.9999333337356291
23,1,4,4,1,4,49.235000133514404,135.0,16.95,1,1,0.9807332124746047
53,0,7,4,1,2,35.83000055948893,44.5,25.0,0,0,0.0013161864227048117
49,0,4,4,2,2,19.75,25.5,14.0,0,0,0.0006590817240176299
31,1,4,4,2,2,54.99499988555908,90.0,19.99,0,0,0.15943409716448556
39,1,3,4,1,1,89.98999786376953,89.99,89.99,0,0,0.00368505607550172
13,1,6,4,1,2,221.9499969482422,249.95,193.95,1,1,1.0
64,1,11,4,1,1,36.0,36.0,36.0,0,0,0.0005467635239809374
44,0,6,3,4,7,37.25571414402553,99.0,11.0,1,1,0.9777514815892961
32,0,4,4,2,3,14.036666870117188,18.0,10.8,0,0,0.0005499452409779559
68,0,4,4,1,2,17.800000190734863,21.0,14.6,0,0,0.0008874576212938152
65,1,4,4,1,1,15.0,15.0,15.0,0,0,0.00023428430195384227
52,0,4,4,2,2,61.98999881744385,99.99,23.99,0,0,0.2576347700797209
54,1,6,3,1,1,200.0,200.0,200.0,1,1,1.0
57,1,11,3,1,3,40.31999969482422,65.0,25.0,0,0,0.06599951453993033
65,1,4,4,1,2,64.4950008392334,79.0,49.99,0,0,0.14617479907409978
16,0,13,1,1,2,57.0,89.0,25.0,0,0,0.11232146535226628
36,1,3,4,1,1,12.989999771118164,12.99,12.99,0,0,8.38068749601134e-06
30,1,3,4,1,1,54.5,54.5,54.5,0,0,0.0004357355608895591
59,1,13,4,2,2,72.96999931335449,99.99,45.95,0,0,0.2230446981738816
40,1,3,4,1,2,35.0,55.0,15.0,0,0,0.0029777738620264133
23,1,4,3,1,1,138.60000610351562,138.6,138.6,0,0,0.00477346261010966
56,0,4,4,1,1,45.0,45.0,45.0,0,0,0.0002636256252748336
58,0,4,4,1,2,30.5,35.0,26.0,0,0,0.00046351420490737817
30,0,4,4,2,3,68.80333582560222,149.6,14.0,1,1,0.9964823945953631
37,1,13,0,2,3,62.947499454021454,94.99,3.8,1,1,0.9498068268867444
47,0,4,4,1,1,46.0,46.0,46.0,0,0,0.0002915465874741464
22,0,4,4,3,3,30.22666613260905,40.78,24.9,0,0,0.03852943776823295
41,0,7,4,2,2,59.95000076293945,109.9,10.0,0,0,0.2841360892326124
22,0,4,4,1,1,64.94999694824219,64.95,64.95,0,0,0.001183634621252662
57,1,3,3,3,3,38.389999866485596,56.39,24.99,0,0,0.08534234064165833
35,0,13,4,1,4,32.36999988555908,71.0,12.48,0,0,0.06362287567011844
40,0,13,4,3,3,42.333333333333336,60.0,11.0,0,0,0.21293361530170635
56,1,4,4,1,1,17.979999542236328,17.98,17.98,0,0,8.38068749601134e-06
42,0,6,4,2,4,48.48750019073486,75.0,20.95,1,1,0.9473554609661552
61,1,13,2,2,2,57.400001525878906,69.3,45.5,0,0,0.10579649271221041
32,1,13,4,1,1,159.5,159.5,159.5,0,0,0.00498172314606748
14,1,3,4,1,1,264.0,264.0,264.0,1,1,1.0
69,1,13,4,2,2,44.99000072479248,59.99,29.99,0,0,0.026188794560737926
32,0,12,4,3,3,31.163333257039387,49.5,19.99,0,0,0.03974928431570509
42,1,4,4,2,2,118.4950008392334,200.0,36.99,1,1,0.9993710302125989
20,1,4,4,1,1,42.5,42.5,42.5,0,0,0.0005010420652996886
25,1,10,3,2,4,50.12000036239624,99.5,14.99,1,1,0.9580358084526813
58,0,13,2,1,1,10.779999732971191,10.78,10.78,0,0,1.968289985955307e-05
54,1,13,4,2,2,92.25,120.0,64.5,1,1,0.9886298974223093
61,1,7,4,1,2,28.494999885559082,31.99,25.0,0,0,0.0006129759035416355
24,0,13,4,3,2,76.52000045776367,179.0,14.09,1,1,0.913063317880035
48,1,4,4,2,3,85.07999992370605,220.0,15.24,1,1,0.9996196038098171
36,0,3,3,2,3,27.74250030517578,49.99,14.99,0,0,0.0032842595797915315
51,1,13,4,2,1,88.8700008392334,137.75,39.99,1,1,0.9695069133624534
63,0,8,4,2,5,73.79799995422363,168.0,29.99,1,1,0.998861566429905
33,0,13,4,1,1,72.0,72.0,72.0,0,0,0.0005371386356794693
44,1,4,4,1,2,43.20000076293945,46.0,40.4,0,0,0.0060259470381899185
18,1,2,4,1,1,55.95000076293945,55.95,55.95,0,0,0.00014851020014374378
56,0,2,4,1,2,94.49499893188477,99.0,89.99,1,1,0.966091555787425
69,1,13,2,2,3,50.29666646321615,77.95,34.99,0,0,0.3785638165823893
25,1,4,2,1,1,54.72999954223633,54.73,54.73,0,0,0.00027886204518865376
28,0,13,4,3,3,65.82999992370605,138.0,19.99,1,1,0.9935166614935005
25,0,4,4,3,3,40.99666659037272,55.0,29.99,0,0,0.08374941289410874
23,0,3,4,1,4,51.222500801086426,78.0,34.9,1,1,0.937050801626788
12,0,13,4,1,1,66.95999908447266,66.96,66.96,0,0,0.0025908708966142424
21,1,12,4,1,3,197.3299992879232,357.0,79.99,1,1,1.0
23,1,12,3,2,2,59.97333526611328,69.98,49.99,1,0,0.1594454220763401
46,1,4,0,2,3,63.623332023620605,89.99,10.89,1,1,0.9412293744778938
16,0,8,4,2,2,126.0,193.5,58.5,1,1,0.9985143036676674
13,0,13,4,1,1,20.0,20.0,20.0,0,0,1.848739495798291e-05
67,0,13,3,1,2,16.489999771118164,18.0,14.98,0,0,0.00044404902499406857
28,1,11,4,1,2,22.704999923706055,36.0,9.41,0,0,0.0011347365616929353
39,0,13,4,1,1,25.0,25.0,25.0,0,0,5.3890425515197304e-05
49,1,6,4,1,1,17.0,17.0,17.0,0,0,2.5314485649881535e-05
38,0,3,4,1,1,19.989999771118164,19.99,19.99,0,0,1.968289985955307e-05
13,1,6,4,1,1,19.989999771118164,19.99,19.99,0,0,2.0709650697224966e-06
65,0,13,4,2,2,135.48999786376953,238.98,32.0,1,1,0.9998199206634656
14,1,13,4,1,1,289.989990234375,289.99,289.99,1,1,1.0
26,0,13,1,1,1,10.0,10.0,10.0,0,0,1.968289985955307e-05
48,0,13,4,2,2,124.25,240.0,8.5,1,1,0.9974628916958679
52,1,10,4,1,1,70.0,70.0,70.0,0,0,0.0003864122472958824
69,0,13,4,3,4,36.702499866485596,59.5,17.34,0,1,0.6633525858427359
53,1,13,2,2,2,214.5,280.0,149.0,1,1,0.9999056086669698
25,0,13,4,1,1,189.0,189.0,189.0,1,1,1.0
38,0,10,4,1,2,32.875,40.75,25.0,0,0,0.0006527161722692676
20,1,8,4,2,3,26.606666564941406,40.0,14.82,0,0,0.007999832891954314
30,1,4,3,1,1,157.5,157.5,157.5,0,0,0.013088105997686329
64,0,10,3,1,2,42.4900016784668,49.99,34.99,0,0,0.0030691615130743867
59,0,4,1,2,2,30.5,36.0,25.0,0,0,0.0006987658925803937
40,1,13,4,1,1,51.9900016784668,51.99,51.99,0,0,0.0002751231075937764
45,1,3,4,1,3,53.85999941825867,109.99,10.95,1,1,0.6604033331717928
20,0,13,4,1,3,58.72499990463257,128.0,24.0,1,1,0.9836914927014813
66,1,4,4,2,4,70.98499965667725,89.99,53.95,1,1,0.9638846741074346
60,1,3,4,2,5,37.794000244140626,49.0,22.0,1,1,0.875050234033421
22,0,6,3,4,4,55.5599996248881,149.98,8.47,1,1,0.9967154314621974
39,1,3,3,2,2,64.4950008392334,88.0,40.99,0,0,0.2519814925714357
64,1,13,4,1,1,60.0,60.0,60.0,0,0,0.0006869587610235154
62,0,4,4,1,1,158.0,158.0,158.0,0,0,0.004811366897684455
51,0,4,4,2,3,88.99666595458984,99.99,83.0,1,1,0.998305574074317
13,1,13,4,1,1,31.5,31.5,31.5,0,0,2.87163779075325e-06
40,0,13,3,1,1,11.899999618530273,11.9,11.9,0,0,1.968289985955307e-05
44,1,3,4,1,1,12.989999771118164,12.99,12.99,0,0,8.38068749601134e-06
35,0,4,4,1,1,92.0,92.0,92.0,0,0,0.0037636399308829268
28,0,13,3,1,1,58.0,58.0,58.0,0,0,0.0009458013394220282
52,0,13,4,1,1,129.0,129.0,129.0,0,0,0.004420305968728772
15,1,4,3,1,1,20.989999771118164,20.99,20.99,0,0,3.2664699712926596e-06
57,1,13,3,1,1,79.98999786376953,79.99,79.99,0,0,0.0007627488059056105
37,0,3,4,1,1,15.989999771118164,15.99,15.99,0,0,1.968289985955307e-05
26,1,4,3,2,2,79.97999954223633,149.95,39.99,1,1,0.7670092498125478
19,1,3,4,1,1,18.0,18.0,18.0,0,0,8.769423732588935e-05
45,1,4,3,1,1,119.0,119.0,119.0,0,0,0.00726411946823044
55,1,7,4,1,1,54.9900016784668,54.99,54.99,0,0,0.00032086322836369976
47,0,12,3,1,1,79.5,79.5,79.5,0,0,0.00308671726087709
29,0,0,0,1,1,160.0,160.0,160.0,0,0,0.039772557163407524
69,1,4,4,2,3,66.9400011698405,85.9,39.99,1,1,0.9643920800248225
64,0,12,3,1,1,25.0,25.0,25.0,0,0,3.273964061839139e-05
57,0,3,2,2,2,39.47500038146973,60.95,18.0,0,0,0.014496676210795312
48,1,4,4,1,1,17.969999313354492,17.97,17.97,0,0,8.38068749601134e-06
49,0,0,1,1,3,68.66333262125652,89.99,38.0,1,1,0.9482617541179843
41,1,13,2,1,1,69.5,69.5,69.5,0,0,0.00053797545782768
49,0,13,4,1,1,295.92999267578125,295.93,295.93,1,1,1.0
31,1,3,4,1,1,69.94999694824219,69.95,69.95,0,0,0.0007488892559985711
29,0,13,3,1,1,24.989999771118164,24.99,24.99,0,0,5.3890425515197304e-05
66,1,10,4,1,1,25.0,25.0,25.0,0,0,0.00017096285125990676
56,1,4,4,2,3,31.650000254313152,35.95,25.0,0,0,0.0033706392589361186
21,1,13,4,2,2,43.44000053405762,50.88,36.0,0,0,0.010964084418943549
23,0,2,4,1,2,11.989999771118164,15.99,7.99,0,0,0.000532496314949025
61,1,13,4,3,2,32.31333351135254,47.95,24.0,0,0,0.03284975756395437
44,0,4,4,1,1,11.0,11.0,11.0,0,0,2.5029540387088356e-05
19,0,13,4,1,1,16.75,16.75,16.75,0,0,0.00010411066721414975
40,0,11,4,1,2,54.98499870300293,79.99,29.98,0,0,0.04974385914820338
13,1,4,4,1,3,33.35000014305115,59.5,5.95,0,0,0.012406652655624843
49,0,13,0,2,1,184.49500274658203,240.0,128.99,1,1,0.995
26,0,4,4,2,2,66.9950008392334,99.0,34.99,0,0,0.20212456771887957
44,0,8,4,1,1,17.329999923706055,17.33,17.33,0,0,2.5029540387088356e-05
57,1,13,4,2,4,79.22249984741211,169.95,36.95,1,1,0.9978463645369744
42,1,13,3,1,1,24.989999771118164,24.99,24.99,0,0,4.5584755920151746e-05
44,1,13,4,1,1,12.5,12.5,12.5,0,0,4.840324911832688e-05
69,1,7,4,1,1,45.9900016784668,45.99,45.99,0,0,0.00043626537855844
25,1,6,3,1,1,69.94999694824219,69.95,69.95,0,0,0.00035003451624450953
59,1,4,4,2,2,23.97499990463257,36.0,11.95,0,0,0.0015746091347458749
46,1,12,4,2,3,58.00999927520752,119.99,35.33,1,1,0.9805394263159519
57,1,3,4,1,1,36.9900016784668,36.99,36.99,0,0,5.740577701077884e-05
61,1,13,4,3,3,108.0,199.5,35.0,1,1,0.9996139135804831
58,0,3,3,1,1,61.150001525878906,61.15,61.15,0,0,0.00028415796598772465
14,1,3,3,1,2,31.0,34.0,28.0,0,0,0.0007903864157565374
21,0,4,4,2,3,48.73333295186361,84.0,17.99,0,0,0.4972081761443777
67,0,7,1,2,3,81.29666646321614,190.0,23.9,1,1,0.9971205457081642
28,1,4,0,1,1,116.95999908447266,116.96,116.96,0,0,0.009709181328699449
67,1,3,4,4,4,53.4466667175293,85.0,24.99,1,1,0.9932453314580311
25,1,4,2,1,2,36.74499988555908,49.5,23.99,0,0,0.010749605307410568
52,0,13,1,1,1,52.9900016784668,52.99,52.99,0,0,0.0001879871834001237
58,0,4,4,2,3,66.24250030517578,100.99,38.0,1,1,0.9694812098687627
41,1,3,4,1,1,78.0,78.0,78.0,0,0,0.0009347668057612901
65,1,4,0,1,1,99.5,99.5,99.5,0,0,0.005146355409406608
70,1,4,4,1,1,109.94999694824219,109.95,109.95,0,0,0.010289015528678358
39,0,3,4,1,1,27.989999771118164,27.99,27.99,0,0,2.739300009085611e-05
25,1,13,4,1,1,24.989999771118164,24.99,24.99,0,0,2.6355233439738017e-05
17,1,4,4,1,1,39.9900016784668,39.99,39.99,0,0,1.8002829119149342e-05
60,1,3,4,1,1,31.5,31.5,31.5,0,0,9.181360217042095e-06
24,0,7,4,1,1,9.979999542236328,9.98,9.98,0,0,1.968289985955307e-05
58,1,4,4,2,2,44.974998474121094,64.95,25.0,0,0,0.03500423732644665
64,1,4,4,2,2,56.400001525878906,79.9,32.9,0,0,0.10095401775612768
24,1,4,4,1,1,109.0,109.0,109.0,0,0,0.008884041448820936
17,0,3,4,1,2,9.309999942779541,11.49,7.13,0,0,0.0006471750836695722
29,1,13,4,1,1,29.989999771118164,29.99,29.99,0,0,2.4284268370015518e-05
55,0,13,4,2,2,55.0,98.0,12.0,0,0,0.1107606636534009
59,1,4,4,1,1,40.480000495910645,62.97,17.99,0,0,0.004340115068701347
59,0,3,4,1,1,39.95000076293945,39.95,39.95,0,0,8.01404340285155e-05
22,0,3,4,1,1,44.9900016784668,44.99,44.99,0,0,0.00024896351514608285
23,1,4,4,1,2,50.1200008392334,61.74,38.5,0,0,0.011256498077051908
66,1,4,4,1,1,34.0,34.0,34.0,0,0,0.0002512662044483358
34,1,3,4,1,2,57.37249994277954,165.0,18.75,1,1,0.8347797949399828
57,1,13,4,4,7,81.09666570027669,339.0,17.5,1,1,0.9998898068476463
15,1,6,4,1,1,52.130001068115234,52.13,52.13,0,0,0.0003994861262546718
55,0,13,4,2,2,73.9950008392334,88.0,59.99,0,0,0.15375300074877682
31,1,11,4,1,1,16.0,16.0,16.0,0,0,3.2664699712926596e-06
26,0,13,4,1,2,114.15999984741211,162.5,49.98,1,1,0.99863314990831
70,0,0,4,1,2,17.96500015258789,22.0,13.93,0,0,0.0007195131655035733
56,0,4,4,4,5,49.06500085194906,148.99,14.0,1,1,0.9941877867663252
16,0,13,4,1,1,78.0,78.0,78.0,0,0,0.0011574516878472803
31,0,4,4,1,1,40.130001068115234,40.13,40.13,0,0,3.352831894802289e-05
68,0,10,4,1,3,50.11250019073486,85.0,24.5,1,1,0.5026067354837671
17,0,4,4,1,1,68.0,68.0,68.0,0,0,0.0003164114356152041
12,0,3,4,3,3,56.3233331044515,110.0,24.99,0,1,0.6626760609857831
59,1,8,4,1,3,35.84750032424927,48.0,19.99,0,0,0.01907195414016806
61,1,10,3,1,2,34.170000076293945,36.34,32.0,0,0,0.000704001823180068
51,1,4,4,1,1,182.22000122070312,182.22,182.22,1,1,1.0
55,1,4,3,1,1,89.98999786376953,89.99,89.99,0,0,0.0044087736398779435
16,0,4,4,1,1,150.0,150.0,150.0,0,0,0.00532791975576526
18,0,7,4,2,4,20.707999992370606,48.75,6.79,0,0,0.015574759107110368
61,1,13,4,2,3,50.53249979019165,112.99,19.76,1,1,0.6426864556051629
27,1,7,3,1,1,19.950000762939453,19.95,19.95,0,0,3.2664699712926596e-06
69,0,4,3,1,1,9.989999771118164,9.99,9.99,0,0,1.968289985955307e-05
70,1,13,4,2,2,63.03499889373779,109.99,16.08,0,0,0.27021197590196055
42,0,0,4,1,1,12.579999923706055,12.58,12.58,0,0,2.5029540387088356e-05
28,1,10,2,1,1,65.0,65.0,65.0,0,0,0.0006666415021449406
37,0,4,4,4,5,52.01800003051758,83.36,11.99,1,1,0.993689079963888
64,0,3,4,2,3,28.366666793823242,42.0,15.1,0,0,0.003351482691951197
65,0,4,4,2,3,77.28000068664551,131.94,20.9,1,1,0.9850002164611914
46,1,4,4,1,1,14.949999809265137,14.95,14.95,0,0,8.38068749601134e-06
49,0,13,4,1,1,184.72000122070312,184.72,184.72,1,1,1.0
22,0,4,4,1,1,48.0,48.0,48.0,0,0,0.00025625814460729075
65,1,4,4,1,1,27.989999771118164,27.99,27.99,0,0,0.00025046553172730504
47,1,7,4,1,1,147.5,147.5,147.5,0,0,0.003008079322103357
67,0,3,4,1,1,69.5,69.5,69.5,0,0,0.0005626265041790405
61,0,4,4,1,1,32.0,32.0,32.0,0,0,2.3287844823670516e-05
57,0,7,4,1,1,24.989999771118164,24.99,24.99,0,0,3.273964061839139e-05
33,0,10,4,1,1,69.94999694824219,69.95,69.95,0,0,0.002012066779661501
36,0,4,3,1,3,72.74500131607056,199.99,9.99,1,1,0.9973471477471739
21,0,11,4,1,1,89.5,89.5,89.5,0,0,0.0032170082020125884
43,1,0,3,2,2,43.2450008392334,49.99,36.5,0,0,0.018650143861063076
57,0,13,4,2,3,46.80400009155274,75.57,24.0,1,0,0.4594756151606353
58,0,4,4,1,1,42.34000015258789,42.34,42.34,0,0,6.101518087777228e-05
70,0,4,4,2,2,53.39500045776367,61.79,45.0,0,0,0.037609712224521974
47,0,3,3,1,1,12.25,12.25,12.25,0,0,2.5029540387088356e-05
54,1,4,4,2,4,88.86199932098388,311.65,10.69,1,1,0.9988303572900377
67,1,3,4,1,1,17.65999984741211,17.66,17.66,0,0,0.00023428430195384227
36,0,2,4,3,4,51.37000045776367,158.0,8.0,1,1,0.9972022905050706
18,0,4,2,2,3,38.826666514078774,79.5,7.99,0,0,0.13873390042706546
29,0,2,3,2,2,20.356666882832844,24.0,13.12,0,0,0.0003284292598649415
38,0,13,4,1,1,8.949999809265137,8.95,8.95,0,0,1.968289985955307e-05
48,1,10,4,1,4,67.92499923706055,98.0,43.75,1,1,0.9764861314879222
33,0,13,4,2,2,39.390000343322754,60.0,18.78,0,0,0.006897372809629371
52,0,0,2,1,1,34.9900016784668,34.99,34.99,0,0,5.397158135457154e-05
62,1,7,4,2,2,52.4950008392334,55.0,49.99,0,0,0.012243397259580551
37,0,12,4,1,1,43.13999938964844,43.14,43.14,0,0,0.00018508195562738264
19,0,13,4,2,2,70.49499988555908,118.0,22.99,0,0,0.19187929988607075
45,1,10,4,1,1,98.0,98.0,98.0,0,0,0.0056038711711246655
22,1,13,3,2,2,19.0,25.0,13.0,0,0,0.001575385998656084
47,1,3,2,1,2,14.0,18.0,10.0,0,0,0.0014929786677051469
35,1,13,4,1,1,69.5,69.5,69.5,0,0,0.0005220650926095262
37,0,3,4,1,1,90.98999786376953,90.99,90.99,0,0,0.0037388342771652945
68,1,13,4,1,1,16.969999313354492,16.97,16.97,0,0,0.00017787038495488934
26,0,13,4,4,6,57.39666700363159,148.99,9.95,1,1,0.9999288633979801
21,0,4,4,1,1,63.95000076293945,63.95,63.95,0,0,0.0004980542051077114
50,0,11,4,1,1,22.950000762939453,22.95,22.95,0,0,2.5029540387088356e-05
41,0,4,3,2,2,85.96000099182129,149.97,21.95,1,1,0.9721081983095898
14,0,4,4,2,2,26.869999408721924,38.44,15.3,0,0,0.0009065149592972136
27,1,13,4,1,2,31.494999885559082,38.0,24.99,0,0,0.00029473397629326074
48,1,13,4,1,1,31.5,31.5,31.5,0,0,4.920392183935764e-05
68,1,13,4,1,1,12.0,12.0,12.0,0,0,0.00017787038495488934
29,1,13,3,1,1,65.0,65.0,65.0,0,0,0.0007383082549264608
41,0,12,4,1,4,60.242499351501465,128.0,14.99,1,1,0.9826279765720746
34,0,12,4,1,2,39.99000072479248,49.99,29.99,0,0,0.0021410366763513315
18,0,13,4,1,2,37.99000072479248,49.99,25.99,0,0,0.004154445271283229
32,1,13,4,1,1,4.96999979019165,4.97,4.97,0,0,4.840324911832688e-05
41,0,4,3,1,2,66.0,118.0,14.0,0,0,0.27556625938818863
13,0,4,4,1,3,72.8100004196167,150.0,30.95,1,1,0.9948162216325772
16,0,4,4,1,1,108.0,108.0,108.0,0,0,0.006029081364069763
31,1,11,4,1,1,25.0,25.0,25.0,0,0,3.2664699712926596e-06
62,0,4,4,1,2,54.679999351501465,78.46,30.9,0,0,0.04848764769442935
68,0,13,4,1,1,27.600000381469727,27.6,27.6,0,0,1.968289985955307e-05
67,0,0,0,4,6,62.02500089009603,140.0,35.72,1,1,0.9949867812293456
40,0,12,1,1,3,30.613332748413086,37.98,26.9,0,0,0.00045550294501134
33,0,4,2,1,1,34.99000072479248,39.99,29.99,0,0,6.445228255476475e-05
12,0,13,4,1,2,22.756666501363117,32.98,12.3,0,0,0.000701590012593755
30,0,4,4,1,2,52.4950008392334,54.99,50.0,0,0,0.009417893698640229
59,1,3,4,1,1,36.0,36.0,36.0,0,0,0.00042544683476999933
34,0,4,4,1,1,122.5999984741211,122.6,122.6,0,0,0.004497306949062475
16,0,3,3,1,1,11.979999542236328,11.98,11.98,0,0,1.968289985955307e-05
55,0,4,4,2,2,187.25,207.0,167.5,1,1,0.9999607657338881
41,0,13,4,1,1,14.899999618530273,14.9,14.9,0,0,1.968289985955307e-05
34,0,3,1,2,2,48.10249996185303,85.12,7.99,1,0,0.0930991786827536
17,0,4,4,1,4,61.4900004863739,149.0,10.97,1,1,0.9899637837268205
60,0,3,2,1,1,12.989999771118164,12.99,12.99,0,0,2.5029540387088356e-05
65,0,10,4,1,1,127.08000183105469,127.08,127.08,0,0,0.0036869868242801317
55,1,10,4,2,1,80.05499839782715,122.85,37.26,0,0,0.3447267359377145
64,1,3,3,1,3,78.99666849772136,148.99,13.5,1,1,0.9893187207450896
30,1,11,2,1,2,65.60999870300293,68.71,62.51,0,0,0.03869780692206519
33,0,6,4,1,1,19.989999771118164,19.99,19.99,0,0,1.968289985955307e-05
64,0,4,3,1,1,69.0,69.0,69.0,0,0,0.0004366167198813021
31,0,11,4,1,1,34.9900016784668,34.99,34.99,0,0,1.7941204296135235e-05
46,1,3,3,2,3,67.95666631062825,169.0,11.99,1,1,0.9987000331727732
58,1,4,4,1,4,52.35499966144562,95.0,3.98,1,1,0.928162061649722
26,1,13,4,1,4,78.4874997138977,175.0,16.24,1,1,0.9971788607861177
42,1,3,4,2,3,60.89333279927572,119.95,24.99,1,1,0.9853427974432769
69,1,7,4,1,1,149.0,149.0,149.0,0,0,0.005112035830097992
38,1,13,3,1,2,113.99500274658203,195.99,32.0,1,1,0.9999422735040379
44,0,4,4,1,2,79.9749984741211,90.0,69.95,0,0,0.09392764798401888
49,0,4,1,2,2,127.0,175.0,79.0,1,1,0.9999558396255138
67,0,4,4,2,3,17.829999923706055,26.99,13.0,0,0,0.0030760957644080846
55,1,11,4,1,1,79.9000015258789,79.9,79.9,0,0,0.0009779396307001502
64,0,4,3,1,3,15.819999694824219,24.97,10.5,0,0,0.0007893753481360135
60,1,3,4,1,1,179.0,179.0,179.0,1,1,1.0
34,0,3,0,1,2,35.125,45.0,25.25,0,0,0.0008349453930314496
25,1,4,2,1,1,25.0,25.0,25.0,0,0,3.2664699712926596e-06
21,1,13,1,1,2,32.93999989827474,65.0,13.82,0,0,0.008053065218796934
48,0,3,4,1,1,56.0,56.0,56.0,0,0,0.0004904839612164352
17,1,4,4,1,1,29.989999771118164,29.99,29.99,0,0,8.172249087616648e-06
53,0,12,4,2,3,28.326667149861652,35.0,14.99,0,0,0.004434347882513437
35,1,4,4,1,1,28.0,28.0,28.0,0,0,8.38068749601134e-06
42,1,4,4,1,1,25.0,25.0,25.0,0,0,8.38068749601134e-06
39,0,4,1,1,1,15.899999618530273,15.9,15.9,0,0,1.968289985955307e-05
48,0,13,4,1,1,150.0,150.0,150.0,0,0,0.0035254007946339022
39,0,4,4,1,3,34.737499952316284,57.0,10.95,0,0,0.007876293820306756
42,1,4,4,1,2,38.4950008392334,54.99,22.0,0,0,0.0022751381352194965
16,0,4,4,1,2,82.99499988555908,158.0,7.99,0,0,0.4696893241178347
42,1,3,4,1,1,52.400001525878906,52.4,52.4,0,0,0.0005681005001849397
48,1,13,3,1,1,94.4800033569336,94.48,94.48,0,0,0.006192662822230458
61,0,4,3,2,2,73.15000025431316,90.01,61.44,1,0,0.16968499624683847
14,1,4,4,1,1,64.5,64.5,64.5,0,0,0.0003064856319523434
24,1,4,4,2,2,56.2400016784668,56.99,55.49,0,0,0.021444109041492073
55,0,3,4,1,1,34.9900016784668,34.99,34.99,0,0,6.455331937662784e-05
41,0,8,0,2,2,19.989999771118164,22.99,16.99,0,0,0.0013622955950450802
30,1,7,4,2,5,55.587999725341795,135.45,12.0,1,1,0.9888022514046733
41,1,13,4,2,2,32.96999931335449,49.94,16.0,0,0,0.001810771264606389
51,0,13,4,2,2,63.4950008392334,68.0,58.99,0,0,0.05383284958397331
56,1,13,4,2,2,36.4950008392334,47.99,25.0,0,0,0.0042163278629159
69,1,13,4,2,4,135.88999938964844,357.0,34.97,1,1,0.9999605834898739
21,0,4,4,3,3,76.80666732788086,98.0,39.99,1,1,0.9953668501706582
18,1,4,4,1,1,49.0,49.0,49.0,0,0,0.00011520723882418921
14,0,8,4,1,4,61.019999265670776,98.0,12.13,1,1,0.9654061763510977
35,1,13,4,1,1,22.989999771118164,22.99,22.99,0,0,4.840324911832688e-05
24,1,4,4,2,3,128.33333333333334,169.0,48.0,1,1,0.9999866488651535
64,1,2,4,1,2,40.0,52.0,28.0,0,0,0.0007327740704893962
33,0,3,4,1,2,10.789999961853027,12.91,8.67,0,0,0.00047418968874484075
25,1,2,2,1,1,41.959999084472656,41.96,41.96,0,0,1.5131191328396092e-05
12,0,13,0,1,1,47.9900016784668,47.99,47.99,0,0,0.0022750585762619817
36,0,4,4,1,2,42.4950008392334,50.0,34.99,0,0,0.0023679665681963845
21,1,13,4,1,2,40.94999885559082,64.95,16.95,0,0,0.013372278848555385
55,0,13,4,1,2,71.66666666666667,98.0,34.5,1,0,0.168987963840869
14,1,4,3,2,2,52.48500061035156,54.98,49.99,0,0,0.01807410730176471
64,1,13,4,1,1,139.5,139.5,139.5,0,0,0.006429333843247734
37,0,8,4,1,1,34.9900016784668,34.99,34.99,0,0,1.7941204296135235e-05
56,0,3,0,2,2,78.99499893188477,88.0,69.99,0,0,0.1461226856470037
18,1,13,0,1,2,75.25,125.0,25.5,0,0,0.1765305380494816
51,1,4,4,1,2,118.63500213623047,142.27,95.0,1,1,0.9997546142675311
50,0,4,4,1,1,164.9499969482422,164.95,164.95,0,0,0.005411711105259576
36,1,13,4,1,1,65.0,65.0,65.0,0,0,0.0007577484596980058
57,0,13,4,1,1,79.5,79.5,79.5,0,0,0.0023053110076027518
67,1,10,4,1,1,62.95000076293945,62.95,62.95,0,0,0.0006028649383775145
27,0,4,4,1,1,36.9900016784668,36.99,36.99,0,0,1.7941204296135235e-05
20,1,13,4,2,2,49.58500099182129,54.18,44.99,0,0,0.00973043537998554
54,1,13,4,1,1,21.8700008392334,21.87,21.87,0,0,4.840324911832688e-05
57,0,10,3,1,1,58.84000015258789,58.84,58.84,0,0,0.000208228736358736
19,1,4,4,3,3,103.31666692097981,160.0,24.95,1,1,0.9991147201043314
14,1,4,4,2,3,44.310001373291016,48.99,35.99,0,0,0.13780796163883255
36,1,4,3,2,3,72.64666684468587,149.0,8.99,1,1,0.992544157051142
15,0,10,4,1,1,44.0,44.0,44.0,0,0,0.0003472382346400806
36,0,3,4,2,3,112.38000424702962,268.2,23.99,1,1,0.9999450150817826
61,0,3,4,2,3,103.96999994913737,248.0,31.92,1,1,0.9998102678571429
59,1,3,4,2,2,85.74499988555908,149.5,21.99,1,1,0.9909788699452656
66,0,13,1,2,2,37.35000038146973,40.72,33.98,0,0,0.0023079314365496424
55,1,4,3,2,3,28.496667226155598,39.99,11.5,0,0,0.008451102462555656
52,1,13,4,1,2,20.489999771118164,26.99,13.99,0,0,0.001242880172369382
17,0,4,4,2,3,32.649999936421715,59.0,13.95,0,0,0.0077232188330976755
42,1,7,4,1,1,59.9900016784668,59.99,59.99,0,0,0.00043104474815398424
55,1,3,3,1,1,138.0,138.0,138.0,0,0,0.006162659411102861
42,1,13,4,1,1,76.0,76.0,76.0,0,0,0.0005135136105996348
42,1,11,4,1,2,41.584999084472656,48.42,34.75,0,0,0.0007110023238510045
31,0,6,4,1,4,75.23249959945679,162.28,24.99,1,1,0.9973645934922014
25,1,4,4,2,3,60.556666692097984,117.18,14.99,1,1,0.9764138734890341
54,1,3,4,1,1,29.0,29.0,29.0,0,0,8.38068749601134e-06
56,1,3,1,1,2,51.969998359680176,79.95,23.99,0,0,0.056565399891603356
31,1,13,2,1,1,85.98999786376953,85.99,85.99,0,0,0.0059347029397356435
35,0,13,4,1,2,24.25,38.5,10.0,0,0,0.0005691437301062832
31,1,4,2,1,2,63.5,65.0,62.0,0,0,0.03240386289518499
67,0,4,4,1,1,17.3799991607666,17.38,17.38,0,0,4.835768968724385e-05
34,1,7,4,1,1,42.0,42.0,42.0,0,0,4.866121526357938e-05
19,1,4,4,3,4,76.8979995727539,235.0,4.5,1,1,0.9992869203085449
29,0,2,4,1,1,29.9950008392334,34.99,25.0,0,0,5.3890425515197304e-05
55,0,3,2,1,1,150.0,150.0,150.0,0,0,0.004987024221495706
13,0,13,4,1,1,229.99000549316406,229.99,229.99,1,1,1.0
14,0,4,4,1,1,46.959999084472656,46.96,46.96,0,0,0.00030106898562678986
53,0,4,3,1,1,10.020000457763672,10.02,10.02,0,0,2.5029540387088356e-05
52,1,0,4,2,2,50.040000915527344,62.36,37.72,0,0,0.012463623693957582
53,1,4,4,3,4,96.60499906539917,189.0,28.97,1,1,0.9999458369667928
45,0,4,4,2,2,85.72000122070312,131.94,39.5,1,1,0.9537933735248404
22,1,13,4,2,2,42.78000068664551,60.56,25.0,0,0,0.024797529506725976
62,1,3,4,1,1,16.989999771118164,16.99,16.99,0,0,0.00023428430195384227
13,1,4,4,1,2,55.94499969482422,59.94,51.95,0,0,0.015564046584710731
14,0,0,4,2,4,35.18200035095215,63.99,16.99,1,1,0.6133519007820343
56,1,9,3,2,4,76.42499923706055,129.0,17.75,1,1,0.985365665940283
29,1,10,4,1,2,83.13999938964844,126.0,40.28,0,0,0.22080312934535556
67,0,13,4,3,3,37.25000023841858,51.87,12.14,0,0,0.10606030323035281
45,1,13,4,2,2,55.91499996185303,105.0,6.83,0,0,0.18723886071534898
32,0,4,4,1,2,29.985000610351562,44.99,14.98,0,0,0.0009636586255443377
22,0,13,4,1,1,7.289999961853027,7.29,7.29,0,0,1.968289985955307e-05
12,0,4,1,1,1,58.95000076293945,58.95,58.95,0,0,0.0004295312493278175
61,1,3,4,1,1,22.0,22.0,22.0,0,0,8.38068749601134e-06
21,0,4,4,1,1,52.9900016784668,52.99,52.99,0,0,0.00024805516728427997
30,0,13,4,2,2,30.989999771118164,31.99,29.99,0,0,0.0007929730304730054
53,1,6,4,2,3,67.36666615804036,109.5,29.0,1,1,0.9810349646013556
17,1,4,4,3,4,28.476666768391926,34.97,18.96,1,0,0.042039430289142456
60,1,4,4,1,2,148.75,269.0,28.5,1,1,0.9998851039322472
64,0,4,4,1,1,10.0,10.0,10.0,0,0,4.835768968724385e-05
21,1,3,2,1,1,12.989999771118164,12.99,12.99,0,0,3.2664699712926596e-06
21,0,3,4,1,1,20.899999618530273,20.9,20.9,0,0,1.968289985955307e-05
34,1,12,3,1,1,99.94999694824219,99.95,99.95,0,0,0.0073601454200631486
44,0,4,4,4,7,54.99000058855329,130.0,29.95,1,1,0.9983510872573969
18,0,10,4,1,1,9.3100004196167,9.31,9.31,0,0,1.968289985955307e-05
70,1,10,4,2,2,37.49000072479248,49.99,24.99,0,0,0.009081159915591233
55,1,7,4,1,1,29.989999771118164,29.99,29.99,0,0,2.324352058015904e-05
28,1,4,3,3,4,55.499999618530275,79.99,22.01,1,1,0.980016691512857
35,1,4,4,2,2,61.99499988555908,98.0,25.99,0,0,0.24536834883563594
39,1,4,3,1,1,55.939998626708984,55.94,55.94,0,0,0.00020050061038089431
31,0,4,4,3,4,42.85999917984009,79.45,11.0,1,1,0.9524298342461076
55,1,13,4,1,4,34.72250032424927,64.4,12.0,0,0,0.09472445321657696
49,0,4,4,1,1,38.0,38.0,38.0,0,0,2.3287844823670516e-05
65,1,13,4,2,5,40.177999877929686,88.0,9.9,1,1,0.9391483830238314
14,1,3,3,1,1,25.0,25.0,25.0,0,0,2.0709650697224966e-06
57,0,4,4,2,4,42.69000053405762,90.0,16.99,1,1,0.948003387384033
69,0,7,4,1,1,45.0,45.0,45.0,0,0,0.00015891132440402876
68,1,4,2,1,1,49.5,49.5,49.5,0,0,0.00027544399519584327
52,0,4,4,4,5,38.68714264460972,185.0,8.99,1,1,0.9933671981131892
12,0,4,2,1,1,15.0,15.0,15.0,0,0,1.848739495798291e-05
12,1,3,4,1,2,60.660000483194985,125.0,11.99,1,0,0.37291899869180367
38,1,13,4,1,3,41.96666590372721,69.95,25.0,0,0,0.06297118462457252
54,1,4,4,1,1,29.989999771118164,29.99,29.99,0,0,6.309722426288844e-06
13,0,4,4,1,1,279.989990234375,279.99,279.99,1,1,1.0
69,1,4,4,4,4,56.39999973773956,97.2,6.39,1,1,0.9852532366496085
12,0,10,4,1,1,19.989999771118164,19.99,19.99,0,0,1.848739495798291e-05
34,0,11,4,1,1,11.34000015258789,11.34,11.34,0,0,1.968289985955307e-05
52,0,6,2,2,3,13.079999923706055,16.75,9.5,0,0,0.0013690466100810081
54,0,4,3,1,2,43.47999954223633,56.96,30.0,0,0,0.014779404845548927
29,0,13,4,1,1,139.5,139.5,139.5,0,0,0.003817256651851949
16,1,4,4,1,1,21.989999771118164,21.99,21.99,0,0,3.2664699712926596e-06
42,0,4,0,1,1,26.450000762939453,26.45,26.45,0,0,6.694716627403562e-05
20,0,6,4,2,2,78.75000095367432,127.51,29.99,0,0,0.2256128191709121
25,1,13,4,1,1,285.0,285.0,285.0,1,1,1.0
40,1,8,4,2,2,47.94999885559082,67.95,27.95,0,0,0.027089604115749313
67,1,10,4,2,2,30.510000228881836,31.5,29.52,0,0,0.001137504197436575
69,0,8,1,1,1,78.0,78.0,78.0,0,0,0.0006760420675363295
14,1,13,4,1,1,16.059999465942383,16.06,16.06,0,0,2.0709650697224966e-06
57,0,7,4,1,1,25.0,25.0,25.0,0,0,3.273964061839139e-05
41,0,4,4,1,2,22.480000972747803,34.99,9.97,0,0,0.0005472623026872598
49,1,11,4,1,1,24.950000762939453,24.95,24.95,0,0,2.5314485649881535e-05
36,1,3,4,1,1,70.0,70.0,70.0,0,0,0.0004877826405989031
57,0,4,3,2,2,26.34999990463257,42.0,10.7,0,0,0.0005096216852354187
48,1,4,3,2,3,23.303332646687824,47.92,9.0,0,0,0.0026858203741955923
48,0,3,4,1,2,71.5,99.0,44.0,0,0,0.151014053784034
20,0,4,4,1,1,44.9900016784668,44.99,44.99,0,0,0.00026281125135761723
36,1,4,4,2,2,28.766667048136394,43.31,17.99,0,0,0.00042006029398994636
60,1,13,4,1,4,86.54999923706055,139.95,42.0,1,1,0.9984467484033875
27,0,4,4,1,1,72.0,72.0,72.0,0,0,0.0005109075954266326
57,0,4,3,2,2,56.0,78.0,34.0,0,0,0.06088007739663393
25,1,3,1,1,2,65.10000038146973,71.25,58.95,0,0,0.05542192913389463
34,1,4,4,1,1,595.0,595.0,595.0,1,1,1.0
63,0,4,4,1,1,90.0,90.0,90.0,0,0,0.003259341766409399
65,1,12,4,1,2,54.994998931884766,74.99,35.0,0,0,0.050660191839284545
44,0,13,4,1,2,45.0,79.0,11.0,0,0,0.05639319601742015
55,1,3,4,2,2,43.0,75.0,11.0,0,0,0.04213965972719366
68,1,7,4,2,2,47.47500038146973,59.95,35.0,0,0,0.015258971078021856
47,1,11,2,1,1,16.989999771118164,16.99,16.99,0,0,2.5314485649881535e-05
51,1,4,3,1,1,15.5,15.5,15.5,0,0,8.38068749601134e-06
54,1,4,3,1,1,135.0,135.0,135.0,0,0,0.004250230403105294
54,0,7,3,1,1,69.44999694824219,69.45,69.45,0,0,0.000704041406417594
32,1,12,4,1,1,44.400001525878906,44.4,44.4,0,0,0.00023251586509125813
36,0,13,3,2,3,51.16333421071371,131.94,10.58,0,1,0.7031390765539678
57,0,4,3,1,1,163.9600067138672,163.96,163.96,0,0,0.005464748265140389
35,0,13,4,4,3,17.697499871253967,42.0,3.9,0,0,0.016267480649198907
44,1,10,4,2,2,28.355000495910645,37.72,18.99,0,0,0.0010050469914211913
22,1,4,4,1,1,130.0,130.0,130.0,0,0,0.006263402903647264
12,1,3,3,1,1,39.9900016784668,39.99,39.99,0,0,9.830580031532694e-06
32,1,10,4,3,4,54.53249931335449,78.75,21.8,1,1,0.977001362625375
63,0,4,4,2,3,79.81333541870117,199.99,9.5,1,1,0.9975300234463501
18,0,3,4,1,1,6.989999771118164,6.99,6.99,0,0,1.968289985955307e-05
32,1,13,0,1,2,44.739999771118164,49.5,39.98,0,0,0.008244170999319938
60,0,4,3,1,2,52.73500156402588,75.48,29.99,0,0,0.033894830720797534
42,1,3,4,1,1,89.98999786376953,89.99,89.99,0,0,0.00368505607550172
50,1,4,4,2,1,51.9950008392334,54.0,49.99,0,0,0.010015592468116214
25,1,4,4,1,1,42.0,42.0,42.0,0,0,3.3589943771036995e-05
45,1,4,4,1,1,40.0,40.0,40.0,0,0,0.0002903481067648814
22,0,4,4,1,1,129.0,129.0,129.0,0,0,0.007187914196707156
63,1,4,4,1,1,69.98999786376953,69.99,69.99,0,0,0.0007583742214611538
70,1,13,4,1,2,55.33000055948893,109.0,17.0,0,0,0.21187003367437196
36,1,12,4,1,2,159.5,300.0,19.0,1,1,0.9987616178035218
16,1,4,4,1,1,49.9900016784668,49.99,49.99,0,0,0.00015615776761546195
23,1,13,4,1,3,16.630000114440918,17.95,15.95,0,0,0.0017298885211685202
15,0,13,4,4,4,49.72250032424927,75.0,15.9,1,1,0.9646088059775786
34,1,4,3,1,2,37.10000038146973,64.93,9.27,0,0,0.010789526651684873
59,1,6,4,1,1,35.0,35.0,35.0,0,0,2.6115158370912287e-05
38,1,13,4,1,3,70.9950008392334,179.0,25.0,1,1,0.9982722059801203
35,0,4,3,1,2,18.864999771118164,23.23,14.5,0,0,0.00042675826789080216
13,1,4,2,1,1,19.989999771118164,19.99,19.99,0,0,2.0709650697224966e-06
29,1,13,2,4,4,70.52166684468587,200.0,19.2,1,1,0.9999321534431482
42,0,4,0,2,3,30.107500076293945,34.0,24.45,0,0,0.0016425187128777793
15,0,3,3,1,4,73.97249984741211,148.0,12.9,1,1,0.9871559226313839
58,0,3,4,1,1,38.5,38.5,38.5,0,0,6.455331937662784e-05
67,0,4,4,2,2,232.99499988555908,450.0,15.99,1,1,0.999909385657262
55,0,4,2,1,4,52.24500036239624,71.0,29.99,1,1,0.9287260441380137
36,1,12,4,1,1,96.0,96.0,96.0,0,0,0.005167178350339312
62,0,6,4,1,1,175.0,175.0,175.0,1,1,1.0
45,0,4,4,1,1,21.989999771118164,21.99,21.99,0,0,2.5029540387088356e-05
14,1,4,3,1,1,19.950000762939453,19.95,19.95,0,0,2.0709650697224966e-06
67,0,0,4,2,2,49.5,74.0,25.0,0,0,0.04379259494370401
21,1,4,3,1,2,73.49499988555908,138.0,8.99,0,0,0.19770886521773676
26,1,4,4,1,1,58.0,58.0,58.0,0,0,0.0005458606889506336
35,1,3,4,4,4,52.34999942779541,69.99,37.93,1,1,0.9749801521815583
31,0,13,0,1,3,33.48749923706055,69.99,18.97,0,0,0.04504502449289978
29,1,4,3,1,1,11.5,11.5,11.5,0,0,3.2664699712926596e-06
37,1,13,4,1,1,68.70999908447266,68.71,68.71,0,0,0.0005094185842934227
26,1,13,0,1,1,21.0,21.0,21.0,0,0,2.3536740241562884e-05
26,0,3,4,4,7,36.2425000667572,77.0,14.0,1,1,0.9749535951513745
52,1,12,1,1,1,25.0,25.0,25.0,0,0,3.2664699712926596e-06
19,1,4,2,1,1,20.950000762939453,20.95,20.95,0,0,8.769423732588935e-05
18,1,4,3,1,1,23.200000762939453,23.2,23.2,0,0,3.2664699712926596e-06
70,0,12,4,1,1,19.989999771118164,19.99,19.99,0,0,1.968289985955307e-05
56,1,13,1,1,1,68.0,68.0,68.0,0,0,0.00048443059934880875
19,1,13,4,2,2,20.050000190734863,25.0,15.1,0,0,0.0021302575434717507
48,1,4,4,2,3,26.269999821980793,38.82,8.0,0,0,0.0006668159970618661
59,0,4,3,1,1,38.43000030517578,38.43,38.43,0,0,6.455331937662784e-05
47,1,11,4,2,2,42.74499988555908,69.5,15.99,0,0,0.021688737876444632
54,0,4,4,3,3,87.81333287556966,158.0,50.0,1,1,0.9998615118449671
40,1,4,3,3,2,61.87333234151205,89.99,26.13,1,1,0.8211160708318481
31,1,13,4,1,1,26.5,26.5,26.5,0,0,2.6355233439738017e-05
38,1,2,4,2,6,40.509999910990395,79.99,21.99,1,1,0.9422918658223436
17,0,4,4,1,1,28.0,28.0,28.0,0,0,2.739300009085611e-05
16,0,2,4,1,1,19.989999771118164,19.99,19.99,0,0,1.968289985955307e-05
42,0,4,4,1,3,56.673332850138344,110.0,24.99,0,1,0.6754673623086185
57,1,13,3,3,5,34.84000031153361,50.0,15.87,1,1,0.8415534958545083
53,1,13,4,1,1,43.880001068115234,43.88,43.88,0,0,0.00022973254717879112
41,0,4,4,1,1,55.0,55.0,55.0,0,0,0.00035586339860187285
33,0,11,4,1,1,35.9900016784668,35.99,35.99,0,0,1.7941204296135235e-05
50,1,4,4,1,2,23.97000026702881,29.99,17.95,0,0,0.0004644725372201117
21,1,4,4,2,3,59.9766648610433,89.99,19.99,1,1,0.9520080821872984
18,1,4,4,1,2,13.275000095367432,16.99,9.56,0,0,0.0013160237153545015
16,0,11,3,2,5,39.29166634877523,102.0,6.75,1,1,0.948641325217421
17,1,13,4,1,1,9.989999771118164,9.99,9.99,0,0,2.6355233439738017e-05
40,0,4,4,1,1,11.989999771118164,11.99,11.99,0,0,2.5029540387088356e-05
36,1,13,4,1,3,50.86750078201294,88.5,19.99,1,1,0.6372366710386719
25,0,4,2,1,1,31.989999771118164,31.99,31.99,0,0,2.204631069142847e-05
44,0,3,3,1,3,40.22249984741211,110.0,15.0,0,0,0.2973792288682893
51,0,13,4,1,1,79.98999786376953,79.99,79.99,0,0,0.0023412427003461768
35,0,3,4,1,2,58.99499988555908,96.0,21.99,0,0,0.18294880442960898
36,1,12,4,1,1,18.0,18.0,18.0,0,0,6.596489215394662e-05
70,0,4,2,2,4,41.730000019073486,60.0,30.99,0,1,0.5286164295472726
60,1,4,2,1,1,13.0,13.0,13.0,0,0,8.38068749601134e-06
48,0,7,3,2,2,51.0,90.0,12.0,0,0,0.08264095962687609
55,0,3,4,1,1,30.0,30.0,30.0,0,0,2.3287844823670516e-05
41,0,8,4,1,1,97.94999694824219,97.95,97.95,0,0,0.005280110561389242
35,1,6,4,1,1,152.3000030517578,152.3,152.3,0,0,0.004491321985119655
57,0,3,4,1,1,50.38999938964844,50.39,50.39,0,0,0.00020465636521492156
13,1,4,4,1,1,172.0,172.0,172.0,1,1,0.995
60,0,13,2,1,1,34.5,34.5,34.5,0,0,0.000126407085321698
27,0,12,4,4,4,54.32199935913086,114.99,24.0,1,1,0.9973586695861107
68,1,4,4,1,1,10.0,10.0,10.0,0,0,8.38068749601134e-06
40,1,13,4,4,3,80.92500138282776,150.0,9.72,1,1,0.9702306290399906
41,0,7,3,2,2,40.49000072479248,55.99,24.99,0,0,0.006171647427141701
62,1,4,4,1,1,16.479999542236328,16.48,16.48,0,0,0.00023428430195384227
53,1,3,3,2,3,20.646667162577312,34.99,8.95,0,0,0.0020895365335761363
16,0,13,3,1,1,138.0,138.0,138.0,0,0,0.005704686346659573
24,1,3,0,1,2,107.4800033569336,139.96,75.0,1,1,0.9939486745794968
44,1,13,4,1,1,59.9900016784668,59.99,59.99,0,0,0.0006860058059947241
68,0,13,4,2,2,192.25,375.0,9.5,1,1,0.9992935239902995
15,1,2,3,1,1,25.0,25.0,25.0,0,0,3.2664699712926596e-06
25,0,4,4,2,4,69.26499962806702,120.0,10.12,1,1,0.9863456960687926
14,0,13,4,1,1,45.9900016784668,45.99,45.99,0,0,0.000507826473556455
41,1,3,1,1,1,109.0,109.0,109.0,0,0,0.0046322359514642565
43,0,13,3,1,2,147.13500213623047,158.0,136.27,1,1,0.9451390874122099
68,0,12,4,2,5,89.88399848937988,134.95,24.5,1,1,0.9959961200696519
15,1,8,3,1,2,37.49499988555908,55.0,19.99,0,0,0.002352710073396619
35,1,4,1,1,1,44.0,44.0,44.0,0,0,0.00015970937067704568
33,0,10,4,2,3,77.66000048319499,168.0,24.99,1,1,0.9985902632149548
50,0,13,3,1,3,85.0266653696696,138.0,25.99,1,1,0.9759128438592987
28,0,13,3,1,2,43.489999771118164,72.0,14.98,0,0,0.04539739278271581
47,1,8,4,1,2,127.99500274658203,239.99,16.0,1,1,0.9986366647066484
22,0,4,4,3,5,45.181427819388254,158.4,10.69,1,1,0.9984059929597758
59,1,4,4,1,2,26.424999952316284,45.0,7.85,0,0,0.0021584511562730826
30,1,13,4,2,2,25.5,29.0,22.0,0,0,0.00035878917365086
27,0,13,4,1,1,39.9900016784668,39.99,39.99,0,0,2.581821871671985e-05
26,1,3,4,1,1,18.0,18.0,18.0,0,0,3.2664699712926596e-06
35,1,4,4,1,2,39.61999988555908,64.0,15.24,0,0,0.007303331332762492
21,0,4,4,1,1,12.979999542236328,12.98,12.98,0,0,1.968289985955307e-05
18,0,4,0,1,1,13.010000228881836,13.01,13.01,0,0,1.968289985955307e-05
35,1,4,4,2,2,116.5,198.0,35.0,1,1,0.9995308881166841
70,1,10,3,1,1,21.950000762939453,21.95,21.95,0,0,0.00017096285125990676
63,1,13,4,1,1,69.94999694824219,69.95,69.95,0,0,0.00044578965193001934
28,0,3,4,2,4,58.994999408721924,89.0,26.99,1,1,0.9627324697804813
13,1,13,4,2,3,57.483333587646484,99.5,20.95,1,1,0.9602702393281807
21,0,4,2,1,4,37.46250081062317,59.99,10.88,0,0,0.07929115173562842
17,0,4,3,1,2,29.4950008392334,38.99,20.0,0,0,0.000722335012123954
61,0,3,1,2,2,46.29333305358887,82.99,15.9,0,0,0.04741651123315616
63,1,13,4,3,4,60.87249946594238,99.99,14.5,1,1,0.998338074016564
52,0,4,2,2,5,75.58600082397462,131.94,13.0,1,1,0.9862963835975005
64,0,4,4,2,3,53.54333241780599,110.63,14.0,0,1,0.5962473959704928
22,1,4,4,1,1,42.0,42.0,42.0,0,0,0.0004621613723424655
47,0,4,4,2,2,60.985002517700195,74.98,46.99,0,0,0.09876040898917969
16,0,13,4,1,1,32.619998931884766,32.62,32.62,0,0,1.7207848250878683e-05
35,1,3,1,1,1,128.0,128.0,128.0,0,0,0.006905005543136513
29,1,10,4,3,3,38.563334147135414,62.99,24.75,0,0,0.1364674576975979
53,0,11,3,1,1,119.98999786376953,119.99,119.99,0,0,0.003997728917798772
65,1,4,3,3,3,63.643332163492836,119.99,26.0,1,1,0.9939346423423281
47,0,13,4,1,2,11.130000114440918,12.5,9.76,0,0,0.0005873945643047923
18,1,13,4,1,1,28.989999771118164,28.99,28.99,0,0,2.6355233439738017e-05
46,0,3,4,1,2,28.484999656677246,36.98,19.99,0,0,0.0006201198372825274
30,0,3,4,1,1,68.0,68.0,68.0,0,0,0.00044382803751871487
34,0,8,0,3,3,39.75,119.0,8.0,0,0,0.4375107118560501
56,1,4,4,1,1,21.600000381469727,21.6,21.6,0,0,8.38068749601134e-06
70,1,3,3,1,1,903.0,903.0,903.0,1,1,1.0
17,0,7,4,1,1,168.0,168.0,168.0,0,0,0.007292931749894439
33,0,4,4,1,2,34.0,40.0,28.0,0,0,0.00036793206410041455
51,1,0,4,1,1,36.0,36.0,36.0,0,0,9.181360217042095e-06
51,0,7,0,1,1,9.119999885559082,9.12,9.12,0,0,2.5029540387088356e-05
69,0,4,4,2,4,54.642499923706055,103.5,13.0,1,1,0.9513083039811013
45,1,2,4,3,3,32.45999972025553,45.0,11.6,0,0,0.024739424574970734
59,1,4,4,1,3,49.983333587646484,80.0,30.95,0,1,0.5880114893364803
43,0,12,0,1,2,79.5,134.0,25.0,0,0,0.21972911041514048
45,1,3,4,2,2,65.33999872207642,119.99,10.69,0,0,0.3620509864515289
62,1,4,4,1,2,67.48999977111816,92.99,41.99,0,0,0.21151971280501247
15,0,8,4,2,3,300.38999938964844,485.0,136.17,1,1,0.9998520710059171
43,0,4,4,2,3,69.66333389282227,107.0,47.99,1,1,0.9714856281050741
63,0,10,4,1,1,11.119999885559082,11.12,11.12,0,0,2.5029540387088356e-05
22,0,4,4,3,6,52.424284662519185,135.26,8.79,1,1,0.9972553707535896
31,0,10,3,1,1,14.989999771118164,14.99,14.99,0,0,1.968289985955307e-05
13,1,10,3,1,1,16.989999771118164,16.99,16.99,0,0,2.0709650697224966e-06
53,1,4,4,3,3,59.99749994277954,136.0,24.99,1,1,0.9989156174329658
44,0,4,4,1,1,33.95000076293945,33.95,33.95,0,0,2.3287844823670516e-05
33,1,4,4,2,3,54.83000055948893,110.0,16.75,0,1,0.5986536172354034
44,1,4,4,4,6,28.54571451459612,49.0,12.9,1,1,0.8247979070671643
45,1,4,4,1,1,25.0,25.0,25.0,0,0,8.38068749601134e-06
20,0,4,4,1,1,36.95000076293945,36.95,36.95,0,0,2.4917948482181724e-05
17,0,3,4,1,1,12.989999771118164,12.99,12.99,0,0,1.968289985955307e-05
12,1,8,4,3,3,45.192000198364255,98.0,19.99,1,1,0.7045018724164432
26,0,4,4,2,2,46.82499885559082,48.3,45.35,0,0,0.005937462021208051
22,1,13,4,1,1,98.0,98.0,98.0,0,0,0.009986700361919076
49,0,4,4,1,2,37.470001220703125,39.99,34.95,0,0,0.0009186058206741088
32,0,4,1,1,1,49.95000076293945,49.95,49.95,0,0,0.00012499329128288773
54,0,4,0,2,2,95.07500076293945,158.0,32.15,1,1,0.9982243545590137
35,1,12,4,2,2,130.5,172.0,89.0,1,1,0.999966444707851
68,0,3,3,1,1,26.979999542236328,26.98,26.98,0,0,2.739300009085611e-05
15,0,4,3,1,1,90.0,90.0,90.0,0,0,0.004710928142783477
61,1,4,4,1,2,69.49499988555908,109.0,29.99,0,0,0.16310988449546693
24,1,13,0,2,3,102.56333414713542,135.0,69.5,1,1,0.9992134939220374
39,0,10,4,1,1,9.949999809265137,9.95,9.95,0,0,1.968289985955307e-05
33,1,13,4,2,2,54.994998931884766,79.99,30.0,0,0,0.06030260523802736
58,0,4,4,1,1,59.5,59.5,59.5,0,0,0.0004830781122810003
34,1,13,2,2,3,49.97999954223633,77.95,22.0,0,0,0.42967555815686415
19,0,3,4,1,1,52.0,52.0,52.0,0,0,0.0006363241708873992
42,1,13,4,1,1,25.0,25.0,25.0,0,0,4.840324911832688e-05
40,0,13,4,2,2,25.0,25.0,25.0,0,0,0.0006802792898480031
41,1,11,4,1,1,14.989999771118164,14.99,14.99,0,0,2.5314485649881535e-05
13,0,13,4,1,2,17.494999885559082,25.0,9.99,0,0,0.000701590012593755
51,1,13,4,1,1,30.15999984741211,30.16,30.16,0,0,4.920392183935764e-05
49,1,4,4,2,2,24.0,26.0,22.0,0,0,0.0006488733277723597
27,0,7,4,1,1,58.959999084472656,58.96,58.96,0,0,0.00034792967466569085
12,0,10,4,1,2,32.0,37.0,27.0,0,0,0.000967324073216957
30,1,12,4,1,1,69.0,69.0,69.0,0,0,0.0009805228227068048
61,1,13,4,1,1,16.989999771118164,16.99,16.99,0,0,0.00017787038495488934
33,0,4,4,2,2,52.25,65.0,39.5,0,0,0.012687387886206323
16,1,4,4,1,1,50.0,50.0,50.0,0,0,0.00019626471948711976
17,1,4,4,2,2,134.87000274658203,144.74,125.0,1,1,0.9901280498361166
42,1,10,4,1,1,67.43000030517578,85.9,48.96,0,0,0.08254101801099945
55,1,3,3,1,3,98.50999641418457,293.33,18.75,1,1,0.9997678399721599
53,0,13,4,1,1,38.0,38.0,38.0,0,0,1.02311040648322e-05
45,1,13,4,1,1,59.5,59.5,59.5,0,0,0.0004814173673681952
43,1,10,2,1,1,53.720001220703125,53.72,53.72,0,0,8.438527154381886e-05
54,0,10,4,1,1,59.0,59.0,59.0,0,0,0.0008520639900161575
22,1,10,3,1,1,97.0,97.0,97.0,0,0,0.004233826311319243
38,0,4,4,1,1,24.899999618530273,24.9,24.9,0,0,5.3890425515197304e-05
20,0,3,1,3,5,62.47399978637695,101.4,24.98,1,1,0.9965833717671095
29,1,10,4,1,1,16.59000015258789,16.59,16.59,0,0,3.2664699712926596e-06
65,0,4,4,2,2,19.450000286102295,29.95,8.95,0,0,0.0005943112328551413
18,0,8,2,1,1,16.799999237060547,16.8,16.8,0,0,1.968289985955307e-05
27,0,4,2,1,2,28.994999885559082,38.0,19.99,0,0,0.0005152252222669446
35,0,12,4,2,2,66.80999851226807,124.95,8.67,0,0,0.31466701704867944
51,1,12,4,1,1,13.729999542236328,13.73,13.73,0,0,6.596489215394662e-05
63,0,3,3,2,4,41.84800033569336,68.65,14.9,1,1,0.6054344868221362
33,1,0,3,2,5,65.78000068664551,196.0,19.92,1,1,0.9992463929119105
26,1,3,2,3,2,30.990000406901043,42.99,19.99,0,0,0.023620059336502047
67,0,3,4,1,2,29.994999885559082,30.0,29.99,0,0,0.00048365250239575927
69,1,7,2,1,1,49.5,49.5,49.5,0,0,0.0001760763348525737
28,0,4,1,2,4,60.888000106811525,128.0,7.99,1,1,0.9904696202575195
63,0,4,4,2,3,67.1900011698405,124.0,34.99,1,1,0.9808964300675794
45,1,13,4,4,7,40.982500314712524,59.5,13.5,1,1,0.9830247960378986
50,1,3,4,1,4,66.11750030517578,99.0,39.99,1,1,0.9728083786909003
68,1,4,3,1,4,39.49749994277954,55.0,23.99,0,0,0.08890413275365733
25,1,12,4,1,2,61.25,68.0,54.5,0,0,0.06437613596240674
56,0,6,4,1,1,34.9900016784668,34.99,34.99,0,0,2.3287844823670516e-05
16,1,4,4,2,2,116.62666702270508,249.89,39.99,1,1,0.9994276226033159
29,0,3,4,1,1,46.9900016784668,46.99,46.99,0,0,0.00021984654955782223
67,1,4,4,1,1,79.94999694824219,79.95,79.95,0,0,0.0013733752964943799
17,0,8,4,2,2,44.98999881744385,79.99,9.99,0,0,0.05728819118198329
48,0,4,4,2,2,56.70000076293945,77.4,36.0,0,0,0.06733119881130825
21,1,4,4,1,1,47.95000076293945,47.95,47.95,0,0,0.0002231076223004799
17,1,7,3,4,4,93.48499965667725,151.95,32.99,1,1,0.9998785171485618
37,0,4,4,1,1,58.84000015258789,58.84,58.84,0,0,0.00044729733500896033
19,0,4,4,1,3,24.903333346048992,43.68,8.54,0,0,0.0006526378195202923
52,0,4,2,1,1,14.0,14.0,14.0,0,0,2.5029540387088356e-05
42,0,13,4,2,6,40.24333381652832,67.47,8.0,1,1,0.9273756097999366
67,0,7,4,1,2,31.300000190734863,32.0,30.6,0,0,0.0007705656198204228
24,0,13,3,1,1,18.989999771118164,18.99,18.99,0,0,1.968289985955307e-05
17,1,10,3,1,1,133.0,133.0,133.0,0,0,0.003912853868614119
43,0,8,4,1,1,25.0,25.0,25.0,0,0,6.694716627403562e-05
45,0,10,3,1,1,58.5,58.5,58.5,0,0,0.000258604788378408
36,1,7,4,1,1,29.5,29.5,29.5,0,0,2.324352058015904e-05
29,1,13,4,1,1,128.0,128.0,128.0,0,0,0.007282715055286426
17,0,13,4,4,5,54.375000635782875,95.82,26.5,1,1,0.9945689560561252
38,1,4,1,1,1,48.97999954223633,48.98,48.98,0,0,0.00010876517124270602
70,0,3,4,3,3,52.947500705718994,88.5,19.99,1,1,0.5559887740211115
67,0,4,1,1,1,89.5,89.5,89.5,0,0,0.0029777667517110113
64,1,3,4,1,2,26.704999923706055,28.41,25.0,0,0,0.00026836228672537393
47,0,4,4,1,1,39.9900016784668,39.99,39.99,0,0,0.0002974956491307304
28,0,4,1,1,1,69.0,69.0,69.0,0,0,0.00028186064250708507
51,1,4,4,1,1,46.5,46.5,46.5,0,0,0.00025161053541419246
49,0,12,4,1,1,25.0,25.0,25.0,0,0,6.694716627403562e-05
17,1,3,4,1,1,169.9499969482422,169.95,169.95,0,0,0.005327974533052721
56,1,3,4,1,3,91.04999923706055,169.95,49.95,1,1,0.9999095669934296
40,0,10,4,2,4,44.239999771118164,99.0,16.99,1,1,0.9596329727040834
47,0,11,3,1,1,15.899999618530273,15.9,15.9,0,0,2.5029540387088356e-05
29,0,13,2,1,1,82.0,82.0,82.0,0,0,0.0026466533802917826
26,1,4,4,1,1,189.0,189.0,189.0,1,1,1.0
52,1,4,4,2,2,81.77499866485596,149.95,13.6,0,0,0.4313960252351879
51,0,3,3,1,1,265.0,265.0,265.0,1,1,1.0
50,0,3,3,1,1,55.380001068115234,55.38,55.38,0,0,0.00027469641798542167
54,1,3,4,4,6,66.99000004359654,224.0,14.99,1,1,0.9998959493537888
66,1,11,4,1,1,59.45000076293945,59.45,59.45,0,0,0.0002564374003649263
12,0,6,4,1,1,24.989999771118164,24.99,24.99,0,0,6.040502084493018e-05
21,0,4,4,1,1,39.9900016784668,39.99,39.99,0,0,2.4917948482181724e-05
46,0,13,4,1,1,34.95000076293945,34.95,34.95,0,0,0.00026885179372000445
51,1,3,4,2,3,59.666666666666664,109.5,19.5,1,1,0.9678838166586355
18,1,4,1,3,3,88.98000208536784,149.99,51.95,1,1,0.9998301515951471
31,1,4,3,1,1,79.0,79.0,79.0,0,0,0.0011259332903420744
54,0,4,4,1,1,49.0,49.0,49.0,0,0,0.0006457014921572877
38,1,13,4,1,1,69.94999694824219,69.95,69.95,0,0,0.0005220650926095262
27,0,4,4,1,4,45.49500036239624,104.0,12.9,1,1,0.9538849648014138
29,0,3,4,1,1,49.97999954223633,49.98,49.98,0,0,0.00021984654955782223
50,0,4,4,1,1,10.649999618530273,10.65,10.65,0,0,2.5029540387088356e-05
40,1,12,4,4,5,70.471666653951,142.9,19.96,1,1,0.9998493488571293
23,0,4,4,1,3,69.77666727701823,150.0,24.36,1,1,0.9940843513332474
19,0,4,4,1,1,39.9900016784668,39.99,39.99,0,0,0.00010934571583677841
36,1,4,1,2,3,70.49666595458984,126.49,20.0,1,1,0.9880833777201956
22,0,8,3,2,3,76.99666595458984,155.0,8.0,1,1,0.9928088421292968
26,0,4,1,1,1,17.200000762939453,17.2,17.2,0,0,1.968289985955307e-05
61,0,13,4,1,1,44.0,44.0,44.0,0,0,0.00016422921831991952
34,0,11,3,1,1,33.95000076293945,33.95,33.95,0,0,1.7941204296135235e-05
56,1,13,4,1,1,12.979999542236328,12.98,12.98,0,0,4.840324911832688e-05
40,1,4,3,1,1,85.0,85.0,85.0,0,0,0.004273574487415682
52,0,11,4,1,2,76.5,84.0,69.0,0,0,0.06497597595968994
13,0,8,4,1,1,84.27999877929688,84.28,84.28,0,0,0.0035944642138356765
53,0,4,4,2,2,48.989999771118164,59.98,38.0,0,0,0.01331254550236397
69,0,12,4,3,4,39.39250040054321,61.0,13.59,0,1,0.7020836117798009
62,1,13,4,1,3,43.64666748046875,53.99,25.0,0,0,0.22945273762813886
25,0,3,4,1,1,59.0,59.0,59.0,0,0,0.0003224418788991005
56,1,4,4,1,1,25.0,25.0,25.0,0,0,8.38068749601134e-06
67,0,12,4,1,1,34.0,34.0,34.0,0,0,2.3287844823670516e-05
48,0,13,4,1,1,59.95000076293945,59.95,59.95,0,0,0.0009968893125164647
21,0,4,4,1,1,48.95000076293945,48.95,48.95,0,0,0.0002406710299554031
46,0,3,3,1,1,278.0,278.0,278.0,1,1,1.0
17,0,10,4,2,3,29.106667200724285,39.33,18.0,0,0,0.002179722522751043
38,1,4,4,1,1,33.81999969482422,33.82,33.82,0,0,9.181360217042095e-06
35,0,13,4,2,5,77.8640001296997,175.0,13.87,1,1,0.9985611372096092
13,0,13,2,1,1,85.0,85.0,85.0,0,0,0.011003749878800118
32,0,3,4,1,1,29.989999771118164,29.99,29.99,0,0,1.5069566505381985e-05
20,1,3,4,3,3,30.64000066121419,39.99,21.93,0,0,0.02474901073065392
70,1,2,3,1,1,20.979999542236328,28.97,12.99,0,0,8.38068749601134e-06
60,1,4,4,1,1,120.0,120.0,120.0,0,0,0.011136998447933533
63,1,12,3,1,3,113.60999933878581,236.84,40.0,1,1,0.999627323562578
22,0,4,0,1,1,8.0,8.0,8.0,0,0,1.968289985955307e-05
23,1,3,4,2,5,62.55833339691162,199.0,9.9,1,1,0.998929078348216
19,0,8,4,1,2,46.5,68.0,25.0,0,0,0.03190729669235961
62,0,7,4,3,4,60.23750066757202,89.99,30.99,1,1,0.9978477660581838
65,0,12,4,1,1,16.0,16.0,16.0,0,0,2.5029540387088356e-05
35,0,13,4,2,2,48.0,88.0,16.0,0,0,0.10931163968846952
55,0,4,4,2,4,51.88250017166138,98.75,30.17,1,1,0.9562371121911508
65,1,10,4,1,1,31.975000381469727,32.0,31.95,0,0,0.0001717635239809375
46,0,11,4,1,1,36.0,36.0,36.0,0,0,0.00028190853447884273
13,1,4,4,1,1,128.0,128.0,128.0,0,0,0.00613700278416447
69,1,13,3,1,1,20.0,20.0,20.0,0,0,0.000191233121530177
23,0,0,4,1,1,368.0,368.0,368.0,1,1,1.0
32,1,9,4,1,1,44.0,44.0,44.0,0,0,0.00019186545858719303
36,0,7,4,1,4,21.485000133514404,29.95,13.99,0,0,0.0006021289010569496
39,1,13,4,1,1,47.95000076293945,47.95,47.95,0,0,0.00014196200694270984
12,0,4,4,1,1,168.0,168.0,168.0,0,0,0.01369384011206943
36,1,12,4,1,1,69.5,69.5,69.5,0,0,0.0007181981642165746
29,0,13,2,1,1,44.9900016784668,44.99,44.99,0,0,0.0004123876518532983
25,0,13,4,1,1,105.0,105.0,105.0,0,0,0.008110281472944231
12,1,4,4,1,1,31.899999618530273,31.9,31.9,0,0,2.87163779075325e-06
52,1,10,4,2,2,27.489999771118164,29.99,24.99,0,0,0.0009642616516061104
55,1,4,4,2,2,92.49499893188477,99.99,85.0,1,1,0.990363446827036
18,0,4,4,1,1,40.0,40.0,40.0,0,0,2.4917948482181724e-05
37,0,12,2,1,2,111.5,198.0,25.0,1,1,0.9936237104316566
54,0,3,3,1,1,134.0,134.0,134.0,0,0,0.005822258807835316
16,0,0,4,1,4,39.01749897003174,74.45,13.65,0,0,0.14832968379519876
42,1,12,0,1,1,26.950000762939453,26.95,26.95,0,0,3.2664699712926596e-06
14,1,13,4,1,2,77.16666666666667,128.0,44.0,1,0,0.2782145200424807
21,0,13,0,3,3,48.05333264668783,66.17,13.99,0,0,0.42620243165493016
27,1,4,1,1,2,108.25,187.0,29.5,1,1,0.9984336858708828
53,1,0,4,1,2,39.36999845504761,64.95,13.79,0,0,0.013015829465632772
34,0,6,3,1,1,70.0,70.0,70.0,0,0,0.00023231514428437283
35,1,3,4,1,1,88.0,88.0,88.0,0,0,0.004741956704528317
44,0,4,4,1,1,29.68000030517578,29.68,29.68,0,0,2.041620703291727e-05
34,0,4,4,4,7,52.37375018000603,120.0,1.51,1,1,0.9152461091757162
41,1,13,4,1,1,29.950000762939453,29.95,29.95,0,0,4.633228404860439e-05
25,1,12,4,3,3,49.46333440144857,55.49,37.9,0,0,0.22090954140798616
35,1,4,1,1,1,52.0,52.0,52.0,0,0,0.000335321468343616
12,1,0,4,1,3,78.96333440144856,129.99,16.95,1,1,0.9526458400229784
54,1,13,4,3,4,85.82599983215331,250.0,19.93,1,1,0.999665410215941
40,1,3,4,1,1,13.75,13.75,13.75,0,0,8.38068749601134e-06
69,0,7,4,1,1,28.0,28.0,28.0,0,0,2.739300009085611e-05
50,0,4,4,1,1,25.479999542236328,25.48,25.48,0,0,6.694716627403562e-05
40,0,3,4,1,1,34.9900016784668,34.99,34.99,0,0,2.3287844823670516e-05
38,1,13,4,1,1,98.75,98.75,98.75,0,0,0.00671500352059952
20,1,4,4,3,4,36.123999977111815,88.0,10.69,1,1,0.77409028158575
15,1,4,4,1,1,12.0,12.0,12.0,0,0,3.2664699712926596e-06
55,1,8,1,1,1,180.0,180.0,180.0,1,1,1.0
18,0,4,4,1,2,104.4950008392334,169.0,39.99,1,1,0.9936596535391522
57,0,3,4,3,3,28.320000171661377,57.0,11.0,0,0,0.03021118072241754
25,1,7,2,1,1,149.0,149.0,149.0,0,0,0.01050079440398505
61,0,6,3,1,1,24.989999771118164,24.99,24.99,0,0,3.273964061839139e-05
37,1,13,0,1,1,69.5,69.5,69.5,0,0,0.0006855709990651633
44,0,10,4,1,1,24.989999771118164,24.99,24.99,0,0,6.694716627403562e-05
62,1,6,4,2,2,41.96000099182129,58.97,24.95,0,0,0.0055411960371632265
12,0,3,3,1,1,43.0,43.0,43.0,0,0,0.0002275934908621705
65,1,12,3,1,2,110.48999786376953,199.98,21.0,1,1,0.9977811930017133
63,0,10,3,3,3,41.8266658782959,65.99,29.5,0,0,0.19144979160679726
33,0,4,4,2,2,69.40500068664551,93.82,44.99,0,0,0.16601656505931806
24,1,3,4,2,2,54.4950008392334,60.99,48.0,0,0,0.014931006898071704
37,0,4,4,1,2,44.9366668065389,99.0,10.31,0,0,0.21905376805345128
62,1,4,4,1,1,27.950000762939453,27.95,27.95,0,0,0.00023428430195384227
15,0,4,3,1,1,44.9900016784668,44.99,44.99,0,0,8.227376154491661e-05
16,0,10,2,1,2,55.75,99.5,12.0,0,0,0.12431499417039316
54,1,4,2,1,1,42.9900016784668,42.99,42.99,0,0,0.0008131272870749674
30,1,4,3,4,6,42.79428577423096,86.0,13.54,1,1,0.9962794079014783
56,1,10,2,2,2,91.49499988555908,170.0,12.99,1,1,0.986898874858001
54,0,4,4,1,1,118.75,118.75,118.75,0,0,0.006162437422611752
45,1,7,4,2,2,55.44500160217285,68.9,41.99,0,0,0.027473084596382518
36,1,12,0,1,1,49.5,49.5,49.5,0,0,4.711789780891638e-05
31,0,4,4,1,4,44.37249994277954,89.5,5.99,1,1,0.9373347627551293
51,0,6,4,1,1,130.0,130.0,130.0,0,0,0.004678500425517559
45,0,4,4,1,1,12.0,12.0,12.0,0,0,2.5029540387088356e-05
45,0,3,0,2,1,79.23999977111816,138.0,20.48,0,0,0.24170907076685202
36,0,4,4,4,4,47.576667149861656,118.0,11.99,1,1,0.9963555529273508
65,1,13,4,2,2,21.170000076293945,36.34,6.0,0,0,0.0017665557867811807
14,1,12,4,3,4,39.857500076293945,69.46,14.99,0,1,0.7161094231107807
60,0,4,4,1,1,285.0,285.0,285.0,1,1,1.0
31,1,4,4,4,4,48.7583327293396,135.0,7.99,1,1,0.9975222487579661
26,0,6,4,2,2,65.5,95.0,36.0,0,0,0.2109426376173662
19,0,13,4,2,3,87.63999938964844,159.95,38.97,1,1,0.9999483009651229
70,1,4,4,2,3,39.32666778564453,55.99,25.0,0,0,0.05389580243162359
39,1,6,4,1,1,45.0,45.0,45.0,0,0,0.00020534254753598006
46,1,4,4,1,4,69.39249992370605,198.0,14.82,1,1,0.9972437486941509
45,0,9,2,1,1,24.780000686645508,24.78,24.78,0,0,5.923706604273259e-05
50,0,13,4,1,1,54.9900016784668,54.99,54.99,0,0,0.0003332699075542746
69,1,3,4,1,1,59.9900016784668,59.99,59.99,0,0,0.0005330118941301919
43,1,7,4,2,3,43.333333333333336,55.0,25.0,0,0,0.1730229877614941
14,1,3,4,2,2,21.989999771118164,23.99,19.99,0,0,0.0009014276641717357
61,0,10,2,2,3,162.33333333333334,289.0,64.0,1,1,0.9998520710059171
35,1,13,3,4,4,49.58500099182129,59.45,39.99,1,1,0.9621296308082087
20,1,7,3,2,2,224.49500274658203,279.0,169.99,1,1,1.0
42,0,3,1,1,1,90.0,90.0,90.0,0,0,0.009619322510169446
36,1,3,4,3,3,69.96249961853027,119.95,47.5,1,1,0.9952559449094985
13,1,13,4,1,2,129.68000030517578,229.0,30.36,1,1,0.9926122696623167
32,1,13,4,1,2,36.99499988555908,49.0,24.99,0,0,0.0005731513840398031
24,1,12,3,1,1,34.97999954223633,34.98,34.98,0,0,0.0015835629708478354
29,1,4,0,1,1,104.5,104.5,104.5,0,0,0.009250275301950328
70,0,4,4,1,1,139.99000549316406,139.99,139.99,0,0,0.004963105297533309
47,1,2,1,3,3,29.300000190734863,49.95,5.95,0,0,0.0448413169956744
53,1,4,4,1,2,236.5,295.0,178.0,1,1,0.9999902152641879
57,1,13,3,1,1,49.9900016784668,49.99,49.99,0,0,4.972298099950395e-05
35,1,3,4,1,1,42.0,42.0,42.0,0,0,3.172741710970919e-05
32,0,7,4,1,1,239.9499969482422,239.95,239.95,1,1,1.0
49,0,3,4,2,2,78.9950008392334,119.0,38.99,0,0,0.24164683799536138
25,0,3,4,1,1,64.5,64.5,64.5,0,0,0.00031643807164197674
27,0,4,1,1,1,16.989999771118164,16.99,16.99,0,0,1.968289985955307e-05
25,0,0,4,1,1,145.0,145.0,145.0,0,0,0.004737738607298262
21,1,4,4,2,2,99.0,148.0,50.0,1,1,0.9992838928171857
14,1,4,4,1,2,53.974998474121094,89.95,18.0,0,0,0.12995509889395948
25,1,4,4,3,4,59.25285775320871,134.61,16.69,1,1,0.9997808895916255
29,1,10,3,1,1,34.9900016784668,34.99,34.99,0,0,4.067142692323414e-06
43,1,0,4,2,2,101.98499965667725,175.0,28.97,1,1,0.999502538088334
16,1,3,4,4,5,112.66166687011719,240.0,21.99,1,1,0.9998986859943686
41,1,6,4,2,2,19.994999885559082,25.0,14.99,0,0,0.0014992848077618373
69,1,4,3,2,5,44.88166666030884,79.99,13.95,1,1,0.9659564171973447
69,0,4,4,1,1,49.970001220703125,49.97,49.97,0,0,0.0002213604382219315
54,0,4,4,1,2,26.679999987284344,42.16,10.88,0,0,0.0011855374237198658
42,0,7,4,1,1,90.0,90.0,90.0,0,0,0.003271627000872609
40,1,7,0,4,6,81.99500036239624,229.99,23.99,1,1,0.9999968982630273
20,1,2,4,2,2,41.2574999332428,75.0,13.28,0,0,0.03332013904289966
54,1,4,4,1,4,39.697500228881836,118.15,11.99,0,0,0.3357321142749732
15,1,12,4,1,3,23.31999969482422,29.99,11.99,0,0,0.0008564768094760323
39,0,4,3,2,3,21.980000178019207,27.99,10.0,0,0,0.0005499452409779559
22,1,4,3,1,1,2.7799999713897705,2.78,2.78,0,0,3.2664699712926596e-06
61,1,13,3,1,1,903.0,903.0,903.0,1,1,1.0
60,0,12,4,1,1,27.940000534057617,27.94,27.94,0,0,3.273964061839139e-05
52,1,4,4,1,1,54.68000030517578,54.68,54.68,0,0,0.0004225032843338134
25,0,4,4,2,3,44.00333340962728,99.0,8.01,0,1,0.5618830850738884
24,1,3,1,3,5,62.696000289916995,139.0,25.5,1,1,0.9999305834490612
54,0,4,4,1,1,35.0,35.0,35.0,0,0,6.455331937662784e-05
21,0,2,2,1,1,20.0,20.0,20.0,0,0,1.968289985955307e-05
14,1,13,4,2,3,32.660000483194985,50.49,16.0,0,0,0.008442836188580674
29,1,6,4,1,2,16.744999885559082,18.0,15.49,0,0,0.0002707725388790219
57,0,4,0,1,1,86.0,86.0,86.0,0,0,0.003080022273610204
33,0,13,4,1,1,25.0,25.0,25.0,0,0,5.3890425515197304e-05
53,1,10,3,4,3,67.54999923706055,130.36,27.99,1,1,0.9984706102026232
69,1,4,3,1,2,16.994999885559082,19.99,14.0,0,0,0.0011680932684091188
15,0,4,4,2,2,58.974998474121094,65.95,52.0,0,0,0.08572727102510326
70,1,13,4,1,1,295.0,295.0,295.0,1,1,1.0
36,0,10,1,1,1,18.0,18.0,18.0,0,0,1.968289985955307e-05
44,0,4,4,1,1,12.220000267028809,12.22,12.22,0,0,2.5029540387088356e-05
54,0,3,4,2,2,50.8100004196167,81.72,19.9,0,0,0.056048745462252726
14,0,13,4,1,1,40.0,40.0,40.0,0,0,0.0001855061873985561
44,1,13,4,1,2,17.864999771118164,22.75,12.98,0,0,0.0012339166047134736
49,1,10,3,2,2,212.22500610351562,374.95,49.5,1,1,0.9996987458636665
60,0,3,4,1,2,36.489999771118164,59.98,13.0,0,0,0.007114559462044297
38,0,4,1,4,4,69.12800025939941,162.28,8.85,1,1,0.9999425464120847
60,0,4,1,1,1,118.0,118.0,118.0,0,0,0.009533902440928742
51,1,13,4,3,3,35.99666659037272,59.0,23.99,0,0,0.12878748219593714
45,1,4,1,1,2,32.49499988555908,55.0,9.99,0,0,0.0019546556930794103
41,0,6,4,1,1,140.0,140.0,140.0,0,0,0.0032309500339146287
28,0,4,3,3,3,54.6225004196167,110.0,19.5,1,1,0.6042654556855341
21,1,11,2,1,1,21.979999542236328,21.98,21.98,0,0,3.2664699712926596e-06
41,0,4,4,1,1,49.0,49.0,49.0,0,0,0.0002546280409487796
27,1,13,4,1,1,25.200000762939453,25.2,25.2,0,0,2.6355233439738017e-05
52,1,4,3,1,1,49.9900016784668,49.99,49.99,0,0,0.00017919642309217532
43,1,7,3,1,1,28.969999313354492,28.97,28.97,0,0,2.5314485649881535e-05
37,1,4,3,2,4,42.86750030517578,79.5,28.0,1,1,0.9647328200442813
53,1,13,3,1,1,198.0,198.0,198.0,1,1,1.0
68,0,4,4,1,4,41.15250015258789,87.58,15.0,0,0,0.32288477632778795
49,0,10,1,1,3,74.01749992370605,119.07,10.0,1,1,0.939703339137581
45,0,4,3,2,2,44.46666717529297,69.5,29.95,0,0,0.03653641495597827
19,0,6,4,1,4,38.77999973297119,89.0,11.91,0,0,0.3247541288405998
67,0,0,4,1,1,45.08000183105469,45.08,45.08,0,0,0.00024450190679885583
65,1,13,2,1,1,119.0,119.0,119.0,0,0,0.027807109643834413
39,0,4,4,2,2,59.25,99.0,19.5,0,0,0.21763245673593942
20,1,4,4,1,1,13.029999732971191,13.03,13.03,0,0,3.2664699712926596e-06
12,1,13,4,1,1,134.0,134.0,134.0,0,0,0.004147801075204862
48,0,4,4,1,1,38.5,38.5,38.5,0,0,2.3287844823670516e-05
41,0,4,4,2,3,39.11750030517578,65.0,13.48,0,0,0.10369528692545814
51,1,13,4,1,2,40.4950008392334,45.0,35.99,0,0,0.0006747429129842121
44,0,4,3,1,3,73.16000239054362,129.99,39.99,1,1,0.9717238848403054
13,0,4,4,1,1,44.9900016784668,44.99,44.99,0,0,0.0001245983973914958
53,0,3,4,1,1,49.95000076293945,49.95,49.95,0,0,0.00022519319008535753
44,0,13,4,1,2,104.0,158.0,50.0,1,1,0.9984566890984312
38,0,0,4,2,2,47.47500038146973,49.95,45.0,0,0,0.01098370436598968
12,1,4,4,3,3,41.70333321889242,70.0,10.11,0,0,0.180622987309836
48,0,13,2,2,2,27.49000072479248,44.99,9.99,0,0,0.0020134247936422186
14,0,4,4,3,5,39.686000442504884,79.5,21.99,1,1,0.9331778805390735
30,1,3,4,1,1,59.9900016784668,59.99,59.99,0,0,0.0004955739486692103
53,1,13,3,1,2,62.5,75.0,50.0,0,0,0.10455616903874648
66,1,13,1,1,2,52.4950008392334,65.0,39.99,0,0,0.027207614832843747
39,1,7,4,1,2,24.789999961853027,33.5,16.08,0,0,0.00020989504745738216
34,0,13,4,1,1,49.97999954223633,49.98,49.98,0,0,0.00015523163399386552
48,0,3,4,1,2,19.989999771118164,29.99,9.99,0,0,0.0005178626700450143
57,0,12,4,1,1,12.0,12.0,12.0,0,0,2.5029540387088356e-05
35,0,3,4,1,1,163.0,163.0,163.0,0,0,0.00880412560130817
70,0,13,4,1,1,8.949999809265137,8.95,8.95,0,0,1.968289985955307e-05
18,0,13,4,2,3,16.656666437784832,19.99,12.99,0,0,0.002082183754168142
53,1,10,4,1,1,35.0,35.0,35.0,0,0,2.6115158370912287e-05
27,1,3,4,1,3,84.16666666666667,180.0,34.5,1,1,0.9978755978643045
57,0,13,4,1,1,39.95000076293945,39.95,39.95,0,0,2.581821871671985e-05
49,1,4,3,1,2,33.989999771118164,42.98,25.0,0,0,0.0004627254546460947
60,1,4,4,3,4,79.89800033569335,225.0,25.0,1,1,0.9998958622588006
41,0,4,4,1,2,18.235000133514404,22.5,13.97,0,0,0.0005472623026872598
19,0,4,4,1,2,12.494999885559082,12.99,12.0,0,0,0.0015162532839662448
32,0,4,4,2,5,79.97199974060058,250.0,27.9,1,1,0.9977263851395445
60,1,4,3,2,2,33.96000099182129,33.97,33.95,0,0,0.0007549845586722428
21,0,4,4,1,1,198.0,198.0,198.0,1,1,1.0
46,1,13,4,1,1,44.9900016784668,44.99,44.99,0,0,0.0002149542220556384
12,1,3,4,2,3,57.4966672261556,98.0,34.99,1,1,0.9694095937199262
27,1,12,4,1,1,73.02999877929688,73.03,73.03,0,0,0.0009676782668560435
65,0,4,4,2,2,32.4399995803833,34.98,29.9,0,0,0.0010212354669255678
69,0,0,4,1,1,44.9900016784668,44.99,44.99,0,0,0.00021582711697116502
56,1,4,3,1,1,58.295000076293945,59.99,56.6,0,0,0.00375846274156657
15,1,13,2,1,1,14.989999771118164,14.99,14.99,0,0,3.2664699712926596e-06
36,0,6,4,3,3,37.739999771118164,75.0,12.23,0,0,0.25395015713511343
56,1,3,3,1,1,46.7599983215332,46.76,46.76,0,0,0.00015363394456212946
41,1,4,3,1,1,21.219999313354492,21.22,21.22,0,0,8.38068749601134e-06
30,0,13,4,1,2,72.4950008392334,110.0,34.99,0,0,0.16586696729756956
55,1,13,4,2,2,53.99499988555908,78.0,29.99,0,0,0.06822224064293096
57,0,6,4,1,1,19.989999771118164,19.99,19.99,0,0,2.5029540387088356e-05
63,1,4,4,2,3,69.63666598002116,129.95,29.99,1,1,0.9906997636873236
53,1,4,4,2,3,76.64000066121419,119.98,32.95,1,1,0.9838998994944302
54,1,12,4,1,1,179.0,179.0,179.0,1,1,1.0
17,1,10,4,1,1,27.989999771118164,27.99,27.99,0,0,3.2664699712926596e-06
54,1,13,4,2,3,81.73666763305664,101.76,59.45,1,1,0.9556743173392444
49,0,8,4,1,1,34.9900016784668,34.99,34.99,0,0,2.3287844823670516e-05
69,1,4,4,1,1,45.0,45.0,45.0,0,0,0.00040270919386006386
68,1,13,4,1,2,38.49000072479248,59.99,16.99,0,0,0.0027442397122479007
28,1,4,3,1,1,57.9900016784668,57.99,57.99,0,0,0.0004358086615712509
36,1,3,3,2,2,25.045000076293945,25.59,24.5,0,0,0.00028324535432973765
32,0,10,4,2,2,27.2450008392334,34.99,19.5,0,0,0.0007620722029249821
68,0,3,4,1,2,42.547499656677246,82.31,20.93,1,0,0.11501291058666319
55,1,4,4,3,5,73.50166575113933,170.01,30.0,1,1,0.9999661813777919
38,0,4,4,1,2,19.929999669392902,33.64,9.49,0,0,0.0005182671956694679
44,0,4,4,2,3,47.49799995422363,98.5,16.0,1,1,0.5540355880667359
44,0,3,4,1,2,66.97500038146973,79.0,54.95,0,0,0.0657596211366291
64,0,0,4,1,1,32.9900016784668,32.99,32.99,0,0,3.8905893892522984e-05
44,1,3,4,2,2,119.4749984741211,149.95,89.0,1,1,0.9996139470174898
30,0,3,3,1,2,44.974998474121094,69.95,20.0,0,0,0.049182296246166796
44,1,13,4,1,1,218.0,218.0,218.0,1,1,1.0
18,1,4,1,1,1,38.0,38.0,38.0,0,0,7.110134058212744e-05
13,0,4,0,1,3,27.656667073567707,46.99,15.99,0,0,0.0021029557064026587
69,0,3,3,1,1,11.369999885559082,11.37,11.37,0,0,1.968289985955307e-05
40,1,13,0,1,1,59.5,59.5,59.5,0,0,0.0022059566073017265
69,1,4,4,1,1,37.93000030517578,37.93,37.93,0,0,7.358700678424164e-05
47,1,12,4,1,1,31.989999771118164,31.99,31.99,0,0,6.676556487497738e-05
51,1,4,4,1,2,24.875,29.52,20.23,0,0,0.0004644725372201117
25,0,4,4,1,1,40.0,40.0,40.0,0,0,4.0505063134069376e-05
19,0,13,4,1,1,44.0,44.0,44.0,0,0,0.0004657677484532698
35,1,4,4,1,1,159.64999389648438,159.65,159.65,0,0,0.0043352261772975536
17,1,3,4,1,1,30.0,30.0,30.0,0,0,1.1043886878369898e-05
32,0,4,3,1,2,78.98500061035156,119.0,38.97,0,0,0.19360567336692555
28,0,13,4,1,2,26.494999885559082,44.0,8.99,0,0,0.0007121921233406283
62,1,10,4,3,4,100.75249910354614,236.84,28.17,1,1,0.9999355700263411
32,1,4,3,1,1,300.0,300.0,300.0,1,1,1.0
66,0,6,4,1,1,20.0,20.0,20.0,0,0,2.5029540387088356e-05
68,1,4,4,1,2,16.994999885559082,19.99,14.0,0,0,0.0011528730126639393
20,0,4,4,2,2,42.4950008392334,49.99,35.0,0,0,0.00682290511920721
66,0,4,2,2,2,39.9950008392334,40.0,39.99,0,0,0.0012635042196156173
41,0,13,4,2,3,37.12666702270508,50.38,25.0,0,0,0.02152632638401857
41,1,13,4,2,2,47.4950008392334,55.99,39.0,0,0,0.014150634250395946
58,1,4,4,1,1,25.0,25.0,25.0,0,0,8.38068749601134e-06
21,1,10,4,1,1,55.0,55.0,55.0,0,0,0.00010827006904743643
27,1,4,4,2,4,80.27999916076661,236.84,11.99,1,1,0.9971975924356659
