user_id,cluster
1,2
2,0
3,1
4,3
5,1
7,0
8,0
9,2
10,3
12,0
13,3
15,3
16,1
17,0
18,3
19,0
20,3
21,0
24,0
25,3
26,2
27,0
28,2
29,0
30,0
31,0
32,2
33,0
34,1
35,0
36,0
37,0
38,0
39,2
40,0
41,0
42,3
43,3
44,0
45,3
46,1
47,0
48,3
49,3
50,2
51,1
52,2
53,0
54,0
55,0
56,3
57,1
58,3
59,0
61,3
62,3
63,3
64,0
65,0
67,0
68,0
71,0
73,1
74,0
75,3
77,0
78,0
79,1
80,0
81,0
82,1
83,2
84,3
85,0
86,0
88,0
89,0
90,3
91,3
93,1
95,3
96,0
97,0
98,2
99,0
101,0
102,3
103,3
104,0
105,3
106,3
107,1
108,0
109,1
110,0
111,3
112,0
113,0
114,0
115,1
116,1
117,3
118,0
119,0
120,3
121,2
122,3
123,3
124,0
126,2
130,3
132,2
133,3
135,3
136,1
137,0
138,1
140,0
141,3
142,0
143,0
144,1
145,3
146,0
147,2
148,0
149,0
150,0
151,3
152,0
153,0
154,1
156,0
157,1
158,1
159,2
161,0
163,2
164,0
165,0
166,0
167,3
168,2
169,2
171,3
172,3
174,3
175,3
177,3
179,1
180,0
183,3
185,3
186,3
187,3
188,2
189,0
190,0
191,2
192,0
193,3
196,0
197,3
198,0
199,0
200,0
201,0
204,0
205,0
206,0
207,2
208,3
209,3
210,2
211,0
212,0
213,0
214,1
216,0
217,3
218,1
219,3
221,0
223,1
224,3
225,0
226,0
227,1
228,3
230,3
231,3
232,3
234,3
235,0
236,0
237,3
238,0
239,0
240,0
241,1
244,0
245,3
247,0
248,3
249,3
250,2
251,1
252,2
254,1
255,0
256,0
257,0
258,1
259,3
260,0
262,3
263,3
264,0
265,0
266,3
270,0
272,0
273,0
274,0
275,2
276,1
277,0
278,0
279,0
280,1
281,2
282,2
283,0
284,2
286,1
287,3
288,0
289,2
290,1
291,3
292,0
293,3
294,2
295,1
296,0
298,0
300,3
301,0
303,0
305,0
307,0
308,0
309,1
310,0
311,3
313,0
317,3
318,3
319,3
320,3
321,3
323,0
325,1
326,3
327,0
330,3
331,0
332,0
334,0
335,0
336,0
339,0
340,3
341,2
345,0
346,3
347,0
348,3
349,0
350,3
353,0
355,0
356,0
358,3
359,0
362,0
363,0
364,0
366,0
367,1
369,3
371,0
372,0
374,1
375,1
376,2
377,0
378,3
379,0
381,0
382,0
383,0
385,3
386,0
387,0
388,0
389,0
390,0
392,3
394,0
395,0
396,0
397,2
399,3
401,2
402,0
403,0
404,0
406,0
407,0
409,3
410,1
411,0
412,0
413,2
414,0
415,0
416,1
417,1
418,3
419,1
420,1
421,0
422,3
423,3
424,0
425,2
426,3
427,0
428,0
429,2
430,0
431,3
433,3
434,0
436,3
437,0
438,3
439,3
440,0
441,2
442,0
444,3
445,3
447,0
448,1
449,0
450,0
451,0
452,1
453,3
454,0
455,3
457,3
458,0
459,0
460,3
461,0
462,0
464,0
465,0
467,3
468,0
470,3
472,0
474,0
475,1
477,0
478,3
480,0
481,0
482,0
483,1
484,0
485,3
486,3
487,0
488,0
489,3
491,0
492,3
494,2
495,0
496,0
499,3
500,1
501,1
502,0
503,2
504,0
505,1
506,0
507,3
508,3
509,0
510,2
511,0
512,1
513,1
515,0
516,3
517,3
518,0
520,0
521,0
523,0
525,0
526,0
527,0
528,3
529,3
530,3
531,1
532,3
533,0
534,1
535,1
536,3
537,0
538,3
539,0
540,0
543,0
544,2
545,2
546,0
547,1
548,1
549,1
550,2
551,0
552,0
553,3
554,3
555,1
556,2
557,0
558,0
559,3
560,3
562,0
563,0
564,3
565,0
566,0
567,3
568,0
569,0
570,3
571,2
572,0
573,3
574,1
575,3
576,2
578,0
579,0
580,3
582,0
583,0
585,0
586,0
587,2
588,1
589,1
590,3
591,0
592,3
594,3
595,0
598,3
600,0
601,0
602,0
603,0
604,3
605,3
606,0
607,0
608,0
609,3
610,0
611,3
612,0
613,0
615,2
616,3
617,3
618,1
619,1
622,0
623,3
624,0
625,0
627,1
628,0
629,0
630,0
631,0
632,0
633,2
634,3
635,1
636,2
638,2
639,0
640,3
641,3
645,3
646,0
647,0
648,0
649,3
650,0
651,0
652,3
653,1
654,3
655,3
656,2
658,0
660,0
661,3
662,0
664,0
665,3
666,3
668,0
670,0
671,0
672,1
673,3
674,0
675,0
676,1
678,1
679,0
681,3
682,2
684,0
685,2
686,3
687,1
688,3
689,0
690,3
691,3
692,0
693,0
694,0
695,0
696,0
698,1
699,0
700,0
701,0
702,3
703,0
704,2
705,0
706,0
707,3
708,1
710,0
711,3
714,0
716,0
717,0
718,0
719,2
720,0
722,3
723,0
725,0
726,0
727,0
729,0
730,3
731,3
732,0
733,0
734,1
735,0
736,0
737,0
738,3
739,2
740,0
741,3
742,0
743,3
744,3
745,0
746,3
747,3
748,3
749,0
750,2
751,3
752,0
753,1
755,3
756,3
757,1
758,0
760,0
763,3
764,2
765,2
766,1
767,0
768,1
770,3
771,0
772,0
773,3
774,0
776,1
777,0
779,2
780,3
781,3
783,2
784,0
786,0
787,3
788,3
789,0
791,0
792,0
793,2
795,0
796,0
797,0
798,3
799,3
800,3
802,3
803,2
804,0
805,1
806,0
808,0
809,0
810,3
812,0
813,0
814,1
815,2
816,3
817,0
818,1
819,3
821,0
822,3
823,0
824,0
825,3
826,0
827,0
828,0
829,0
830,1
832,0
833,1
834,3
835,0
836,0
838,0
839,0
840,3
842,3
843,3
844,0
845,0
847,3
848,3
849,1
852,0
853,1
854,0
855,0
856,0
857,2
858,0
859,0
860,1
862,1
863,3
864,0
866,0
867,0
868,3
869,2
870,0
871,3
873,0
874,0
875,3
876,1
877,0
878,0
879,1
881,0
882,1
885,1
887,0
888,3
889,3
890,2
891,1
892,0
894,2
895,3
896,2
897,1
899,1
900,3
901,0
904,3
905,0
906,0
908,0
910,0
911,0
912,0
913,3
914,3
916,0
917,3
919,0
920,0
921,3
922,0
923,0
924,3
925,0
926,2
927,3
929,1
930,3
932,3
934,3
936,0
937,2
938,0
939,0
940,0
941,0
942,3
943,0
944,3
949,1
951,0
952,2
953,3
954,0
956,3
957,0
958,3
959,3
961,0
962,2
963,0
964,3
966,2
967,3
968,3
969,1
971,0
972,0
974,3
975,2
976,0
977,0
978,0
979,0
980,3
981,0
982,0
983,0
985,0
987,3
988,1
990,0
991,3
992,0
994,0
996,0
997,3
998,0
999,3
1000,0
1001,1
1003,0
1004,0
1006,1
1007,0
1008,3
1009,1
1010,1
1011,1
1012,0
1013,1
1014,3
1015,0
1016,2
1019,0
1020,3
1022,1
1023,0
1024,0
1025,1
1026,3
1027,0
1028,0
1029,3
1030,0
1032,0
1033,0
1035,3
1036,3
1037,0
1038,3
1039,0
1041,3
1042,0
1044,3
1045,1
1046,3
1047,0
1048,0
1049,3
1050,0
1051,0
1052,0
1053,0
1055,2
1056,0
1057,3
1058,3
1059,3
1060,1
1061,0
1063,0
1065,3
1066,0
1068,3
1069,2
1070,3
1073,0
1074,3
1075,0
1076,0
1077,0
1078,3
1079,0
1080,0
1081,0
1082,3
1084,0
1085,0
1086,0
1087,0
1088,3
1089,3
1090,0
1091,3
1092,0
1093,0
1094,3
1095,2
1096,0
1097,0
1098,0
1099,3
1100,0
1101,3
1102,0
1103,3
1104,3
1105,0
1106,0
1107,0
1108,2
1110,0
1111,0
1112,0
1113,2
1114,3
1115,3
1116,0
1117,0
1118,0
1119,3
1120,3
1121,1
1122,0
1123,0
1124,2
1125,0
1126,0
1127,0
1128,3
1131,3
1132,0
1133,0
1134,3
1135,0
1138,2
1139,3
1141,3
1143,0
1144,0
1145,0
1146,1
1147,3
1148,3
1149,0
1155,0
1156,0
1159,0
1160,0
1161,1
1162,0
1163,2
1164,0
1165,3
1167,1
1168,0
1169,3
1170,0
1171,2
1172,0
1173,3
1174,0
1175,0
1176,3
1180,3
1182,0
1185,0
1186,0
1187,3
1188,1
1189,0
1191,3
1192,3
1194,1
1196,0
1197,0
1198,0
1200,3
1201,0
1202,3
1203,0
1205,0
1206,1
1207,0
1208,3
1209,1
1210,3
1212,3
1213,0
1215,2
1216,0
1217,2
1218,0
1219,0
1220,2
1223,0
1225,0
1226,3
1228,2
1231,0
1232,0
1233,3
1234,1
1235,0
1236,3
1237,0
1238,2
1239,0
1240,0
1241,3
1242,3
1243,0
1244,2
1245,0
1246,3
1247,0
1248,1
1249,0
1250,0
1251,0
1252,3
1253,0
1254,0
1255,0
1257,3
1258,0
1259,0
1260,0
1261,3
1262,0
1263,3
1265,1
1266,0
1267,0
1268,3
1269,1
1270,1
1272,3
1273,1
1274,0
1275,2
1276,2
1280,3
1281,0
1282,2
1283,3
1284,0
1285,3
1286,1
1287,3
1289,0
1290,0
1291,3
1292,0
1293,3
1294,0
1295,0
1296,0
1297,3
1298,0
1299,3
1300,3
1302,0
1303,0
1304,0
1305,2
1307,2
1308,0
1309,1
1312,1
1313,0
1314,0
1315,0
1316,0
1317,3
1318,0
1319,0
1321,0
1323,0
1324,3
1325,0
1327,3
1328,0
1329,0
1330,2
1331,0
1332,2
1333,2
1334,0
1336,0
1337,0
1338,1
1339,0
1340,3
1341,2
1343,2
1344,3
1345,1
1346,2
1347,1
1348,1
1349,3
1350,0
1351,1
1353,0
1354,0
1355,3
1356,2
1357,3
1359,0
1360,0
1361,3
1363,1
1365,3
1366,0
1367,0
1369,0
1370,3
1371,0
1373,1
1374,0
1375,0
1376,0
1377,0
1378,0
1379,0
1380,0
1381,0
1382,3
1383,0
1385,2
1386,3
1388,0
1389,1
1390,0
1391,0
1392,3
1393,0
1394,0
1395,2
1397,0
1398,2
1399,2
1401,3
1402,0
1403,1
1406,2
1408,0
1409,0
1411,0
1413,3
1414,0
1415,3
1416,1
1417,0
1418,3
1421,3
1422,3
1426,0
1427,0
1428,1
1429,0
1430,0
1431,0
1432,1
1433,0
1434,0
1435,0
1436,1
1438,0
1439,3
1441,0
1442,0
1443,1
1444,0
1445,0
1446,3
1447,3
1448,3
1449,0
1450,0
1451,3
1452,0
1453,3
1454,0
1455,0
1456,0
1457,0
1458,2
1459,2
1460,3
1461,1
1462,2
1463,3
1464,0
1465,3
1467,0
1468,0
1470,2
1471,0
1472,3
1473,3
1474,3
1475,0
1476,0
1477,3
1478,0
1481,0
1482,3
1483,0
1485,0
1486,0
1487,0
1488,0
1489,3
1491,0
1492,3
1493,3
1494,1
1495,3
1496,0
1499,3
1500,3
1501,3
1502,3
1504,0
1506,0
1508,0
1509,0
1510,0
1512,0
1514,0
1515,0
1516,3
1517,0
1518,3
1521,0
1522,1
1525,3
1526,0
1527,0
1528,0
1530,3
1531,2
1532,0
1534,2
1536,3
1537,0
1539,1
1540,0
1541,0
1542,0
1544,1
1545,0
1546,0
1547,0
1549,0
1550,0
1551,3
1552,0
1553,3
1554,0
1555,3
1557,0
1558,0
1560,0
1561,0
1564,3
1565,0
1566,2
1567,3
1568,0
1569,1
1570,0
1571,0
1572,0
1573,0
1574,1
1575,3
1576,3
1577,3
1578,0
1579,1
1580,0
1581,3
1582,0
1583,0
1584,0
1585,3
1586,0
1587,3
1588,2
1590,1
1591,0
1592,0
1593,0
1594,0
1595,0
1597,0
1598,3
1599,0
1600,3
1601,0
1602,0
1603,0
1604,0
1605,1
1606,3
1608,0
1609,3
1611,0
1612,3
1613,3
1614,0
1615,0
1616,0
1617,0
1618,0
1619,0
1621,3
1622,0
1623,0
1624,0
1625,0
1626,0
1627,0
1629,3
1631,0
1632,0
1633,0
1634,2
1635,0
1636,3
1638,0
1639,3
1640,3
1641,0
1643,1
1644,1
1646,1
1647,0
1648,0
1649,0
1650,0
1651,3
1652,2
1654,0
1655,0
1656,3
1658,3
1659,3
1660,3
1661,3
1663,3
1664,1
1665,0
1666,0
1667,3
1668,0
1669,0
1670,0
1673,0
1674,3
1677,0
1678,3
1680,3
1681,2
1682,0
1683,0
1684,3
1686,0
1687,0
1688,1
1689,0
1690,0
1692,2
1693,2
1694,3
1695,0
1696,0
1697,0
1698,3
1699,3
1703,3
1705,3
1706,3
1707,0
1708,0
1709,3
1710,0
1711,0
1712,0
1714,3
1715,0
1716,3
1717,0
1719,0
1720,3
1722,1
1723,1
1724,3
1725,3
1727,3
1730,0
1731,0
1733,0
1734,3
1736,3
1737,0
1738,0
1739,0
1740,0
1741,0
1742,0
1743,1
1744,0
1745,0
1746,3
1747,2
1748,0
1749,2
1750,1
1751,3
1752,3
1753,3
1754,3
1755,0
1757,2
1758,3
1759,0
1760,0
1762,0
1763,3
1764,3
1765,0
1766,0
1768,1
1769,1
1770,3
1771,0
1772,0
1773,0
1774,0
1775,0
1776,1
1777,0
1778,0
1779,0
1780,0
1785,1
1786,0
1787,3
1788,3
1789,3
1790,0
1791,0
1792,1
1793,0
1794,0
1795,2
1796,2
1797,0
1798,0
1799,0
1800,0
1801,0
1802,1
1803,1
1804,3
1805,3
1806,2
1807,0
1808,0
1810,0
1813,1
1814,0
1815,3
1816,1
1818,1
1819,0
1820,0
1822,3
1823,1
1825,0
1826,3
1830,0
1831,3
1832,0
1833,1
1836,0
1838,0
1839,0
1840,0
1841,0
1842,0
1843,2
1844,0
1845,2
1846,0
1847,1
1848,1
1849,0
1850,0
1851,0
1852,0
1853,2
1854,0
1855,0
1856,1
1857,3
1858,1
1859,2
1862,1
1863,3
1864,2
1866,0
1868,0
1869,0
1870,0
1871,0
1873,0
1874,0
1876,0
1877,0
1879,3
1881,0
1882,1
1883,0
1884,0
1885,0
1889,1
1891,0
1892,2
1893,3
1894,3
1895,1
1896,3
1897,3
1898,2
1899,0
1900,1
1901,1
1902,0
1903,0
1906,3
1907,0
1908,3
1911,3
1912,0
1913,1
1914,2
1915,1
1916,0
1917,0
1918,0
1919,3
1921,0
1923,0
1924,1
1926,3
1927,0
1928,0
1929,0
1931,3
1932,2
1933,3
1934,1
1935,0
1936,3
1937,0
1938,3
1939,0
1941,3
1942,0
1943,0
1944,1
1945,0
1946,0
1947,0
1948,3
1949,0
1950,3
1952,0
1953,0
1954,1
1955,2
1957,0
1958,3
1959,2
1961,3
1963,0
1964,3
1965,0
1966,3
1968,3
1969,3
1970,3
1971,1
1972,0
1973,3
1974,2
1976,0
1977,1
1980,1
1981,2
1982,1
1983,0
1984,1
1985,0
1986,0
1987,0
1988,0
1990,1
1992,3
1995,0
1996,1
1998,3
1999,0
2000,1
2001,0
2002,2
2003,0
2004,2
2005,0
2006,0
2007,0
2008,0
2011,1
2012,3
2013,1
2014,3
2015,0
2017,3
2018,0
2019,2
2021,3
2022,3
2023,3
2026,3
2027,0
2028,2
2029,3
2030,3
2031,0
2032,2
2033,3
2034,1
2035,3
2036,3
2037,0
2038,3
2039,0
2040,0
2041,2
2042,0
2043,0
2044,0
2045,3
2046,0
2048,0
2050,0
2051,3
2052,1
2053,1
2055,3
2056,0
2058,2
2059,0
2061,3
2062,0
2066,2
2067,0
2068,0
2070,3
2071,0
2073,3
2075,0
2076,3
2078,2
2079,0
2080,0
2081,3
2082,0
2083,0
2085,2
2086,3
2087,3
2088,2
2089,3
2090,1
2091,3
2092,3
2093,3
2094,0
2096,0
2097,0
2098,1
2099,0
2100,3
2102,2
2103,3
2104,3
2105,1
2107,1
2108,2
2109,3
2112,0
2113,1
2115,0
2116,3
2117,3
2118,1
2119,1
2120,1
2121,0
2122,0
2123,3
2124,0
2125,0
2127,0
2128,0
2129,0
2130,0
2131,3
2132,0
2133,0
2135,0
2137,0
2138,2
2139,3
2141,0
2142,3
2143,3
2144,0
2146,3
2147,1
2149,2
2150,0
2151,0
2153,3
2156,0
2157,0
2158,1
2159,3
2160,0
2161,2
2162,0
2163,3
2164,0
2165,2
2167,0
2168,2
2169,0
2170,0
2173,0
2174,0
2175,0
2176,0
2177,1
2178,0
2179,0
2180,0
2181,0
2182,1
2184,1
2185,0
2186,0
2187,1
2188,1
2189,0
2190,1
2191,2
2192,0
2195,0
2196,3
2197,2
2198,3
2199,0
2200,1
2201,2
2203,0
2204,1
2205,0
2206,0
2207,1
2212,0
2213,1
2215,3
2216,3
2218,0
2219,3
2222,0
2224,3
2225,1
2226,0
2228,0
2229,2
2230,1
2233,0
2234,1
2235,0
2237,0
2238,0
2239,1
2240,0
2241,0
2242,0
2243,0
2245,0
2246,3
2247,3
2248,0
2249,1
2250,0
2251,0
2252,1
2253,0
2255,1
2256,0
2257,3
2258,0
2260,1
2261,2
2262,3
2263,1
2264,3
2265,2
2266,2
2267,3
2268,0
2269,2
2270,3
2271,1
2272,1
2273,0
2274,0
2275,3
2276,3
2277,0
2278,0
2279,3
2280,0
2281,3
2282,0
2283,2
2284,3
2285,0
2286,3
2287,0
2288,0
2289,0
2292,3
2293,3
2294,0
2295,0
2296,3
2297,0
2298,3
2299,2
2301,1
2302,2
2303,1
2304,0
2306,0
2307,0
2308,0
2309,1
2310,0
2311,0
2313,3
2314,3
2315,2
2317,3
2319,0
2321,3
2322,0
2323,3
2324,0
2325,3
2326,2
2327,3
2329,0
2330,0
2331,0
2332,0
2333,0
2339,0
2340,0
2342,0
2343,3
2344,0
2346,0
2347,3
2351,3
2352,3
2354,2
2355,3
2356,1
2358,3
2359,2
2360,2
2362,0
2363,0
2364,0
2366,2
2367,1
2368,0
2369,0
2370,3
2371,3
2372,3
2373,2
2374,0
2375,3
2377,0
2378,3
2379,0
2381,3
2382,0
2383,2
2385,3
2386,1
2388,0
2389,3
2392,0
2393,0
2394,0
2395,0
2397,3
2398,0
2399,1
2400,0
2401,2
2402,0
2403,3
2404,3
2405,0
2407,0
2409,0
2410,0
2411,2
2412,0
2414,0
2415,1
2416,0
2417,0
2418,3
2419,1
2420,3
2422,3
2424,0
2425,0
2426,3
2427,3
2429,3
2430,0
2431,2
2433,2
2434,0
2435,0
2436,0
2438,0
2439,1
2440,0
2442,0
2443,0
2444,3
2445,2
2446,2
2447,3
2448,0
2449,0
2450,0
2451,2
2452,3
2453,0
2454,1
2455,0
2456,0
2457,3
2458,2
2459,0
2461,0
2462,0
2464,0
2466,0
2467,2
2468,3
2469,0
2471,0
2473,1
2474,1
2475,0
2477,0
2482,3
2483,0
2484,0
2485,3
2486,0
2487,2
2488,0
2489,0
2490,3
2491,0
2492,0
2493,3
2494,3
2495,3
2496,3
2497,3
2498,3
2499,0
2501,3
2502,2
2503,1
2504,1
2505,0
2506,0
2507,2
2509,0
2510,0
2511,0
2512,0
2513,0
2514,0
2515,0
2516,3
2517,3
2519,3
2520,0
2521,3
2522,1
2524,0
2525,0
2526,3
2527,0
2529,0
2530,3
2531,1
2532,1
2533,0
2534,0
2535,0
2536,0
2537,3
2538,0
2541,0
2542,3
2543,0
2544,1
2545,0
2546,0
2547,3
2549,0
2551,1
2553,3
2554,0
2555,3
2559,0
2560,0
2562,3
2563,2
2564,3
2565,0
2566,3
2567,0
2570,3
2571,0
2572,0
2573,0
2574,3
2576,0
2577,1
2579,3
2580,0
2581,0
2582,1
2584,1
2585,3
2586,3
2587,3
2588,3
2589,0
2590,3
2591,0
2592,0
2594,0
2595,3
2597,0
2598,0
2599,3
2600,2
2601,3
2603,2
2604,3
2605,0
2606,3
2607,0
2608,3
2609,0
2610,0
2611,3
2612,0
2613,0
2615,2
2617,3
2618,0
2619,3
2620,3
2621,1
2624,0
2625,3
2626,3
2628,0
2629,0
2630,1
2631,3
2632,3
2633,1
2634,2
2635,1
2636,3
2637,0
2638,0
2639,3
2640,0
2642,3
2644,0
2645,0
2647,0
2648,0
2649,0
2650,1
2652,0
2654,0
2655,2
2656,0
2658,2
2659,0
2660,0
2661,1
2663,0
2664,3
2665,0
2666,0
2668,0
2669,0
2670,0
2672,0
2673,3
2676,0
2677,0
2678,0
2679,0
2680,1
2681,0
2682,3
2683,3
2684,0
2685,0
2686,3
2688,2
2689,3
2690,3
2691,0
2692,0
2693,0
2694,0
2695,0
2696,0
2697,3
2698,0
2699,3
2701,0
2703,0
2705,3
2706,0
2707,1
2708,3
2709,0
2711,0
2712,2
2713,3
2714,0
2715,0
2716,0
2717,0
2718,2
2719,0
2720,0
2721,0
2722,0
2723,0
2724,0
2725,3
2726,3
2727,2
2728,0
2729,0
2730,3
2731,0
2733,1
2734,0
2735,3
2737,1
2738,0
2740,0
2741,3
2745,0
2746,0
2747,0
2749,0
2750,0
2751,0
2752,0
2753,0
2755,3
2756,0
2757,0
2758,0
2761,1
2762,3
2763,0
2765,0
2766,0
2769,0
2770,3
2771,0
2772,0
2773,0
2775,3
2776,0
2778,3
2779,2
2780,0
2781,3
2782,0
2783,0
2784,0
2785,3
2786,0
2787,0
2789,0
2790,2
2791,3
2793,0
2794,1
2795,0
2796,0
2798,0
2799,0
2800,1
2801,0
2802,3
2803,1
2805,1
2806,3
2807,3
2808,1
2809,0
2810,0
2811,3
2812,0
2813,0
2816,3
2817,0
2818,1
2820,0
2821,3
2822,1
2823,1
2824,2
2825,2
2828,0
2829,0
2830,3
2831,0
2832,2
2833,0
2834,0
2835,3
2836,0
2837,0
2838,1
2839,2
2840,1
2841,3
2842,3
2843,2
2844,1
2845,0
2846,3
2847,3
2848,3
2849,2
2850,1
2851,0
2852,0
2853,0
2854,3
2855,0
2858,2
2860,3
2861,0
2862,3
2863,0
2864,2
2866,0
2867,2
2868,3
2869,0
2870,3
2871,3
2872,0
2873,0
2875,3
2876,3
2877,1
2878,2
2881,2
2882,1
2883,0
2884,3
2886,0
2887,0
2888,0
2890,0
2891,0
2892,3
2893,0
2895,0
2897,0
2898,0
2899,0
2900,0
2902,3
2903,0
2904,0
2905,0
2906,0
2907,1
2908,0
2909,0
2912,3
2913,3
2915,3
2918,3
2919,1
2920,3
2921,0
2922,3
2924,2
2925,3
2926,0
2927,3
2930,3
2931,0
2932,2
2933,0
2934,0
2936,3
2937,1
2940,3
2941,3
2942,1
2943,0
2944,0
2945,1
2946,2
2948,0
2949,3
2951,3
2952,2
2953,0
2954,3
2955,3
2956,3
2957,0
2958,2
2960,0
2962,0
2963,3
2965,0
2966,0
2967,0
2968,3
2969,3
2970,3
2971,0
2972,0
2973,0
2975,1
2977,3
2978,0
2979,2
2980,0
2981,2
2982,3
2983,0
2984,3
2985,0
2986,0
2987,0
2988,3
2989,0
2991,1
2992,2
2994,1
2995,0
2997,0
2998,0
2999,2
3000,0
3001,3
3003,0
3004,3
3005,0
3007,0
3008,3
3009,0
3010,2
3011,2
3012,3
3013,3
3014,0
3015,0
3016,0
3017,0
3018,0
3019,2
3020,0
3021,0
3022,2
3023,0
3024,0
3025,3
3026,0
3027,0
3028,3
3029,1
3031,3
3032,3
3033,0
3035,1
3037,2
3039,0
3040,3
3041,0
3042,1
3044,3
3045,3
3046,3
3047,0
3049,0
3050,0
3052,1
3054,0
3055,0
3056,3
3057,0
3058,2
3059,0
3060,0
3061,0
3062,3
3063,0
3064,3
3065,1
3066,0
3068,3
3069,1
3070,3
3071,1
3072,0
3074,3
3075,0
3076,2
3077,0
3078,1
3079,3
3080,0
3082,3
3083,3
3084,1
3085,0
3087,3
3088,0
3089,1
3090,0
3091,2
3092,3
3093,2
3094,0
3095,0
3097,0
3098,0
3100,0
3101,1
3102,2
3103,0
3104,3
3105,3
3106,1
3108,3
3109,2
3110,0
3111,2
3112,3
3113,2
3114,0
3118,1
3119,3
3120,3
3122,2
3123,3
3124,0
3126,3
3127,0
3128,2
3129,0
3130,1
3132,0
3133,0
3134,0
3136,3
3137,3
3138,2
3139,0
3140,3
3141,0
3142,3
3143,3
3144,0
3145,0
3146,1
3147,3
3148,3
3149,3
3150,1
3151,3
3153,3
3154,1
3155,3
3157,3
3158,2
3159,0
3161,0
3162,3
3163,3
3164,0
3165,0
3167,0
3168,1
3169,0
3171,3
3173,0
3175,0
3176,0
3178,3
3180,0
3182,0
3183,0
3184,2
3185,2
3186,2
3187,1
3188,1
3189,3
3190,1
3191,3
3192,0
3193,1
3194,0
3196,1
3197,3
3198,3
3200,0
3201,0
3203,2
3205,0
3206,0
3209,2
3210,3
3211,2
3212,0
3213,0
3214,3
3215,0
3216,2
3218,0
3219,1
3220,2
3222,0
3223,0
3224,0
3225,3
3226,0
3227,0
3228,0
3229,0
3230,0
3231,1
3232,3
3233,0
3235,3
3236,3
3237,0
3238,3
3239,3
3240,2
3242,3
3243,0
3244,0
3245,0
3246,0
3247,0
3248,3
3249,1
3250,0
3252,0
3253,2
3254,0
3256,3
3257,0
3258,1
3260,1
3261,0
3264,2
3265,1
3266,3
3267,0
3268,3
3269,0
3271,0
3272,0
3274,0
3275,0
3276,3
3277,0
3279,0
3280,0
3281,3
3282,3
3283,0
3284,0
3285,2
3286,3
3287,1
3288,0
3292,0
3293,1
3294,0
3295,0
3296,0
3298,3
3301,1
3302,0
3303,0
3304,1
3305,3
3306,0
3307,0
3310,0
3311,1
3312,0
3313,0
3314,1
3315,1
3316,0
3317,0
3319,0
3321,0
3322,3
3323,0
3325,0
3326,0
3327,3
3328,0
3329,3
3330,0
3331,0
3332,3
3333,3
3335,0
3338,3
3340,3
3341,3
3342,1
3343,3
3344,3
3345,1
3346,3
3347,0
3348,3
3349,1
3350,0
3351,1
3352,1
3354,0
3355,0
3356,0
3357,3
3358,0
3359,0
3360,2
3362,0
3363,1
3364,3
3365,3
3366,0
3367,3
3369,0
3370,3
3371,0
3372,0
3375,2
3376,3
3377,3
3378,2
3379,0
3382,2
3383,0
3385,3
3386,3
3387,0
3389,3
3390,2
3391,0
3393,3
3394,0
3396,3
3397,0
3398,3
3399,0
3400,3
3401,3
3402,0
3403,0
3405,0
3406,3
3407,3
3409,1
3410,0
3411,3
3412,0
3413,2
3414,0
3415,3
3417,0
3418,3
3419,0
3420,3
3421,3
3422,0
3423,1
3424,0
3426,0
3427,2
3428,0
3429,0
3430,0
3433,0
3434,3
3435,3
3436,2
3437,2
3439,0
3440,0
3441,0
3442,0
3443,0
3444,0
3445,3
3446,0
3447,3
3449,0
3450,3
3451,3
3452,0
3453,1
3454,3
3455,3
3456,0
3457,3
3458,3
3459,0
3460,1
3461,0
3462,3
3463,0
3464,0
3466,3
3467,2
3468,2
3469,3
3470,0
3472,1
3473,0
3474,0
3478,3
3481,0
3482,0
3483,0
3484,3
3485,3
3486,0
3487,3
3488,3
3489,0
3490,0
3492,0
3493,0
3494,3
3496,0
3497,3
3498,1
3499,0
3500,0
3502,3
3505,0
3508,3
3510,0
3511,0
3512,0
3513,2
3515,1
3519,1
3520,1
3522,0
3523,0
3524,0
3525,3
3526,0
3527,3
3528,1
3529,0
3530,3
3531,3
3532,1
3533,3
3534,1
3538,3
3541,3
3542,0
3543,0
3544,3
3545,0
3548,0
3550,0
3552,0
3553,3
3554,3
3555,0
3556,0
3557,2
3558,0
3559,0
3560,3
3561,1
3562,0
3564,3
3565,0
3566,0
3568,3
3569,2
3570,0
3572,1
3573,3
3574,0
3575,0
3577,0
3578,1
3581,2
3583,0
3585,0
3586,3
3587,0
3588,3
3590,2
3591,0
3592,0
3593,1
3594,3
3595,2
3596,1
3598,0
3600,3
3601,0
3602,3
3603,0
3604,1
3605,1
3607,0
3608,1
3609,1
3610,3
3611,0
3612,3
3614,1
3615,3
3616,0
3617,0
3618,3
3619,1
3620,0
3621,0
3622,3
3624,0
3625,3
3628,1
3629,0
3631,0
3632,2
3633,3
3634,0
3635,0
3636,0
3637,0
3638,0
3639,3
3640,0
3641,0
3642,3
3643,0
3644,3
3646,3
3648,1
3650,0
3651,3
3652,0
3654,2
3655,3
3656,3
3657,1
3658,0
3661,0
3662,2
3664,3
3666,0
3667,0
3668,3
3669,3
3670,0
3671,0
3673,0
3674,0
3676,0
3677,2
3678,3
3679,3
3680,2
3681,2
3682,0
3683,0
3684,3
3685,0
3686,0
3687,0
3688,3
3689,3
3690,3
3691,3
3692,1
3695,0
3696,0
3697,3
3699,3
3700,0
3703,0
3704,0
3706,2
3707,0
3708,0
3709,3
3710,0
3711,3
3713,3
3714,0
3715,0
3717,2
3718,1
3720,2
3721,0
3723,0
3726,3
3728,3
3729,0
3730,0
3731,3
3733,1
3734,0
3736,0
3738,1
3740,0
3742,0
3743,3
3744,2
3745,0
3746,0
3747,3
3748,1
3750,0
3751,0
3752,0
3753,3
3754,1
3755,0
3756,0
3757,3
3758,3
3759,0
3760,0
3761,0
3763,0
3764,0
3765,2
3766,0
3767,3
3768,0
3769,1
3770,3
3771,3
3773,0
3774,0
3775,0
3776,3
3777,0
3778,0
3779,0
3780,3
3781,0
3782,3
3784,3
3785,0
3787,0
3788,0
3789,3
3790,3
3791,2
3792,2
3793,0
3794,0
3795,0
3796,0
3798,0
3799,2
3800,0
3801,0
3802,3
3803,1
3804,1
3805,0
3806,2
3807,3
3808,3
3809,3
3810,0
3811,2
3812,3
3813,0
3814,3
3815,0
3816,0
3817,0
3818,0
3821,3
3822,0
3823,0
3824,0
3825,0
3827,0
3828,3
3831,0
3832,1
3834,0
3836,3
3839,0
3840,1
3841,0
3842,3
3843,3
3844,0
3846,0
3847,0
3849,3
3850,3
3851,3
3852,0
3854,3
3855,0
3856,3
3857,1
3858,3
3859,0
3860,0
3862,1
3863,0
3864,1
3866,0
3868,2
3869,3
3870,0
3871,3
3872,1
3873,3
3874,3
3875,1
3876,3
3877,0
3878,0
3879,0
3880,3
3881,0
3882,0
3884,3
3885,1
3886,0
3887,0
3888,3
3889,3
3890,0
3891,0
3892,0
3893,3
3894,0
3896,0
3897,3
3898,0
3899,0
3900,0
3901,1
3902,3
3903,3
3904,3
3905,0
3908,2
3909,0
3910,2
3911,3
3912,0
3914,0
3916,0
3917,0
3918,0
3919,0
3920,1
3921,3
3922,0
3923,3
3924,1
3925,3
3927,0
3929,2
3931,0
3933,0
3934,2
3935,3
3936,2
3937,3
3938,2
3939,2
3940,3
3941,1
3942,2
3943,0
3944,0
3945,3
3946,0
3947,3
3948,1
3949,1
3950,1
3951,0
3952,1
3953,0
3954,0
3955,2
3956,0
3957,1
3958,0
3959,0
3960,1
3961,1
3962,3
3963,3
3964,0
3965,0
3966,0
3967,0
3968,2
3969,0
3970,0
3971,3
3972,0
3973,0
3979,1
3981,1
3982,0
3983,3
3984,3
3986,0
3987,3
3988,0
3989,0
3990,2
3991,0
3992,0
3994,3
3995,0
3996,2
3997,2
3998,0
3999,0
4000,0
4002,3
4003,0
4004,0
4007,3
4008,2
4009,0
4010,0
4011,0
4014,0
4015,1
4016,0
4017,0
4019,3
4020,0
4021,0
4022,0
4023,0
4024,0
4025,0
4026,0
4027,0
4029,0
4030,1
4031,0
4033,0
4034,0
4035,1
4037,3
4038,3
4039,2
4040,0
4041,1
4042,0
4044,0
4045,2
4046,3
4047,3
4048,0
4049,0
4050,3
4051,1
4052,0
4053,0
4054,0
4055,0
4056,0
4057,3
4058,0
4059,3
4061,2
4064,0
4065,3
4066,0
4067,1
4070,3
4071,0
4073,3
4075,0
4076,2
4077,3
4079,3
4081,0
4082,0
4083,0
4084,0
4086,3
4087,0
4089,3
4090,0
4092,0
4093,3
4094,0
4096,3
4097,2
4098,3
4099,0
4100,0
4101,3
4102,3
4103,0
4104,3
4107,1
4108,1
4109,3
4110,3
4111,3
4112,0
4114,0
4115,0
4116,3
4117,0
4118,0
4119,3
4120,0
4121,0
4124,2
4125,0
4126,3
4127,0
4128,0
4129,1
4130,3
4131,2
4132,2
4133,0
4134,0
4135,1
4136,0
4137,1
4138,0
4139,0
4140,0
4141,0
4143,2
4145,3
4146,3
4147,0
4148,0
4149,2
4152,3
4153,0
4154,1
4155,2
4156,2
4158,3
4159,0
4160,3
4162,1
4163,3
4164,3
4165,0
4166,0
4167,3
4168,0
4169,0
4170,3
4171,0
4172,0
4173,3
4174,0
4175,0
4177,0
4178,1
4179,0
4180,0
4181,3
4182,0
4183,3
4185,0
4186,0
4187,0
4190,0
4191,3
4192,2
4194,0
4195,3
4196,0
4197,0
4198,3
4199,3
4200,0
4201,3
4204,0
4205,0
4206,0
4207,3
4209,0
4210,0
4212,0
4214,3
4215,2
4216,0
4217,0
4218,0
4219,0
4221,3
4223,1
4224,0
4225,0
4226,0
4227,3
4228,3
4229,0
4230,3
4231,3
4232,0
4233,1
4234,3
4236,0
4237,0
4239,3
4243,3
4245,0
4246,3
4247,0
4248,0
4249,1
4250,0
4251,3
4253,0
4255,3
4256,3
4257,3
4258,0
4259,3
4260,0
4261,0
4262,0
4263,0
4264,0
4265,0
4266,0
4267,0
4268,3
4269,3
4270,0
4271,1
4272,1
4273,0
4274,0
4275,2
4276,3
4277,0
4278,0
4279,0
4280,0
4281,3
4282,3
4283,0
4284,0
4285,3
4287,3
4288,1
4291,0
4292,0
4294,3
4295,0
4297,0
4298,3
4300,1
4301,1
4303,3
4304,0
4305,0
4306,0
4307,1
4308,0
4309,0
4310,1
4311,0
4313,3
4314,0
4315,2
4316,2
4317,3
4318,0
4320,0
4321,3
4322,0
4323,2
4324,0
4325,0
4327,0
4328,0
4329,3
4330,3
4331,1
4332,2
4335,3
4336,3
4338,3
4339,0
4340,3
4341,0
4342,3
4343,0
4345,3
4346,0
4347,3
4349,0
4350,1
4352,0
4353,0
4355,2
4356,3
4359,0
4360,0
4361,0
4362,0
4363,2
4365,3
4366,3
4367,3
4369,0
4372,0
4373,0
4374,3
4375,0
4377,3
4378,3
4380,0
4381,0
4383,0
4384,0
4385,0
4386,3
4387,0
4388,1
4389,1
4390,0
4391,1
4392,1
4393,3
4394,0
4396,0
4397,0
4398,3
4399,2
4400,0
4402,2
4403,0
4405,3
4406,1
4407,1
4408,0
4409,0
4410,0
4411,3
4412,1
4413,0
4414,3
4415,3
4417,0
4418,2
4420,0
4422,3
4423,0
4424,0
4426,3
4427,2
4428,0
4429,0
4430,2
4431,0
4432,3
4433,3
4435,2
4436,1
4437,3
4438,3
4439,3
4440,1
4442,3
4443,0
4444,0
4445,3
4448,0
4449,3
4450,0
4451,0
4454,1
4455,3
4456,0
4457,0
4458,2
4459,3
4460,0
4461,2
4462,1
4463,3
4464,0
4465,2
4467,0
4469,1
4470,2
4471,1
4472,0
4474,0
4475,0
4476,0
4477,3
4478,0
4479,0
4480,1
4481,2
4482,3
4483,0
4484,0
4485,2
4486,0
4487,2
4488,3
4489,0
4492,0
4493,0
4494,3
4495,1
4496,3
4497,0
4498,1
4501,3
4503,0
4504,0
4506,0
4509,0
4510,0
4512,3
4513,0
4517,2
4518,2
4519,1
4520,3
4521,0
4522,0
4523,3
4524,0
4525,2
4527,3
4528,3
4529,0
4530,0
4532,3
4533,0
4534,2
4535,3
4536,2
4537,3
4538,3
4539,0
4540,1
4541,0
4542,0
4543,3
4545,3
4546,0
4547,2
4548,2
4549,0
4550,3
4551,3
4552,3
4554,0
4555,0
4556,2
4557,0
4558,0
4559,0
4560,3
4561,3
4562,0
4563,2
4564,3
4565,3
4566,3
4567,0
4568,0
4569,3
4570,3
4571,3
4573,0
4575,0
4576,0
4577,3
4578,0
4579,0
4580,2
4581,1
4582,1
4583,3
4584,3
4585,3
4586,0
4587,1
4588,0
4589,0
4590,0
4592,0
4593,0
4595,1
4596,1
4597,0
4598,1
4600,0
4601,2
4602,0
4603,0
4604,0
4605,2
4606,0
4608,3
4609,0
4610,0
4611,0
4612,0
4613,0
4614,1
4615,0
4616,3
4617,0
4619,0
4621,0
4622,0
4623,0
4624,3
4625,0
4627,0
4628,0
4630,0
4631,3
4632,2
4633,2
4634,3
4635,3
4636,0
4637,2
4638,3
4639,1
4640,1
4641,3
4642,0
4643,1
4645,3
4648,2
4649,2
4650,0
4651,0
4652,2
4653,0
4655,3
4656,0
4657,1
4658,1
4659,3
4660,0
4661,0
4662,0
4663,3
4664,3
4665,0
4667,3
4668,0
4670,2
4671,2
4672,0
4674,1
4675,0
4676,0
4679,0
4681,2
4685,3
4686,0
4687,2
4688,0
4689,3
4690,3
4691,3
4692,1
4693,0
4694,0
4695,3
4696,2
4697,1
4698,3
4700,0
4701,0
4702,0
4703,1
4704,3
4705,3
4706,0
4707,0
4710,2
4711,0
4712,0
4713,3
4715,3
4716,0
4717,2
4718,0
4719,3
4720,0
4721,0
4722,0
4723,0
4724,2
4725,0
4726,1
4728,0
4729,1
4730,1
4732,0
4733,0
4734,0
4735,0
4738,3
4739,0
4741,0
4742,0
4743,3
4744,2
4745,2
4746,0
4747,0
4748,0
4750,0
4751,1
4752,2
4753,0
4754,1
4755,1
4756,0
4757,3
4758,3
4759,0
4761,0
4762,0
4763,3
4764,0
4765,3
4766,0
4768,3
4769,1
4770,0
4771,0
4772,3
4773,1
4775,2
4777,2
4778,3
4781,3
4782,0
4783,3
4784,0
4785,0
4786,0
4787,3
4788,1
4789,0
4790,3
4791,3
4792,0
4793,2
4794,2
4795,0
4796,0
4797,0
4798,2
4799,0
4800,3
4801,0
4802,2
4803,3
4804,0
4805,0
4806,0
4807,1
4808,3
4809,0
4813,3
4814,0
4815,2
4816,2
4817,3
4818,3
4819,1
4820,0
4821,0
4822,0
4823,0
4824,0
4825,3
4826,0
4827,1
4828,0
4829,3
4830,0
4831,2
4832,3
4834,3
4836,0
4837,3
4838,0
4839,3
4840,1
4841,3
4842,0
4843,3
4844,0
4845,0
4846,3
4847,0
4848,3
4849,3
4850,0
4851,1
4852,3
4853,3
4855,0
4856,2
4857,1
4858,3
4859,0
4862,3
4863,0
4864,2
4865,0
4866,3
4867,2
4868,0
4869,3
4870,0
4871,0
4872,2
4874,0
4875,0
4876,0
4877,0
4878,0
4879,3
4880,3
4881,3
4882,2
4883,0
4884,3
4885,0
4888,2
4889,3
4890,3
4894,0
4896,0
4897,1
4898,0
4900,2
4901,2
4902,0
4903,0
4904,2
4906,3
4907,1
4908,3
4909,1
4911,1
4912,0
4913,0
4915,0
4916,0
4917,3
4918,0
4920,1
4921,0
4922,2
4923,3
4924,0
4925,0
4926,3
4928,0
4929,3
4930,3
4931,0
4932,1
4933,0
4935,3
4938,2
4939,2
4941,0
4942,0
4943,3
4944,0
4945,2
4946,3
4947,0
4948,3
4949,0
4950,0
4951,0
4952,0
4953,3
4955,3
4956,3
4957,2
4959,3
4960,0
4961,2
4962,1
4963,3
4965,3
4966,0
4968,3
4970,0
4971,0
4972,3
4973,0
4974,3
4975,0
4976,3
4977,0
4978,0
4979,3
4980,2
4981,1
4982,3
4983,0
4984,3
4985,3
4986,0
4987,3
4989,3
4990,2
4991,0
4992,0
4993,3
4994,0
4995,0
4997,0
4998,0
4999,1
5000,3
5001,2
5002,3
5003,0
5004,0
5005,3
5006,0
5007,0
5008,0
5010,0
5012,0
5013,0
5015,1
5016,0
5017,0
5018,0
5019,3
5020,3
5021,0
5023,1
5025,1
5026,0
5028,1
5029,0
5030,0
5031,3
5032,2
5033,3
5035,0
5038,3
5039,3
5040,3
5041,1
5042,0
5043,3
5044,0
5045,0
5046,3
5048,0
5049,0
5050,1
5052,2
5053,0
5055,0
5056,0
5058,0
5060,1
5061,0
5062,3
5063,3
5064,1
5065,0
5066,1
5067,3
5068,2
5069,1
5070,0
5071,0
5072,2
5073,0
5074,0
5075,3
5076,3
5077,0
5078,1
5079,0
5080,0
5083,3
5085,0
5086,3
5088,0
5089,3
5090,0
5091,0
5092,3
5096,0
5099,3
5100,2
5101,0
5102,2
5103,3
5104,0
5106,3
5107,0
5108,1
5110,0
5112,3
5114,2
5115,3
5116,0
5117,0
5118,1
5119,2
5120,3
5121,0
5123,0
5124,3
5125,0
5126,0
5127,0
5128,0
5129,0
5130,0
5131,3
5132,0
5134,3
5135,1
5137,0
5138,0
5140,3
5141,1
5144,0
5145,0
5146,0
5147,0
5148,2
5150,2
5151,1
5152,0
5153,2
5154,3
5155,0
5157,0
5159,3
5160,3
5162,0
5163,2
5164,3
5165,1
5166,2
5167,2
5169,2
5170,3
5172,3
5173,3
5174,0
5175,0
5176,3
5177,1
5178,0
5179,3
5180,1
5181,0
5184,3
5185,3
5186,0
5187,0
5188,0
5190,1
5192,0
5193,0
5194,0
5196,3
5197,3
5198,3
5199,1
5200,3
5201,0
5202,0
5203,3
5204,3
5205,0
5206,3
5207,2
5208,0
5209,0
5210,1
5211,3
5213,0
5214,1
5215,3
5217,2
5218,0
5219,1
5220,0
5221,3
5222,0
5223,0
5224,0
5225,3
5226,3
5227,3
5228,3
5229,0
5230,3
5231,0
5232,0
5234,0
5236,0
5238,0
5239,3
5240,0
5241,0
5242,0
5243,3
5244,2
5247,3
5248,2
5249,0
5250,1
5251,3
5252,0
5253,2
5254,0
5255,0
5256,3
5257,2
5258,3
5259,3
5261,3
5262,0
5265,0
5267,3
5268,3
5269,0
5270,0
5271,0
5272,0
5273,2
5274,0
5275,0
5276,2
5277,3
5280,1
5281,0
5282,3
5283,0
5284,3
5285,0
5286,3
5287,0
5288,3
5289,1
5290,3
5292,0
5293,3
5295,0
5296,3
5297,3
5298,0
5299,0
5300,3
5301,1
5302,0
5303,3
5304,3
5305,3
5306,1
5307,0
5308,3
5309,0
5310,0
5312,3
5313,0
5314,1
5315,3
5316,0
5317,0
5318,0
5319,1
5320,0
5322,0
5323,3
5324,3
5325,3
5327,0
5328,0
5329,3
5330,3
5333,3
5334,0
5336,1
5337,3
5338,2
5340,0
5341,0
5342,0
5343,0
5344,3
5346,0
5347,0
5348,3
5350,0
5353,0
5355,3
5357,3
5358,0
5359,0
5360,3
5361,1
5362,2
5364,0
5365,0
5367,0
5369,2
5370,0
5372,3
5374,0
5375,2
5376,2
5377,1
5378,0
5379,0
5380,1
5381,0
5382,0
5383,0
5384,0
5385,3
5388,0
5389,2
5390,1
5392,0
5393,0
5394,3
5395,3
5396,2
5397,0
5398,0
5399,3
5401,3
5402,0
5403,0
5404,0
5405,0
5406,3
5407,3
5408,0
5409,1
5410,3
5411,2
5413,2
5416,1
5417,0
5418,3
5419,2
5420,3
5423,3
5424,0
5425,3
5426,2
5427,3
5428,2
5429,0
5430,0
5431,2
5432,2
5433,2
5436,2
5437,3
5438,0
5439,0
5440,1
5441,3
5442,3
5443,0
5444,3
5445,0
5446,3
5447,0
5448,0
5450,0
5451,0
5453,0
5454,3
5455,0
5456,0
5457,2
5458,1
5459,0
5461,3
5462,0
5464,0
5465,0
5467,3
5468,3
5469,2
5470,0
5471,1
5472,0
5473,0
5476,0
5477,0
5478,0
5479,3
5480,0
5481,3
5482,0
5483,0
5484,3
5485,0
5486,0
5487,2
5488,0
5490,0
5492,3
5493,1
5495,3
5496,3
5497,0
5498,3
5500,0
5501,0
5503,2
5504,0
5506,2
5507,0
5508,3
5510,0
5511,0
5512,0
5513,0
5514,0
5515,3
5516,3
5517,3
5518,0
5519,3
5520,3
5521,3
5522,3
5523,0
5524,0
5525,3
5527,1
5528,1
5529,1
5530,2
5531,0
5532,0
5533,0
5534,3
5535,1
5536,1
5538,0
5539,0
5541,0
5542,0
5543,1
5544,0
5545,2
5546,0
5548,0
5550,2
5551,3
5552,0
5553,3
5555,3
5556,0
5557,3
5558,0
5559,3
5560,3
5562,0
5563,3
5566,3
5567,0
5568,1
5569,1
5571,0
5572,3
5573,3
5574,2
5575,1
5577,0
5578,3
5579,3
5580,1
5581,0
5582,0
5583,3
5584,0
5585,3
5587,3
5588,0
5591,2
5592,2
5594,3
5595,3
5596,0
5597,3
5599,1
5600,0
5601,0
5602,0
5603,1
5604,0
5605,0
5606,0
5607,0
5608,1
5609,0
5610,0
5611,0
5612,3
5613,1
5614,0
5615,0
5616,0
5617,0
5618,1
5619,0
5620,0
5624,3
5625,0
5626,0
5627,3
5629,0
5630,3
5631,2
5632,3
5633,0
5634,0
5635,0
5638,0
5639,3
5640,3
5641,0
5642,0
5643,2
5644,2
5647,0
5648,3
5649,2
5651,0
5652,0
5653,1
5654,0
5655,0
5656,0
5657,0
5658,0
5659,2
5660,0
5662,0
5663,0
5664,3
5665,0
5666,2
5667,3
5668,3
5669,0
5670,0
5671,1
5672,2
5673,0
5674,3
5675,2
5676,2
5679,0
5680,3
5682,0
5683,3
5685,3
5686,0
5687,2
5689,0
5690,0
5692,3
5693,0
5694,0
5695,0
5696,0
5698,0
5699,0
5701,0
5702,3
5703,0
5704,0
5707,3
5709,0
5710,3
5711,1
5712,0
5714,0
5715,3
5716,1
5717,0
5720,3
5721,0
5725,0
5726,3
5727,0
5729,0
5730,0
5731,3
5732,0
5733,3
5734,0
5735,2
5736,2
5737,0
5738,1
5739,1
5741,0
5742,0
5743,1
5744,0
5745,0
5746,3
5747,0
5748,3
5750,0
5751,1
5752,0
5754,3
5755,0
5756,0
5757,3
5758,0
5759,0
5760,0
5761,0
5762,3
5763,0
5764,0
5765,3
5766,2
5769,3
5770,0
5771,1
5772,3
5774,2
5775,0
5776,0
5777,0
5778,0
5779,0
5781,3
5782,0
5783,3
5784,0
5785,0
5786,0
5787,0
5788,0
5791,3
5792,3
5793,2
5794,0
5795,3
5796,3
5798,1
5799,3
5800,0
5801,0
5802,3
5803,3
5804,0
5805,3
5806,0
5807,1
5808,0
5809,3
5810,3
5811,0
5812,3
5813,0
5814,1
5815,1
5817,2
5818,0
5819,0
5820,3
5821,3
5822,3
5823,1
5824,1
5825,2
5826,0
5827,3
5828,0
5829,0
5831,0
5833,0
5834,0
5835,0
5836,3
5837,0
5838,3
5839,3
5840,0
5841,3
5842,0
5843,0
5844,0
5845,1
5846,0
5847,0
5848,0
5849,0
5850,3
5851,0
5852,2
5855,3
5856,0
5857,0
5858,3
5859,0
5860,0
5861,0
5863,3
5865,3
5866,0
5867,1
5868,0
5869,2
5870,1
5872,0
5873,0
5875,0
5876,2
5877,0
5878,3
5879,3
5880,2
5881,2
5882,3
5883,0
5885,0
5886,3
5887,0
5889,3
5890,0
5891,0
5892,2
5893,3
5894,0
5895,0
5896,0
5897,3
5899,2
5900,0
5902,0
5903,3
5907,0
5908,0
5910,3
5911,3
5912,3
5914,1
5915,0
5917,2
5918,0
5919,0
5923,3
5925,2
5926,0
5927,0
5928,3
5929,0
5930,0
5931,0
5932,0
5935,0
5936,3
5937,3
5938,0
5939,0
5940,0
5942,0
5943,3
5945,0
5948,1
5949,0
5950,0
5951,3
5952,0
5953,1
5955,3
5957,2
5958,0
5959,0
5960,0
5961,0
5962,3
5963,0
5964,0
5967,0
5969,2
5971,3
5972,0
5973,3
5974,3
5975,0
5976,1
5977,0
5978,0
5979,0
5981,0
5982,1
5984,0
5985,0
5987,0
5988,2
5989,3
5990,2
5991,1
5992,0
5993,0
5994,0
5995,1
5996,1
5997,0
5998,2
5999,3
6001,2
6002,0
6005,1
6006,0
6007,3
6008,0
6009,0
6010,0
6011,0
6012,0
6013,0
6014,1
6015,0
6016,1
6017,0
6020,3
6021,3
6022,0
6023,1
6024,0
6025,0
6026,2
6028,2
6029,1
6030,1
6031,0
6032,0
6033,3
6034,2
6035,3
6036,0
6037,3
6038,0
6039,0
6040,3
6041,3
6042,2
6043,2
6044,0
6045,0
6046,0
6047,2
6048,3
6049,0
6050,3
6051,3
6052,3
6053,0
6055,0
6056,0
6057,3
6059,0
6060,1
6061,3
6062,3
6063,3
6065,0
6066,0
6068,3
6069,2
6070,0
6071,0
6072,0
6073,2
6074,2
6077,1
6078,3
6080,0
6083,0
6084,0
6085,2
6086,1
6088,0
6089,0
6090,0
6091,0
6093,3
6094,0
6095,3
6096,2
6097,3
6099,3
6100,1
6104,3
6105,0
6106,2
6107,3
6108,3
6109,3
6112,3
6113,3
6116,0
6117,0
6118,0
6119,3
6120,2
6121,3
6122,0
6123,0
6124,0
6125,0
6126,1
6129,0
6130,0
6131,0
6132,0
6133,3
6134,0
6135,0
6136,0
6137,2
6138,3
6139,3
6142,3
6143,3
6144,3
6145,3
6146,0
6148,0
6150,0
6152,3
6154,3
6155,0
6156,1
6158,3
6159,1
6161,3
6162,2
6163,3
6164,3
6166,3
6167,3
6169,0
6170,3
6171,0
6172,0
6173,0
6174,3
6177,0
6178,3
6179,3
6183,0
6184,3
6185,3
6186,0
6187,1
6188,1
6189,0
6190,0
6191,0
6192,3
6193,0
6194,3
6195,2
6196,0
6197,3
6199,1
6200,0
6201,1
6202,1
6203,1
6204,0
6206,3
6208,0
6209,0
6211,1
6212,0
6213,3
6214,0
6215,0
6216,3
6217,3
6219,3
6220,3
6221,0
6222,2
6223,3
6224,3
6225,1
6226,0
6229,0
6230,0
6231,2
6232,1
6233,0
6235,0
6236,2
6237,0
6238,2
6239,0
6240,3
6241,2
6242,0
6243,2
6244,3
6246,3
6247,0
6248,0
6249,3
6254,0
6255,3
6256,0
6257,1
6259,1
6260,1
6262,0
6263,0
6264,0
6265,0
6266,0
6267,3
6268,1
6270,3
6271,3
6273,3
6274,0
6275,0
6276,0
6277,3
6278,3
6279,0
6280,0
6281,1
6282,3
6283,0
6285,0
6290,0
6291,0
6292,2
6293,0
6294,3
6295,0
6296,3
6297,0
6298,0
6300,3
6301,2
6303,0
6304,0
6305,0
6306,0
6307,0
6309,0
6311,0
6312,3
6314,3
6316,0
6317,0
6319,0
6320,0
6321,2
6322,2
6323,3
6324,2
6326,0
6327,0
6330,0
6331,0
6332,2
6333,0
6334,3
6335,3
6336,0
6338,0
6339,0
6340,1
6342,0
6343,0
6344,0
6345,0
6346,3
6347,0
6348,0
6349,2
6351,2
6352,0
6353,0
6354,1
6355,0
6357,0
6358,3
6359,3
6360,1
6361,3
6363,0
6364,3
6365,3
6366,3
6368,3
6369,0
6370,3
6371,2
6372,3
6373,1
6374,3
6375,1
6376,3
6378,0
6379,2
6380,2
6381,0
6383,3
6384,0
6385,0
6387,2
6388,0
6390,0
6392,0
6393,3
6394,2
6395,0
6397,0
6398,2
6399,3
6400,3
6401,0
6402,3
6403,0
6404,2
6405,0
6406,2
6407,0
6408,0
6409,2
6410,3
6413,0
6415,0
6417,0
6418,3
6419,0
6421,3
6423,3
6424,0
6426,0
6427,3
6428,0
6429,1
6430,3
6432,3
6433,0
6434,1
6437,3
6438,0
6440,0
6441,2
6442,0
6443,3
6444,0
6445,0
6446,0
6447,0
6449,0
6450,0
6451,0
6452,0
6453,0
6454,0
6455,0
6456,0
6457,3
6458,3
6459,0
6460,0
6463,3
6465,0
6466,0
6467,3
6468,0
6469,0
6471,0
6472,0
6473,2
6474,0
6475,0
6476,0
6478,0
6479,0
6480,1
6481,3
6483,1
6484,0
6486,0
6487,0
6488,0
6489,0
6490,1
6491,3
6493,0
6494,3
6495,3
6496,2
6497,3
6498,3
6499,2
6500,2
6501,3
6502,1
6503,2
6504,2
6505,0
6506,3
6509,3
6510,3
6511,0
6512,3
6513,3
6514,0
6515,3
6517,3
6518,0
6519,0
6520,0
6521,1
6522,0
6523,0
6524,3
6526,3
6527,2
6528,3
6529,2
6530,0
6531,2
6532,0
6533,1
6534,1
6535,0
6536,3
6538,1
6541,3
6543,2
6544,0
6545,0
6546,3
6550,1
6551,2
6552,0
6554,2
6555,0
6556,1
6557,0
6559,0
6560,3
6561,0
6562,0
6563,3
6564,3
6565,1
6568,0
6570,3
6571,0
6572,2
6573,0
6574,3
6576,3
6577,0
6578,3
6579,0
6580,1
6585,3
6586,3
6587,1
6588,0
6590,3
6591,0
6593,3
6595,0
6596,0
6597,1
6599,2
6600,0
6601,0
6603,2
6604,3
6605,3
6606,3
6607,3
6608,1
6609,3
6611,0
6612,2
6613,3
6614,0
6615,0
6616,0
6617,0
6618,0
6619,0
6620,1
6623,1
6624,3
6625,0
6626,3
6627,3
6628,2
6629,1
6630,1
6631,0
6632,3
6633,1
6634,1
6635,0
6636,3
6637,3
6638,0
6639,3
6641,3
6642,2
6643,2
6644,0
6645,0
6647,1
6648,2
6649,0
6650,1
6651,3
6652,0
6653,2
6654,0
6655,0
6656,0
6657,3
6659,3
6660,3
6662,2
6663,0
6664,3
6665,1
6667,2
6668,0
6670,3
6671,1
6672,0
6673,0
6674,2
6676,3
6677,0
6678,1
6679,0
6683,1
6684,0
6686,3
6688,3
6689,3
6690,0
6692,0
6693,1
6694,3
6695,0
6696,0
6697,2
6698,3
6699,3
6700,0
6701,0
6702,3
6703,0
6705,0
6706,3
6707,0
6709,0
6710,1
6711,3
6712,0
6713,0
6714,3
6715,0
6716,0
6717,0
6718,0
6719,0
6721,3
6722,0
6724,1
6725,0
6726,0
6727,3
6728,3
6729,2
6730,0
6731,2
6733,2
6734,3
6735,3
6736,1
6737,2
6738,0
6740,3
6741,0
6742,0
6743,0
6745,0
6747,3
6749,1
6750,3
6751,0
6752,3
6753,3
6755,3
6757,3
6758,3
6759,1
6760,0
6761,0
6763,0
6765,0
6766,1
6767,0
6768,0
6769,3
6770,2
6771,1
6772,2
6773,3
6774,2
6775,0
6776,3
6777,0
6778,1
6779,0
6780,0
6781,0
6782,0
6783,0
6784,0
6785,0
6786,3
6787,3
6788,0
6789,2
6791,0
6795,0
6796,0
6798,2
6799,3
6800,0
6801,1
6803,1
6805,0
6806,0
6808,0
6809,0
6811,3
6812,0
6813,0
6815,3
6816,2
6817,3
6818,3
6819,0
6820,0
6821,0
6822,3
6824,0
6825,3
6826,0
6827,0
6828,3
6829,0
6830,0
6831,0
6832,2
6834,0
6835,0
6838,0
6839,3
6840,3
6841,3
6842,3
6843,3
6844,3
6846,0
6847,0
6848,0
6849,0
6850,3
6851,2
6852,3
6856,3
6857,0
6858,3
6859,0
6860,0
6861,0
6862,0
6863,3
6865,3
6866,1
6867,2
6868,3
6870,3
6871,3
6872,0
6873,0
6874,1
6875,1
6876,0
6878,3
6879,2
6880,1
6882,3
6884,3
6885,0
6888,1
6890,3
6891,2
6892,0
6893,3
6894,0
6895,3
6896,2
6899,0
6900,3
6901,0
6902,1
6903,2
6905,2
6906,3
6907,0
6908,0
6909,0
6910,0
6911,3
6913,0
6914,0
6915,2
6916,0
6918,0
6919,0
6920,3
6921,0
6922,1
6923,0
6924,2
6925,1
6926,3
6927,0
6928,1
6930,3
6931,0
6932,3
6933,0
6935,0
6936,3
6937,0
6938,2
6940,0
6941,3
6942,0
6944,3
6945,0
6947,0
6948,0
6949,1
6951,1
6952,1
6953,0
6954,3
6955,2
6957,0
6958,1
6959,0
6960,0
6962,0
6964,3
6965,3
6967,3
6968,2
6969,0
6970,3
6971,0
6973,0
6974,3
6975,2
6976,0
6977,3
6978,0
6979,0
6980,0
6981,0
6982,2
6985,3
6986,0
6987,0
6990,3
6992,0
6993,0
6994,1
6995,0
6996,1
6997,2
6998,0
7002,3
7003,0
7004,0
7005,0
7006,3
7007,0
7008,1
7009,0
7010,0
7011,0
7013,0
7014,1
7015,0
7016,2
7017,3
7018,3
7019,3
7020,1
7022,3
7023,3
7025,3
7026,3
7027,1
7028,3
7029,0
7030,0
7031,3
7033,1
7034,3
7035,2
7036,0
7037,3
7038,0
7041,0
7042,0
7043,2
7044,0
7046,3
7048,3
7049,0
7050,0
7051,1
7053,2
7054,0
7056,0
7057,0
7058,0
7059,0
7060,0
7061,3
7062,1
7063,0
7064,3
7066,2
7067,3
7068,3
7069,3
7070,0
7071,0
7073,0
7074,3
7075,0
7076,3
7077,0
7078,0
7079,3
7080,0
7081,2
7083,0
7084,0
7087,1
7089,0
7090,0
7091,0
7092,0
7093,0
7094,0
7095,0
7096,0
7097,2
7098,3
7100,3
7101,0
7102,0
7105,0
7106,3
7107,0
7108,3
7109,0
7110,0
7111,0
7113,3
7115,3
7116,3
7118,0
7119,3
7121,1
7124,3
7125,0
7127,3
7128,0
7129,3
7130,1
7131,1
7132,0
7134,3
7135,0
7136,0
7138,0
7140,0
7141,0
7143,0
7144,3
7147,2
7148,3
7150,0
7151,3
7152,1
7153,1
7155,1
7156,2
7157,0
7158,3
7159,0
7160,1
7161,0
7163,0
7164,3
7165,0
7166,3
7167,0
7168,3
7170,3
7171,3
7173,1
7174,0
7175,2
7176,0
7177,0
7178,3
7179,0
7180,3
7181,0
7182,1
7183,2
7184,3
7185,0
7186,0
7187,2
7188,1
7190,3
7191,3
7192,0
7194,0
7195,0
7196,0
7197,1
7198,3
7200,3
7201,1
7202,0
7203,0
7204,3
7205,0
7206,3
7207,0
7208,0
7209,3
7211,1
7212,0
7214,0
7215,3
7216,0
7217,0
7218,3
7219,0
7220,3
7222,3
7223,0
7224,0
7225,0
7226,3
7227,0
7228,3
7229,0
7230,3
7231,0
7232,3
7233,1
7234,3
7235,0
7236,1
7237,0
7238,0
7239,0
7240,2
7241,3
7242,0
7243,2
7245,1
7246,2
7247,3
7249,0
7250,3
7251,3
7254,0
7255,0
7257,3
7259,0
7260,3
7261,3
7262,3
7263,3
7264,0
7266,1
7267,3
7269,0
7271,3
7272,0
7274,0
7275,0
7276,1
7277,0
7278,0
7279,0
7280,0
7281,3
7282,0
7283,0
7284,3
7285,1
7286,3
7287,0
7288,0
7289,3
7290,1
7291,3
7293,0
7294,0
7296,3
7297,3
7298,3
7300,3
7301,2
7302,3
7303,0
7304,0
7307,3
7308,3
7309,3
7310,0
7311,3
7312,1
7313,0
7314,0
7315,1
7316,2
7317,0
7318,0
7319,3
7320,3
7321,0
7322,0
7323,1
7325,3
7327,3
7328,0
7329,0
7330,2
7331,2
7332,0
7333,0
7334,3
7335,0
7336,0
7337,3
7338,0
7339,3
7340,3
7342,2
7343,0
7344,3
7345,0
7346,3
7347,1
7348,2
7349,1
7350,0
7351,2
7352,0
7353,0
7354,0
7355,3
7356,0
7357,1
7359,1
7361,3
7362,2
7363,3
7364,3
7365,0
7367,0
7368,0
7369,3
7370,0
7371,3
7372,3
7373,0
7374,0
7375,0
7376,1
7377,3
7378,0
7380,0
7381,2
7382,3
7383,1
7385,0
7388,3
7389,0
7390,0
7391,3
7392,0
7393,2
7394,0
7395,0
7396,0
7397,1
7398,3
7399,1
7400,3
7401,0
7402,0
7403,1
7404,3
7405,0
7406,2
7407,0
7408,0
7409,3
7410,0
7411,0
7412,0
7413,3
7414,1
7415,3
7416,0
7417,3
7418,0
7419,0
7420,0
7421,0
7422,0
7423,0
7424,0
7425,0
7426,0
7427,0
7428,3
7430,0
7431,0
7432,0
7433,0
7434,3
7435,0
7437,1
7439,2
7440,0
7441,0
7442,1
7443,0
7445,0
7447,0
7448,1
7449,3
7450,0
7451,1
7452,2
7453,0
7454,3
7455,3
7456,3
7457,0
7458,3
7459,2
7460,3
7461,3
7462,2
7463,2
7465,3
7466,0
7467,0
7470,0
7471,0
7472,0
7473,1
7475,0
7476,0
7477,1
7478,3
7479,0
7480,0
7481,0
7482,0
7483,0
7484,3
7485,1
7486,0
7488,0
7492,1
7493,2
7494,3
7495,3
7496,1
7498,0
7499,0
7500,2
7501,0
7502,0
7503,0
7504,1
7506,0
7509,0
7510,0
7512,1
7513,3
7514,0
7515,3
7516,0
7517,1
7518,3
7519,2
7520,3
7521,3
7522,3
7523,0
7525,0
7526,0
7528,0
7529,0
7530,2
7531,2
7533,3
7535,3
7536,0
7537,0
7538,0
7539,1
7541,0
7542,1
7543,3
7544,3
7545,2
7546,1
7547,0
7548,0
7549,0
7550,0
7551,3
7555,3
7556,3
7557,0
7558,0
7559,3
7560,2
7561,0
7562,3
7564,3
7565,2
7566,0
7567,0
7568,1
7569,2
7570,0
7571,0
7572,0
7573,0
7574,2
7575,3
7577,2
7578,0
7579,3
7581,3
7582,0
7583,1
7586,0
7587,3
7588,3
7590,0
7591,2
7592,3
7594,0
7595,0
7596,0
7598,0
7599,0
7600,2
7601,3
7603,0
7604,0
7606,3
7607,1
7609,0
7610,1
7611,3
7612,1
7613,0
7614,0
7616,0
7619,0
7620,1
7621,0
7623,3
7626,3
7628,1
7630,0
7631,3
7632,0
7633,3
7634,3
7635,0
7638,1
7639,3
7640,3
7641,0
7643,1
7644,1
7645,0
7647,0
7648,0
7649,3
7651,1
7652,0
7656,0
7657,2
7660,1
7661,0
7662,0
7663,0
7664,0
7665,1
7667,1
7669,0
7670,0
7672,0
7673,3
7674,0
7675,1
7676,0
7677,0
7678,0
7679,0
7680,1
7681,3
7682,2
7683,2
7684,0
7685,0
7686,0
7687,3
7689,0
7690,0
7692,0
7693,0
7694,0
7695,0
7696,0
7697,3
7698,3
7700,0
7701,3
7702,2
7703,1
7704,3
7706,2
7707,1
7708,0
7709,3
7711,0
7712,1
7713,0
7714,0
7716,3
7717,3
7718,0
7719,2
7721,0
7723,0
7724,0
7725,0
7726,2
7727,3
7729,0
7730,1
7731,3
7732,0
7733,0
7735,0
7736,1
7737,0
7738,0
7739,0
7740,3
7741,0
7742,0
7743,3
7744,0
7745,0
7746,3
7747,3
7748,3
7749,3
7750,3
7751,0
7752,0
7753,3
7754,2
7755,3
7756,0
7757,1
7760,0
7761,3
7762,0
7763,3
7764,3
7765,1
7766,3
7767,3
7768,2
7769,3
7772,1
7773,0
7774,3
7775,0
7776,3
7778,0
7779,1
7780,0
7781,0
7782,2
7784,0
7786,0
7787,0
7789,2
7790,0
7792,3
7794,3
7795,3
7796,0
7797,0
7798,3
7799,0
7800,0
7801,0
7802,0
7803,3
7804,0
7805,1
7806,3
7808,0
7809,0
7810,3
7811,3
7812,0
7815,0
7817,1
7819,0
7820,0
7822,3
7823,0
7824,0
7825,3
7827,0
7828,0
7829,0
7830,0
7831,1
7833,0
7834,0
7835,3
7836,2
7838,2
7839,1
7840,1
7841,0
7843,0
7844,3
7845,2
7846,3
7847,3
7848,0
7849,0
7850,2
7851,0
7852,0
7853,0
7854,0
7855,0
7858,0
7859,0
7860,0
7861,3
7862,0
7863,0
7865,0
7867,0
7868,3
7869,2
7871,1
7872,2
7873,2
7875,0
7876,0
7877,0
7879,0
7880,3
7881,3
7882,3
7883,3
7884,0
7885,1
7887,0
7888,2
7889,3
7890,0
7891,0
7892,1
7893,0
7894,2
7896,0
7897,3
7898,3
7899,0
7900,0
7901,2
7903,3
7904,0
7905,1
7906,3
7907,3
7908,0
7909,0
7912,0
7913,0
7914,3
7915,0
7916,3
7917,0
7918,3
7920,0
7921,2
7922,0
7923,3
7924,3
7925,0
7927,1
7928,0
7929,0
7930,0
7931,3
7932,0
7933,0
7934,2
7935,3
7936,3
7937,0
7939,0
7940,2
7942,0
7943,0
7944,3
7946,0
7947,0
7948,0
7949,0
7950,3
7951,0
7953,2
7954,3
7955,3
7956,0
7957,0
7958,3
7960,3
7961,2
7963,3
7965,3
7966,0
7967,3
7968,0
7969,1
7970,0
7971,0
7972,3
7973,2
7974,1
7975,3
7976,0
7977,1
7978,3
7979,3
7980,3
7981,3
7983,0
7984,2
7985,0
7986,3
7987,0
7988,0
7989,3
7990,3
7991,0
7992,0
7993,3
7994,0
7995,3
7999,1
8000,0
8001,3
8003,3
8004,0
8005,3
8007,0
8008,0
8009,0
8010,0
8011,0
8012,3
8014,3
8015,3
8016,0
8017,3
8018,1
8019,0
8020,3
8021,0
8022,0
8023,0
8025,0
8026,0
8027,0
8029,3
8031,1
8032,1
8033,3
8034,0
8035,0
8036,0
8037,0
8038,3
8039,0
8041,3
8042,0
8043,3
8044,3
8045,1
8046,0
8047,0
8048,3
8049,3
8051,3
8052,1
8055,0
8056,3
8059,3
8060,3
8061,0
8062,0
8063,0
8064,2
8065,0
8066,0
8067,2
8069,0
8070,3
8071,0
8072,0
8074,0
8075,0
8076,0
8077,3
8078,0
8080,3
8081,0
8082,3
8085,0
8086,3
8087,3
8088,0
8089,3
8090,3
8091,3
8092,0
8093,1
8094,0
8095,0
8096,3
8097,1
8098,0
8100,1
8101,0
8102,3
8103,0
8104,3
8105,3
8106,2
8107,3
8108,3
8109,2
8110,3
8111,0
8112,3
8113,3
8114,0
8115,3
8116,3
8117,3
8118,1
8119,0
8120,3
8121,3
8122,0
8123,1
8124,0
8126,0
8127,3
8128,3
8130,0
8131,0
8132,0
8133,3
8134,1
8135,0
8136,0
8137,3
8138,0
8139,3
8140,3
8141,0
8143,0
8144,1
8145,3
8148,3
8150,0
8151,0
8152,0
8153,0
8154,0
8155,3
8157,3
8159,3
8160,0
8161,2
8162,2
8163,0
8164,0
8165,3
8167,0
8169,0
8170,1
8171,0
8172,2
8175,3
8177,3
8178,0
8179,0
8180,1
8181,3
8184,1
8185,2
8187,3
8188,0
8190,0
8192,0
8194,3
8195,2
8197,0
8198,1
8199,0
8200,0
8201,1
8202,0
8203,0
8204,0
8205,0
8206,0
8207,0
8208,0
8209,3
8210,2
8212,0
8213,3
8214,0
8216,3
8217,0
8218,0
8219,3
8220,0
8221,0
8222,0
8223,3
8225,0
8226,0
8227,2
8228,2
8229,1
8230,3
8231,1
8232,0
8234,3
8235,3
8236,3
8237,3
8241,0
8242,0
8243,1
8244,0
8246,1
8247,1
8248,3
8249,3
8251,0
8253,0
8254,2
8255,0
8257,0
8258,3
8259,0
8261,3
8262,2
8263,0
8264,0
8265,0
8266,1
8267,3
8268,3
8269,3
8270,0
8272,0
8273,3
8274,3
8275,0
8276,0
8277,1
8278,3
8279,0
8281,3
8284,2
8285,0
8286,3
8287,1
8288,0
8289,3
8290,3
8291,3
8292,0
8293,0
8294,0
8295,0
8296,0
8297,0
8298,0
8300,0
8301,3
8302,3
8303,1
8304,3
8305,0
8307,2
8308,0
8309,0
8310,0
8311,2
8312,2
8313,3
8314,0
8315,1
8317,3
8319,3
8320,0
8321,0
8323,0
8325,3
8326,1
8327,0
8328,2
8329,0
8330,3
8331,3
8333,2
8334,3
8336,0
8337,1
8338,0
8339,0
8340,3
8341,0
8342,2
8344,3
8345,3
8346,2
8347,0
8348,0
8349,1
8351,0
8352,1
8354,0
8355,0
8356,3
8357,0
8358,1
8360,0
8361,3
8362,3
8363,0
8365,3
8366,0
8368,0
8369,0
8370,2
8371,3
8372,2
8373,1
8374,3
8375,2
8376,0
8377,1
8379,3
8381,0
8382,3
8383,1
8384,3
8385,0
8386,3
8387,0
8388,0
8389,2
8391,0
8392,0
8394,1
8395,3
8396,2
8397,1
8399,2
8400,3
8401,0
8402,1
8403,0
8404,0
8405,0
8406,0
8407,0
8408,3
8409,3
8410,0
8411,3
8414,0
8415,2
8416,0
8419,0
8421,3
8422,1
8423,0
8425,3
8427,0
8431,3
8432,3
8433,0
8434,0
8435,2
8436,1
8439,0
8440,1
8441,0
8442,3
8443,3
8444,0
8445,0
8446,0
8447,3
8449,3
8451,0
8452,1
8453,3
8454,2
8455,0
8456,0
8457,3
8458,0
8459,0
8460,2
8461,0
8462,0
8463,0
8464,0
8465,0
8466,0
8467,2
8468,0
8469,0
8470,0
8471,1
8472,0
8473,0
8475,0
8476,0
8478,2
8479,0
8480,3
8481,3
8485,3
8486,0
8487,0
8488,1
8489,3
8490,2
8491,3
8492,1
8493,0
8494,2
8496,1
8497,2
8499,3
8500,0
8501,0
8502,2
8503,0
8504,0
8505,0
8506,0
8507,2
8508,3
8509,0
8511,0
8514,2
8515,3
8516,0
8517,0
8518,0
8519,3
8520,0
8523,3
8524,2
8526,0
8527,2
8528,0
8530,2
8531,3
8532,2
8533,2
8534,0
8535,0
8536,1
8537,0
8538,0
8539,0
8540,3
8541,0
8542,0
8543,0
8544,3
8545,2
8547,3
8548,0
8549,0
8550,0
8551,3
8553,0
8555,1
8558,1
8559,3
8560,0
8561,0
8562,0
8563,0
8564,3
8565,3
8566,1
8567,0
8568,3
8570,3
8571,0
8573,1
8574,1
8575,0
8576,0
8577,0
8579,2
8580,1
8584,0
8585,2
8586,1
8587,0
8588,0
8589,0
8590,0
8591,0
8592,0
8593,1
8594,0
8595,3
8596,1
8600,0
8601,0
8602,0
8603,0
8604,0
8605,0
8606,2
8607,3
8608,3
8609,0
8610,0
8611,2
8612,3
8614,3
8615,0
8617,3
8618,0
8619,0
8620,0
8623,1
8624,3
8625,0
8627,0
8628,0
8629,1
8631,3
8633,0
8634,0
8635,0
8636,3
8637,0
8638,3
8641,3
8642,0
8643,2
8644,0
8645,0
8646,0
8648,0
8649,0
8650,0
8651,1
8652,3
8654,3
8655,0
8656,3
8657,0
8658,3
8660,3
8661,0
8664,0
8665,3
8666,3
8667,1
8669,3
8670,2
8671,0
8672,0
8673,0
8675,1
8676,1
8677,2
8678,0
8679,0
8681,0
8683,0
8684,2
8685,0
8687,0
8688,2
8689,0
8690,2
8691,0
8692,2
8693,0
8694,0
8696,0
8697,1
8699,3
8700,0
8701,3
8702,0
8705,3
8706,0
8707,0
8708,3
8710,0
8711,0
8713,0
8716,3
8717,3
8719,0
8720,3
8721,1
8722,2
8723,0
8724,0
8725,3
8727,0
8728,2
8729,0
8730,0
8732,0
8734,0
8735,3
8737,0
8738,3
8739,1
8740,0
8741,0
8742,0
8743,3
8745,1
8746,3
8748,3
8749,0
8751,3
8752,0
8754,0
8755,0
8756,2
8757,3
8758,0
8759,0
8760,0
8761,0
8762,3
8763,3
8765,0
8766,3
8767,2
8768,3
8770,1
8771,0
8772,3
8774,0
8778,3
8779,3
8780,3
8781,3
8782,3
8783,3
8784,0
8785,3
8786,3
8787,3
8789,3
8791,3
8794,0
8795,0
8797,3
8798,0
8799,0
8800,0
8801,0
8802,3
8803,2
8805,3
8806,0
8807,0
8808,3
8810,0
8812,3
8813,0
8814,0
8817,2
8818,0
8819,0
8820,3
8821,1
8824,1
8825,3
8826,3
8828,3
8830,0
8831,0
8832,0
8833,1
8834,3
8835,3
8836,0
8837,0
8838,2
8839,3
8841,3
8842,0
8843,0
8844,3
8845,3
8846,0
8847,2
8849,0
8851,0
8852,2
8853,2
8854,0
8855,2
8856,2
8857,3
8858,3
8859,0
8860,0
8862,3
8863,0
8865,0
8868,0
8869,3
8871,3
8872,3
8874,3
8876,0
8877,0
8878,2
8879,2
8880,0
8881,0
8882,1
8883,1
8884,0
8885,0
8887,0
8888,0
8889,3
8890,2
8891,0
8892,0
8893,2
8894,1
8895,0
8896,3
8897,0
8898,0
8899,0
8901,0
8902,3
8903,0
8904,0
8905,3
8906,3
8907,0
8908,0
8909,0
8910,0
8911,3
8912,3
8914,0
8915,0
8916,3
8918,3
8919,0
8921,3
8923,0
8924,3
8925,2
8926,0
8927,0
8928,2
8929,0
8931,3
8932,0
8933,0
8934,0
8936,3
8937,0
8938,1
8939,0
8940,2
8941,0
8942,0
8943,0
8944,3
8945,3
8946,2
8947,3
8948,3
8949,1
8950,0
8951,0
8952,0
8953,3
8954,3
8955,2
8956,1
8959,0
8960,1
8961,3
8964,2
8965,0
8966,3
8968,2
8970,1
8971,0
8972,0
8973,3
8974,2
8975,3
8976,3
8977,2
8979,0
8980,0
8981,0
8982,0
8983,3
8984,2
8985,0
8986,1
8988,3
8989,0
8991,0
8992,1
8993,1
8994,0
8995,0
8997,0
8998,1
8999,0
9000,2
9001,0
9002,0
9003,0
9004,1
9005,0
9006,1
9008,3
9009,0
9010,1
9011,3
9012,0
9014,0
9015,3
9016,3
9017,0
9018,2
9020,0
9021,3
9022,0
9023,0
9025,0
9026,3
9028,0
9029,3
9030,3
9031,0
9032,0
9033,3
9035,0
9036,0
9037,3
9039,0
9040,0
9041,0
9042,3
9043,3
9044,2
9045,3
9046,0
9047,0
9048,1
9049,2
9050,0
9051,0
9052,0
9053,1
9054,3
9055,2
9056,0
9057,3
9058,0
9061,3
9063,0
9064,2
9065,3
9066,3
9067,0
9068,1
9069,0
9070,0
9071,0
9074,2
9075,0
9077,2
9078,0
9079,0
9080,0
9081,0
9082,2
9083,3
9085,0
9086,0
9087,3
9089,0
9090,0
9091,3
9092,0
9093,0
9094,3
9095,3
9098,3
9099,0
9100,0
9101,1
9102,3
9104,1
9105,3
9106,3
9107,0
9108,1
9109,1
9110,3
9111,0
9112,0
9120,3
9121,0
9122,2
9124,3
9126,0
9127,1
9128,3
9130,2
9131,0
9133,1
9136,0
9137,0
9138,3
9139,3
9141,3
9142,1
9143,2
9144,3
9145,3
9146,3
9147,0
9148,0
9149,1
9150,1
9151,3
9152,3
9153,2
9154,3
9156,0
9157,3
9158,2
9159,2
9161,3
9162,0
9164,0
9165,0
9166,0
9167,0
9168,2
9169,0
9170,0
9171,1
9172,1
9174,0
9175,0
9176,0
9177,2
9178,0
9179,1
9183,1
9184,1
9185,3
9186,1
9187,3
9188,0
9190,3
9191,0
9192,0
9193,0
9194,2
9195,3
9196,3
9197,2
9199,0
9200,3
9201,1
9203,3
9204,0
9206,2
9207,0
9208,0
9209,2
9210,0
9211,3
9212,3
9213,1
9214,3
9216,3
9217,2
9218,0
9219,0
9220,0
9221,3
9222,0
9223,0
9225,0
9226,0
9227,3
9229,3
9230,0
9231,3
9233,3
9234,1
9235,0
9236,0
9237,3
9238,0
9239,3
9241,1
9242,0
9243,0
9244,0
9245,2
9246,1
9249,3
9250,3
9251,3
9252,0
9253,0
9254,0
9256,0
9257,2
9258,3
9259,0
9262,0
9263,0
9264,0
9266,0
9267,2
9268,0
9270,3
9271,3
9272,0
9273,3
9274,1
9275,0
9279,2
9280,0
9281,2
9283,0
9284,0
9285,3
9286,2
9287,3
9288,2
9289,2
9290,0
9292,0
9293,0
9294,1
9295,0
9296,0
9297,0
9298,0
9299,3
9300,0
9301,0
9302,0
9303,3
9304,3
9305,0
9307,3
9308,0
9309,0
9310,0
9311,3
9312,1
9313,0
9314,0
9315,0
9316,0
9317,1
9318,1
9319,3
9320,0
9322,3
9325,0
9326,2
9327,0
9328,3
9329,2
9330,3
9332,0
9333,3
9335,0
9336,2
9337,3
9338,0
9339,0
9340,0
9343,3
9344,0
9345,3
9346,0
9347,3
9348,0
9349,0
9351,0
9353,0
9354,0
9357,3
9358,0
9359,0
9360,3
9362,2
9363,0
9364,3
9365,0
9366,1
9367,3
9368,3
9369,3
9370,3
9371,3
9372,0
9373,1
9374,3
9375,2
9378,0
9379,1
9380,3
9381,1
9382,0
9383,3
9384,1
9385,0
9386,2
9387,0
9388,3
9389,2
9390,3
9392,0
9395,0
9396,1
9397,0
9398,2
9400,0
9401,0
9402,2
9403,3
9404,0
9405,2
9406,2
9407,0
9408,2
9409,0
9412,0
9413,0
9415,1
9416,1
9417,0
9418,2
9419,3
9421,3
9422,3
9423,3
9424,3
9425,1
9426,0
9427,1
9429,3
9430,0
9431,0
9432,0
9435,0
9437,3
9438,3
9439,1
9440,0
9441,2
9442,1
9444,1
9445,0
9447,0
9448,3
9451,0
9452,0
9453,0
9454,0
9456,0
9457,0
9458,3
9459,0
9460,0
9461,0
9462,3
9463,0
9464,3
9465,3
9466,2
9467,0
9468,0
9470,3
9471,3
9472,3
9473,2
9475,3
9476,3
9477,0
9479,3
9480,0
9481,3
9482,3
9483,3
9484,0
9486,0
9487,0
9488,3
9489,0
9491,3
9492,0
9493,1
9494,2
9495,0
9496,0
9497,0
9498,3
9499,3
9500,0
9501,0
9502,0
9503,0
9505,1
9506,1
9508,0
9509,0
9510,2
9511,3
9512,0
9514,0
9515,0
9516,2
9517,0
9518,1
9519,0
9520,0
9522,3
9523,3
9525,0
9526,2
9527,0
9528,0
9530,2
9531,0
9532,0
9533,0
9534,3
9535,1
9536,1
9537,0
9538,0
9539,3
9540,3
9541,1
9542,1
9543,0
9545,3
9546,2
9547,0
9548,0
9549,0
9551,0
9552,3
9554,1
9555,0
9556,0
9557,2
9558,3
9559,3
9561,0
9562,3
9564,0
9565,3
9567,0
9569,3
9570,3
9571,1
9572,0
9575,0
9576,3
9577,3
9579,3
9580,3
9581,3
9583,0
9584,3
9585,3
9586,0
9588,2
9589,1
9590,0
9591,0
9592,3
9593,1
9594,3
9595,2
9596,0
9597,1
9599,3
9600,0
9601,3
9602,0
9604,0
9606,2
9607,3
9608,2
9609,0
9611,0
9612,3
9613,0
9614,3
9615,2
9616,0
9617,0
9618,0
9619,1
9620,1
9621,0
9622,3
9623,0
9624,1
9625,2
9626,2
9627,0
9628,3
9629,1
9630,0
9631,0
9632,0
9633,3
9636,3
9637,3
9639,3
9640,1
9641,0
9644,0
9645,0
9646,0
9647,0
9649,0
9650,1
9651,3
9652,2
9653,1
9654,3
9655,0
9656,0
9657,3
9658,0
9659,0
9661,0
9662,0
9663,1
9664,3
9665,0
9666,3
9667,0
9668,0
9669,1
9670,2
9671,1
9672,3
9674,2
9675,0
9676,0
9677,3
9678,2
9679,3
9683,0
9685,3
9686,0
9687,1
9688,2
9689,3
9690,3
9691,3
9692,0
9693,0
9694,0
9696,1
9697,0
9698,0
9699,2
9700,3
9701,3
9702,0
9703,0
9704,3
9705,2
9707,3
9708,1
9709,0
9710,2
9712,3
9714,0
9715,3
9716,0
9717,3
9718,0
9722,0
9724,3
9726,3
9727,0
9728,3
9729,0
9730,1
9731,0
9732,3
9733,1
9735,0
9736,0
9737,0
9738,3
9739,0
9740,1
9741,0
9742,2
9745,0
9747,2
9748,0
9749,2
9751,0
9753,2
9754,3
9755,0
9756,0
9758,0
9759,2
9760,0
9761,3
9762,0
9763,0
9764,0
9765,1
9766,0
9767,0
9768,0
9769,0
9770,3
9771,3
9772,3
9773,1
9776,3
9777,3
9779,0
9780,0
9781,0
9784,0
9785,1
9787,3
9788,0
9789,0
9790,0
9791,0
9792,3
9793,2
9794,3
9795,0
9796,0
9797,3
9798,3
9799,3
9800,3
9801,3
9802,3
9803,0
9804,0
9805,3
9807,0
9808,3
9809,0
9812,0
9814,3
9815,1
9817,0
9818,0
9819,0
9820,1
9821,2
9822,3
9823,3
9824,0
9825,3
9827,0
9828,0
9829,3
9830,0
9831,0
9832,3
9833,0
9834,0
9837,2
9838,0
9841,3
9842,0
9843,2
9844,0
9847,0
9849,0
9850,3
9851,0
9852,0
9853,0
9856,0
9858,0
9859,0
9860,0
9861,0
9864,3
9866,0
9867,0
9868,0
9869,0
9870,1
9873,0
9876,2
9877,1
9879,3
9880,3
9883,0
9884,0
9885,1
9886,0
9887,0
9888,3
9889,3
9890,0
9891,3
9892,1
9893,0
9895,0
9896,0
9897,3
9898,3
9899,3
9900,3
9901,3
9902,3
9903,0
9904,3
9905,1
9906,1
9908,3
9909,3
9910,1
9911,0
9912,0
9913,3
9914,1
9915,0
9916,0
9917,0
9918,3
9919,3
9920,1
9921,1
9922,2
9923,3
9924,1
9925,0
9926,3
9927,0
9928,0
9929,1
9930,0
9931,0
9932,0
9933,3
9934,1
9937,3
9938,0
9940,0
9941,0
9942,0
9943,3
9944,0
9945,2
9946,0
9947,3
9948,0
9949,0
9950,3
9951,1
9952,0
9953,1
9954,1
9955,0
9956,0
9958,2
9959,1
9960,0
9961,0
9963,0
9964,3
9965,2
9966,0
9967,2
9969,3
9970,0
9971,0
9972,1
9973,3
9974,0
9975,0
9977,3
9978,0
9979,0
9980,2
9981,1
9982,3
9984,3
9985,3
9986,0
9987,0
9988,2
9989,1
9990,3
9991,0
9992,1
9993,3
9994,2
9995,0
9996,3
9997,3
9999,3
10000,3
10001,0
10002,0
10003,0
10004,0
10005,3
10006,0
10007,3
10008,1
10009,0
10010,0
10012,0
10013,3
10014,3
10015,2
10017,0
10018,0
10019,3
10020,0
10021,0
10022,3
10023,0
10024,3
10025,1
10026,0
10027,3
10028,0
10029,0
10030,0
10031,1
10033,0
10034,0
10036,0
10037,1
10040,0
10041,0
10042,0
10043,0
10044,2
10045,0
10046,0
10047,3
10048,0
10049,0
10050,1
10051,2
10052,0
10053,0
10056,3
10057,3
10058,0
10059,0
10060,3
10062,0
10064,0
10065,3
10068,0
10069,2
10070,3
10071,0
10072,0
10073,0
10074,1
10075,3
10076,0
10078,0
10081,3
10082,0
10085,0
10086,1
10087,0
10088,0
10089,3
10090,0
10093,0
10095,1
10096,0
10097,3
10098,0
10099,0
10100,3
10101,0
10102,3
10103,0
10104,0
10105,0
10106,0
10108,2
10109,3
10110,3
10111,0
10112,3
10113,0
10114,1
10115,0
10116,0
10117,3
10118,0
10119,0
10120,2
10121,0
10122,0
10123,1
10125,3
10126,0
10127,3
10130,3
10132,1
10133,0
10134,0
10135,2
10136,1
10138,0
10139,3
10141,1
10142,0
10145,3
10146,0
10147,3
10148,1
10150,0
10151,3
10152,2
10154,0
10155,3
10156,3
10157,0
10159,0
10160,3
10162,2
10163,3
10164,0
10165,3
10166,0
10167,0
10168,0
10169,0
10174,2
10175,0
10176,0
10177,0
10178,0
10179,0
10180,2
10181,0
10182,3
10183,3
10185,0
10186,0
10188,0
10190,1
10191,3
10192,0
10193,3
10194,0
10195,0
10196,0
10197,1
10199,3
10200,3
10201,3
10202,0
10203,1
10204,0
10205,3
10206,3
10207,3
10208,0
10210,2
10211,3
10212,1
10213,3
10215,2
10216,2
10218,3
10219,0
10220,0
10221,0
10222,0
10224,3
10226,0
10227,2
10228,0
10229,3
10230,3
10231,0
10232,3
10233,1
10234,0
10236,3
10237,1
10238,0
10239,3
10241,1
10242,2
10243,0
10245,0
10246,3
10248,3
10249,0
10250,0
10251,0
10252,3
10253,3
10255,0
10256,0
10258,3
10259,0
10260,0
10262,0
10263,0
10264,0
10265,1
10266,3
10267,0
10269,3
10270,0
10272,0
10273,1
10274,3
10275,0
10276,0
10277,0
10278,0
10280,1
10281,0
10282,1
10283,2
10284,3
10285,0
10286,0
10287,0
10288,1
10289,0
10290,0
10291,0
10292,0
10293,0
10295,2
10296,0
10297,1
10299,1
10300,1
10301,0
10303,3
10304,0
10305,0
10308,3
10310,1
10311,3
10312,1
10313,0
10315,0
10316,0
10317,2
10318,0
10320,0
10321,3
10322,0
10323,0
10324,0
10326,0
10327,3
10328,0
10329,0
10330,0
10331,3
10332,0
10334,2
10335,3
10336,0
10340,0
10341,1
10342,0
10343,1
10344,3
10345,0
10346,1
10348,3
10350,0
10351,1
10352,3
10353,0
10354,0
10355,0
10356,0
10357,0
10358,3
10359,3
10360,1
10361,3
10362,0
10363,0
10364,0
10365,1
10366,0
10367,2
10368,2
10369,3
10371,0
10372,0
10373,2
10375,2
10376,3
10377,1
10378,0
10379,3
10380,0
10381,3
10383,0
10384,0
10385,1
10386,2
10388,2
10389,3
10390,3
10391,0
10392,0
10393,2
10394,0
10395,1
10398,3
10399,0
10400,0
10402,2
10403,0
10404,0
10405,0
10406,0
10408,0
10409,1
10410,3
10411,3
10412,0
10413,3
10414,3
10415,0
10416,1
10417,3
10418,3
10419,2
10420,3
10421,3
10422,1
10423,0
10425,0
10426,0
10427,0
10428,0
10429,0
10430,0
10431,1
10432,0
10434,0
10435,0
10436,0
10440,0
10441,3
10442,0
10443,0
10444,2
10445,0
10446,3
10447,0
10448,3
10449,3
10450,1
10451,3
10453,3
10454,3
10455,0
10456,2
10458,1
10459,0
10461,0
10462,0
10463,0
10464,3
10465,0
10466,0
10467,3
10469,3
10470,0
10471,2
10472,1
10474,1
10475,3
10476,0
10477,2
10478,2
10480,2
10481,2
10482,0
10483,0
10484,3
10485,0
10486,2
10487,1
10489,0
10490,2
10491,3
10492,0
10493,1
10494,0
10495,3
10496,0
10497,3
10498,0
10499,1
10501,2
10502,0
10503,0
10504,0
10505,0
10506,0
10507,0
10508,1
10509,0
10510,0
10511,0
10512,1
10513,3
10514,0
10515,2
10516,3
10517,0
10518,0
10519,0
10520,0
10521,0
10524,1
10525,1
10526,3
10527,3
10528,0
10529,0
10531,2
10533,0
10534,0
10535,0
10536,3
10537,1
10538,0
10539,0
10540,0
10541,0
10542,0
10544,3
10545,0
10546,2
10548,0
10549,0
10550,3
10551,0
10552,3
10554,1
10555,0
10556,0
10557,3
10558,0
10559,0
10560,3
10561,1
10562,0
10563,2
10564,3
10565,0
10567,0
10568,0
10569,1
10570,3
10571,3
10573,0
10574,0
10575,0
10576,0
10577,1
10578,0
10579,0
10580,0
10582,0
10583,0
10584,0
10587,0
10588,0
10589,0
10590,3
10591,0
10592,0
10593,3
10594,1
10595,2
10596,0
10597,3
10599,3
10600,1
10601,3
10602,1
10603,0
10604,2
10605,3
10606,2
10607,3
10608,0
10609,0
10610,0
10611,0
10612,0
10614,0
10616,0
10617,0
10619,1
10620,0
10621,0
10622,3
10623,0
10624,0
10625,0
10626,0
10627,0
10628,0
10629,3
10630,3
10631,3
10634,0
10635,3
10636,3
10638,3
10639,0
10640,3
10641,0
10642,0
10643,1
10644,0
10648,0
10649,3
10651,3
10652,3
10653,3
10654,3
10655,0
10657,2
10658,2
10659,3
10660,3
10661,2
10662,0
10663,3
10664,0
10665,0
10666,2
10667,3
10668,0
10669,0
10670,3
10672,0
10673,3
10674,0
10678,3
10679,0
10681,2
10682,0
10683,0
10686,0
10687,2
10688,3
10689,3
10690,0
10691,3
10692,0
10694,0
10696,2
10697,0
10698,3
10699,3
10701,3
10702,0
10703,0
10704,0
10707,0
10708,3
10709,0
10710,0
10711,3
10712,0
10713,0
10714,0
10715,2
10716,1
10717,3
10719,3
10721,0
10722,0
10723,0
10724,3
10725,3
10726,0
10728,2
10729,1
10730,3
10731,1
10732,0
10734,0
10735,3
10736,0
10737,0
10738,0
10739,0
10740,3
10741,0
10742,0
10743,0
10744,1
10746,0
10747,3
10749,0
10751,0
10752,1
10753,0
10755,1
10756,0
10757,3
10758,3
10759,3
10760,0
10761,0
10762,0
10763,0
10764,3
10765,3
10766,3
10767,2
10768,0
10769,3
10772,1
10774,2
10775,0
10776,0
10777,3
10780,0
10782,0
10784,2
10786,0
10787,3
10788,0
10789,3
10790,2
10791,2
10792,2
10793,0
10794,3
10795,3
10798,1
10799,1
10800,0
10801,2
10802,3
10803,0
10804,3
10805,0
10806,0
10807,3
10808,1
10809,0
10811,0
10812,3
10813,0
10814,0
10815,0
10816,0
10818,3
10819,0
10820,2
10821,0
10822,3
10823,1
10824,2
10825,3
10826,0
10827,0
10828,1
10829,1
10830,0
10831,1
10833,0
10834,0
10836,0
10837,0
10838,3
10839,1
10840,3
10841,0
10843,0
10845,3
10847,3
10848,0
10849,0
10850,0
10853,3
10854,0
10855,3
10856,0
10857,0
10858,0
10859,1
10861,0
10862,0
10863,0
10864,3
10865,3
10866,3
10867,3
10868,0
10869,3
10870,3
10871,3
10872,0
10873,3
10874,3
10875,0
10876,0
10877,3
10878,0
10879,3
10880,0
10882,0
10883,3
10884,3
10885,1
10886,1
10887,0
10889,0
10890,0
10892,0
10893,1
10895,0
10896,0
10897,0
10898,3
10901,3
10903,1
10904,0
10905,0
10906,3
10907,0
10908,0
10909,3
10910,0
10912,0
10914,0
10915,3
10916,3
10917,0
10918,0
10922,0
10923,0
10925,3
10926,2
10927,0
10928,3
10929,0
10930,2
10931,3
10933,3
10934,3
10935,3
10936,1
10940,0
10941,3
10942,0
10944,3
10945,1
10947,3
10948,0
10951,0
10952,0
10953,0
10954,0
10955,0
10956,0
10957,3
10958,3
10959,0
10960,0
10965,0
10966,1
10967,0
10968,0
10969,2
10970,0
10971,1
10972,0
10973,0
10974,0
10975,2
10976,2
10977,0
10978,0
10979,2
10980,0
10982,1
10983,0
10984,2
10985,0
10986,0
10987,0
10988,3
10989,3
10990,3
10991,0
10992,0
10994,0
10995,1
10997,2
10998,3
11000,3
11001,0
11002,0
11003,3
11004,2
11005,3
11007,0
11008,0
11009,2
11010,0
11011,0
11012,0
11013,3
11014,0
11015,0
11016,3
11017,1
11019,1
11021,0
11025,0
11026,0
11028,0
11029,3
11030,3
11032,0
11033,0
11034,0
11036,3
11037,3
11038,2
11039,3
11041,0
11042,0
11043,3
11045,3
11046,1
11047,0
11048,0
11049,0
11050,1
11051,3
11053,0
11054,3
11055,0
11056,3
11058,3
11059,0
11060,1
11061,3
11062,1
11063,0
11064,0
11065,2
11066,0
11067,0
11068,0
11069,3
11072,0
11073,0
11074,0
11075,3
11076,0
11077,0
11078,0
11079,0
11081,1
11082,3
11083,1
11084,3
11085,0
11087,0
11088,0
11089,3
11090,2
11091,0
11092,0
11093,2
11095,3
11096,0
11097,3
11101,0
11103,3
11104,1
11105,2
11109,3
11110,0
11111,0
11113,1
11114,3
11115,1
11116,0
11117,3
11118,0
11119,0
11120,2
11123,1
11124,3
11126,0
11127,0
11128,3
11129,0
11130,3
11131,1
11133,1
11135,1
11136,2
11137,3
11139,0
11140,0
11142,3
11144,3
11145,1
11146,0
11147,3
11148,0
11149,0
11150,1
11151,0
11152,0
11153,1
11154,2
11155,1
11156,3
11157,0
11160,0
11161,0
11163,0
11164,1
11165,0
11166,0
11167,0
11168,3
11169,3
11170,1
11171,0
11172,3
11173,3
11175,0
11177,0
11178,1
11179,3
11180,0
11181,0
11182,2
11183,1
11184,0
11185,3
11186,0
11187,0
11189,0
11190,0
11191,0
11192,2
11193,3
11195,0
11196,3
11197,0
11198,2
11199,3
11200,2
11201,1
11202,1
11203,0
11204,3
11206,1
11209,3
11210,0
11211,0
11212,3
11213,0
11214,0
11215,3
11216,3
11217,3
11218,0
11219,1
11222,0
11223,3
11224,3
11225,1
11227,0
11228,0
11229,3
11230,0
11231,1
11232,3
11233,0
11234,3
11235,0
11236,0
11237,3
11238,2
11239,0
11240,0
11241,3
11242,1
11243,3
11244,3
11246,0
11247,0
11249,0
11251,3
11253,3
11255,3
11256,0
11257,3
11258,3
11259,3
11261,3
11262,0
11263,2
11264,3
11265,3
11266,3
11267,0
11269,0
11270,1
11273,3
11274,3
11275,3
11277,0
11278,0
11279,3
11281,3
11283,1
11284,0
11285,2
11286,0
11287,0
11288,0
11289,3
11290,3
11291,0
11292,3
11293,0
11294,0
11296,2
11297,0
11298,3
11299,0
11301,0
11302,0
11304,3
11305,0
11306,3
11307,1
11309,3
11310,1
11311,0
11313,0
11314,2
11315,0
11316,0
11317,3
11318,3
11319,0
11320,3
11321,0
11322,3
11323,0
11324,0
11326,0
11327,3
11328,0
11329,0
11330,3
11331,0
11332,3
11334,0
11335,1
11336,3
11337,0
11339,0
11340,2
11341,3
11342,0
11343,0
11345,1
11346,1
11347,3
11348,0
11349,3
11350,0
11351,1
11352,3
11355,3
11356,0
11357,0
11358,3
11359,0
11360,0
11362,0
11363,1
11364,0
11365,0
11366,1
11367,0
11369,0
11371,3
11372,0
11376,0
11377,0
11379,2
11380,1
11381,3
11382,0
11383,0
11384,0
11385,0
11387,2
11389,3
11390,3
11391,2
11392,1
11393,2
11394,0
11395,0
11396,0
11399,0
11400,0
11401,3
11402,3
11404,0
11405,2
11406,0
11407,0
11408,3
11409,3
11410,0
11411,0
11412,0
11413,1
11415,0
11416,2
11417,3
11418,3
11419,3
11423,0
11424,1
11425,0
11426,3
11427,0
11429,1
11430,0
11431,1
11432,0
11433,1
11434,2
11436,3
11437,0
11438,0
11439,3
11440,2
11441,0
11443,3
11444,0
11445,1
11446,0
11447,2
11449,3
11450,0
11451,0
11452,3
11454,3
11455,3
11457,0
11459,0
11460,3
11461,0
11462,0
11463,2
11464,0
11465,3
11468,3
11469,0
11470,0
11471,3
11472,3
11473,0
11474,3
11475,3
11476,0
11477,0
11478,3
11479,1
11480,0
11481,0
11482,3
11486,0
11488,2
11489,0
11490,0
11493,2
11494,2
11495,2
11496,3
11497,0
11499,0
11502,0
11503,1
11504,0
11506,3
11507,1
11509,3
11510,0
11511,0
11512,2
11513,0
11515,0
11516,0
11517,0
11518,3
11519,2
11520,2
11521,0
11522,3
11523,0
11524,0
11525,3
11526,0
11527,0
11528,0
11529,0
11530,2
11531,3
11532,3
11535,0
11536,0
11538,0
11539,0
11540,1
11541,0
11542,3
11543,0
11545,3
11546,0
11547,0
11549,0
11550,1
11551,3
11552,0
11553,0
11554,1
11556,0
11557,0
11558,0
11559,0
11560,2
11562,2
11563,0
11564,3
11566,0
11567,3
11568,0
11569,3
11570,0
11571,0
11572,1
11574,2
11575,3
11576,0
11577,0
11579,0
11580,1
11581,3
11582,1
11583,3
11586,3
11588,2
11589,0
11590,1
11591,0
11592,0
11593,3
11594,0
11595,2
11596,3
11597,1
11598,3
11599,3
11600,0
11602,1
11604,2
11605,3
11606,2
11607,3
11608,0
11610,1
11611,0
11613,0
11614,0
11619,0
11620,1
11622,3
11623,0
11624,0
11625,3
11626,0
11627,0
11628,0
11629,0
11631,3
11632,0
11633,0
11634,0
11636,0
11637,3
11638,0
11640,3
11641,0
11642,0
11643,0
11644,3
11645,1
11646,0
11647,3
11648,0
11650,3
11651,1
11652,0
11653,0
11654,0
11655,0
11656,2
11657,3
11658,3
11659,0
11660,3
11661,1
11662,2
11663,2
11664,1
11666,0
11667,3
11669,0
11670,0
11671,3
11672,0
11674,1
11675,3
11676,0
11677,0
11678,1
11679,0
11680,0
11681,0
11682,0
11683,0
11685,0
11686,0
11687,0
11688,3
11689,0
11690,0
11691,0
11692,2
11693,1
11694,0
11695,0
11696,0
11698,3
11699,0
11700,0
11702,2
11703,3
11704,3
11705,0
11706,2
11707,0
11708,0
11709,0
11710,1
11711,0
11712,3
11713,0
11714,3
11715,0
11716,0
11717,0
11718,3
11719,3
11721,0
11723,2
11724,0
11727,3
11729,3
11730,0
11733,3
11734,0
11735,0
11736,0
11738,1
11739,2
11740,0
11741,0
11742,0
11743,3
11744,2
11745,0
11746,0
11748,0
11749,0
11750,1
11751,3
11752,3
11753,0
11755,0
11757,0
11758,3
11759,0
11760,1
11761,1
11762,0
11763,1
11764,3
11766,0
11767,0
11769,0
11771,0
11772,3
11773,0
11774,2
11775,0
11776,0
11777,0
11778,0
11779,0
11781,0
11782,3
11783,0
11784,3
11785,3
11786,3
11787,0
11788,0
11789,3
11791,3
11792,3
11794,2
11795,0
11797,0
11798,0
11799,0
11800,0
11801,2
11802,1
11804,3
11805,0
11806,0
11807,0
11808,0
11810,1
11811,2
11812,3
11815,3
11816,3
11818,0
11819,0
11820,3
11821,0
11822,0
11824,3
11825,0
11826,0
11827,0
11828,1
11829,3
11830,0
11831,0
11832,0
11833,2
11834,0
11835,0
11836,0
11837,0
11838,0
11839,3
11841,0
11842,0
11843,0
11844,0
11845,3
11847,0
11850,0
11851,3
11852,3
11853,3
11855,0
11858,3
11859,1
11860,2
11861,1
11862,1
11863,0
11864,0
11865,3
11866,0
11867,3
11869,0
11871,3
11872,1
11875,1
11876,3
11877,0
11879,0
11880,3
11881,0
11882,2
11883,3
11884,0
11885,0
11886,3
11887,1
11888,0
11889,0
11892,0
11893,2
11894,2
11895,3
11896,1
11897,1
11898,0
11899,0
11900,0
11901,0
11904,0
11905,3
11906,3
11907,3
11908,0
11909,0
11910,1
11911,3
11915,3
11917,0
11918,3
11919,3
11920,3
11922,2
11923,0
11926,3
11927,2
11928,0
11929,0
11930,0
11933,3
11934,3
11935,1
11936,3
11937,3
11938,0
11939,0
11940,1
11941,0
11942,2
11943,1
11944,3
11946,0
11947,0
11948,0
11950,0
11952,0
11953,3
11954,0
11955,2
11957,0
11958,1
11959,3
11960,0
11961,0
11962,0
11963,1
11965,3
11966,1
11968,0
11969,3
11970,0
11971,0
11972,3
11974,2
11975,2
11976,0
11977,0
11978,0
11979,2
11980,3
11981,3
11982,3
11983,2
11984,3
11986,1
11987,0
11988,0
11990,0
11991,0
11992,0
11993,0
11994,1
11995,1
11996,0
11997,3
11998,0
11999,1
12000,0
12001,3
12002,3
12003,1
12004,3
12005,2
12009,3
12010,0
12012,3
12014,3
12015,1
12016,3
12017,0
12018,0
12020,3
12021,0
12022,0
12025,3
12028,0
12029,3
12030,3
12031,0
12032,0
12033,0
12034,0
12035,1
12036,3
12037,0
12038,0
12039,0
12040,0
12041,3
12042,0
12043,0
12044,2
12045,0
12046,2
12048,1
12049,3
12050,3
12051,0
12052,0
12054,3
12055,3
12056,3
12057,0
12058,3
12060,0
12061,1
12063,0
12064,3
12065,0
12067,0
12068,0
12069,0
12070,0
12072,0
12073,1
12074,0
12075,0
12076,0
12077,2
12079,0
12081,0
12082,1
12083,0
12084,3
12085,2
12087,0
12088,0
12089,1
12090,0
12091,3
12092,3
12093,0
12094,0
12095,0
12096,2
12097,0
12101,3
12103,1
12104,2
12105,2
12107,3
12108,3
12109,3
12110,0
12111,3
12112,0
12114,0
12115,0
12117,0
12118,1
12119,0
12120,1
12121,3
12122,0
12124,0
12125,1
12126,0
12127,0
12130,0
12132,0
12134,0
12135,3
12136,3
12137,0
12138,0
12139,0
12140,0
12141,0
12142,3
12143,0
12144,1
12145,0
12147,3
12148,0
12149,3
12150,0
12151,0
12152,1
12153,0
12154,2
12156,2
12157,3
12158,3
12159,1
12160,2
12161,1
12162,3
12163,0
12164,3
12165,0
12166,0
12169,0
12170,3
12171,0
12172,1
12173,0
12174,0
12175,3
12176,0
12179,2
12180,0
12182,0
12183,0
12184,0
12186,0
12187,1
12188,0
12193,1
12194,3
12196,0
12197,0
12198,0
12199,0
12200,1
12201,0
12202,0
12203,0
12204,3
12205,3
12206,1
12207,0
12208,3
12209,3
12211,0
12212,0
12213,3
12214,0
12215,3
12217,3
12218,0
12219,0
12220,3
12221,0
12222,0
12223,1
12225,3
12229,3
12231,0
12232,0
12233,0
12234,2
12235,1
12236,3
12238,3
12239,0
12240,0
12241,3
12242,0
12243,0
12244,0
12246,0
12247,3
12248,0
12250,0
12251,0
12252,0
12254,0
12255,0
12256,3
12257,0
12259,0
12260,3
12261,0
12262,0
12263,0
12264,2
12265,1
12267,0
12268,1
12269,0
12270,3
12271,3
12273,0
12274,0
12277,2
12278,0
12279,0
12280,3
12281,3
12282,0
12283,0
12284,0
12285,1
12286,0
12287,0
12289,3
12291,3
12292,1
12293,0
12294,0
12296,0
12298,1
12300,0
12301,0
12302,0
12303,0
12304,2
12305,0
12307,0
12308,0
12309,0
12310,3
12311,0
12312,3
12313,0
12314,0
12315,0
12316,2
12317,0
12318,3
12319,0
12320,1
12321,0
12322,0
12323,3
12324,3
12325,3
12326,3
12327,0
12328,3
12329,0
12330,0
12331,3
12332,0
12333,3
12335,2
12336,3
12338,0
12339,0
12340,0
12343,3
12345,0
12346,2
12347,1
12348,0
12349,0
12350,1
12351,3
12352,0
12353,0
12354,3
12355,0
12356,0
12357,3
12358,0
12359,3
12360,0
12361,0
12362,1
12364,2
12365,0
12366,0
12368,0
12369,2
12370,0
12371,3
12373,1
12376,0
12377,1
12378,0
12379,2
12380,0
12381,2
12382,0
12383,0
12384,0
12386,3
12387,2
12388,3
12389,3
12391,3
12392,0
12393,0
12394,2
12395,3
12397,3
12399,2
12400,3
12401,3
12402,0
12403,0
12405,0
12406,0
12408,0
12409,3
12410,3
12411,1
12413,0
12414,0
12415,0
12416,3
12420,0
12421,3
12423,0
12425,0
12426,0
12428,0
12429,0
12430,1
12431,3
12432,0
12434,3
12435,3
12436,3
12437,0
12439,0
12441,0
12443,2
12444,2
12446,2
12448,0
12449,1
12450,2
12451,0
12452,3
12453,0
12455,1
12456,3
12457,3
12459,3
12460,1
12461,0
12462,3
12463,2
12464,3
12465,0
12466,0
12467,2
12468,3
12469,3
12471,3
12472,0
12473,3
12474,3
12475,0
12476,2
12477,3
12478,2
12479,0
12481,0
12482,0
12483,3
12484,2
12485,0
12486,2
12487,3
12488,3
12489,3
12490,0
12491,3
12492,0
12493,0
12496,2
12497,2
12498,0
12499,0
12501,3
12502,3
12503,1
12504,1
12505,0
12507,0
12508,3
12509,0
12510,3
12511,0
12512,0
12513,3
12514,0
12515,1
12516,2
12517,0
12518,3
12519,0
12520,1
12521,2
12522,3
12523,3
12524,3
12525,3
12526,1
12530,0
12531,0
12532,0
12534,3
12535,0
12536,3
12537,3
12538,2
12539,3
12540,0
12541,0
12542,3
12543,0
12545,0
12547,2
12548,0
12549,2
12550,0
12551,0
12553,1
12554,2
12555,2
12557,0
12558,3
12560,1
12561,3
12562,3
12563,0
12564,3
12566,0
12567,3
12568,2
12569,0
12570,0
12572,0
12573,1
12575,1
12576,0
12579,3
12580,0
12581,3
12582,3
12583,2
12584,0
12586,0
12587,0
12588,0
12589,3
12590,1
12591,0
12592,0
12593,3
12594,3
12596,0
12597,3
12598,3
12599,0
12601,3
12602,1
12603,3
12604,3
12605,0
12606,0
12608,3
12611,2
12612,3
12613,2
12614,0
12615,0
12616,0
12620,1
12621,0
12622,0
12623,0
12624,0
12625,0
12626,3
12628,3
12629,0
12632,0
12633,2
12634,3
12635,0
12636,0
12638,3
12639,1
12641,0
12642,3
12643,0
12647,0
12648,0
12649,0
12650,0
12651,0
12652,0
12653,1
12655,3
12656,3
12657,1
12658,0
12659,0
12661,2
12663,1
12664,1
12665,0
12666,1
12667,0
12668,3
12669,0
12670,0
12671,2
12672,2
12673,2
12674,0
12675,3
12681,2
12682,0
12683,3
12686,3
12687,1
12689,0
12692,0
12693,0
12694,3
12695,3
12696,0
12697,3
12698,3
12699,0
12700,0
12701,0
12702,1
12703,0
12704,3
12705,3
12707,0
12710,1
12711,1
12712,3
12713,0
12715,0
12716,2
12717,2
12718,0
12719,3
12720,1
12721,0
12722,1
12723,3
12726,2
12727,0
12728,1
12729,2
12730,0
12732,0
12733,0
12734,2
12735,0
12736,2
12737,2
12738,0
12739,3
12740,0
12741,0
12742,3
12743,3
12744,3
12746,0
12747,3
12748,0
12750,0
12751,0
12754,3
12755,0
12757,0
12758,3
12759,3
12761,0
12762,1
12763,0
12764,2
12765,2
12766,3
12767,1
12768,1
12769,0
12771,0
12772,3
12773,0
12774,2
12775,3
12776,3
12777,0
12778,0
12780,3
12781,3
12782,0
12783,0
12784,2
12785,3
12787,0
12788,0
12789,3
12791,1
12792,2
12793,1
12795,3
12797,0
12798,3
12799,3
12800,0
12801,3
12802,0
12803,3
12804,0
12805,3
12806,3
12807,3
12808,0
12809,3
12810,0
12811,3
12812,2
12813,0
12814,2
12815,3
12816,3
12818,3
12819,0
12820,3
12821,3
12822,0
12823,0
12824,0
12825,1
12826,3
12827,3
12828,3
12829,3
12830,0
12831,1
12832,1
12833,3
12834,0
12835,2
12836,1
12837,0
12838,3
12839,0
12840,2
12841,0
12845,2
12846,3
12847,1
12849,2
12850,3
12851,0
12852,3
12853,1
12854,3
12855,0
12856,3
12857,0
12858,3
12861,3
12862,3
12863,0
12864,0
12865,0
12866,3
12867,2
12868,0
12869,2
12870,1
12871,1
12872,3
12873,0
12874,0
12875,0
12876,0
12878,0
12880,1
12881,3
12882,3
12884,0
12885,0
12886,0
12888,1
12889,0
12891,0
12892,0
12893,1
12894,3
12895,0
12896,0
12898,3
12899,2
12900,0
12901,0
12902,3
12903,3
12905,3
12906,2
12907,0
12908,1
12909,0
12911,0
12913,0
12914,3
12915,3
12917,3
12918,0
12919,0
12920,0
12921,0
12922,0
12923,0
12925,0
12927,3
12928,3
12930,0
12931,3
12933,3
12935,3
12938,0
12941,0
12942,1
12943,0
12945,0
12946,0
12948,0
12949,3
12950,3
12951,0
12952,0
12954,0
12955,3
12956,2
12957,0
12958,2
12959,3
12960,3
12961,3
12962,3
12963,0
12964,0
12965,2
12966,0
12968,0
12969,3
12970,3
12971,0
12974,0
12975,3
12976,1
12977,1
12978,0
12979,0
12980,0
12981,3
12982,0
12983,0
12984,3
12985,1
12986,1
12987,0
12988,0
12989,0
12990,0
12991,1
12992,3
12993,2
12995,0
12997,3
12998,3
12999,3
13000,3
13001,3
13002,3
13003,1
13004,0
13005,1
13006,2
13007,1
13008,0
13009,0
13010,0
13011,0
13014,0
13015,0
13016,0
13017,0
13018,3
13019,1
13020,0
13021,0
13023,3
13025,1
13026,1
13027,2
13028,0
13029,0
13031,1
13032,0
13034,1
13036,3
13037,0
13039,3
13040,0
13041,3
13042,2
13043,2
13044,3
13045,3
13047,2
13048,1
13049,0
13050,1
13051,1
13052,0
13053,0
13054,3
13055,3
13056,0
13060,3
13061,3
13063,0
13064,3
13065,0
13066,3
13067,1
13069,0
13070,0
13071,0
13072,0
13075,0
13077,1
13078,0
13079,0
13080,0
13081,0
13082,3
13084,0
13085,0
13086,1
13087,3
13088,3
13089,0
13090,0
13091,0
13093,0
13094,0
13095,3
13096,2
13097,3
13098,3
13099,0
13101,0
13102,2
13103,0
13104,0
13105,0
13106,3
13109,3
13110,0
13112,2
13114,0
13115,1
13116,3
13118,3
13119,2
13120,0
13122,1
13123,3
13125,2
13126,3
13127,0
13128,0
13129,1
13130,0
13131,0
13132,2
13133,3
13135,0
13136,0
13137,0
13139,3
13141,0
13142,2
13143,3
13144,1
13145,3
13146,0
13147,3
13149,2
13152,3
13153,0
13155,0
13159,0
13160,3
13161,0
13162,0
13165,0
13169,0
13170,0
13172,0
13173,0
13174,1
13177,0
13181,3
13182,3
13183,0
13184,0
13185,0
13186,0
13187,1
13188,2
13189,0
13191,3
13193,2
13197,2
13199,0
13200,3
13201,0
13202,3
13203,1
13204,0
13205,2
13206,2
13207,0
13208,3
13209,1
13210,0
13211,1
13212,1
13214,1
13215,1
13216,3
13217,0
13218,0
13219,1
13220,3
13221,0
13222,0
13223,1
13224,2
13225,3
13226,0
13227,3
13228,2
13229,0
13230,0
13231,0
13232,3
13233,0
13234,3
13236,0
13237,0
13238,3
13239,1
13240,0
13241,3
13244,0
13245,3
13246,0
13247,0
13248,1
13250,3
13251,1
13253,0
13255,3
13256,3
13257,3
13258,2
13261,1
13262,0
13263,0
13264,2
13266,3
13267,3
13268,2
13269,2
13270,0
13271,0
13273,0
13274,3
13275,3
13276,0
13277,0
13278,0
13279,0
13280,3
13281,2
13282,3
13283,0
13284,3
13286,0
13287,0
13288,3
13289,0
13290,0
13291,2
13292,0
13293,3
13295,3
13296,0
13297,3
13298,1
13299,0
13300,3
13301,1
13302,0
13303,0
13307,1
13308,2
13309,3
13310,3
13311,0
13313,0
13314,1
13315,3
13316,1
13320,2
13322,0
13324,0
13325,3
13326,0
13327,1
13328,0
13329,0
13330,0
13331,3
13332,0
13333,3
13334,0
13335,0
13337,0
13338,3
13339,2
13340,0
13342,3
13344,2
13345,2
13346,2
13347,2
13349,2
13350,0
13351,1
13353,1
13354,0
13355,0
13356,3
13358,0
13359,0
13360,3
13362,0
13363,0
13364,0
13365,1
13366,1
13368,0
13370,0
13371,0
13373,3
13374,3
13375,0
13376,2
13378,3
13379,3
13380,0
13382,0
13384,3
13385,2
13386,0
13387,0
13388,3
13389,0
13390,0
13391,1
13392,0
13393,1
13394,3
13396,0
13398,1
13399,0
13400,0
13401,0
13402,0
13404,1
13405,3
13406,3
13407,0
13408,0
13409,2
13410,0
13412,2
13415,0
13416,0
13417,3
13418,0
13419,0
13420,0
13421,1
13422,2
13423,0
13424,0
13425,3
13426,0
13427,0
13428,3
13429,1
13430,0
13431,0
13432,0
13433,2
13434,1
13435,0
13436,3
13437,0
13440,3
13441,0
13442,3
13444,2
13445,3
13446,2
13449,2
13450,0
13451,2
13453,2
13454,0
13456,3
13458,0
13460,0
13461,0
13462,0
13463,0
13464,0
13465,3
13466,0
13468,1
13469,0
13470,0
13471,1
13472,1
13473,0
13474,0
13475,0
13476,2
13477,1
13478,2
13479,3
13480,3
13481,3
13483,0
13484,3
13485,3
13486,3
13490,0
13492,3
13493,0
13494,0
13495,2
13496,2
13498,3
13499,0
13500,1
13501,1
13502,1
13503,0
13504,1
13505,1
13506,0
13507,0
13509,1
13510,2
13512,0
13513,0
13514,0
13515,0
13516,3
13519,1
13520,1
13521,0
13522,3
13523,2
13525,3
13526,3
13527,2
13528,3
13529,3
13530,0
13531,0
13532,0
13533,0
13534,3
13535,3
13536,0
13537,1
13538,0
13539,0
13540,3
13542,0
13543,0
13547,3
13548,3
13549,3
13550,3
13551,0
13552,0
13553,0
13554,3
13555,3
13556,3
13557,2
13558,3
13559,0
13560,3
13561,3
13563,2
13564,0
13565,3
13566,0
13567,0
13568,0
13569,3
13570,0
13571,2
13573,3
13574,3
13575,0
13576,0
13577,1
13578,2
13579,2
13580,0
13581,0
13582,1
13583,3
13584,0
13585,0
13586,2
13587,0
13588,3
13589,3
13591,0
13592,2
13593,0
13595,0
13596,0
13598,0
13599,3
13600,1
13601,3
13602,0
13603,0
13604,2
13605,0
13606,0
13608,0
13610,1
13611,3
13612,3
13613,3
13614,1
13615,0
13616,0
13617,3
13618,3
13619,0
13620,0
13621,0
13622,0
13623,1
13624,3
13627,3
13628,0
13632,3
13633,3
13634,0
13635,0
13636,1
13637,0
13638,0
13639,0
13640,0
13641,3
13642,2
13643,1
13644,3
13645,3
13646,3
13647,0
13648,0
13649,3
13650,0
13652,2
13653,3
13656,3
13657,0
13658,0
13659,3
13660,1
13666,1
13667,0
13669,0
13670,3
13671,0
13672,3
13673,3
13674,0
13675,2
13676,0
13677,0
13679,3
13680,0
13681,3
13682,0
13684,2
13685,0
13686,0
13687,0
13688,3
13689,3
13690,0
13691,2
13692,0
13693,0
13694,0
13695,0
13697,3
13698,3
13699,0
13700,2
13701,3
13702,3
13703,0
13704,2
13705,0
13706,0
13707,0
13708,0
13709,0
13711,3
13712,0
13713,0
13714,0
13715,0
13716,1
13717,0
13718,2
13719,0
13720,0
13721,0
13722,3
13723,0
13724,3
13725,3
13727,0
13728,3
13729,2
13730,0
13731,0
13732,3
13733,1
13734,0
13736,3
13737,1
13738,3
13739,3
13740,1
13741,0
13742,3
13743,0
13745,0
13746,3
13747,0
13748,3
13749,0
13750,0
13751,3
13752,0
13753,0
13754,3
13756,3
13757,1
13760,3
13762,2
13763,0
13764,3
13766,0
13767,1
13768,3
13769,0
13770,0
13771,0
13772,0
13775,3
13776,2
13777,0
13778,3
13779,0
13781,3
13783,3
13784,2
13785,0
13786,0
13787,3
13788,1
13791,3
13792,3
13793,1
13794,3
13795,1
13796,0
13797,0
13798,1
13799,0
13800,0
13801,2
13803,3
13804,3
13805,3
13806,2
13807,1
13808,0
13809,1
13811,0
13812,1
13813,0
13814,0
13816,3
13817,0
13818,3
13820,3
13821,1
13822,0
13823,3
13824,0
13826,0
13827,3
13828,2
13830,0
13831,0
13832,3
13833,3
13837,0
13840,0
13841,3
13842,0
13843,0
13846,1
13847,0
13848,2
13849,1
13850,0
13851,3
13852,0
13853,0
13854,2
13856,3
13857,0
13858,1
13859,2
13862,0
13863,0
13864,3
13865,0
13868,1
13869,0
13870,0
13871,0
13873,0
13874,0
13875,0
13876,2
13877,0
13879,0
13882,0
13884,3
13885,1
13886,2
13887,3
13888,0
13889,0
13890,0
13891,3
13892,1
13893,3
13894,0
13895,0
13896,0
13897,0
13898,0
13899,0
13900,2
13901,1
13903,2
13905,3
13906,0
13908,0
13909,0
13912,2
13913,3
13914,3
13915,3
13916,2
13918,3
13919,2
13920,2
13921,3
13922,3
13923,0
13924,3
13925,3
13927,1
13928,3
13929,0
13930,0
13932,3
13933,0
13934,0
13937,1
13938,2
13940,0
13943,0
13944,3
13947,0
13948,0
13949,3
13950,1
13951,3
13952,0
13953,0
13955,1
13956,0
13957,0
13958,0
13959,2
13960,0
13961,3
13962,1
13963,3
13965,0
13968,1
13970,0
13972,0
13973,1
13974,0
13976,0
13977,1
13978,0
13979,0
13980,3
13981,0
13982,3
13984,3
13985,0
13986,0
13987,0
13989,3
13990,1
13992,3
13993,3
13994,3
13996,3
13997,2
13998,3
13999,1
14000,0
14001,0
14002,0
14003,2
14004,0
14005,0
14007,1
14008,0
14009,0
14010,0
14011,2
14012,0
14013,0
14014,3
14016,0
14017,2
14018,3
14019,3
14020,0
14021,1
14022,0
14023,0
14025,0
14027,0
14029,0
14030,1
14031,3
14033,3
14034,1
14035,0
14037,3
14038,3
14039,3
14040,0
14042,1
14044,3
14045,0
14046,1
14048,1
14049,0
14053,3
14054,0
14055,0
14056,0
14057,3
14058,0
14060,0
14061,0
14063,0
14064,0
14065,0
14066,0
14068,2
14069,0
14070,0
14071,1
14073,0
14074,3
14075,0
14076,0
14077,1
14078,0
14079,1
14082,0
14084,0
14085,0
14087,3
14088,1
14089,0
14092,3
14093,0
14094,0
14095,3
14096,3
14097,1
14099,1
14100,0
14101,3
14103,2
14104,3
14105,3
14107,0
14109,1
14110,2
14111,0
14112,2
14113,0
14115,3
14116,0
14117,0
14118,3
14119,0
14120,3
14121,3
14123,0
14124,0
14125,3
14126,0
14127,1
14128,0
14129,0
14130,0
14131,3
14132,3
14133,0
14135,0
14136,0
14137,3
14139,3
14140,3
14141,1
14142,1
14144,0
14145,3
14146,0
14147,0
14148,3
14149,0
14152,0
14153,0
14154,0
14155,2
14156,0
14157,3
14158,3
14159,3
14160,3
14161,3
14162,1
14163,0
14164,1
14165,2
14166,0
14167,2
14168,3
14169,0
14170,0
14171,0
14172,0
14174,3
14175,3
14176,2
14177,0
14178,0
14179,0
14180,0
14183,0
14184,0
14185,0
14186,3
14187,0
14188,3
14189,0
14191,3
14192,1
14193,0
14194,2
14195,0
14196,3
14198,3
14199,3
14200,3
14201,3
14202,0
14203,3
14204,3
14206,2
14207,1
14208,2
14209,0
14210,1
14211,0
14212,0
14213,1
14214,0
14215,1
14216,0
14219,1
14220,3
14221,3
14222,0
14226,1
14227,0
14228,3
14229,0
14230,1
14231,0
14232,0
14235,0
14236,3
14237,0
14238,1
14239,0
14240,3
14241,2
14244,0
14245,0
14246,0
14248,3
14250,1
14251,0
14252,0
14253,1
14254,0
14256,0
14257,0
14258,2
14259,1
14260,1
14262,2
14263,1
14264,3
14265,0
14267,2
14268,0
14269,1
14270,0
14271,0
14273,2
14274,2
14275,3
14276,3
14278,3
14280,0
14281,3
14283,3
14285,0
14286,0
14290,0
14291,3
14292,0
14293,0
14294,0
14295,3
14296,2
14297,1
14299,0
14300,3
14301,0
14302,0
14303,1
14304,2
14305,0
14306,3
14307,0
14309,1
14310,0
14311,0
14312,0
14314,0
14315,2
14316,0
14318,1
14319,0
14320,0
14321,0
14323,2
14324,3
14325,0
14326,0
14327,2
14328,1
14329,3
14330,0
14331,0
14332,1
14333,3
14334,3
14335,3
14336,0
14338,3
14339,2
14340,3
14341,3
14342,1
14343,0
14344,3
14345,1
14346,0
14348,3
14349,0
14350,0
14351,1
14352,0
14353,3
14354,3
14355,3
14356,3
14357,2
14358,0
14361,3
14362,0
14363,3
14364,1
14365,0
14367,0
14368,0
14369,1
14370,0
14371,0
14374,0
14375,3
14376,0
14377,1
14378,0
14380,3
14381,0
14382,0
14383,1
14384,2
14385,3
14386,0
14387,3
14388,0
14389,1
14390,3
14392,0
14394,3
14395,0
14396,1
14398,3
14399,0
14400,3
14401,2
14402,0
14403,3
14404,3
14405,2
14406,3
14407,2
14408,0
14410,0
14411,1
14412,0
14413,2
14414,1
14415,1
14416,0
14417,0
14418,0
14419,3
14420,0
14421,0
14422,0
14423,0
14424,3
14425,0
14426,0
14428,0
14429,1
14430,0
14431,3
14432,3
14433,3
14436,0
14437,3
14438,3
14439,0
14440,0
14441,3
14443,2
14444,0
14445,3
14446,2
14447,3
14448,0
14449,0
14450,3
14451,1
14453,2
14454,0
14455,0
14456,0
14457,0
14458,0
14459,2
14460,0
14461,3
14462,0
14463,3
14464,2
14466,3
14468,1
14469,0
14470,0
14471,0
14472,0
14473,0
14474,0
14475,3
14476,0
14477,2
14478,3
14479,3
14480,3
14481,0
14482,1
14483,3
14484,2
14485,0
14486,0
14487,3
14488,0
14489,0
14490,0
14491,0
14492,0
14493,2
14495,1
14496,2
14497,3
14498,3
14500,1
14501,3
14502,3
14503,1
14504,1
14505,2
14506,0
14508,0
14509,3
14510,0
14511,0
14512,0
14513,0
14514,0
14516,0
14517,0
14518,3
14521,0
14523,1
14524,3
14525,3
14526,1
14527,0
14528,3
14529,3
14530,0
14532,3
14533,0
14534,3
14535,0
14536,3
14537,3
14538,0
14539,0
14540,0
14541,0
14542,0
14543,0
14544,2
14545,3
14546,2
14548,1
14549,0
14550,3
14551,1
14555,0
14556,0
14557,0
14558,0
14559,0
14560,0
14562,2
14563,3
14564,0
14565,0
14566,0
14567,3
14569,2
14570,3
14571,3
14572,3
14573,0
14574,0
14575,0
14577,2
14578,3
14579,0
14580,3
14581,0
14582,0
14584,0
14585,1
14586,0
14587,0
14588,3
14590,1
14591,1
14593,3
14594,0
14595,1
14596,1
14597,2
14598,0
14599,0
14601,1
14602,1
14604,3
14605,0
14606,1
14607,0
14608,3
14609,0
14610,3
14612,0
14613,3
14614,2
14615,0
14616,0
14618,0
14619,0
14620,0
14621,2
14622,0
14623,0
14624,3
14626,3
14627,3
14628,0
14629,0
14630,2
14631,0
14633,3
14634,3
14635,0
14636,0
14637,3
14638,0
14640,0
14641,0
14642,0
14643,3
14644,3
14645,1
14646,0
14647,0
14648,0
14649,3
14650,0
14651,0
14652,1
14653,3
14654,0
14655,0
14659,0
14662,3
14663,0
14666,3
14667,0
14668,3
14669,0
14671,1
14672,0
14673,0
14674,0
14675,3
14677,3
14678,0
14679,0
14680,0
14681,0
14682,3
14685,0
14686,0
14687,2
14688,3
14689,2
14690,3
14691,1
14692,0
14693,3
14695,3
14696,0
14697,3
14698,3
14700,0
14702,0
14703,0
14704,1
14705,3
14706,2
14707,2
14708,3
14710,3
14711,0
14712,3
14713,1
14714,1
14715,3
14716,0
14717,1
14719,3
14720,1
14721,2
14722,3
14723,0
14724,0
14725,3
14726,3
14727,1
14729,0
14730,2
14731,3
14732,0
14733,1
14734,0
14735,3
14736,2
14738,3
14739,3
14742,0
14743,0
14744,0
14745,3
14747,3
14748,0
14749,2
14750,0
14751,1
14752,0
14754,0
14755,0
14757,3
14758,0
14759,3
14760,1
14761,1
14762,0
14764,0
14765,0
14766,0
14767,0
14768,2
14772,3
14774,3
14775,1
14777,0
14778,0
14780,0
14781,0
14782,3
14783,0
14784,1
14785,0
14786,0
14787,3
14788,0
14789,2
14790,0
14792,0
14793,3
14794,3
14795,0
14796,0
14798,0
14800,0
14801,3
14802,2
14803,0
14805,2
14806,2
14807,0
14808,3
14814,0
14815,3
14816,0
14817,3
14818,3
14819,0
14821,0
14823,0
14824,0
14825,0
14826,0
14828,1
14829,0
14830,3
14832,0
14833,1
14834,0
14836,0
14838,2
14839,3
14841,3
14842,3
14843,3
14844,3
14845,3
14846,1
14847,3
14848,3
14849,0
14850,0
14851,0
14852,2
14853,0
14854,3
14855,3
14856,0
14857,0
14858,0
14859,0
14860,0
14861,3
14862,0
14863,3
14864,3
14865,3
14866,0
14867,3
14869,0
14870,3
14871,3
14873,0
14874,0
14875,2
14876,0
14878,0
14879,3
14880,3
14883,0
14884,3
14885,0
14886,0
14887,3
14888,1
14889,1
14890,3
14892,0
14893,0
14894,0
14895,0
14896,0
14897,0
14898,0
14899,0
14901,0
14902,3
14903,3
14904,0
14905,2
14906,3
14909,1
14910,1
14912,1
14913,3
14914,0
14915,0
14917,1
14918,3
14919,0
14922,0
14923,3
14924,0
14925,0
14926,0
14927,2
14928,0
14929,0
14930,3
14932,0
14933,3
14934,0
14935,0
14936,0
14937,0
14938,0
14939,0
14942,1
14943,2
14944,0
14946,0
14947,3
14948,3
14949,2
14950,0
14955,3
14957,1
14958,0
14959,0
14960,3
14961,0
14964,2
14965,3
14966,3
14968,0
14969,0
14970,2
14971,0
14972,1
14973,3
14974,0
14975,1
14976,0
14977,1
14978,3
14979,3
14980,2
14981,2
14982,3
14983,1
14984,3
14985,0
14986,2
14987,3
14988,2
14989,0
14990,1
14991,3
14992,3
14993,0
14994,3
14996,0
14997,3
14998,3
15000,3
15001,0
15003,3
15004,3
15006,0
15007,3
15009,1
15011,0
15012,3
15013,0
15015,3
15016,3
15019,0
15020,1
15021,0
15023,2
15024,0
15025,0
15026,3
15027,0
15028,0
15029,3
15030,1
15034,3
15035,0
15036,0
15037,3
15039,0
15040,0
15042,0
15043,3
15044,3
15049,3
15050,0
15051,0
15052,1
15056,1
15057,3
15058,3
15060,0
15061,2
15062,3
15063,0
15064,0
15065,0
15066,0
15067,3
15068,3
15069,0
15070,3
15071,0
15072,0
15073,0
15075,3
15076,0
15077,3
15078,3
15079,0
15080,3
15081,2
15082,0
15083,3
15084,0
15085,0
15086,0
15087,3
15089,3
15090,0
15092,3
15093,0
15094,0
15095,1
15096,3
15097,0
15099,0
15105,3
15107,0
15108,0
15109,1
15110,3
15111,0
15112,0
15113,3
15114,3
15115,3
15117,0
15118,0
15119,3
15120,0
15121,0
15122,0
15123,0
15126,0
15127,0
15128,1
15130,2
15131,3
15132,0
15133,0
15135,2
15136,0
15137,3
15138,0
15139,3
15140,3
15141,1
15143,2
15144,3
15145,3
15146,2
15147,3
15148,0
15149,0
15150,0
15151,1
15153,3
15154,1
15155,0
15156,0
15157,3
15158,0
15159,3
15160,1
15161,0
15162,2
15163,3
15164,1
15165,0
15168,3
15169,0
15170,0
15171,2
15173,0
15174,3
15175,0
15176,1
15177,1
15178,3
15180,3
15181,3
15183,1
15185,3
15186,0
15187,0
15188,0
15190,3
15192,1
15193,3
15194,3
15195,0
15196,0
15197,3
15199,0
15202,1
15204,3
15205,0
15206,0
15207,0
15208,0
15209,0
15211,0
15212,0
15213,3
15214,0
15215,3
15216,0
15217,0
15218,0
15219,3
15220,1
15221,3
15222,0
15223,2
15224,3
15225,3
15227,0
15228,3
15229,0
15230,2
15232,0
15234,3
15235,3
15236,3
15237,3
15238,0
15239,3
15241,0
15243,3
15244,3
15246,3
15247,0
15248,0
15250,0
15251,0
15252,1
15253,3
15254,2
15255,0
15256,0
15257,3
15258,0
15260,0
15261,0
15263,3
15264,0
15267,0
15268,0
15269,0
15270,2
15272,0
15273,1
15274,2
15276,0
15277,0
15278,0
15279,3
15281,0
15283,0
15284,1
15285,3
15288,3
15289,2
15290,0
15291,0
15292,3
15294,0
15295,0
15296,3
15297,0
15299,3
15300,1
15301,3
15302,0
15304,0
15305,0
15308,0
15309,3
15310,2
15312,3
15313,3
15314,3
15315,1
15316,0
15318,0
15319,3
15320,2
15321,3
15322,0
15323,0
15324,0
15327,0
15328,2
15330,0
15331,0
15332,0
15334,0
15337,3
15338,3
15340,0
15341,0
15343,1
15344,0
15345,3
15346,3
15347,3
15348,2
15349,0
15350,0
15351,3
15352,0
15353,0
15354,0
15355,0
15356,0
15357,0
15358,3
15359,2
15360,0
15361,2
15362,3
15363,0
15365,0
15366,1
15367,3
15368,3
15370,3
15372,3
15373,0
15374,2
15375,0
15376,1
15377,2
15378,3
15379,0
15380,0
15382,1
15383,1
15387,0
15388,3
15389,3
15390,0
15392,0
15393,1
15394,0
15395,0
15396,3
15397,1
15398,3
15399,3
15401,0
15403,3
15404,0
15405,0
15408,1
15410,2
15412,1
15413,1
15416,2
15417,3
15419,3
15420,1
15421,3
15422,1
15423,3
15425,3
15428,3
15429,3
15430,3
15431,2
15432,0
15433,0
15434,0
15435,0
15436,0
15437,1
15443,3
15444,1
15446,2
15447,0
15448,0
15449,1
15450,3
15451,0
15452,0
15453,0
15454,3
15457,3
15458,0
15459,0
15460,0
15461,0
15465,0
15467,3
15471,3
15472,3
15473,1
15474,1
15476,0
15477,1
15478,0
15480,0
15481,3
15482,3
15483,0
15484,0
15486,3
15487,1
15489,2
15490,3
15491,0
15492,2
15493,0
15494,0
15495,1
15496,0
15497,0
15499,2
15500,2
15501,3
15502,3
15503,0
15504,0
15505,0
15506,3
15508,2
15509,0
15510,0
15511,0
15512,3
15513,0
15514,0
15515,3
15516,2
15517,3
15518,3
15519,3
15520,0
15521,0
15523,0
15524,0
15525,0
15526,3
15527,2
15528,0
15529,0
15530,3
15531,0
15532,0
15533,1
15534,3
15535,0
15536,0
15537,1
15538,0
15539,0
15540,0
15541,3
15542,3
15543,0
15544,3
15545,0
15546,0
15547,0
15550,3
15551,1
15553,0
15554,3
15555,3
15556,1
15557,3
15558,3
15559,0
15560,2
15562,0
15563,2
15564,0
15565,3
15566,0
15567,0
15568,0
15569,1
15571,0
15572,1
15573,0
15574,0
15575,2
15576,0
15578,0
15579,3
15580,0
15581,0
15582,0
15583,0
15584,0
15585,1
15586,0
15587,0
15588,0
15589,0
15592,3
15593,3
15595,3
15596,0
15597,3
15598,0
15599,3
15600,3
15601,3
15602,3
15605,0
15606,0
15607,3
15608,3
15609,0
15610,0
15611,3
15612,1
15613,0
15614,0
15615,2
15618,3
15619,3
15620,3
15621,3
15622,0
15623,3
15625,0
15626,0
15627,3
15628,3
15630,3
15632,0
15633,3
15634,0
15635,1
15636,0
15638,0
15640,3
15641,0
15642,0
15643,0
15644,3
15645,3
15646,0
15647,0
15648,1
15649,3
15650,0
15651,3
15652,0
15653,3
15654,0
15655,3
15657,0
15658,0
15659,3
15660,0
15663,0
15665,3
15666,3
15667,3
15668,3
15669,1
15672,2
15674,0
15675,3
15676,3
15677,0
15679,0
15680,0
15681,1
15682,0
15683,3
15684,1
15686,1
15689,0
15690,0
15691,3
15692,1
15693,0
15694,2
15695,0
15696,0
15697,0
15698,3
15699,0
15701,1
15702,0
15704,0
15706,3
15707,0
15708,0
15709,0
15710,3
15711,1
15712,1
15713,0
15714,2
15716,0
15717,0
15718,0
15719,3
15720,0
15722,0
15723,3
15725,0
15726,0
15727,3
15730,0
15732,0
15733,1
15734,1
15735,0
15736,2
15737,0
15738,3
15739,1
15741,0
15742,1
15744,0
15745,0
15746,0
15748,0
15750,0
15751,0
15752,2
15753,0
15754,2
15755,0
15756,3
15757,0
15758,3
15760,0
15762,3
15764,3
15767,0
15768,3
15769,2
15770,0
15771,0
15772,0
15773,1
15774,0
15775,3
15776,0
15777,0
15778,2
15779,1
15780,3
15782,0
15783,1
15784,3
15785,0
15786,2
15787,3
15789,0
15790,0
15792,0
15793,0
15794,3
15795,0
15799,3
15800,2
15801,2
15802,3
15803,3
15805,2
15806,1
15807,0
15808,3
15809,3
15810,3
15811,0
15812,0
15814,2
15815,0
15816,0
15817,0
15818,3
15819,0
15820,3
15822,0
15823,0
15824,3
15825,0
15826,2
15828,0
15829,0
15830,0
15831,0
15832,0
15833,1
15834,0
15835,0
15836,3
15837,3
15838,0
15839,1
15842,0
15843,0
15845,0
15846,0
15847,3
15851,0
15852,1
15853,3
15854,0
15855,0
15856,0
15857,3
15858,3
15859,3
15860,0
15861,2
15863,0
15865,2
15866,2
15867,1
15868,0
15870,0
15872,0
15873,0
15874,1
15875,0
15876,3
15877,2
15878,1
15879,3
15880,3
15881,0
15882,0
15883,0
15884,0
15887,0
15888,0
15889,0
15891,0
15893,0
15894,0
15895,3
15897,0
15899,0
15901,3
15902,3
15904,0
15906,0
15907,0
15908,0
15909,3
15913,0
15914,3
15915,0
15916,1
15917,0
15918,3
15919,0
15920,0
15921,0
15922,3
15923,3
15924,0
15925,3
15926,3
15927,0
15928,3
15929,0
15930,2
15931,0
15932,0
15933,0
15934,0
15935,0
15936,0
15937,0
15938,0
15939,1
15943,0
15944,3
15945,0
15946,0
15947,1
15948,1
15949,0
15950,3
15951,3
15952,3
15953,0
15955,0
15956,0
15957,0
15958,3
15959,0
15960,3
15961,0
15962,0
15963,3
15964,2
15965,0
15966,3
15968,2
15969,0
15970,3
15971,0
15972,0
15973,0
15975,1
15976,3
15977,3
15979,0
15980,2
15982,2
15983,0
15984,0
15986,0
15987,0
15988,3
15990,3
15992,0
15993,0
15994,3
15996,3
15997,3
15998,0
15999,0
16000,3
16001,1
16002,3
16004,0
16005,0
16007,0
16008,0
16009,0
16010,0
16011,0
16012,3
16014,0
16015,0
16016,3
16017,0
16018,3
16019,3
16020,2
16021,3
16023,0
16024,3
16026,0
16027,0
16028,0
16029,0
16030,0
16031,3
16032,3
16033,0
16034,2
16035,1
16036,0
16038,0
16039,3
16040,2
16042,0
16043,2
16044,0
16045,0
16046,0
16047,3
16048,3
16049,0
16050,0
16051,3
16052,1
16055,3
16057,2
16059,0
16060,1
16062,0
16063,0
16065,3
16068,0
16069,1
16070,3
16071,0
16073,3
16074,0
16075,0
16076,0
16079,0
16080,2
16081,3
16082,3
16083,0
16084,0
16085,1
16086,1
16087,0
16088,1
16089,0
16090,3
16091,3
16092,0
16093,0
16095,0
16096,3
16097,2
16098,3
16099,0
16100,3
16101,0
16102,3
16103,0
16104,0
16105,2
16106,0
16107,1
16108,0
16109,3
16111,0
16112,0
16113,0
16114,2
16115,2
16116,0
16117,1
16118,2
16119,3
16120,1
16121,3
16123,3
16124,0
16125,3
16126,0
16128,3
16129,1
16130,0
16131,0
16132,2
16133,2
16134,1
16135,3
16137,0
16139,0
16141,0
16142,2
16143,3
16144,1
16145,3
16146,3
16147,0
16148,3
16149,0
16150,3
16152,0
16153,0
16154,0
16155,2
16157,0
16158,2
16159,2
16160,0
16162,0
16164,1
16165,0
16166,3
16167,0
16169,3
16170,0
16171,1
16173,3
16174,0
16175,0
16177,1
16178,3
16179,3
16180,0
16181,0
16182,3
16183,3
16185,2
16187,0
16189,0
16190,3
16192,3
16194,0
16195,2
16196,3
16198,3
16199,3
16200,3
16201,0
16203,3
16204,1
16207,0
16208,0
16209,0
16210,0
16211,0
16212,0
16213,0
16214,3
16215,0
16216,0
16217,3
16218,0
16220,0
16221,3
16222,0
16223,1
16224,2
16225,3
16226,3
16227,3
16228,0
16231,0
16233,0
16234,0
16235,0
16236,0
16237,0
16238,1
16239,0
16240,0
16241,3
16242,3
16243,2
16244,0
16246,1
16248,0
16249,0
16250,3
16251,3
16252,3
16253,0
16254,0
16255,0
16256,3
16257,3
16258,3
16259,0
16260,0
16261,2
16263,2
16264,0
16265,3
16266,1
16267,0
16268,0
16269,0
16272,0
16273,0
16275,2
16276,3
16277,3
16279,1
16280,1
16281,0
16283,0
16285,0
16286,0
16287,0
16289,3
16290,0
16291,1
16293,0
16295,0
16296,2
16297,3
16298,3
16299,2
16301,1
16302,0
16304,0
16305,2
16306,0
16308,0
16309,3
16310,3
16311,0
16312,3
16314,2
16315,3
16316,2
16317,0
16318,2
16319,2
16320,0
16321,0
16322,0
16323,0
16324,3
16325,0
16326,3
16327,0
16328,0
16329,3
16330,2
16331,1
16332,0
16334,2
16335,0
16336,2
16337,3
16338,3
16339,0
16340,3
16341,3
16342,3
16343,2
16344,1
16345,3
16346,0
16348,0
16349,0
16350,0
16352,0
16353,3
16354,3
16355,1
16356,0
16357,2
16358,0
16360,0
16362,0
16363,0
16364,0
16365,0
16366,0
16367,0
16368,2
16369,3
16370,3
16372,0
16373,0
16374,3
16375,0
16376,2
16377,3
16379,2
16380,0
16381,2
16382,0
16383,0
16385,0
16386,1
16387,1
16388,3
16389,0
16390,0
16391,0
16392,0
16393,0
16394,3
16395,1
16396,3
16397,0
16399,0
16400,2
16401,1
16402,0
16403,3
16404,2
16405,0
16406,0
16407,3
16409,3
16410,0
16412,3
16414,3
16415,1
16416,3
16417,0
16419,0
16420,0
16421,1
16422,0
16423,1
16425,1
16426,1
16427,3
16428,3
16429,0
16430,0
16431,2
16432,2
16433,0
16434,0
16435,0
16436,2
16438,0
16439,3
16440,0
16441,0
16443,3
16445,3
16446,1
16448,3
16449,1
16450,0
16451,0
16452,0
16453,0
16455,0
16456,1
16458,3
16459,1
16460,3
16462,3
16463,0
16464,3
16465,0
16466,0
16467,0
16470,0
16471,0
16472,2
16473,1
16474,3
16475,0
16476,3
16477,1
16478,2
16479,1
16480,3
16482,0
16483,0
16484,0
16485,2
16487,0
16488,3
16489,0
16491,1
16494,0
16496,3
16500,3
16501,0
16502,1
16503,1
16504,1
16506,0
16507,0
16509,3
16511,0
16513,3
16514,0
16515,3
16516,3
16517,1
16518,0
16520,0
16521,1
16522,3
16523,2
16524,0
16525,1
16526,1
16527,0
16528,3
16529,0
16530,0
16531,1
16532,0
16533,0
16534,0
16535,0
16536,3
16538,0
16539,0
16540,1
16542,0
16543,0
16544,0
16545,0
16547,0
16548,1
16549,3
16550,3
16552,0
16553,3
16554,0
16556,0
16557,0
16558,0
16559,0
16560,0
16561,0
16562,0
16563,0
16564,0
16565,1
16567,3
16568,3
16569,0
16570,3
16571,3
16572,1
16573,0
16575,2
16576,0
16577,1
16578,3
16579,2
16580,0
16581,0
16582,3
16583,0
16584,3
16585,2
16587,0
16588,0
16589,3
16591,0
16592,0
16593,0
16594,0
16595,1
16598,0
16600,0
16601,0
16602,3
16603,0
16604,0
16605,3
16606,3
16608,0
16609,3
16610,3
16611,1
16612,1
16613,0
16614,0
16615,0
16616,0
16617,0
16619,3
16621,0
16622,3
16623,2
16624,3
16625,0
16626,1
16627,3
16629,3
16630,3
16631,0
16632,3
16634,0
16635,0
16637,3
16638,2
16639,3
16640,1
16641,2
16642,0
16643,1
16644,2
16645,0
16646,1
16647,3
16648,0
16652,2
16653,2
16654,2
16657,0
16658,3
16659,1
16660,1
16661,1
16662,0
16663,1
16665,3
16667,0
16668,3
16669,0
16670,0
16671,2
16672,0
16674,3
16675,3
16676,0
16677,0
16678,1
16680,3
16681,0
16683,0
16684,0
16685,1
16686,0
16687,2
16690,3
16691,0
16692,1
16693,2
16694,3
16698,0
16699,3
16700,3
16701,1
16702,3
16703,2
16705,0
16706,0
16709,0
16710,3
16711,0
16712,0
16713,0
16714,3
16716,3
16717,0
16718,1
16719,3
16720,0
16721,0
16722,3
16723,0
16724,3
16726,0
16727,0
16728,3
16731,2
16733,1
16734,0
16735,0
16736,0
16737,0
16739,3
16740,3
16743,0
16744,0
16745,1
16747,1
16748,3
16750,2
16751,1
16752,0
16753,3
16754,2
16755,3
16756,0
16757,0
16758,1
16759,0
16760,3
16762,3
16763,0
16765,0
16766,0
16767,0
16768,0
16769,3
16770,1
16771,0
16774,2
16775,3
16776,0
16778,1
16779,3
16780,0
16781,2
16782,2
16783,3
16784,0
16785,0
16786,0
16788,0
16789,0
16790,0
16791,3
16793,0
16794,0
16795,0
16796,3
16798,0
16800,0
16802,1
16803,0
16804,1
16805,1
16807,0
16808,0
16809,3
16810,3
16812,0
16813,0
16814,3
16815,1
16818,3
16819,0
16820,0
16821,0
16822,0
16823,3
16824,3
16826,0
16827,0
16828,3
16829,0
16831,0
16833,0
16834,0
16836,1
16837,3
16838,3
16839,3
16840,1
16841,3
16842,0
16843,2
16846,3
16847,2
16849,2
16850,0
16851,3
16852,3
16853,0
16854,3
16855,0
16856,1
16857,2
16858,3
16859,0
16860,0
16861,3
16862,0
16863,0
16864,0
16865,0
16866,0
16867,0
16868,2
16869,3
16871,0
16872,0
16875,0
16877,0
16878,0
16881,2
16882,3
16883,0
16886,0
16887,3
16888,1
16889,3
16890,0
16891,3
16892,0
16893,0
16895,0
16896,0
16897,0
16898,3
16899,1
16900,0
16901,0
16903,3
16904,0
16905,0
16906,1
16907,0
16908,2
16911,2
16912,2
16913,3
16914,2
16915,0
16918,1
16919,3
16921,0
16922,1
16923,2
16926,2
16927,0
16928,3
16930,0
16931,0
16932,1
16933,3
16934,2
16935,3
16936,0
16937,0
16938,2
16939,0
16940,0
16941,0
16944,0
16946,0
16949,2
16950,0
16951,0
16952,0
16953,0
16954,0
16955,3
16956,3
16957,0
16958,3
16959,2
16960,3
16961,0
16962,0
16963,0
16965,2
16967,3
16968,3
16969,1
16970,3
16972,3
16973,1
16974,0
16975,3
16976,1
16977,0
16978,3
16979,3
16981,1
16984,3
16985,3
16987,0
16988,0
16989,3
16990,3
16991,0
16992,2
16994,3
16995,0
16997,1
16998,0
16999,0
17000,0
17001,0
17002,0
17003,3
17004,0
17005,3
17006,0
17007,1
17008,1
17009,0
17010,0
17011,0
17012,2
17013,2
17014,1
17016,0
17017,0
17018,0
17019,3
17020,0
17021,0
17023,0
17024,1
17025,0
17027,0
17028,0
17029,1
17030,3
17031,3
17032,3
17033,2
17034,3
17035,3
17037,0
17038,0
17039,3
17040,0
17041,0
17043,0
17044,0
17045,0
17046,3
17047,3
17048,0
17049,0
17050,2
17051,2
17052,1
17054,0
17055,0
17056,3
17058,0
17060,0
17061,3
17062,0
17064,0
17065,0
17066,3
17067,0
17068,2
17069,2
17071,3
17072,0
17073,0
17074,0
17075,3
17076,0
17077,1
17078,0
17079,3
17080,0
17082,0
17083,3
17086,1
17087,3
17088,0
17089,3
17090,0
17091,0
17092,0
17093,1
17094,3
17095,2
17096,3
17097,2
17098,3
17099,0
17100,3
17101,0
17103,3
17104,1
17105,0
17107,0
17108,1
17109,3
17110,3
17111,2
17112,1
17113,0
17115,0
17117,0
17118,1
17119,0
17120,1
17121,0
17122,3
17123,0
17124,0
17125,3
17126,3
17127,3
17128,0
17130,3
17131,0
17132,2
17133,0
17135,0
17137,0
17138,3
17139,0
17141,3
17142,0
17143,2
17144,3
17145,0
17146,0
17147,3
17150,0
17151,0
17152,0
17153,0
17155,0
17156,1
17157,1
17158,0
17159,0
17160,3
17162,0
17163,2
17164,0
17165,3
17166,1
17168,3
17170,0
17171,0
17172,3
17173,3
17174,1
17175,0
17176,0
17177,0
17178,0
17182,0
17183,1
17185,2
17186,2
17188,0
17190,1
17193,1
17194,0
17195,3
17198,3
17199,0
17200,0
17201,3
17202,2
17203,3
17204,3
17206,0
17207,3
17208,0
17210,3
17211,0
17212,3
17213,0
17214,0
17215,3
17216,1
17217,3
17218,0
17220,0
17221,1
17224,3
17225,0
17226,0
17227,3
17228,1
17229,1
17230,0
17231,3
17232,2
17233,1
17234,2
17235,1
17237,3
17239,0
17240,0
17241,0
17242,0
17243,0
17244,0
17245,1
17248,1
17249,0
17250,0
17251,3
17254,1
17255,1
17256,0
17257,1
17258,2
17260,2
17261,1
17262,3
17263,3
17264,3
17266,0
17267,0
17268,2
17269,0
17270,3
17271,2
17272,2
17273,0
17275,0
17276,3
17277,3
17278,1
17279,0
17280,1
17281,0
17282,0
17283,0
17284,0
17285,3
17286,1
17287,0
17289,0
17290,1
17291,0
17292,2
17294,0
17295,0
17296,0
17297,0
17300,3
17301,3
17302,0
17303,0
17304,1
17305,0
17306,2
17307,0
17308,0
17309,0
17310,0
17311,0
17312,0
17314,3
17315,3
17317,1
17318,2
17319,0
17321,0
17324,1
17325,2
17326,3
17327,1
17329,0
17330,3
17332,1
17334,0
17335,2
17336,0
17339,3
17341,0
17342,3
17343,3
17344,1
17347,0
17348,1
17350,0
17351,0
17353,3
17354,0
17355,0
17356,3
17357,0
17358,3
17359,0
17360,2
17361,0
17363,0
17364,3
17367,0
17368,0
17369,0
17370,0
17371,0
17372,2
17373,3
17375,3
17376,0
17377,0
17378,0
17380,2
17381,0
17383,3
17385,0
17386,3
17387,0
17388,3
17389,3
17390,3
17391,0
17392,0
17393,0
17394,3
17395,0
17397,0
17400,0
17402,0
17403,0
17404,0
17406,3
17407,0
17408,0
17410,3
17411,3
17413,3
17414,0
17416,0
17418,3
17419,0
17421,3
17422,3
17423,3
17424,3
17425,3
17426,0
17427,1
17428,0
17429,1
17430,0
17431,3
17432,1
17433,0
17434,0
17435,0
17436,0
17437,0
17438,0
17439,1
17440,3
17442,2
17443,0
17444,0
17445,0
17447,3
17448,1
17449,0
17450,3
17451,0
17452,3
17453,1
17454,3
17455,0
17456,3
17457,3
17458,2
17459,3
17460,0
17461,0
17462,0
17463,1
17465,3
17466,0
17467,3
17468,3
17469,0
17470,0
17472,3
17473,1
17476,0
17477,0
17478,1
17480,2
17481,0
17482,0
17484,3
17485,0
17486,0
17487,3
17488,3
17489,3
17491,0
17492,3
17493,1
17494,3
17495,2
17496,0
17498,3
17499,0
17500,2
17502,3
17504,3
17505,2
17506,0
17507,3
17509,0
17510,2
17511,3
17512,0
17513,1
17514,2
17515,2
17516,3
17517,3
17518,3
17519,2
17520,3
17522,0
17523,0
17524,2
17526,0
17527,0
17529,0
17531,0
17534,1
17535,0
17536,1
17537,3
17538,1
17539,0
17540,3
17541,0
17542,3
17543,1
17545,0
17546,0
17547,2
17548,0
17551,3
17552,0
17554,0
17555,3
17556,0
17557,0
17558,0
17559,0
17561,0
17563,0
17564,0
17565,2
17566,0
17568,0
17570,0
17571,2
17572,1
17574,0
17575,0
17576,0
17577,0
17578,0
17580,3
17581,0
17582,3
17583,2
17584,0
17586,3
17587,3
17588,0
17589,1
17591,0
17592,3
17593,3
17595,3
17597,2
17598,0
17599,0
17600,0
17601,2
17602,0
17604,1
17605,0
17606,0
17608,0
17609,2
17610,3
17612,0
17613,0
17615,0
17616,3
17617,0
17618,0
17619,3
17620,3
17621,3
17622,0
17624,1
17625,0
17626,3
17627,0
17628,3
17629,3
17630,0
17631,0
17632,0
17633,0
17635,0
17636,0
17637,0
17638,0
17639,0
17640,0
17641,3
17642,2
17643,0
17644,0
17645,3
17647,3
17648,1
17649,2
17650,0
17651,3
17652,0
17654,0
17655,0
17656,3
17657,3
17658,1
17659,0
17660,1
17662,2
17663,3
17665,1
17666,3
17667,0
17669,0
17670,0
17671,0
17673,1
17674,3
17676,0
17677,0
17679,0
17680,0
17681,0
17683,3
17684,2
17685,0
17686,1
17687,3
17688,3
17689,0
17690,3
17691,3
17694,0
17696,0
17697,0
17698,0
17699,0
17700,0
17701,3
17702,1
17705,0
17706,3
17707,0
17708,0
17710,0
17711,3
17712,0
17713,3
17714,0
17716,0
17717,0
17718,0
17719,1
17720,0
17722,3
17724,0
17725,2
17726,1
17728,0
17729,1
17730,3
17731,0
17733,0
17735,0
17736,1
17739,0
17742,0
17744,3
17745,3
17746,0
17747,0
17748,0
17749,0
17750,3
17751,1
17752,1
17753,0
17754,3
17755,1
17756,0
17758,0
17759,3
17760,0
17761,3
17762,0
17763,1
17764,0
17765,0
17766,0
17767,0
17768,3
17769,3
17770,0
17771,0
17772,0
17773,2
17774,0
17775,0
17778,0
17779,0
17781,0
17782,1
17784,0
17787,0
17788,0
17789,1
17790,0
17791,0
17793,0
17794,0
17795,1
17796,0
17798,0
17799,0
17800,0
17801,0
17802,3
17803,0
17804,1
17805,3
17806,0
17807,2
17808,3
17810,0
17811,2
17812,0
17813,3
17815,0
17816,3
17818,3
17819,0
17820,3
17821,0
17822,0
17823,0
17824,3
17825,1
17826,0
17827,3
17828,0
17829,3
17830,0
17831,3
17832,3
17833,0
17834,0
17836,3
17837,0
17838,0
17839,2
17840,3
17841,3
17842,2
17844,3
17845,3
17846,0
17848,1
17849,3
17851,0
17853,1
17854,1
17855,3
17856,3
17857,1
17858,0
17860,2
17862,0
17864,3
17865,3
17866,0
17867,0
17870,0
17871,0
17872,0
17873,0
17874,1
17876,3
17877,2
17878,3
17879,0
17881,0
17882,0
17884,0
17885,0
17886,2
17887,2
17890,0
17891,3
17892,0
17893,0
17895,3
17896,0
17898,1
17899,3
17900,0
17902,3
17903,0
17904,3
17905,2
17906,1
17907,1
17908,0
17909,3
17910,3
17911,2
17912,1
17913,1
17914,0
17917,2
17918,0
17919,0
17920,1
17921,3
17924,0
17925,1
17926,3
17927,2
17929,0
17930,1
17932,1
17934,0
17935,3
17936,3
17937,3
17938,0
17940,0
17941,0
17942,2
17943,0
17946,0
17947,2
17949,2
17950,3
17951,3
17952,3
17953,3
17954,0
17955,3
17956,0
17958,0
17959,0
17960,0
17962,0
17963,0
17964,0
17965,1
17966,3
17967,3
17968,3
17969,0
17970,0
17971,3
17973,0
17974,1
17975,0
17977,0
17978,0
17979,0
17983,3
17984,0
17985,0
17986,2
17987,3
17988,0
17989,0
17990,0
17991,1
17992,0
17993,0
17994,3
17997,0
17998,0
18000,3
18001,3
18002,2
18003,0
18004,0
18005,1
18006,0
18007,2
18008,3
18009,3
18011,0
18012,1
18013,0
18014,3
18016,0
18017,2
18018,3
18019,0
18020,0
18021,1
18022,0
18023,1
18025,3
18026,3
18027,0
18029,0
18030,3
18031,3
18032,0
18033,1
18034,0
18035,0
18036,0
18037,0
18039,0
18040,0
18042,0
18044,0
18045,3
18046,0
18048,3
18049,0
18051,1
18052,1
18053,3
18055,2
18056,2
18057,3
18058,3
18059,3
18061,3
18063,0
18064,1
18066,0
18067,0
18068,0
18070,0
18071,3
18072,0
18073,3
18076,3
18077,1
18079,0
18080,3
18081,3
18082,0
18083,3
18084,0
18085,0
18086,1
18087,3
18088,0
18090,3
18091,3
18092,3
18093,0
18094,0
18095,0
18096,0
18097,0
18098,0
18099,3
18101,1
18102,2
18103,3
18105,3
18106,1
18107,3
18108,1
18110,2
18111,1
18113,1
18114,0
18115,0
18116,3
18117,3
18118,0
18119,0
18122,3
18123,1
18124,2
18125,2
18126,0
18128,0
18129,2
18130,0
18131,0
18132,3
18133,0
18134,3
18135,3
18136,0
18140,0
18141,3
18142,1
18143,3
18145,3
18146,0
18147,3
18148,3
18150,0
18152,3
18153,3
18155,0
18160,0
18161,3
18163,3
18164,2
18165,3
18166,1
18168,0
18169,1
18170,3
18171,0
18172,0
18173,0
18174,0
18175,3
18176,0
18178,0
18179,0
18180,3
18181,0
18183,2
18184,0
18185,0
18187,1
18188,0
18189,3
18190,0
18191,0
18192,3
18193,0
18195,3
18197,0
18198,3
18199,3
18200,0
18202,0
18203,0
18204,0
18205,1
18207,2
18208,0
18209,3
18210,3
18211,2
18212,0
18215,0
18217,1
18218,1
18219,0
18220,3
18222,3
18223,0
18224,2
18225,3
18228,3
18229,0
18230,3
18231,0
18232,3
18233,0
18234,0
18235,3
18237,0
18238,0
18239,0
18241,0
18242,3
18243,3
18244,0
18245,0
18247,0
18248,1
18249,0
18250,0
18251,2
18253,0
18254,0
18256,1
18257,2
18258,3
18259,3
18260,0
18262,3
18263,0
18264,0
18265,0
18267,0
18268,3
18269,0
18270,0
18271,3
18272,1
18273,0
18274,2
18275,0
18276,3
18277,2
18278,0
18280,2
18281,2
18282,1
18283,0
18284,0
18285,2
18286,1
18287,2
18290,0
18291,0
18292,1
18293,0
18294,0
18298,3
18299,3
18302,0
18304,0
18306,0
18308,0
18309,3
18310,3
18311,0
18312,3
18313,0
18314,3
18315,0
18316,2
18318,0
18319,3
18320,0
18321,0
18322,0
18323,1
18324,0
18325,3
18326,0
18327,0
18328,0
18330,0
18333,0
18335,3
18336,2
18338,0
18339,3
18340,2
18341,2
18342,1
18343,3
18344,0
18345,0
18347,1
18348,2
18349,3
18350,2
18351,2
18352,0
18353,3
18355,0
18358,2
18359,0
18361,1
18362,0
18363,0
18366,3
18368,3
18369,1
18370,3
18371,0
18372,1
18373,2
18374,3
18375,0
18376,3
18377,1
18378,0
18380,3
18381,3
18382,0
18383,3
18385,0
18387,3
18388,1
18389,0
18391,1
18392,0
18393,3
18395,1
18397,3
18398,3
18399,0
18400,0
18401,2
18403,1
18404,2
18405,2
18406,0
18407,0
18408,2
18409,0
18411,0
18412,3
18413,0
18414,0
18415,0
18417,3
18418,0
18419,3
18420,0
18421,3
18422,3
18423,0
18424,0
18426,1
18427,0
18428,1
18429,0
18430,1
18431,0
18432,0
18433,1
18434,3
18435,0
18436,3
18437,2
18438,0
18439,1
18442,3
18445,0
18446,1
18447,0
18448,3
18449,2
18450,3
18451,0
18452,0
18453,0
18454,1
18455,1
18456,3
18457,3
18458,0
18459,1
18460,0
18461,2
18462,0
18463,1
18464,1
18466,2
18467,2
18468,3
18470,0
18471,2
18472,0
18473,3
18475,0
18477,3
18478,3
18479,1
18480,0
18481,1
18482,0
18484,0
18485,3
18487,0
18488,0
18489,1
18490,0
18491,0
18493,0
18494,2
18495,2
18496,0
18497,3
18498,0
18499,0
18500,3
18502,3
18504,1
18505,3
18507,0
18508,0
18509,0
18511,0
18512,0
18513,3
18514,2
18515,3
18516,0
18517,3
18518,0
18520,3
18521,1
18522,0
18523,0
18524,3
18525,0
18527,0
18528,3
18529,3
18530,0
18531,3
18532,0
18533,3
18534,3
18535,3
18536,0
18539,0
18540,3
18541,0
18542,0
18543,0
18544,0
18545,3
18546,0
18547,2
18549,1
18551,2
18552,3
18553,2
18554,0
18555,0
18556,3
18557,0
18558,0
18559,0
18560,3
18562,0
18563,3
18564,3
18565,0
18568,0
18570,2
18571,2
18572,3
18573,3
18575,2
18576,2
18578,2
18579,0
18580,3
18584,0
18585,0
18586,0
18588,0
18589,3
18590,2
18593,3
18594,2
18600,0
18601,0
18603,3
18604,1
18605,0
18606,0
18607,1
18608,0
18609,0
18610,0
18612,1
18613,0
18615,0
18616,0
18617,3
18618,0
18619,0
18620,3
18622,3
18623,0
18624,0
18625,0
18626,3
18627,3
18628,0
18629,3
18630,0
18632,1
18633,0
18635,0
18636,0
18637,0
18638,0
18639,0
18640,0
18641,1
18643,0
18644,1
18645,1
18646,0
18647,3
18649,3
18650,3
18652,3
18653,0
18654,0
18655,0
18656,0
18657,3
18658,3
18659,0
18660,3
18662,3
18663,0
18665,0
18667,0
18668,3
18670,0
18671,3
18672,0
18673,2
18675,0
18676,3
18677,3
18680,0
18682,1
18683,0
18684,1
18685,2
18686,0
18687,1
18688,0
18689,1
18690,3
18691,1
18692,3
18693,1
18695,0
18696,3
18697,0
18699,1
18701,3
18702,0
18703,0
18704,3
18706,1
18707,0
18708,0
18709,3
18711,0
18712,0
18713,0
18714,0
18715,3
18716,3
18717,0
18718,3
18719,1
18720,0
18721,3
18723,3
18724,3
18725,0
18726,1
18727,3
18728,3
18729,0
18732,3
18733,2
18734,0
18735,3
18736,3
18737,0
18738,3
18740,2
18741,1
18742,0
18744,3
18745,3
18746,3
18748,0
18749,1
18751,0
18752,0
18754,1
18755,3
18756,0
18757,0
18758,0
18760,0
18761,1
18762,3
18763,3
18764,3
18766,0
18767,0
18768,3
18769,2
18772,0
18773,2
18774,3
18775,2
18776,3
18777,0
18778,0
18779,2
18780,3
18781,2
18782,0
18783,0
18784,3
18785,0
18786,0
18788,0
18789,0
18790,0
18791,3
18792,2
18794,0
18795,3
18796,0
18797,1
18798,1
18799,3
18800,3
18801,3
18803,0
18805,0
18807,1
18808,0
18809,0
18810,0
18811,3
18812,0
18814,3
18817,0
18818,0
18819,0
18820,0
18822,1
18823,0
18824,0
18826,0
18828,0
18829,0
18830,3
18831,3
18834,3
18835,3
18836,2
18837,1
18838,0
18839,0
18840,3
18842,0
18843,3
18846,0
18847,0
18849,0
18851,2
18852,3
18853,3
18854,0
18855,0
18856,0
18857,0
18859,0
18860,1
18861,3
18862,3
18863,0
18864,3
18865,0
18867,0
18868,0
18870,0
18873,1
18874,0
18875,3
18876,3
18877,0
18878,0
18879,3
18880,0
18881,3
18882,1
18884,3
18885,3
18887,0
18890,3
18891,0
18892,0
18893,0
18895,0
18896,0
18897,3
18898,1
18899,1
18900,1
18901,3
18903,1
18904,0
18905,0
18908,0
18909,0
18910,0
18911,3
18914,0
18915,3
18916,0
18917,0
18918,3
18919,0
18920,3
18921,0
18922,3
18924,1
18925,0
18926,0
18927,0
18929,3
18931,2
18932,0
18933,0
18934,0
18935,0
18936,0
18937,3
18938,2
18939,0
18940,1
18941,0
18943,0
18944,1
18945,1
18946,0
18947,1
18948,3
18949,3
18950,0
18951,0
18952,0
18953,0
18954,0
18955,0
18956,0
18958,0
18959,0
18960,1
18961,1
18962,0
18963,1
18964,1
18965,0
18967,3
18968,0
18969,0
18971,3
18973,3
18974,0
18975,1
18976,0
18977,0
18978,1
18979,0
18981,0
18982,3
18983,0
18984,1
18986,0
18987,1
18988,0
18989,3
18990,0
18992,3
18993,0
18994,2
18995,2
18996,0
18998,0
19000,2
19002,3
19003,0
19005,0
19006,1
19007,0
19008,3
19010,0
19011,0
19012,0
19014,3
19015,2
19016,0
19017,1
19018,0
19019,3
19020,0
19022,3
19023,3
19026,2
19027,1
19028,0
19029,0
19031,0
19032,3
19033,0
19034,0
19036,0
19037,0
19039,0
19040,0
19041,0
19042,2
19043,0
19044,0
19046,0
19047,0
19048,0
19049,0
19050,3
19051,0
19052,0
19053,1
19054,3
19057,0
19058,3
19059,0
19060,0
19061,3
19062,0
19063,3
19064,3
19065,3
19067,3
19068,0
19070,0
19071,3
19072,0
19073,2
19074,0
19075,3
19076,3
19077,0
19078,0
19079,3
19080,0
19082,1
19083,2
19084,3
19085,0
19086,3
19088,1
19089,3
19091,3
19094,0
19095,2
19096,1
19097,0
19098,0
19099,0
19100,3
19101,0
19102,0
19103,0
19104,0
19105,0
19107,0
19108,2
19111,0
19112,0
19113,0
19115,0
19116,3
19117,0
19118,3
19119,0
19122,3
19123,0
19125,3
19126,3
19128,0
19129,3
19130,0
19131,1
19132,0
19133,0
19134,0
19135,0
19136,0
19138,3
19140,0
19141,1
19143,0
19144,2
19145,0
19146,0
19147,3
19148,3
19149,3
19152,1
19153,0
19154,1
19155,0
19156,0
19157,2
19158,3
19159,1
19160,3
19161,0
19162,0
19163,1
19165,1
19166,0
19167,0
19168,0
19169,3
19170,0
19171,3
19172,3
19173,0
19174,3
19175,0
19176,0
19177,3
19178,0
19179,0
19180,0
19182,2
19183,3
19184,2
19185,3
19186,3
19187,0
19189,2
19190,2
19191,1
19192,3
19193,1
19194,1
19195,0
19196,3
19197,1
19198,3
19199,2
19200,0
19202,0
19203,1
19204,0
19206,3
19207,0
19209,2
19211,0
19214,0
19215,2
19216,0
19217,3
19218,0
19219,0
19220,3
19221,3
19222,0
19223,3
19225,3
19226,3
19228,3
19229,0
19232,1
19233,1
19236,3
19237,0
19238,3
19239,3
19240,0
19241,0
19242,1
19244,3
19245,2
19247,0
19248,2
19249,1
19250,0
19251,0
19252,1
19253,1
19254,0
19255,3
19256,3
19258,3
19259,3
19260,2
19263,2
19264,0
19265,0
19266,0
19267,2
19268,0
19270,3
19271,0
19273,0
19274,0
19275,1
19276,3
19277,3
19278,0
19279,0
19280,0
19281,3
19282,0
19283,1
19284,1
19285,0
19288,0
19289,3
19290,3
19292,1
19293,2
19294,3
19297,0
19298,3
19299,1
19300,1
19301,3
19302,0
19303,3
19304,0
19305,3
19306,0
19307,0
19309,2
19313,1
19314,0
19316,3
19317,0
19318,0
19319,0
19320,3
19321,2
19322,2
19323,3
19324,0
19325,0
19326,1
19327,2
19329,0
19330,0
19332,3
19333,0
19335,3
19336,3
19337,3
19340,1
19341,0
19342,1
19344,0
19345,3
19346,2
19347,1
19348,3
19349,3
19350,3
19351,3
19352,3
19353,1
19354,0
19355,3
19356,0
19357,0
19358,0
19359,3
19361,0
19362,2
19363,0
19364,0
19365,0
19366,3
19367,1
19368,3
19370,0
19371,0
19372,3
19373,1
19374,1
19375,3
19376,3
19377,0
19378,2
19379,3
19380,2
19381,0
19382,0
19383,0
19384,0
19387,0
19388,0
19390,0
19392,0
19393,3
19394,2
19395,3
19396,0
19397,1
19399,0
19400,3
19401,3
19402,3
19403,0
19404,3
19406,0
19408,1
19412,0
19413,2
19414,0
19415,3
19416,2
19418,3
19420,0
19421,3
19422,0
19423,3
19425,0
19427,0
19428,0
19429,3
19430,3
19431,0
19432,3
19433,1
19434,0
19436,0
19438,3
19439,1
19440,0
19441,0
19445,0
19446,0
19447,0
19449,0
19451,0
19452,2
19453,0
19457,1
19458,0
19459,3
19460,3
19461,2
19462,0
19463,0
19464,3
19465,3
19466,0
19467,1
19468,0
19469,0
19470,2
19471,0
19472,2
19473,3
19475,0
19476,3
19477,3
19478,0
19479,3
19481,1
19482,1
19483,0
19484,3
19485,3
19486,0
19487,3
19488,0
19489,0
19490,0
19491,0
19492,0
19493,3
19494,2
19495,1
19496,1
19497,2
19498,0
19499,0
19500,0
19501,0
19502,0
19503,3
19504,1
19505,3
19506,0
19507,3
19508,1
19511,0
19512,3
19513,3
19514,2
19515,0
19516,0
19517,0
19518,0
19519,3
19520,3
19521,2
19522,0
19523,3
19524,0
19526,2
19527,0
19528,0
19529,3
19530,0
19531,3
19532,0
19533,0
19534,0
19536,3
19537,1
19538,0
19543,2
19544,0
19545,0
19547,3
19548,0
19549,3
19550,0
19551,1
19552,1
19553,0
19554,0
19555,1
19556,0
19557,3
19560,0
19561,1
19562,0
19565,3
19566,0
19567,2
19568,0
19570,3
19573,0
19574,2
19575,3
19576,2
19577,0
19578,3
19580,3
19581,3
19583,0
19584,3
19585,0
19586,1
19587,3
19588,3
19589,3
19590,1
19591,1
19592,0
19593,0
19594,2
19595,1
19596,0
19597,3
19598,3
19599,3
19600,0
19602,1
19603,3
19604,2
19605,2
19606,3
19607,3
19608,0
19609,0
19610,1
19611,0
19613,0
19614,0
19615,2
19616,3
19617,0
19618,3
19619,1
19620,3
19621,0
19623,3
19624,0
19626,0
19627,0
19628,3
19630,0
19631,2
19633,3
19634,0
19635,0
19636,1
19637,3
19638,1
19640,1
19644,3
19645,0
19646,2
19648,3
19649,1
19650,0
19651,1
19652,1
19653,0
19655,0
19657,3
19658,3
19659,3
19660,3
19661,0
19662,0
19663,3
19664,0
19666,3
19668,0
19669,1
19670,0
19671,0
19672,3
19673,0
19674,0
19675,2
19676,0
19677,0
19678,3
19679,2
19680,3
19681,0
19682,1
19683,3
19684,0
19685,2
19686,1
19687,0
19689,2
19691,0
19692,0
19693,2
19694,3
19695,0
19696,0
19698,3
19699,0
19700,3
19701,0
19702,1
19703,0
19705,0
19706,0
19708,3
19709,3
19711,0
19712,0
19713,2
19714,0
19715,3
19716,0
19717,2
19719,3
19720,0
19722,0
19724,0
19725,0
19726,1
19727,0
19728,3
19729,3
19730,3
19731,3
19732,0
19734,3
19735,3
19736,0
19737,3
19738,1
19740,0
19741,0
19742,0
19743,0
19744,0
19746,0
19747,0
19748,0
19750,1
19751,3
19753,0
19754,0
19757,0
19758,2
19760,3
19761,0
19762,2
19763,0
19765,0
19766,0
19767,0
19768,0
19770,0
19771,0
19772,0
19773,2
19775,3
19777,1
19778,0
19779,2
19780,0
19781,2
19782,0
19783,3
19784,0
19785,0
19786,0
19787,0
19789,0
19790,2
19792,3
19793,0
19795,0
19796,0
19798,3
19799,1
19802,0
19803,0
19804,0
19805,0
19806,0
19807,3
19808,3
19810,0
19811,0
19812,0
19813,0
19814,0
19815,3
19816,3
19817,0
19818,3
19821,3
19822,0
19823,0
19825,0
19826,0
19828,3
19829,0
19830,3
19831,0
19832,0
19833,0
19834,3
19835,0
19837,0
19838,3
19839,3
19841,0
19843,3
19844,1
19845,1
19846,0
19847,2
19848,0
19849,0
19850,0
19851,0
19852,1
19854,0
19856,0
19857,0
19858,1
19859,3
19860,3
19861,0
19863,3
19864,2
19865,2
19866,0
19867,2
19868,0
19869,2
19870,0
19871,3
19873,0
19874,3
19875,3
19876,3
19877,0
19878,0
19879,1
19880,3
19881,3
19882,0
19883,0
19884,0
19885,0
19887,0
19888,0
19889,0
19890,0
19891,0
19892,0
19893,0
19895,3
19896,1
19897,0
19898,2
19899,0
19901,3
19902,0
19903,3
19904,3
19905,0
19906,0
19907,0
19908,2
19909,2
19910,3
19911,0
19912,1
19913,1
19914,0
19915,0
19917,0
19922,0
19924,3
19925,0
19926,3
19927,3
19928,0
19930,3
19931,0
19932,0
19935,3
19936,0
19937,3
19938,0
19939,1
19940,0
19942,0
19943,0
19944,3
19945,0
19946,0
19947,2
19949,0
19950,3
19952,0
19953,0
19954,3
19956,3
19958,3
19960,0
19961,0
19962,0
19964,2
19965,0
19967,1
19969,3
19971,0
19972,3
19973,0
19974,3
19975,0
19976,1
19978,3
19979,3
19984,0
19986,0
19987,3
19988,0
19989,3
19990,0
19991,0
19992,0
19993,0
19994,3
19995,1
19996,3
19997,0
19998,2
19999,3
20000,3
20001,0
20003,3
20004,0
20005,0
20006,0
20007,0
20008,3
20009,2
20010,0
20011,3
20012,0
20013,3
20014,1
20015,1
20016,2
20017,1
20018,0
20019,0
20021,3
20023,3
20024,3
20025,3
20027,0
20028,2
20029,3
20032,0
20034,0
20035,3
20036,3
20037,0
20038,0
20040,0
20043,0
20044,0
20045,3
20046,0
20047,3
20048,2
20049,0
20051,0
20054,0
20055,0
20056,0
20057,3
20058,1
20059,2
20060,0
20061,3
20062,0
20063,3
20064,3
20065,3
20066,0
20068,0
20069,3
20070,3
20071,0
20073,0
20074,0
20076,3
20078,2
20079,2
20080,0
20081,1
20084,0
20085,2
20087,3
20088,2
20089,0
20090,0
20091,3
20092,1
20093,1
20094,0
20095,1
20096,0
20099,0
20101,3
20102,0
20104,3
20105,3
20106,2
20107,0
20109,0
20111,0
20113,0
20114,0
20115,0
20116,2
20117,3
20118,0
20120,3
20121,3
20122,0
20123,0
20124,0
20125,3
20126,3
20127,0
20129,0
20130,0
20132,3
20133,0
20134,0
20135,0
20136,0
20137,1
20138,2
20139,0
20140,0
20142,0
20143,3
20144,1
20145,1
20147,2
20148,3
20149,0
20150,1
20151,0
20152,0
20155,0
20156,2
20157,0
20158,3
20159,0
20161,2
20162,0
20163,3
20164,3
20165,3
20166,3
20167,0
20168,3
20169,0
20170,0
20171,2
20173,0
20174,0
20175,3
20176,0
20177,2
20178,0
20179,2
20180,0
20181,2
20182,0
20183,3
20184,0
20186,3
20187,0
20188,3
20190,3
20191,2
20192,0
20193,0
20194,0
20195,3
20196,1
20198,1
20199,2
20200,1
20201,0
20202,0
20203,0
20204,0
20205,0
20208,3
20209,3
20210,3
20211,0
20212,3
20213,3
20214,0
20215,1
20216,3
20217,2
20218,0
20219,0
20221,3
20224,0
20225,0
20226,0
20227,3
20230,3
20231,0
20232,0
20233,3
20234,0
20235,1
20237,0
20239,3
20240,0
20241,0
20242,0
20243,0
20244,1
20245,0
20246,0
20247,3
20248,3
20249,3
20250,3
20251,3
20252,0
20253,2
20254,0
20255,0
20256,1
20258,2
20259,0
20260,3
20261,2
20262,1
20263,0
20264,0
20265,0
20266,3
20267,0
20270,0
20272,3
20273,0
20274,3
20275,1
20277,0
20280,2
20281,2
20282,0
20283,0
20285,1
20286,3
20290,3
20291,0
20294,0
20295,3
20296,0
20297,0
20300,2
20301,3
20302,0
20303,3
20304,3
20305,0
20307,3
20308,0
20309,0
20310,0
20311,0
20312,0
20314,3
20315,0
20317,0
20318,3
20320,3
20321,0
20322,0
20323,2
20326,3
20327,0
20328,0
20329,1
20330,0
20331,3
20332,0
20333,0
20334,0
20335,0
20336,0
20337,3
20338,3
20339,3
20340,3
20341,3
20342,0
20343,0
20344,0
20345,0
20346,0
20347,3
20348,0
20351,0
20352,2
20354,3
20355,2
20356,0
20357,0
20358,2
20359,3
20360,0
20361,3
20362,0
20363,0
20365,0
20366,3
20367,0
20368,0
20369,0
20370,0
20371,0
20372,0
20373,3
20375,0
20377,0
20378,3
20379,3
20381,3
20382,2
20383,3
20384,0
20385,0
20387,0
20388,2
20389,0
20390,0
20392,2
20393,2
20394,0
20395,0
20396,0
20397,0
20398,0
20399,3
20400,0
20401,0
20402,3
20404,0
20405,0
20408,0
20409,3
20410,0
20411,1
20412,3
20413,1
20414,0
20415,0
20416,0
20417,0
20419,0
20420,0
20421,0
20422,3
20423,3
20424,1
20426,3
20427,0
20428,3
20429,3
20430,0
20431,1
20432,1
20433,0
20434,3
20435,0
20437,0
20439,2
20440,0
20442,0
20445,2
20446,0
20447,1
20448,0
20449,0
20450,0
20452,1
20455,0
20456,0
20457,3
20460,0
20462,0
20463,3
20464,0
20466,3
20467,3
20468,2
20469,1
20471,1
20472,0
20473,0
20474,1
20477,0
20478,0
20479,0
20482,0
20483,0
20484,0
20486,3
20487,2
20489,3
20490,0
20491,0
20492,0
20493,0
20494,3
20495,1
20496,2
20497,0
20498,3
20499,0
20500,0
20501,0
20503,1
20504,0
20505,0
20506,0
20507,3
20508,1
20509,0
20510,0
20511,0
20512,2
20513,1
20515,2
20516,0
20517,1
20518,3
20519,3
20520,0
20521,1
20523,0
20524,1
20525,0
20527,0
20528,0
20530,0
20531,2
20532,0
20533,1
20534,0
20535,0
20537,1
20538,0
20539,2
20540,0
20541,3
20542,1
20543,0
20544,0
20545,0
20546,3
20548,0
20549,3
20550,0
20551,2
20552,0
20553,0
20554,3
20556,0
20557,3
20559,0
20560,0
20561,3
20562,0
20564,0
20565,1
20566,3
20567,0
20569,3
20570,0
20571,0
20572,0
20573,0
20575,1
20576,3
20577,3
20578,2
20579,0
20581,0
20582,0
20583,0
20586,3
20587,0
20589,1
20590,0
20591,2
20592,3
20593,3
20595,0
20596,0
20597,0
20598,3
20599,3
20602,3
20603,0
20604,0
20608,0
20610,0
20611,0
20612,3
20613,3
20614,2
20615,3
20617,3
20618,3
20619,0
20620,0
20621,0
20622,0
20623,0
20624,3
20625,3
20626,0
20627,3
20629,0
20630,2
20631,3
20632,3
20633,0
20634,2
20635,3
20636,0
20637,3
20638,2
20639,0
20641,1
20642,0
20643,0
20644,0
20646,0
20647,0
20648,0
20650,0
20651,1
20652,3
20654,3
20656,2
20658,3
20659,3
20661,3
20662,0
20663,0
20664,0
20666,3
20667,3
20668,0
20669,2
20671,3
20672,0
20673,0
20674,0
20675,3
20676,0
20677,1
20678,0
20681,0
20683,3
20684,0
20685,3
20688,2
20690,3
20691,0
20692,2
20693,2
20694,3
20695,1
20696,3
20697,0
20698,0
20699,3
20702,0
20703,3
20705,2
20707,0
20710,1
20711,0
20712,2
20713,0
20714,0
20715,0
20716,1
20717,1
20719,0
20720,0
20721,0
20722,3
20723,3
20726,0
20727,3
20728,3
20729,0
20730,2
20731,0
20733,0
20734,1
20735,3
20737,1
20738,3
20739,3
20740,1
20741,0
20743,1
20744,0
20745,1
20746,0
20747,3
20750,1
20751,0
20752,1
20753,2
20754,1
20755,2
20756,0
20757,3
20758,0
20759,0
20760,0
20761,3
20762,0
20763,2
20764,0
20765,0
20766,2
20768,3
20770,3
20771,2
20772,0
20774,1
20775,0
20776,3
20777,1
20778,3
20779,0
20780,1
20783,0
20784,2
20787,0
20788,3
20789,3
20790,2
20791,3
20794,0
20797,0
20799,3
20800,0
20801,0
20802,2
20804,0
20807,3
20809,0
20812,2
20813,0
20814,1
20815,0
20816,0
20817,3
20818,3
20819,3
20820,2
20821,2
20823,1
20824,0
20826,2
20827,0
20828,1
20831,3
20832,0
20833,3
20836,1
20837,2
20838,3
20839,2
20840,0
20843,2
20844,3
20845,0
20847,0
20848,0
20849,2
20850,0
20851,3
20852,1
20853,1
20854,0
20855,3
20856,0
20857,3
20858,0
20859,0
20860,0
20861,3
20862,1
20863,1
20866,0
20867,0
20868,3
20869,3
20870,0
20872,3
20873,0
20876,0
20878,1
20879,3
20880,0
20881,3
20882,0
20883,3
20886,1
20888,0
20890,1
20892,1
20893,0
20894,0
20895,3
20896,0
20898,1
20899,0
20900,1
20901,0
20902,3
20903,0
20904,0
20905,0
20906,0
20907,3
20908,0
20909,2
20910,0
20912,0
20913,3
20915,3
20917,0
20918,3
20919,3
20920,2
20921,0
20922,0
20923,3
20924,0
20925,3
20926,1
20927,0
20928,1
20929,1
20930,1
20931,0
20932,3
20933,0
20934,3
20937,0
20938,2
20941,3
20942,0
20944,3
20945,1
20946,2
20947,0
20948,2
20950,3
20951,0
20953,3
20954,0
20956,0
20958,0
20959,2
20961,0
20962,0
20963,1
20964,1
20965,0
20966,1
20967,0
20968,0
20969,3
20970,0
20971,3
20972,2
20973,3
20974,3
20975,2
20976,3
20978,0
20979,3
20981,0
20983,1
20984,3
20985,0
20986,0
20987,2
20988,3
20989,3
20990,0
20991,0
20992,0
20993,1
20994,0
20996,2
20997,0
20998,0
20999,0
21002,0
21005,0
21006,0
21007,0
21009,3
21010,0
21012,0
21013,0
21014,0
21015,0
21016,0
21017,3
21018,0
21019,3
21021,0
21023,0
21024,3
21025,0
21026,0
21027,3
21028,0
21029,3
21030,0
21031,3
21032,3
21033,3
21034,1
21035,0
21036,1
21037,0
21039,0
21040,0
21041,1
21042,0
21043,3
21044,0
21045,0
21046,2
21047,2
21048,0
21049,0
21050,1
21051,2
21052,3
21053,0
21054,3
21055,0
21057,0
21058,0
21060,0
21061,0
21062,2
21063,0
21064,2
21067,0
21071,0
21072,2
21073,0
21075,3
21076,3
21077,3
21078,3
21079,0
21081,0
21082,0
21083,3
21086,0
21087,0
21088,0
21089,3
21090,0
21091,0
21092,2
21093,3
21094,0
21095,3
21096,0
21097,0
21098,1
21099,3
21100,0
21101,3
21102,2
21103,0
21104,3
21105,2
21109,3
21110,0
21111,0
21113,0
21117,0
21118,0
21119,0
21120,3
21122,2
21123,0
21124,0
21125,0
21127,2
21128,0
21130,0
21131,0
21132,0
21133,0
21134,0
21135,0
21136,3
21137,0
21138,0
21139,3
21140,3
21142,2
21143,0
21144,3
21145,2
21146,0
21147,0
21148,3
21150,0
21152,2
21153,3
21154,3
21156,0
21157,1
21158,1
21159,1
21162,0
21163,0
21165,0
21166,2
21167,3
21168,0
21171,1
21173,0
21174,0
21175,0
21176,0
21177,1
21178,0
21180,0
21181,3
21182,0
21183,0
21184,3
21186,0
21187,3
21188,0
21189,0
21192,0
21193,3
21194,2
21195,2
21197,0
21198,0
21200,3
21201,0
21203,2
21204,0
21205,3
21206,2
21207,0
21208,3
21209,1
21210,0
21211,0
21212,2
21213,2
21215,0
21216,0
21217,3
21218,0
21219,0
21221,3
21222,0
21223,3
21224,1
21225,3
21226,0
21227,3
21228,0
21229,3
21231,0
21232,3
21233,3
21234,0
21235,3
21236,2
21237,0
21238,3
21239,2
21240,3
21241,3
21242,3
21243,0
21244,3
21245,0
21246,2
21247,0
21248,3
21250,3
21251,3
21252,3
21253,0
21254,2
21255,2
21257,0
21259,3
21260,0
21262,0
21263,3
21264,3
21265,0
21266,1
21267,0
21268,3
21269,0
21270,0
21271,2
21272,3
21273,3
21274,3
21277,3
21278,1
21280,0
21281,0
21282,0
21283,0
21284,0
21285,0
21287,2
21288,0
21289,3
21290,0
21291,0
21292,3
21293,1
21294,1
21295,0
21297,3
21298,3
21299,0
21300,0
21302,3
21304,3
21305,3
21307,0
21308,0
21309,0
21310,3
21311,0
21312,2
21315,0
21316,1
21318,0
21319,0
21320,0
21323,3
21325,0
21327,3
21328,0
21329,2
21331,3
21333,3
21334,2
21335,3
21336,0
21337,3
21338,0
21339,3
21340,0
21341,0
21342,0
21343,0
21344,3
21345,0
21347,1
21348,1
21350,1
21351,0
21352,0
21353,0
21354,2
21355,3
21356,3
21357,0
21358,0
21359,0
21360,2
21362,0
21363,3
21364,0
21365,3
21366,3
21367,0
21368,0
21369,1
21372,3
21374,3
21375,1
21376,0
21377,1
21378,3
21381,2
21382,0
21383,3
21384,3
21385,3
21386,3
21387,3
21388,1
21390,3
21391,3
21392,0
21394,0
21396,0
21397,3
21398,0
21399,3
21400,3
21401,3
21403,0
21404,3
21405,3
21406,3
21407,1
21408,0
21409,2
21411,0
21415,0
21416,1
21418,3
21419,0
21421,3
21422,0
21423,3
21424,1
21425,0
21426,2
21427,0
21428,0
21429,0
21430,0
21431,0
21432,0
21433,0
21434,0
21435,1
21436,2
21437,0
21438,3
21439,2
21440,0
21441,1
21442,1
21444,3
21445,3
21446,3
21447,0
21448,3
21449,0
21450,0
21452,0
21453,0
21454,0
21455,0
21456,1
21457,0
21458,0
21459,0
21460,3
21462,3
21463,0
21464,3
21465,0
21466,0
21467,2
21468,3
21469,0
21471,2
21472,0
21474,0
21475,1
21476,2
21478,3
21479,2
21480,0
21481,0
21482,0
21483,0
21484,0
21485,0
21486,2
21487,3
21488,0
21489,3
21490,0
21491,3
21492,0
21494,0
21495,1
21496,0
21497,0
21498,0
21499,0
21501,1
21502,3
21503,3
21504,3
21505,3
21506,3
21507,1
21509,3
21510,0
21511,0
21512,3
21513,0
21514,0
21515,0
21516,0
21517,0
21518,1
21519,0
21520,1
21524,0
21526,0
21527,3
21528,3
21529,2
21531,0
21532,1
21534,3
21535,3
21536,0
21538,1
21540,2
21541,0
21542,0
21545,3
21546,0
21547,3
21548,1
21549,1
21550,1
21551,1
21553,0
21554,0
21556,3
21557,0
21559,3
21560,2
21562,3
21563,0
21566,0
21567,0
21568,3
21569,0
21570,0
21571,1
21572,0
21573,0
21574,3
21575,3
21576,0
21577,2
21578,3
21579,3
21582,0
21583,2
21584,0
21586,3
21587,0
21588,3
21589,1
21590,0
21591,3
21592,0
21594,3
21595,0
21596,0
21597,0
21598,0
21599,0
21600,0
21602,0
21603,1
21604,0
21605,1
21608,0
21609,0
21610,0
21611,3
21612,3
21613,0
21614,0
21616,0
21618,1
21619,0
21625,3
21626,3
21627,0
21628,0
21629,1
21630,0
21631,0
21634,3
21635,0
21636,0
21637,2
21638,1
21639,3
21640,0
21641,2
21642,0
21643,0
21644,0
21646,3
21647,3
21648,3
21651,3
21653,0
21654,0
21655,2
21656,0
21657,3
21658,1
21660,3
21661,0
21662,2
21663,3
21665,0
21667,2
21668,0
21669,1
21671,0
21672,3
21673,0
21674,2
21676,0
21677,0
21678,3
21679,0
21680,0
21681,0
21682,0
21684,3
21688,2
21690,0
21691,0
21692,0
21693,0
21694,2
21696,0
21697,0
21698,0
21699,1
21700,0
21701,3
21702,0
21703,0
21704,0
21705,0
21706,0
21707,0
21708,3
21709,3
21711,1
21712,1
21714,3
21715,2
21716,0
21717,2
21718,0
21719,3
21720,3
21722,2
21723,0
21724,0
21726,2
21727,3
21728,2
21730,1
21732,3
21733,1
21734,1
21735,0
21736,3
21737,0
21738,0
21740,0
21741,1
21742,3
21743,0
21744,3
21745,2
21746,0
21748,0
21749,3
21750,2
21751,0
21752,0
21754,3
21755,0
21756,0
21757,0
21758,0
21759,2
21760,2
21761,0
21762,2
21763,0
21764,0
21766,1
21767,0
21768,3
21769,0
21771,3
21772,2
21773,0
21774,0
21775,0
21776,0
21777,3
21778,0
21779,0
21780,0
21781,0
21782,1
21783,0
21784,2
21785,0
21786,1
21788,2
21789,1
21791,0
21792,0
21796,0
21797,0
21798,3
21799,1
21800,0
21801,0
21802,3
21803,1
21804,0
21806,3
21809,3
21811,0
21812,3
21813,0
21814,3
21815,1
21816,3
21817,3
21818,3
21821,1
21822,1
21823,0
21824,3
21825,2
21826,3
21827,2
21828,0
21829,0
21830,0
21831,0
21832,0
21834,1
21836,0
21837,0
21838,0
21839,3
21840,0
21841,0
21842,3
21843,1
21845,0
21846,0
21847,0
21849,3
21852,3
21853,0
21855,0
21857,0
21858,0
21859,3
21860,1
21862,2
21863,3
21864,1
21865,0
21866,0
21867,0
21868,0
21869,1
21871,0
21872,0
21875,1
21876,3
21877,3
21878,0
21879,0
21880,3
21881,0
21882,0
21883,3
21885,0
21886,0
21887,0
21888,0
21889,1
21890,0
21891,3
21892,0
21893,0
21894,0
21896,3
21897,3
21898,3
21899,0
21901,3
21902,0
21905,0
21907,0
21908,3
21909,3
21912,3
21913,0
21914,2
21915,1
21916,3
21917,1
21918,3
21919,1
21920,0
21921,0
21922,3
21923,0
21924,0
21925,0
21926,1
21928,3
21929,2
21930,0
21931,3
21933,0
21935,3
21937,2
21938,3
21939,0
21940,3
21941,3
21942,3
21944,0
21945,0
21946,3
21949,3
21950,1
21951,3
21952,3
21953,0
21954,0
21955,2
21956,1
21957,0
21959,0
21960,0
21961,1
21962,3
21963,2
21964,2
21965,0
21966,2
21967,0
21968,0
21969,0
21971,0
21972,2
21974,3
21975,3
21977,0
21978,2
21982,0
21983,3
21984,3
21985,0
21987,0
21988,0
21989,0
21990,0
21991,0
21992,3
21993,3
21994,1
21996,3
21998,0
21999,2
22000,0
22001,0
22002,0
22003,0
22004,0
22005,2
22006,3
22007,3
22008,3
22010,3
22011,3
22012,0
22013,3
22016,0
22018,3
22019,2
22020,0
22021,0
22022,3
22023,0
22024,0
22025,3
22027,3
22028,0
22029,0
22031,1
22032,0
22034,2
22036,0
22037,3
22038,0
22039,3
22040,0
22041,3
22042,0
22043,0
22044,3
22045,0
22046,0
22047,2
22050,3
22051,3
22052,0
22053,0
22054,0
22056,0
22057,1
22058,0
22060,0
22062,0
22063,1
22064,0
22065,3
22066,3
22067,0
22068,2
22069,0
22071,0
22075,0
22076,0
22077,0
22078,3
22079,0
22080,1
22081,0
22083,1
22084,3
22085,3
22086,0
22088,2
22089,0
22090,3
22091,1
22093,0
22094,3
22097,1
22098,0
22099,0
22100,0
22101,1
22102,1
22103,3
22104,3
22105,0
22107,0
22108,0
22109,0
22110,0
22111,0
22112,0
22113,3
22114,3
22115,0
22116,0
22117,3
22118,0
22119,0
22120,0
22121,0
22122,3
22123,1
22124,3
22125,1
22127,0
22128,3
22129,3
22130,2
22131,1
22132,0
22133,1
22134,0
22136,0
22137,0
22138,0
22139,0
22140,3
22141,0
22142,0
22143,3
22144,3
22145,3
22147,2
22148,3
22149,0
22150,0
22152,2
22153,0
22155,0
22156,2
22157,3
22158,3
22159,0
22160,2
22161,0
22162,2
22163,2
22165,1
22166,0
22167,0
22168,0
22170,3
22171,1
22172,3
22173,3
22174,0
22177,0
22179,3
22180,0
22181,0
22183,3
22184,3
22185,1
22186,3
22188,3
22189,2
22190,3
22191,3
22192,2
22193,3
22194,0
22196,0
22197,3
22198,0
22199,0
22200,3
22201,3
22202,2
22204,3
22205,3
22206,3
22207,0
22208,3
22209,0
22210,0
22211,3
22212,0
22213,0
22215,3
22216,1
22217,2
22218,1
22219,0
22220,2
22221,0
22222,3
22223,0
22224,0
22226,3
22227,0
22228,3
22230,2
22231,0
22233,0
22235,0
22236,3
22238,0
22239,3
22241,3
22242,0
22244,3
22245,3
22246,3
22247,3
22249,0
22250,0
22251,0
22252,1
22254,3
22255,0
22256,1
22257,0
22258,0
22259,2
22261,3
22262,0
22264,2
22265,0
22266,2
22268,3
22270,0
22271,0
22272,3
22273,2
22274,1
22275,0
22276,0
22278,0
22279,0
22280,3
22281,0
22283,0
22284,3
22285,1
22286,0
22287,0
22288,3
22291,1
22294,3
22295,1
22296,2
22297,3
22299,0
22300,0
22302,0
22303,0
22304,1
22305,1
22306,1
22308,3
22309,2
22310,0
22311,0
22312,3
22313,3
22314,0
22315,0
22316,0
22317,2
22318,0
22319,0
22320,3
22321,0
22324,3
22325,0
22327,3
22328,0
22329,0
22330,2
22332,1
22333,0
22334,0
22335,0
22336,3
22337,0
22338,1
22339,3
22340,0
22341,0
22342,0
22344,0
22345,0
22347,0
22348,3
22349,0
22351,3
22353,1
22354,3
22355,0
22356,0
22357,3
22358,0
22359,2
22361,3
22362,1
22363,0
22364,0
22365,2
22366,1
22367,0
22368,0
22369,0
22370,1
22371,1
22372,0
22373,3
22374,0
22375,0
22376,3
22377,0
22378,3
22379,1
22380,1
22381,0
22382,3
22383,0
22384,0
22385,0
22386,0
22387,0
22391,0
22392,3
22393,0
22394,3
22395,3
22396,0
22397,2
22398,1
22399,3
22400,1
22401,0
22404,0
22405,2
22406,2
22408,0
22409,3
22410,0
22413,0
22414,2
22415,0
22416,3
22417,0
22418,3
22420,3
22422,3
22423,0
22424,3
22426,3
22427,2
22430,3
22431,3
22432,2
22433,0
22434,1
22435,0
22436,0
22438,0
22440,0
22441,3
22442,1
22443,3
22444,0
22445,0
22446,3
22447,0
22449,3
22450,1
22452,0
22455,2
22456,1
22457,3
22459,0
22460,3
22461,2
22462,0
22464,0
22465,0
22466,0
22467,0
22468,0
22469,3
22470,0
22471,3
22472,0
22474,0
22476,3
22477,0
22478,3
22479,1
22480,3
22481,0
22483,3
22484,1
22485,1
22487,1
22488,2
22489,3
22490,0
22491,0
22492,0
22493,0
22494,3
22495,0
22497,3
22498,3
22500,0
22501,3
22503,3
22504,0
22505,1
22507,0
22508,3
22509,3
22512,0
22513,3
22514,2
22515,0
22516,0
22517,1
22518,2
22519,3
22520,0
22521,0
22522,0
22523,3
22524,1
22525,3
22527,1
22529,3
22530,0
22531,3
22532,3
22533,0
22537,0
22538,3
22539,0
22541,1
22542,0
22543,1
22544,0
22545,0
22546,1
22548,0
22551,0
22552,1
22554,3
22555,3
22556,0
22557,2
22558,0
22559,3
22560,0
22561,3
22562,3
22563,3
22564,3
22566,3
22567,1
22568,3
22569,0
22570,3
22571,0
22573,1
22574,0
22575,0
22576,3
22577,1
22579,1
22580,3
22581,0
22582,0
22583,0
22584,2
22585,3
22586,0
22587,3
22588,3
22591,3
22592,3
22593,0
22594,0
22595,0
22597,3
22598,3
22599,0
22600,0
22601,2
22603,3
22604,0
22605,1
22606,3
22607,0
22608,1
22609,3
22610,3
22611,3
22612,3
22613,3
22617,0
22618,3
22620,1
22621,0
22622,0
22623,0
22625,0
22626,0
22627,2
22628,0
22629,0
22630,3
22632,0
22633,2
22634,0
22635,3
22636,0
22637,0
22639,0
22640,0
22641,2
22642,0
22643,2
22644,0
22645,3
22647,0
22648,1
22649,3
22651,0
22653,0
22654,0
22656,0
22657,0
22658,0
22659,0
22661,0
22663,0
22664,0
22665,3
22666,3
22667,1
22668,0
22669,3
22671,3
22672,3
22673,2
22674,3
22676,0
22677,1
22678,0
22679,0
22680,0
22681,0
22682,2
22684,0
22685,2
22687,2
22688,0
22689,0
22690,0
22691,0
22694,0
22695,0
22698,3
22699,3
22702,1
22704,3
22705,0
22706,0
22707,1
22708,0
22709,3
22710,0
22712,3
22714,0
22715,0
22716,0
22717,0
22718,0
22719,0
22720,0
22721,1
22722,0
22723,0
22724,0
22725,0
22726,3
22727,2
22728,0
22730,0
22731,1
22732,1
22733,3
22734,3
22737,0
22740,0
22741,3
22742,0
22743,3
22744,0
22745,0
22746,3
22747,2
22748,3
22750,0
22751,0
22752,3
22753,0
22755,3
22756,0
22759,0
22761,1
22762,0
22763,2
22764,3
22765,0
22766,1
22767,0
22771,1
22772,0
22775,0
22776,3
22777,0
22778,0
22779,0
22780,0
22781,2
22782,1
22784,3
22785,0
22786,0
22788,3
22789,0
22790,0
22791,0
22792,0
22793,2
22794,0
22795,3
22796,1
22797,0
22798,2
22799,3
22800,3
22801,3
22803,0
22804,3
22805,1
22806,0
22808,3
22809,3
22810,0
22811,3
22813,0
22814,3
22815,0
22816,1
22817,3
22818,2
22819,0
22821,0
22822,1
22823,0
22824,0
22825,2
22828,0
22829,2
22830,3
22831,0
22832,0
22833,2
22834,2
22835,0
22836,0
22837,3
22838,1
22840,0
22841,1
22842,0
22843,3
22844,3
22845,0
22847,0
22849,0
22850,0
22851,2
22852,3
22853,0
22855,3
22856,3
22857,0
22858,0
22859,3
22860,0
22861,3
22862,3
22863,3
22864,1
22865,0
22866,3
22867,3
22868,3
22869,0
22870,1
22871,0
22872,0
22874,0
22875,3
22876,3
22877,0
22878,0
22879,3
22880,0
22881,0
22882,0
22883,0
22884,3
22885,2
22887,0
22890,0
22892,0
22893,3
22894,0
22896,2
22897,0
22901,3
22902,3
22904,1
22905,0
22906,0
22908,0
22909,3
22910,1
22911,3
22912,0
22913,3
22914,2
22918,0
22919,0
22920,0
22921,0
22922,0
22923,0
22925,2
22927,0
22928,0
22929,3
22930,3
22932,2
22933,0
22934,3
22936,0
22937,3
22938,2
22939,3
22940,1
22942,0
22944,3
22945,0
22946,0
22947,2
22948,0
22949,2
22950,0
22951,0
22953,0
22955,1
22956,3
22957,3
22958,0
22959,3
22960,2
22962,0
22963,0
22964,3
22965,2
22966,3
22967,0
22968,0
22970,0
22971,0
22972,0
22973,0
22974,0
22975,0
22976,0
22977,0
22978,0
22979,3
22980,0
22981,0
22983,2
22984,0
22986,2
22987,0
22988,3
22990,0
22993,3
22994,1
22995,3
22997,0
22998,0
22999,0
23000,0
23001,0
23002,0
23003,0
23004,0
23006,1
23007,3
23008,1
23009,0
23010,0
23012,0
23013,3
23014,3
23016,2
23017,0
23018,3
23019,3
23020,3
23021,0
23022,0
23023,2
23024,0
23025,0
23026,1
23027,3
23028,2
23029,0
23031,1
23032,0
23034,3
23035,0
23036,3
23037,0
23040,0
23041,0
23042,0
23045,2
23046,0
23047,2
23048,0
23049,1
23050,0
23052,3
23053,2
23054,0
23055,3
23056,0
23057,0
23058,0
23061,0
23062,1
23063,0
23064,0
23065,0
23066,3
23067,0
23068,0
23069,0
23070,2
23071,0
23072,2
23073,0
23077,3
23079,0
23081,0
23082,0
23083,0
23085,0
23086,0
23087,0
23088,0
23089,3
23090,0
23091,3
23092,0
23093,0
23094,3
23095,2
23096,0
23097,2
23098,3
23099,2
23101,0
23102,3
23104,3
23105,3
23107,0
23108,0
23109,3
23112,3
23113,0
23114,0
23115,1
23116,0
23118,3
23119,0
23120,0
23121,2
23122,3
23123,3
23124,0
23127,3
23128,3
23130,1
23131,0
23132,3
23134,0
23135,3
23136,2
23138,3
23140,0
23141,0
23142,2
23143,1
23144,0
23145,1
23146,3
23148,0
23150,0
23151,3
23152,0
23153,0
23154,3
23155,0
23156,0
23158,0
23159,0
23160,3
23161,3
23162,0
23163,2
23164,0
23165,0
23166,3
23167,0
23168,0
23169,0
23170,0
23171,0
23172,0
23173,0
23174,0
23175,0
23176,1
23177,1
23178,0
23179,1
23180,0
23181,0
23184,2
23185,0
23186,2
23187,1
23188,0
23189,0
23190,0
23191,1
23192,0
23193,2
23194,0
23195,0
23198,0
23201,0
23202,0
23203,3
23204,0
23205,1
23206,3
23207,0
23208,3
23209,0
23210,0
23211,0
23213,0
23214,3
23215,0
23216,0
23217,0
23220,2
23222,1
23223,3
23225,0
23226,1
23227,3
23228,3
23229,0
23230,2
23231,0
23232,2
23233,3
23234,0
23235,3
23236,0
23237,0
23238,0
23239,0
23242,0
23243,1
23244,2
23245,0
23246,0
23247,0
23248,0
23250,0
23252,3
23253,1
23255,0
23257,1
23258,0
23259,3
23260,0
23261,0
23262,0
23265,3
23266,0
23267,0
23268,2
23269,3
23271,0
23272,3
23274,0
23275,3
23276,3
23277,0
23278,3
23279,0
23282,1
23283,0
23284,1
23285,0
23286,0
23287,0
23288,0
23289,0
23290,3
23291,0
23292,3
23293,1
23294,0
23296,1
23297,0
23298,3
23299,0
23300,0
23301,3
23302,0
23303,0
23304,0
23306,3
23307,2
23308,0
23309,3
23310,0
23311,1
23312,3
23313,0
23314,0
23315,0
23316,3
23317,3
23319,0
23320,0
23321,1
23322,0
23323,2
23324,0
23325,0
23326,0
23327,1
23328,1
23329,3
23330,0
23331,1
23332,2
23333,0
23334,0
23336,3
23337,0
23338,3
23339,0
23343,3
23344,3
23345,0
23346,0
23347,0
23350,3
23351,0
23354,2
23355,1
23356,2
23357,1
23358,0
23359,0
23360,0
23361,3
23362,3
23363,0
23365,2
23367,3
23368,0
23369,1
23370,0
23373,0
23374,2
23375,0
23376,0
23378,3
23379,2
23381,3
23382,0
23383,0
23385,0
23386,0
23387,0
23388,0
23389,0
23391,0
23392,0
23393,3
23394,3
23395,0
23396,2
23397,1
23398,0
23399,3
23400,0
23401,2
23402,3
23403,0
23404,0
23405,3
23406,3
23407,3
23408,1
23409,3
23410,0
23411,3
23412,1
23413,3
23414,0
23417,0
23418,0
23420,0
23421,1
23423,0
23424,0
23425,1
23426,0
23427,0
23428,0
23429,0
23432,0
23433,0
23434,0
23435,0
23437,1
23438,3
23439,0
23440,3
23441,3
23442,2
23443,0
23444,0
23445,0
23446,0
23447,1
23448,0
23450,3
23451,0
23452,3
23454,1
23456,0
23457,0
23458,3
23459,0
23460,1
23461,2
23463,3
23464,1
23465,1
23466,2
23467,0
23468,0
23469,0
23470,3
23471,3
23472,0
23474,2
23475,0
23476,0
23477,0
23478,0
23479,3
23480,3
23481,1
23483,0
23484,3
23485,2
23487,3
23488,0
23489,2
23492,3
23494,3
23495,0
23497,1
23498,0
23499,2
23501,3
23502,2
23503,3
23504,0
23505,3
23506,3
23508,0
23511,0
23512,0
23513,1
23515,2
23516,0
23517,3
23519,3
23520,0
23521,3
23522,1
23523,0
23524,1
23525,3
23526,0
23527,1
23528,1
23529,0
23530,3
23532,0
23534,0
23536,3
23537,1
23538,0
23539,1
23540,0
23543,0
23546,2
23547,0
23548,0
23549,2
23550,0
23551,0
23552,0
23553,3
23554,0
23555,0
23556,3
23557,0
23558,0
23559,2
23560,1
23562,0
23563,2
23564,0
23565,3
23566,2
23568,0
23569,0
23571,3
23572,3
23573,1
23574,0
23575,0
23577,0
23578,0
23579,0
23580,0
23581,3
23582,3
23583,0
23585,2
23589,3
23590,0
23591,0
23592,3
23593,1
23594,0
23595,0
23596,0
23600,0
23601,3
23603,0
23604,0
23605,0
23606,0
23607,3
23608,0
23609,0
23610,3
23611,2
23612,0
23613,2
23614,0
23615,0
23616,3
23618,0
23619,3
23621,0
23622,3
23623,0
23624,0
23625,3
23626,3
23628,0
23631,2
23632,0
23633,3
23637,0
23638,0
23639,1
23640,3
23641,3
23642,0
23643,0
23645,0
23647,0
23648,0
23649,3
23650,3
23653,0
23655,2
23657,0
23658,0
23660,3
23661,0
23663,0
23664,0
23665,3
23666,2
23667,3
23669,3
23670,3
23671,0
23672,3
23673,0
23674,3
23676,0
23678,0
23679,0
23680,0
23682,3
23683,0
23684,3
23685,3
23686,2
23688,2
23689,1
23690,3
23692,3
23694,1
23695,0
23699,0
23700,0
23701,3
23702,2
23703,3
23704,1
23705,0
23706,0
23707,3
23708,0
23710,0
23711,1
23713,0
23714,3
23715,0
23716,2
23717,3
23718,3
23719,3
23720,2
23721,0
23723,3
23724,0
23725,0
23726,3
23727,3
23728,1
23729,3
23730,1
23731,0
23732,3
23733,0
23735,1
23736,0
23737,3
23738,0
23739,3
23740,3
23741,0
23742,0
23743,3
23744,3
23745,0
23746,0
23747,1
23748,3
23749,0
23751,1
23752,0
23753,0
23754,0
23755,0
23756,0
23757,1
23758,0
23759,3
23761,0
23762,3
23763,0
23766,0
23767,2
23768,0
23769,0
23771,0
23772,0
23773,0
23774,0
23775,3
23776,0
23778,2
23779,3
23780,0
23781,0
23785,0
23786,0
23787,0
23789,3
23790,3
23791,0
23793,0
23794,3
23795,0
23796,0
23797,3
23798,0
23799,0
23801,0
23803,3
23804,0
23805,0
23806,2
23807,0
23808,0
23809,2
23810,2
23811,3
23812,0
23813,0
23815,0
23816,1
23818,0
23819,0
23821,0
23822,1
23823,3
23825,3
23827,0
23828,2
23829,3
23830,0
23832,0
23833,1
23835,1
23836,0
23837,3
23838,2
23839,2
23840,2
23841,3
23844,0
23845,3
23846,3
23847,1
23848,0
23849,0
23850,0
23851,0
23852,3
23853,0
23854,1
23855,3
23856,0
23857,3
23858,0
23859,0
23860,0
23862,0
23863,0
23864,0
23865,0
23866,0
23867,0
23868,1
23870,0
23871,0
23872,1
23873,0
23874,0
23875,0
23876,0
23877,0
23878,0
23880,2
23881,3
23882,0
23883,0
23884,0
23885,0
23886,3
23888,3
23889,0
23890,0
23891,3
23892,1
23893,0
23894,3
23895,0
23896,0
23897,0
23898,0
23899,1
23900,0
23902,2
23903,0
23904,0
23905,3
23906,0
23907,0
23909,0
23911,0
23912,0
23913,2
23914,0
23915,3
23916,0
23917,3
23918,3
23919,1
23920,3
23921,3
23922,0
23923,0
23924,3
23925,0
23926,3
23927,1
23928,3
23929,0
23930,0
23931,3
23933,3
23934,1
23935,1
23936,2
23937,2
23938,0
23939,0
23940,0
23942,3
23945,0
23946,1
23949,0
23951,1
23952,0
23953,2
23954,3
23955,0
23958,0
23959,3
23960,0
23961,3
23962,0
23963,3
23964,0
23965,0
23966,3
23967,0
23968,0
23969,0
23970,3
23971,0
23972,1
23973,3
23975,1
23976,3
23977,3
23978,3
23979,0
23980,2
23981,3
23982,0
23983,0
23984,0
23987,0
23989,0
23990,3
23993,0
23994,2
23996,3
23997,3
23998,3
23999,0
24001,1
24002,2
24003,0
24004,0
24005,0
24006,0
24007,1
24008,3
24010,0
24011,2
24012,0
24013,3
24014,1
24015,3
24018,0
24019,3
24021,0
24023,0
24024,1
24025,0
24026,0
24027,3
24029,0
24030,0
24031,3
24032,0
24033,3
24035,0
24036,2
24037,3
24038,0
24040,0
24041,1
24044,2
24045,3
24046,3
24047,0
24049,0
24050,3
24051,2
24052,0
24053,0
24054,2
24055,0
24057,0
24058,0
24059,0
24060,1
24061,2
24062,2
24063,0
24064,0
24065,1
24066,0
24067,0
24068,0
24069,0
24070,2
24071,3
24073,3
24074,3
24075,3
24076,0
24077,1
24078,3
24079,3
24080,0
24081,2
24082,2
24084,0
24085,0
24089,0
24090,0
24091,0
24092,3
24093,1
24094,0
24095,0
24096,3
24097,0
24098,3
24099,3
24100,0
24101,0
24103,0
24104,0
24106,1
24107,0
24108,1
24109,0
24111,0
24112,1
24113,1
24115,3
24116,3
24117,2
24118,3
24119,0
24120,0
24121,1
24123,3
24125,0
24126,3
24127,0
24130,0
24131,0
24132,3
24133,2
24134,3
24135,0
24136,3
24137,1
24138,0
24139,0
24140,0
24141,0
24142,0
24143,0
24144,1
24145,0
24146,2
24148,3
24149,3
24150,0
24152,0
24153,2
24154,0
24155,3
24156,3
24157,2
24158,0
24159,1
24160,1
24162,0
24163,3
24165,3
24166,0
24168,0
24169,2
24172,3
24173,0
24174,0
24176,0
24178,0
24179,3
24180,0
24181,0
24182,0
24183,3
24184,3
24185,3
24186,0
24187,0
24188,3
24189,0
24190,0
24191,1
24192,0
24193,0
24194,0
24196,0
24197,3
24198,2
24199,3
24200,0
24201,0
24202,0
24204,3
24206,0
24207,0
24208,0
24210,0
24211,0
24212,0
24213,3
24214,0
24215,0
24216,0
24217,0
24218,0
24219,0
24220,0
24221,0
24222,0
24223,0
24224,0
24225,3
24227,3
24228,2
24229,0
24230,0
24231,0
24232,3
24233,0
24234,1
24235,0
24236,2
24237,3
24238,3
24239,0
24242,0
24244,0
24245,2
24246,2
24248,0
24249,3
24251,0
24252,3
24253,0
24254,2
24256,0
24257,0
24258,0
24259,3
24260,0
24262,0
24264,1
24266,2
24267,0
24268,0
24269,0
24270,0
24272,0
24273,0
24274,3
24275,0
24276,2
24277,1
24278,1
24279,2
24280,3
24283,3
24284,0
24285,0
24287,0
24288,0
24289,1
24290,1
24291,3
24292,0
24293,3
24295,0
24296,0
24299,0
24301,2
24302,2
24303,1
24304,3
24305,0
24308,2
24309,0
24310,2
24312,3
24314,0
24315,3
24316,0
24317,0
24318,0
24319,3
24321,0
24324,3
24325,2
24326,0
24327,0
24329,0
24330,0
24331,0
24332,0
24333,3
24334,0
24335,0
24336,3
24337,0
24338,2
24339,3
24340,2
24341,2
24342,0
24343,0
24344,2
24345,0
24346,0
24347,3
24348,0
24350,2
24351,0
24354,1
24355,3
24356,2
24358,0
24359,0
24360,3
24361,3
24362,0
24363,0
24364,0
24366,3
24367,2
24368,3
24370,0
24371,0
24374,0
24375,3
24376,3
24377,3
24378,0
24379,3
24380,0
24381,3
24382,3
24383,0
24384,1
24385,0
24386,1
24388,3
24389,0
24391,3
24392,0
24393,3
24395,2
24396,3
24397,3
24398,3
24399,3
24404,1
24405,0
24406,3
24407,3
24408,3
24410,3
24411,0
24412,3
24413,0
24414,0
24415,0
24416,1
24417,3
24422,3
24423,0
24424,0
24425,3
24426,0
24427,0
24428,0
24429,1
24430,1
24431,1
24433,0
24435,3
24436,0
24437,0
24438,0
24439,3
24440,3
24443,0
24444,3
24445,0
24447,0
24448,0
24451,3
24453,3
24454,0
24455,2
24456,0
24457,0
24458,0
24459,0
24460,3
24462,0
24463,0
24466,0
24467,0
24468,0
24469,0
24471,0
24472,3
24473,3
24475,1
24477,3
24478,1
24479,3
24480,3
24481,0
24482,0
24483,3
24484,1
24485,1
24486,3
24488,0
24489,1
24490,3
24491,3
24493,0
24494,0
24495,2
24496,0
24497,3
24498,0
24499,0
24500,3
24501,3
24502,0
24504,0
24505,0
24506,3
24507,0
24509,0
24510,0
24511,0
24512,0
24513,3
24514,0
24515,0
24516,2
24517,0
24518,0
24519,1
24520,3
24521,1
24522,2
24523,0
24524,1
24526,2
24527,2
24528,2
24529,0
24530,3
24531,0
24533,1
24534,2
24535,3
24536,0
24538,0
24539,1
24540,0
24541,0
24542,3
24543,1
24544,3
24545,0
24546,3
24547,3
24548,3
24549,0
24550,0
24552,3
24554,3
24555,3
24556,3
24557,1
24558,2
24560,3
24561,3
24562,0
24563,0
24564,2
24565,0
24566,3
24568,3
24569,3
24570,3
24571,0
24573,0
24574,0
24575,0
24577,0
24578,0
24579,3
24580,3
24581,1
24582,0
24583,3
24584,0
24586,2
24587,0
24588,0
24589,0
24590,0
24591,0
24592,0
24594,0
24595,1
24596,1
24597,3
24598,3
24599,0
24600,2
24601,3
24603,0
24604,0
24605,3
24606,1
24607,3
24608,0
24609,0
24611,2
24613,1
24614,3
24616,0
24617,3
24618,3
24620,3
24621,0
24623,1
24626,2
24627,1
24628,1
24629,0
24630,0
24631,3
24633,0
24634,0
24635,1
24636,0
24638,0
24639,0
24641,0
24642,3
24643,0
24644,0
24645,0
24647,0
24648,2
24649,0
24650,3
24651,1
24653,0
24654,2
24655,2
24656,1
24657,3
24658,3
24659,0
24663,0
24664,3
24665,0
24666,0
24667,0
24668,3
24671,3
24672,0
24673,3
24674,3
24675,1
24676,0
24677,3
24678,0
24680,0
24681,0
24682,3
24683,1
24684,1
24685,2
24686,0
24687,0
24688,1
24689,1
24690,0
24691,2
24692,0
24693,3
24694,0
24695,0
24696,0
24697,3
24698,0
24699,0
24700,0
24701,1
24702,2
24703,0
24704,0
24705,0
24706,3
24707,2
24708,0
24711,3
24712,0
24715,2
24716,1
24717,3
24718,0
24719,2
24720,3
24721,3
24722,0
24723,0
24725,0
24726,0
24727,0
24728,1
24729,1
24730,3
24731,1
24733,0
24734,0
24735,3
24736,0
24737,0
24738,0
24739,1
24740,3
24741,3
24742,3
24744,1
24745,3
24746,3
24747,0
24749,3
24750,0
24751,0
24752,0
24753,2
24754,3
24755,1
24757,2
24759,0
24761,3
24762,3
24763,0
24764,2
24765,0
24766,0
24767,2
24768,2
24769,3
24770,3
24771,0
24773,0
24774,3
24775,2
24776,1
24777,3
24778,3
24779,3
24780,0
24781,0
24782,3
24784,0
24785,0
24786,0
24787,3
24788,0
24789,0
24790,0
24791,0
24792,0
24793,1
24796,0
24797,3
24798,2
24800,0
24802,0
24803,0
24804,0
24805,3
24807,0
24808,3
24810,0
24811,1
24812,1
24814,0
24815,1
24816,3
24817,0
24818,2
24820,0
24821,0
24822,3
24824,2
24825,0
24826,3
24827,0
24828,0
24829,1
24830,0
24831,0
24835,0
24837,1
24838,0
24839,0
24840,3
24841,0
24842,0
24843,3
24844,3
24845,1
24846,2
24848,0
24849,3
24851,0
24852,0
24853,0
24855,3
24856,0
24857,0
24859,0
24860,0
24862,0
24863,1
24865,0
24866,1
24867,3
24868,0
24869,3
24870,0
24871,3
24872,1
24873,0
24874,3
24876,0
24877,3
24878,0
24879,1
24880,3
24882,0
24883,0
24884,3
24886,3
24887,1
24890,3
24891,0
24892,3
24893,0
24894,0
24895,2
24897,3
24898,0
24899,0
24900,3
24901,0
24903,0
24904,2
24905,0
24906,0
24907,2
24911,2
24912,1
24913,0
24914,0
24915,0
24916,0
24917,1
24918,3
24919,0
24920,3
24922,0
24923,0
24924,2
24926,3
24927,0
24928,2
24929,0
24930,1
24931,3
24932,3
24933,3
24934,0
24935,0
24936,0
24937,0
24938,0
24939,0
24940,0
24941,0
24942,0
24943,0
24944,2
24946,3
24947,2
24949,1
24950,0
24951,0
24953,0
24954,0
24955,3
24956,0
24957,0
24958,2
24959,0
24960,0
24961,3
24962,3
24963,0
24964,2
24965,0
24966,2
24967,3
24968,2
24969,3
24971,0
24975,3
24976,0
24977,3
24978,1
24979,0
24980,3
24981,0
24983,3
24984,0
24985,0
24986,2
24987,0
24988,1
24989,3
24990,3
24991,2
24992,0
24993,0
24994,0
24995,0
24996,3
24998,0
24999,0
25000,0
25003,0
25004,0
25005,1
25006,3
25008,0
25010,1
25012,0
25013,1
25014,0
25016,0
25018,0
25019,0
25020,3
25021,2
25023,0
25024,1
25026,0
25028,3
25029,0
25030,1
25031,3
25032,3
25033,0
25034,0
25035,1
25036,1
25037,3
25038,0
25039,0
25040,0
25041,0
25042,0
25043,0
25045,3
25046,3
25047,3
25048,3
25049,0
25051,3
25052,2
25053,2
25054,3
25055,0
25056,0
25057,0
25061,1
25063,0
25065,0
25066,0
25067,2
25068,0
25070,0
25071,1
25072,3
25073,1
25074,0
25076,3
25077,0
25080,2
25081,1
25082,0
25083,0
25086,1
25087,3
25088,0
25089,0
25090,0
25091,0
25092,0
25093,3
25094,0
25095,2
25096,0
25097,1
25098,0
25099,1
25101,0
25102,3
25105,3
25106,0
25107,0
25108,0
25110,0
25111,3
25112,0
25113,3
25114,0
25117,0
25118,0
25119,3
25120,2
25121,0
25122,0
25123,1
25124,3
25125,0
25126,2
25127,0
25129,3
25130,3
25131,1
25132,0
25133,0
25134,0
25135,0
25138,3
25139,3
25140,3
25142,0
25143,0
25144,2
25145,3
25146,0
25147,0
25148,0
25149,0
25150,0
25151,1
25153,3
25154,2
25155,3
25156,0
25157,3
25158,3
25159,0
25160,0
25161,3
25163,3
25164,3
25165,3
25166,0
25167,0
25168,0
25169,3
25170,0
25171,3
25172,2
25173,0
25174,0
25175,2
25177,0
25178,0
25179,0
25180,0
25181,2
25183,3
25184,3
25185,3
25186,0
25187,3
25188,0
25189,3
25190,0
25191,0
25192,1
25194,3
25195,3
25196,1
25198,3
25199,1
25201,0
25203,0
25205,3
25207,0
25208,0
25209,1
25210,0
25211,3
25213,0
25214,0
25215,0
25217,2
25218,0
25219,0
25221,0
25222,0
25223,0
25224,0
25226,3
25227,0
25228,3
25230,1
25231,3
25232,1
25234,0
25235,0
25236,2
25237,3
25238,0
25239,0
25240,1
25241,0
25242,2
25243,3
25244,0
25245,0
25246,0
25247,0
25248,1
25249,3
25250,0
25251,2
25253,0
25255,1
25258,1
25259,0
25260,0
25261,0
25262,1
25263,3
25264,1
25267,0
25268,2
25269,0
25270,2
25272,0
25273,3
25274,0
25275,0
25276,3
25277,0
25278,0
25279,3
25280,3
25282,3
25283,1
25286,3
25287,2
25288,0
25289,0
25291,0
25292,0
25293,0
25294,2
25295,0
25296,0
25297,0
25299,2
25301,0
25302,2
25304,0
25305,0
25306,0
25307,1
25308,0
25309,0
25310,0
25311,0
25312,0
25315,0
25316,0
25317,1
25318,1
25319,3
25320,1
25321,3
25322,0
25323,3
25324,3
25325,0
25326,0
25327,3
25328,3
25329,0
25330,3
25331,0
25332,0
25333,1
25334,2
25335,3
25337,0
25339,0
25342,0
25343,2
25344,0
25345,3
25346,2
25347,0
25348,1
25349,0
25350,0
25351,0
25352,3
25354,0
25356,0
25358,0
25361,0
25362,0
25363,1
25365,1
25367,0
25368,3
25369,2
25370,3
25371,0
25372,2
25373,0
25374,2
25375,0
25376,0
25377,3
25378,0
25379,0
25380,0
25381,3
25382,0
25383,0
25384,0
25385,0
25386,2
25387,2
25388,2
25389,0
25390,0
25391,2
25392,0
25393,3
25394,1
25395,1
25396,1
25397,3
25399,1
25400,3
25401,0
25402,0
25403,0
25404,0
25405,0
25406,3
25407,3
25408,0
25409,0
25411,3
25413,3
25414,0
25415,0
25416,0
25417,0
25420,0
25421,1
25422,0
25423,0
25425,2
25427,3
25428,3
25432,0
25433,2
25435,2
25436,0
25437,0
25438,0
25439,1
25440,0
25441,0
25442,3
25443,3
25446,0
25447,3
25448,0
25450,0
25452,3
25454,0
25455,0
25456,0
25457,0
25458,2
25459,3
25460,0
25464,0
25465,3
25466,2
25468,0
25470,3
25472,1
25473,2
25476,2
25478,2
25479,0
25480,3
25481,0
25482,0
25483,0
25484,0
25485,0
25486,0
25487,0
25488,2
25489,0
25490,0
25492,0
25494,3
25495,0
25496,3
25497,0
25498,0
25499,3
25501,1
25502,3
25504,3
25505,0
25506,2
25507,0
25508,3
25509,0
25511,0
25512,0
25514,0
25517,0
25518,3
25519,0
25520,1
25521,0
25523,1
25524,0
25526,0
25527,3
25528,3
25529,1
25530,0
25531,0
25535,0
25536,3
25537,2
25538,0
25539,3
25541,3
25542,0
25543,3
25544,3
25545,0
25546,2
25547,0
25549,3
25550,0
25551,0
25552,0
25553,0
25554,0
25555,3
25556,2
25557,3
25558,3
25559,0
25560,1
25562,0
25563,3
25564,3
25565,0
25566,2
25567,0
25568,2
25569,0
25570,0
25571,2
25572,0
25574,0
25575,0
25576,0
25577,0
25578,0
25579,0
25580,3
25581,0
25583,1
25584,3
25585,2
25586,0
25587,0
25588,0
25589,3
25590,0
25591,1
25592,3
25593,0
25594,0
25595,0
25596,0
25598,3
25599,0
25600,3
25601,0
25602,1
25603,3
25604,0
25605,0
25606,0
25607,0
25608,0
25609,0
25610,0
25611,2
25612,3
25613,3
25614,0
25615,0
25616,0
25617,3
25618,0
25619,3
25621,0
25622,3
25623,0
25624,0
25625,2
25626,3
25627,0
25628,0
25629,0
25632,0
25633,3
25635,0
25637,0
25638,3
25639,0
25640,0
25641,1
25642,0
25643,0
25646,0
25647,1
25648,0
25649,3
25650,0
25652,0
25654,0
25655,0
25657,0
25658,0
25659,0
25660,0
25661,3
25663,3
25664,0
25666,0
25667,0
25668,0
25669,1
25670,0
25671,0
25672,0
25673,0
25675,1
25676,3
25677,0
25678,3
25679,0
25681,3
25682,0
25684,1
25685,0
25686,1
25687,0
25688,2
25689,3
25690,0
25691,0
25692,0
25693,2
25694,2
25695,3
25696,1
25697,1
25699,1
25700,3
25701,0
25702,3
25703,0
25704,3
25705,0
25706,3
25707,0
25708,1
25711,0
25712,0
25713,3
25714,2
25715,0
25716,0
25717,0
25718,3
25719,2
25720,0
25721,0
25722,0
25723,0
25724,0
25725,3
25727,0
25728,3
25729,3
25731,1
25732,0
25733,3
25734,0
25735,3
25738,3
25739,0
25740,3
25741,0
25745,1
25746,0
25747,3
25748,0
25749,1
25752,1
25753,0
25754,1
25755,3
25756,0
25758,0
25759,3
25760,0
25761,3
25762,0
25763,0
25765,0
25766,0
25767,0
25768,0
25769,0
25771,3
25772,0
25773,2
25775,0
25776,3
25777,1
25778,1
25780,3
25782,0
25783,1
25785,3
25786,0
25787,0
25788,0
25790,2
25791,0
25792,0
25793,3
25795,3
25796,1
25798,0
25799,3
25802,0
25803,3
25804,0
25806,1
25807,0
25808,0
25809,3
25810,0
25811,0
25812,1
25813,0
25816,1
25817,3
25818,2
25819,1
25821,3
25822,0
25823,0
25824,0
25825,1
25826,1
25827,0
25828,2
25830,0
25831,3
25832,3
25834,0
25835,2
25836,0
25837,0
25838,0
25840,3
25842,2
25843,2
25845,3
25846,3
25847,0
25848,0
25849,3
25850,3
25851,0
25852,0
25853,3
25855,2
25857,1
25859,3
25860,3
25861,0
25862,0
25863,1
25865,1
25867,0
25868,3
25869,0
25870,1
25871,1
25873,2
25874,3
25875,0
25878,3
25879,2
25880,0
25881,0
25882,0
25883,3
25884,0
25886,0
25887,0
25888,3
25889,0
25890,2
25891,0
25893,0
25894,0
25895,0
25896,3
25898,0
25899,3
25900,0
25901,1
25902,3
25903,1
25904,2
25905,1
25907,3
25908,0
25909,0
25910,0
25911,0
25912,0
25913,1
25914,0
25915,3
25916,1
25917,2
25918,3
25919,3
25920,1
25921,1
25922,0
25923,3
25924,1
25925,1
25926,0
25927,3
25928,1
25929,2
25930,0
25931,0
25932,3
25933,3
25934,3
25935,0
25937,0
25938,0
25940,0
25941,0
25943,0
25946,0
25948,0
25950,3
25951,0
25952,1
25954,1
25956,0
25958,0
25960,0
25961,0
25962,3
25966,1
25968,3
25969,1
25970,0
25971,3
25972,3
25973,1
25974,0
25976,3
25977,2
25978,2
25979,0
25982,3
25983,0
25984,2
25985,0
25986,1
25987,0
25989,0
25990,0
25991,0
25992,3
25993,3
25994,3
25995,2
25996,0
25998,2
25999,3
26000,0
26001,1
26002,0
26003,3
26004,0
26006,3
26007,2
26008,0
26009,0
26011,0
26012,0
26013,3
26015,0
26017,1
26018,3
26020,2
26021,0
26022,0
26023,0
26024,0
26025,1
26027,0
26028,0
26029,0
26030,0
26031,2
26033,0
26034,1
26035,3
26036,0
26037,0
26038,0
26039,0
26040,3
26043,0
26044,0
26045,0
26046,0
26047,1
26048,0
26049,0
26050,0
26051,0
26052,0
26055,3
26056,0
26057,3
26058,1
26059,0
26060,2
26061,3
26062,0
26063,0
26064,1
26065,0
26066,1
26067,0
26068,0
26069,0
26070,3
26071,0
26072,3
26073,3
26074,0
26075,0
26076,0
26077,2
26078,1
26079,3
26080,0
26084,0
26085,0
26087,0
26088,3
26089,0
26091,0
26092,3
26093,0
26094,1
26095,0
26097,0
26098,3
26099,1
26100,1
26102,1
26105,0
26106,3
26107,3
26110,0
26111,0
26113,3
26114,0
26115,0
26116,1
26118,0
26119,2
26120,1
26121,0
26122,2
26123,0
26124,0
26125,0
26126,0
26127,0
26128,0
26129,0
26130,2
26131,1
26132,3
26133,0
26134,1
26135,0
26136,0
26137,1
26138,3
26139,3
26141,3
26142,2
26143,2
26145,0
26146,0
26147,0
26148,2
26149,1
26150,2
26151,0
26152,0
26153,0
26155,1
26156,0
26157,1
26158,0
26159,0
26160,0
26162,0
26163,0
26164,0
26165,0
26166,1
26167,1
26168,3
26169,0
26170,0
26171,0
26172,0
26173,0
26174,0
26175,0
26176,0
26178,3
26179,0
26180,0
26181,1
26182,2
26183,1
26184,0
26185,0
26186,0
26187,0
26188,2
26189,1
26192,0
26193,3
26195,1
26196,1
26197,3
26198,3
26199,3
26200,3
26201,0
26203,0
26204,0
26205,2
26206,1
26207,3
26208,0
26209,1
26210,0
26211,3
26213,3
26214,2
26216,1
26217,0
26218,0
26219,0
26220,3
26222,3
26223,3
26224,1
26225,3
26226,3
26227,3
26230,3
26232,3
26233,3
26234,0
26235,1
26236,0
26238,3
26239,0
26240,0
26241,2
26242,3
26243,0
26246,1
26247,0
26248,0
26249,0
26250,3
26251,3
26253,0
26254,3
26255,3
26256,3
26258,0
26260,2
26261,3
26262,3
26265,3
26266,0
26267,3
26269,0
26270,0
26272,1
26273,3
26274,0
26275,0
26276,0
26277,0
26278,0
26279,3
26280,3
26281,0
26282,0
26283,3
26286,2
26288,0
26289,3
26291,0
26292,2
26293,0
26294,2
26298,3
26299,3
26300,3
26301,3
26302,0
26303,1
26304,1
26305,0
26306,3
26309,0
26310,0
26311,0
26312,0
26313,1
26314,3
26315,3
26316,0
26319,0
26320,0
26321,0
26322,3
26323,3
26324,0
26325,0
26326,3
26327,1
26328,3
26331,1
26332,0
26333,3
26336,0
26337,0
26338,0
26339,0
26340,1
26341,0
26342,3
26343,0
26344,0
26345,0
26346,0
26347,3
26350,1
26351,1
26352,2
26353,2
26359,3
26361,2
26362,3
26363,0
26364,2
26365,3
26366,0
26367,0
26368,0
26370,3
26371,3
26372,3
26373,3
26375,3
26376,3
26377,0
26379,0
26381,2
26383,2
26385,2
26386,0
26387,0
26388,0
26390,0
26391,2
26392,0
26393,0
26394,3
26397,3
26398,1
26399,0
26400,2
26401,0
26403,0
26404,1
26407,0
26409,0
26410,3
26411,3
26412,3
26413,2
26414,0
26416,3
26417,0
26419,2
26421,3
26422,3
26423,0
26424,3
26425,0
26426,0
26428,0
26430,2
26431,0
26432,3
26433,3
26435,3
26436,0
26437,0
26438,1
26439,0
26440,3
26441,0
26442,0
26443,1
26444,0
26445,0
26446,0
26447,2
26448,3
26451,1
26452,1
26453,3
26454,0
26457,0
26458,1
26459,3
26460,1
26461,3
26462,1
26463,0
26464,0
26466,0
26467,3
26468,3
26469,0
26470,3
26471,3
26472,0
26473,3
26474,0
26475,2
26476,0
26477,0
26478,0
26480,3
26481,0
26482,2
26483,1
26484,3
26485,0
26487,0
26488,0
26489,0
26490,0
26491,2
26492,0
26493,3
26494,3
26495,1
26496,0
26497,1
26498,0
26499,2
26500,0
26501,0
26503,3
26504,1
26505,0
26506,0
26507,2
26508,0
26509,3
26510,0
26511,0
26512,1
26514,0
26515,3
26516,1
26517,0
26518,3
26519,0
26520,1
26521,1
26522,3
26524,0
26525,1
26526,0
26527,0
26528,3
26529,2
26531,3
26532,0
26533,3
26534,0
26535,3
26536,3
26537,0
26538,0
26539,0
26540,2
26541,0
26542,3
26543,3
26544,0
26546,3
26547,3
26548,3
26550,0
26553,0
26554,0
26555,0
26559,2
26560,3
26562,3
26563,3
26564,3
26565,3
26566,0
26567,2
26568,2
26569,0
26570,0
26572,1
26573,0
26574,0
26577,0
26578,0
26579,0
26580,2
26581,0
26582,0
26583,1
26584,0
26585,1
26586,0
26587,3
26588,1
26590,3
26591,2
26593,0
26595,0
26596,0
26597,1
26598,0
26600,0
26602,0
26604,1
26605,0
26606,1
26607,3
26608,1
26609,3
26610,0
26611,1
26612,0
26613,3
26614,3
26615,1
26619,0
26621,1
26622,3
26624,2
26626,1
26627,0
26628,2
26630,3
26632,1
26633,3
26635,0
26636,0
26637,0
26638,0
26639,0
26640,0
26641,1
26642,2
26644,3
26645,0
26646,3
26647,0
26648,3
26649,1
26650,1
26651,2
26652,1
26653,0
26654,3
26655,0
26656,0
26657,0
26658,0
26659,1
26660,0
26661,0
26662,3
26663,3
26664,2
26665,3
26666,0
26667,1
26668,0
26669,0
26670,0
26671,0
26674,0
26675,3
26676,3
26677,0
26678,1
26679,0
26680,3
26681,0
26682,3
26683,3
26685,2
26687,0
26688,3
26689,3
26690,2
26691,0
26692,0
26693,3
26694,1
26695,0
26697,0
26698,0
26700,0
26701,0
26702,0
26703,0
26704,3
26705,3
26707,0
26708,0
26709,3
26710,2
26711,0
26714,1
26715,0
26716,3
26717,1
26718,2
26719,3
26722,1
26725,3
26726,1
26727,0
26731,0
26733,0
26734,0
26735,3
26737,3
26738,3
26739,1
26740,3
26741,0
26743,3
26744,3
26745,0
26747,1
26749,3
26750,3
26751,2
26753,3
26755,0
26756,3
26758,3
26759,0
26761,2
26762,0
26763,0
26764,2
26766,0
26767,0
26768,0
26769,3
26770,0
26771,2
26772,0
26773,3
26774,2
26775,0
26776,1
26779,0
26780,0
26781,0
26782,0
26783,0
26784,2
26785,2
26786,0
26788,1
26789,1
26790,2
26791,3
26792,0
26793,3
26794,0
26795,3
26796,1
26797,3
26798,0
26799,0
26800,0
26801,3
26802,0
26803,1
26805,3
26807,0
26808,3
26809,2
26810,2
26812,2
26813,0
26814,0
26815,0
26816,3
26818,0
26819,0
26820,0
26821,0
26823,0
26825,0
26826,0
26827,3
26828,1
26829,0
26830,3
26831,0
26832,0
26833,0
26834,0
26835,0
26836,2
26837,0
26839,3
26840,3
26841,0
26843,1
26844,2
26846,3
26847,0
26848,0
26849,0
26850,1
26851,0
26852,0
26853,3
26854,0
26855,2
26856,0
26858,1
26859,1
26860,0
26861,2
26862,0
26864,3
26865,3
26866,0
26868,3
26869,0
26870,0
26871,2
26872,1
26873,0
26874,3
26875,0
26876,3
26877,0
26879,3
26880,0
26881,1
26882,0
26883,3
26884,3
26885,0
26886,0
26887,1
26888,0
26889,3
26890,3
26891,3
26892,3
26893,3
26894,3
26895,0
26896,0
26897,0
26898,3
26899,0
26900,0
26902,1
26903,3
26904,3
26905,3
26906,0
26907,3
26908,0
26909,1
26910,2
26911,0
26912,1
26914,1
26915,0
26916,3
26917,3
26918,0
26922,0
26923,1
26924,3
26925,3
26926,0
26927,0
26928,0
26929,0
26930,0
26932,3
26933,3
26935,0
26936,0
26938,0
26939,0
26940,0
26941,0
26942,1
26943,3
26944,3
26945,0
26947,1
26948,2
26949,3
26950,0
26954,1
26956,0
26958,0
26959,3
26962,0
26963,0
26964,0
26965,3
26966,3
26967,0
26969,3
26970,0
26971,2
26972,2
26974,3
26975,3
26976,1
26979,3
26980,3
26981,3
26983,0
26984,0
26985,1
26988,1
26990,3
26992,3
26995,0
26997,0
26998,0
26999,0
27000,3
27001,0
27002,2
27003,2
27004,3
27006,1
27008,3
27009,3
27010,3
27011,3
27012,3
27013,1
27018,0
27019,0
27020,1
27021,0
27024,1
27025,0
27027,3
27028,3
27029,1
27030,0
27031,0
27033,0
27034,2
27035,0
27036,3
27037,1
27038,1
27039,0
27040,2
27041,0
27042,0
27043,1
27044,0
27045,0
27046,0
27047,3
27049,2
27050,0
27052,1
27053,0
27054,0
27055,3
27056,2
27057,0
27059,3
27060,0
27061,3
27062,3
27064,3
27065,1
27066,0
27067,3
27068,3
27069,0
27070,0
27071,2
27072,0
27073,3
27074,2
27075,3
27076,0
27078,0
27079,3
27080,0
27081,3
27082,0
27083,2
27084,0
27087,0
27088,0
27090,0
27091,0
27092,0
27093,1
27094,3
27095,1
27096,1
27097,3
27098,3
27099,0
27100,2
27101,1
27102,0
27103,3
27104,0
27105,0
27106,3
27107,0
27108,0
27111,0
27114,0
27115,2
27117,3
27118,0
27119,2
27120,0
27121,0
27122,2
27123,0
27124,0
27125,1
27126,3
27128,1
27129,3
27131,0
27132,2
27133,3
27134,2
27135,3
27136,3
27138,3
27139,0
27141,3
27142,0
27143,3
27145,0
27146,1
27147,0
27149,0
27150,3
27151,2
27152,3
27153,0
27154,0
27155,3
27156,1
27157,1
27158,1
27160,3
27161,3
27162,0
27163,0
27164,0
27165,3
27166,0
27167,3
27169,0
27170,3
27171,0
27172,1
27173,0
27175,0
27176,2
27177,0
27178,2
27179,3
27180,3
27181,3
27182,0
27183,3
27184,2
27185,0
27188,0
27190,1
27192,3
27193,3
27194,2
27195,0
27196,0
27197,3
27200,1
27201,2
27202,0
27203,1
27204,3
27205,0
27206,0
27207,0
27209,0
27210,2
27211,3
27212,0
27213,0
27214,1
27217,0
27218,3
27219,0
27220,0
27222,0
27223,3
27224,3
27225,0
27226,0
27228,0
27230,1
27233,0
27234,0
27235,3
27236,0
27237,0
27238,3
27239,0
27240,0
27241,1
27243,3
27244,2
27245,0
27247,3
27248,3
27251,0
27252,0
27254,0
27255,0
27256,0
27257,3
27258,1
27259,0
27261,1
27262,3
27263,0
27264,3
27266,3
27267,0
27269,2
27270,0
27271,3
27272,2
27273,1
27274,0
27275,0
27276,0
27277,0
27278,0
27279,0
27280,0
27281,0
27282,3
27283,0
27284,0
27285,1
27287,3
27288,3
27289,3
27290,3
27291,0
27292,0
27293,0
27294,3
27295,1
27296,0
27297,3
27298,0
27299,3
27300,0
27301,0
27302,3
27303,1
27304,3
27306,0
27307,1
27308,0
27309,1
27310,0
27311,0
27313,0
27315,3
27316,0
27318,3
27319,0
27321,3
27323,1
27325,1
27326,3
27328,2
27329,3
27330,0
27331,3
27332,0
27333,2
27334,3
27335,0
27338,0
27339,0
27340,0
27341,3
27342,0
27343,0
27345,2
27346,0
27347,0
27348,0
27349,0
27350,3
27351,1
27354,3
27355,0
27356,0
27357,0
27358,1
27359,0
27360,0
27361,3
27364,0
27365,0
27366,0
27367,0
27368,0
27370,0
27372,2
27373,0
27375,3
27377,1
27379,1
27380,0
27381,3
27382,3
27383,0
27384,0
27385,2
27387,0
27388,0
27389,0
27390,3
27392,3
27393,1
27394,3
27396,0
27397,3
27399,0
27401,0
27402,0
27403,3
27404,0
27405,0
27407,3
27408,0
27410,1
27411,3
27412,1
27413,1
27415,1
27416,1
27417,0
27419,0
27420,0
27421,1
27422,3
27424,0
27425,0
27426,1
27428,0
27429,3
27430,0
27431,2
27433,0
27434,3
27435,0
27436,3
27437,0
27438,3
27439,0
27440,0
27441,0
27443,1
27444,0
27447,0
27448,0
27449,0
27450,3
27451,0
27453,0
27454,0
27455,1
27456,3
27458,3
27459,3
27460,2
27462,0
27463,0
27464,1
27465,0
27466,3
27467,0
27469,0
27470,0
27471,0
27474,0
27475,0
27476,1
27477,0
27478,0
27479,2
27481,0
27482,0
27483,1
27484,1
27485,2
27486,0
27487,3
27489,1
27490,0
27491,3
27492,0
27493,3
27494,3
27495,0
27496,0
27498,1
27501,1
27502,1
27503,3
27505,3
27506,0
27507,2
27508,0
27509,3
27510,1
27511,0
27512,3
27513,3
27515,1
27516,0
27517,3
27518,0
27520,1
27521,3
27522,2
27523,0
27524,0
27525,0
27527,0
27528,0
27529,3
27530,3
27531,0
27532,2
27533,0
27535,3
27536,0
27537,0
27539,0
27540,1
27541,0
27543,3
27544,2
27546,0
27547,0
27549,3
27550,0
27555,0
27557,3
27558,1
27560,0
27561,3
27563,0
27564,3
27565,3
27566,2
27567,0
27568,0
27569,1
27571,0
27572,0
27573,3
27575,0
27576,0
27577,2
27578,0
27583,0
27584,3
27585,3
27586,1
27587,1
27588,1
27589,3
27592,0
27593,0
27594,3
27595,0
27597,0
27598,0
27601,1
27602,1
27603,0
27604,0
27605,3
27606,0
27608,0
27609,0
27610,0
27611,0
27612,2
27613,2
27616,0
27617,0
27619,0
27620,3
27621,0
27622,1
27623,1
27624,3
27625,0
27628,0
27631,0
27633,0
27634,0
27635,0
27636,1
27637,0
27638,3
27640,3
27641,3
27642,0
27643,3
27644,0
27645,3
27647,0
27649,3
27651,0
27652,1
27653,3
27654,1
27655,3
27656,3
27657,0
27658,3
27659,3
27660,2
27662,0
27665,0
27666,0
27667,3
27668,1
27670,3
27671,0
27672,2
27673,3
27675,1
27677,3
27678,0
27679,0
27680,0
27681,0
27682,0
27683,0
27684,0
27685,3
27686,3
27689,0
27690,1
27691,0
27692,0
27694,0
27695,2
27696,3
27697,0
27698,3
27699,0
27700,0
27701,2
27702,0
27703,3
27704,2
27705,3
27706,0
27707,3
27708,0
27709,3
27710,0
27711,3
27713,3
27714,2
27715,0
27716,1
27717,2
27718,1
27719,0
27721,1
27723,3
27724,1
27725,3
27726,0
27727,0
27728,0
27729,2
27730,2
27731,0
27732,0
27733,3
27734,0
27735,1
27737,0
27738,3
27739,0
27740,0
27741,0
27742,0
27743,3
27744,3
27745,0
27746,0
27749,0
27750,3
27751,1
27752,2
27753,3
27754,0
27755,1
27756,3
27760,0
27761,0
27762,0
27763,0
27764,2
27765,3
27767,0
27768,1
27770,3
27771,3
27772,0
27773,0
27775,1
27776,0
27777,0
27778,2
27779,0
27781,3
27784,0
27785,3
27787,3
27789,3
27791,3
27792,3
27794,0
27796,1
27797,0
27798,0
27799,3
27800,1
27801,2
27802,0
27804,3
27805,0
27806,0
27807,0
27808,0
27810,1
27811,2
27812,0
27813,2
27816,2
27817,1
27819,2
27820,3
27821,2
27822,0
27824,2
27826,2
27827,0
27828,3
27830,3
27831,0
27832,3
27833,0
27834,0
27836,0
27837,0
27838,3
27839,0
27840,3
27841,3
27842,0
27843,1
27844,3
27845,0
27846,0
27847,0
27849,0
27850,0
27851,0
27852,0
27855,0
27856,3
27857,0
27858,1
27859,3
27860,0
27861,2
27863,2
27864,3
27866,0
27867,0
27870,3
27872,0
27873,3
27874,1
27875,3
27882,3
27884,1
27885,0
27886,2
27887,0
27888,0
27889,2
27890,0
27891,3
27892,0
27893,3
27894,0
27895,3
27896,0
27897,1
27899,0
27900,0
27901,2
27902,0
27903,3
27904,1
27907,0
27908,3
27909,0
27910,0
27911,0
27912,3
27913,3
27914,1
27915,2
27917,0
27918,3
27919,0
27920,3
27921,0
27922,0
27923,0
27926,0
27927,3
27928,0
27929,2
27930,0
27932,0
27933,0
27934,3
27935,2
27936,0
27937,0
27938,0
27940,0
27942,0
27943,1
27944,0
27945,0
27946,1
27947,3
27948,3
27949,1
27950,2
27951,0
27953,0
27955,1
27956,0
27957,0
27958,0
27959,3
27960,2
27961,0
27962,0
27964,0
27965,0
27966,0
27968,3
27969,2
27970,1
27972,3
27973,3
27975,0
27976,0
27977,0
27978,2
27980,0
27981,0
27982,0
27983,0
27984,0
27985,3
27986,0
27988,0
27989,0
27990,0
27991,0
27992,3
27993,0
27994,0
27995,0
27997,1
27998,3
27999,0
28000,3
28001,1
28003,3
28005,3
28006,0
28007,0
28009,1
28010,3
28012,0
28013,3
28014,0
28016,3
28017,2
28019,0
28020,2
28021,0
28022,3
28023,0
28024,0
28025,0
28028,0
28029,0
28030,3
28031,0
28032,0
28034,3
28035,0
28036,0
28038,0
28039,3
28040,0
28041,0
28044,0
28045,0
28046,0
28047,0
28048,3
28049,1
28050,0
28051,0
28053,1
28054,2
28055,0
28056,0
28057,0
28060,0
28061,3
28063,3
28064,0
28065,3
28066,0
28067,1
28068,3
28069,1
28070,0
28072,3
28073,0
28074,2
28075,1
28076,0
28077,0
28078,0
28079,0
28080,0
28081,3
28082,0
28083,1
28084,0
28085,1
28086,3
28090,0
28091,0
28093,0
28094,0
28095,3
28096,3
28097,3
28098,0
28099,0
28100,0
28101,1
28102,0
28103,1
28104,3
28106,0
28107,0
28108,3
28109,0
28110,2
28112,0
28113,0
28114,0
28115,3
28116,0
28117,0
28118,3
28119,1
28121,2
28122,1
28124,3
28125,0
28126,0
28127,1
28128,0
28129,3
28130,3
28131,0
28133,3
28134,3
28135,0
28136,2
28137,3
28138,1
28139,0
28143,3
28144,0
28146,3
28147,3
28148,0
28150,1
28151,3
28152,3
28153,3
28157,0
28158,0
28159,0
28160,1
28161,2
28162,2
28165,3
28166,3
28167,0
28168,0
28169,2
28170,0
28174,0
28175,0
28176,0
28177,0
28178,0
28179,0
28180,0
28181,0
28182,3
28183,3
28185,3
28186,0
28187,0
28188,1
28189,2
28190,0
28192,0
28193,3
28194,2
28195,3
28196,0
28197,3
28198,0
28199,0
28200,0
28201,0
28202,1
28203,0
28204,2
28205,3
28207,0
28208,0
28209,0
28211,3
28212,0
28213,0
28216,1
28217,3
28218,3
28220,3
28221,0
28222,3
28224,3
28225,0
28226,0
28227,0
28228,0
28229,1
28230,0
28231,3
28232,0
28233,1
28234,3
28235,0
28236,1
28237,0
28238,3
28239,0
28240,2
28241,3
28242,3
28243,0
28244,3
28245,1
28246,0
28248,1
28249,3
28250,3
28251,0
28253,1
28254,3
28256,2
28257,0
28258,2
28260,0
28262,0
28263,3
28264,0
28266,2
28267,0
28268,2
28269,0
28270,0
28271,0
28272,2
28274,0
28275,0
28277,2
28278,3
28279,3
28280,0
28281,2
28282,0
28283,3
28284,3
28285,0
28288,0
28291,3
28292,3
28293,2
28294,3
28295,3
28297,0
28300,3
28301,1
28302,0
28303,0
28304,1
28305,1
28306,0
28307,0
28308,2
28309,1
28310,3
28311,0
28312,0
28313,0
28314,0
28315,3
28317,3
28318,0
28319,2
28321,2
28322,3
28324,3
28325,0
28326,0
28327,0
28328,3
28329,3
28330,3
28331,0
28332,0
28333,0
28334,0
28335,3
28336,1
28337,3
28338,0
28339,0
28340,0
28341,0
28342,0
28343,3
28344,2
28345,0
28346,3
28347,3
28348,0
28349,1
28350,0
28351,0
28352,3
28353,2
28354,1
28356,1
28357,3
28359,3
28362,1
28364,1
28365,0
28366,0
28367,3
28368,0
28369,2
28370,0
28371,3
28372,1
28373,0
28374,0
28375,3
28376,0
28377,3
28378,3
28379,0
28380,3
28382,0
28383,2
28384,0
28385,3
28386,0
28387,3
28388,0
28389,0
28390,3
28392,0
28393,0
28394,0
28395,3
28396,0
28397,3
28398,2
28399,0
28400,0
28401,3
28402,3
28403,3
28404,3
28405,0
28406,0
28407,3
28408,0
28410,3
28412,0
28413,0
28414,0
28416,3
28417,0
28418,3
28419,0
28420,0
28421,1
28422,0
28423,3
28424,0
28425,0
28426,1
28427,0
28428,0
28429,3
28430,3
28431,3
28432,0
28433,2
28434,0
28437,3
28438,0
28440,0
28441,0
28442,3
28443,2
28444,0
28446,0
28448,0
28449,0
28451,3
28452,3
28454,3
28456,2
28457,0
28459,3
28461,3
28462,0
28463,3
28465,1
28466,0
28467,0
28469,0
28470,2
28472,0
28473,0
28475,2
28476,1
28477,3
28478,0
28480,0
28481,3
28482,3
28484,0
28485,0
28487,3
28488,0
28489,3
28490,0
28491,1
28492,0
28494,3
28495,3
28496,3
28497,3
28498,3
28499,0
28500,0
28501,3
28502,2
28503,2
28504,3
28505,3
28506,3
28507,2
28508,0
28509,0
28510,0
28511,3
28513,0
28514,1
28515,0
28518,0
28519,0
28520,0
28521,1
28523,0
28524,3
28525,3
28527,0
28528,3
28530,0
28531,3
28532,0
28534,3
28535,0
28536,0
28537,3
28539,0
28540,0
28541,0
28542,3
28543,0
28544,3
28545,0
28546,0
28551,0
28552,3
28553,3
28554,0
28555,3
28557,0
28558,3
28559,0
28560,2
28561,2
28562,0
28564,0
28565,0
28566,1
28567,0
28568,3
28569,0
28571,3
28572,0
28573,2
28574,0
28575,3
28576,3
28577,0
28578,0
28579,0
28580,0
28581,1
28584,3
28585,0
28586,3
28587,0
28588,0
28589,1
28590,0
28591,2
28592,3
28593,0
28594,2
28595,0
28596,0
28598,1
28599,0
28600,0
28601,0
28602,0
28603,3
28604,0
28606,3
28607,0
28611,0
28612,0
28613,3
28615,3
28616,0
28618,3
28619,3
28621,0
28622,0
28624,0
28626,3
28627,1
28628,0
28630,0
28631,2
28632,0
28634,0
28635,3
28636,0
28638,0
28639,3
28640,3
28641,0
28642,2
28643,0
28644,0
28645,3
28646,3
28647,0
28648,0
28649,3
28651,2
28652,3
28653,1
28654,0
28655,0
28657,2
28658,0
28659,0
28660,0
28662,3
28664,3
28665,0
28666,1
28667,3
28668,0
28669,0
28670,3
28671,3
28672,3
28673,0
28674,0
28675,0
28676,0
28677,0
28678,1
28679,3
28680,0
28682,0
28683,0
28684,3
28685,0
28686,0
28687,1
28688,3
28689,1
28690,0
28691,0
28693,3
28694,0
28695,0
28696,3
28697,0
28698,0
28699,2
28700,3
28701,0
28702,0
28704,0
28706,2
28707,3
28709,3
28710,0
28711,1
28712,0
28713,0
28714,0
28715,0
28716,1
28717,0
28718,1
28719,0
28723,0
28724,2
28726,3
28727,3
28728,0
28729,0
28730,1
28731,0
28734,3
28735,0
28736,3
28738,2
28740,0
28741,0
28742,3
28746,0
28747,0
28748,0
28749,0
28751,0
28752,3
28753,2
28754,0
28755,1
28757,0
28759,0
28761,0
28762,0
28763,3
28764,3
28765,0
28766,0
28767,0
28768,0
28769,0
28770,3
28771,1
28772,0
28775,1
28777,0
28778,0
28779,0
28780,3
28781,2
28783,1
28784,0
28785,3
28788,3
28789,2
28791,0
28792,2
28793,0
28794,1
28795,0
28796,2
28797,0
28799,2
28800,2
28801,0
28802,1
28803,3
28805,3
28806,2
28807,2
28808,0
28809,0
28812,0
28813,0
28814,0
28815,3
28816,3
28817,0
28818,0
28820,1
28824,0
28826,0
28828,0
28829,0
28830,2
28832,3
28833,0
28835,0
28836,0
28837,2
28838,3
28839,0
28841,0
28842,0
28844,0
28845,3
28847,0
28848,3
28849,3
28850,0
28851,3
28852,1
28853,0
28854,2
28855,3
28857,0
28858,3
28859,3
28860,3
28861,3
28862,0
28863,3
28865,0
28866,1
28867,0
28868,0
28871,3
28872,3
28873,2
28874,0
28875,0
28876,0
28877,0
28878,0
28879,0
28880,3
28883,0
28887,3
28889,0
28890,3
28891,0
28892,0
28893,3
28894,3
28896,0
28897,3
28899,2
28902,0
28903,2
28904,1
28905,0
28906,2
28908,2
28909,1
28910,3
28911,0
28914,0
28915,0
28916,0
28917,0
28919,0
28920,0
28921,0
28922,0
28924,2
28925,3
28926,0
28927,3
28928,2
28929,2
28930,0
28931,2
28932,0
28933,1
28934,3
28936,1
28937,2
28938,3
28939,0
28941,3
28942,0
28943,3
28944,3
28945,3
28946,0
28947,0
28948,0
28949,3
28950,3
28951,0
28953,0
28954,3
28955,2
28956,0
28958,0
28959,2
28960,2
28961,0
28962,2
28963,1
28965,2
28966,0
28967,0
28968,0
28969,0
28970,0
28971,2
28972,0
28973,3
28974,3
28975,3
28976,0
28977,0
28978,1
28979,2
28982,0
28983,3
28984,0
28986,3
28987,1
28988,3
28989,0
28990,0
28991,0
28992,0
28993,3
28994,1
28996,0
28997,1
28998,0
29000,0
29001,0
29002,1
29003,0
29004,2
29005,2
29006,2
29008,0
29009,0
29010,0
29011,3
29012,2
29015,0
29016,0
29017,0
29018,2
29019,0
29020,0
29021,1
29022,0
29023,3
29024,3
29025,3
29026,1
29027,0
29028,3
29030,0
29031,0
29032,0
29033,3
29034,3
29037,3
29038,0
29039,3
29040,0
29041,0
29042,0
29045,0
29046,3
29047,0
29049,1
29050,3
29051,1
29052,3
29053,1
29055,0
29056,3
29057,1
29058,0
29059,0
29061,3
29063,3
29064,2
29066,2
29067,2
29068,3
29070,2
29071,3
29073,2
29074,3
29075,3
29076,3
29077,1
29078,1
29079,0
29080,0
29081,2
29083,0
29084,0
29085,0
29086,0
29087,0
29089,3
29090,3
29091,0
29092,0
29093,0
29094,3
29095,0
29096,0
29097,0
29099,0
29100,0
29102,0
29103,0
29104,0
29105,3
29106,3
29107,3
29108,0
29111,0
29113,0
29116,0
29119,1
29121,0
29122,0
29123,3
29124,0
29125,0
29126,0
29127,3
29128,3
29129,0
29131,0
29132,1
29133,0
29135,1
29136,3
29137,3
29139,0
29140,0
29141,1
29142,0
29143,0
29144,0
29145,1
29147,0
29149,3
29151,3
29152,0
29153,1
29154,3
29156,3
29157,3
29158,3
29159,3
29161,0
29162,2
29163,1
29164,3
29166,0
29168,2
29170,0
29173,2
29174,2
29176,0
29177,0
29178,0
29179,0
29180,2
29181,2
29182,3
29183,3
29184,0
29185,3
29186,2
29187,0
29188,0
29189,3
29190,0
29191,0
29193,0
29194,0
29195,3
29196,0
29197,1
29198,3
29199,0
29202,3
29203,2
29204,3
29205,0
29206,3
29207,1
29208,0
29209,1
29210,3
29212,0
29213,3
29214,3
29217,1
29218,0
29220,2
29221,3
29222,0
29223,3
29224,0
29225,0
29226,3
29227,3
29229,2
29230,2
29231,3
29232,3
29233,2
29234,0
29235,3
29236,2
29237,3
29238,0
29239,2
29240,0
29243,3
29244,0
29245,2
29246,0
29247,1
29248,2
29249,1
29250,2
29251,0
29252,0
29253,1
29254,2
29256,1
29257,0
29260,0
29262,0
29263,0
29264,2
29265,0
29266,0
29268,1
29271,0
29273,2
29275,2
29276,0
29277,2
29279,3
29280,3
29282,0
29283,3
29284,3
29285,3
29286,1
29287,2
29288,0
29289,0
29290,0
29291,0
29292,0
29293,3
29298,0
29299,0
29301,2
29302,1
29303,0
29304,1
29305,3
29306,3
29307,1
29308,3
29309,3
29310,0
29312,0
29315,1
29316,2
29321,0
29322,3
29323,0
29324,0
29325,1
29328,0
29329,0
29331,0
29332,1
29333,0
29334,3
29335,0
29336,0
29337,2
29338,3
29340,3
29341,0
29343,0
29345,0
29346,1
29347,0
29348,0
29350,0
29354,0
29355,3
29356,2
29357,1
29358,0
29362,1
29363,0
29364,3
29365,0
29366,0
29367,0
29369,0
29370,0
29371,0
29372,0
29373,0
29374,1
29375,0
29377,3
29378,0
29379,3
29380,0
29381,0
29382,3
29383,3
29385,1
29386,3
29387,1
29388,3
29389,0
29390,0
29391,0
29392,0
29394,0
29395,3
29396,0
29398,0
29399,0
29400,0
29401,1
29402,3
29403,0
29404,0
29405,0
29407,1
29408,0
29409,0
29410,0
29411,1
29412,2
29413,0
29414,0
29415,3
29416,0
29417,3
29419,0
29420,3
29421,1
29422,0
29424,1
29425,3
29426,1
29428,0
29429,3
29430,0
29431,3
29432,0
29433,0
29434,0
29435,0
29436,0
29438,3
29439,3
29440,1
29441,2
29443,0
29444,0
29445,3
29446,0
29447,3
29448,0
29449,3
29450,1
29451,0
29452,3
29454,3
29455,0
29456,3
29457,0
29458,3
29459,0
29460,0
29461,3
29462,0
29466,0
29467,0
29468,0
29469,0
29470,0
29471,0
29472,3
29473,3
29474,2
29475,1
29476,2
29477,3
29478,0
29479,0
29481,3
29483,0
29484,0
29485,3
29488,0
29491,3
29492,0
29495,3
29496,0
29497,0
29498,0
29499,0
29500,0
29501,0
29503,1
29504,0
29505,2
29506,1
29507,0
29508,2
29510,0
29513,3
29514,3
29515,0
29516,0
29517,0
29519,0
29520,0
29521,1
29522,0
29523,0
29524,0
29525,1
29527,2
29528,3
29529,3
29530,0
29532,1
29533,1
29534,0
29535,0
29537,2
29538,0
29539,3
29540,0
29541,0
29542,3
29543,3
29544,0
29545,3
29546,1
29547,3
29548,1
29549,0
29550,0
29551,3
29552,0
29553,3
29554,3
29555,0
29557,0
29558,0
29560,0
29561,0
29562,0
29563,1
29564,0
29565,1
29568,3
29569,1
29570,2
29572,3
29574,1
29576,0
29577,3
29578,2
29579,2
29580,3
29582,0
29583,3
29585,1
29586,3
29588,1
29589,1
29590,0
29591,0
29592,0
29593,3
29594,1
29595,0
29596,2
29598,0
29599,0
29600,3
29602,3
29603,0
29604,0
29606,3
29607,0
29608,1
29609,0
29610,3
29611,3
29612,1
29613,0
29615,0
29616,0
29617,0
29618,2
29619,0
29620,1
29621,1
29623,3
29625,0
29626,1
29627,0
29628,0
29629,0
29630,0
29631,3
29632,0
29633,3
29634,1
29635,2
29637,0
29638,2
29639,0
29641,0
29642,0
29643,0
29644,2
29645,3
29646,0
29647,3
29648,0
29649,0
29650,3
29653,0
29654,0
29655,0
29657,0
29658,3
29659,0
29660,0
29662,0
29663,1
29665,0
29666,3
29667,0
29668,0
29669,0
29670,3
29671,0
29672,2
29673,3
29674,0
29675,0
29676,0
29677,0
29678,0
29679,2
29680,0
29681,1
29682,1
29683,0
29684,3
29686,0
29687,3
29688,0
29689,0
29690,0
29691,0
29692,0
29693,3
29694,0
29695,3
29696,0
29697,0
29700,3
29701,0
29702,1
29703,3
29704,3
29705,2
29707,3
29708,0
29709,0
29710,0
29711,0
29712,0
29714,0
29716,3
29717,0
29719,1
29723,3
29724,0
29725,3
29726,0
29727,0
29728,2
29730,0
29731,3
29732,0
29733,3
29734,0
29735,2
29736,0
29737,3
29738,0
29739,0
29740,3
29742,0
29743,3
29744,0
29745,0
29746,3
29747,0
29748,0
29749,1
29750,0
29751,1
29752,3
29753,2
29754,3
29755,3
29756,0
29759,0
29760,0
29761,3
29762,3
29763,3
29764,0
29765,0
29766,3
29767,0
29768,0
29770,0
29771,0
29772,3
29773,0
29774,3
29775,0
29776,3
29777,2
29778,3
29779,2
29780,0
29785,0
29786,1
29787,3
29788,3
29789,0
29790,0
29792,3
29793,3
29794,0
29795,0
29796,0
29797,0
29799,0
29800,3
29801,2
29803,3
29804,3
29808,0
29810,0
29813,0
29814,0
29815,1
29816,3
29817,2
29819,0
29820,0
29821,0
29822,0
29823,0
29825,2
29827,0
29830,3
29833,1
29834,1
29835,2
29836,0
29837,3
29838,0
29839,3
29840,0
29841,2
29842,3
29843,0
29844,0
29846,0
29847,0
29848,0
29849,3
29850,1
29851,0
29852,0
29853,0
29855,0
29856,3
29857,2
29860,1
29861,3
29862,2
29863,0
29864,0
29865,3
29866,2
29867,0
29868,0
29869,0
29870,0
29871,1
29874,0
29875,3
29877,0
29878,3
29880,0
29881,0
29882,0
29883,1
29885,2
29886,3
29887,3
29888,3
29890,3
29891,2
29893,0
29894,0
29895,0
29896,0
29897,3
29898,0
29899,0
29900,0
29902,1
29904,1
29905,1
29906,3
29908,0
29909,0
29911,3
29913,1
29914,0
29916,2
29917,0
29918,3
29919,0
29920,0
29921,3
29923,0
29924,3
29925,3
29927,0
29928,3
29929,0
29930,0
29931,3
29932,0
29933,3
29934,0
29935,0
29936,0
29937,0
29938,0
29939,3
29940,0
29941,2
29942,0
29943,2
29944,0
29945,0
29946,0
29947,1
29948,3
29949,0
29950,3
29951,2
29954,0
29955,3
29956,0
29958,0
29959,0
29961,0
29962,2
29964,3
29965,0
29967,0
29968,3
29969,1
29972,0
29973,0
29974,3
29975,3
29976,0
29978,0
29979,0
29980,2
29981,3
29982,2
29983,1
29984,2
29985,0
29986,1
29988,0
29990,0
29993,1
29995,2
29996,3
29997,0
29998,1
29999,3
30000,2
30002,2
30003,3
30005,0
30006,3
30008,0
30009,0
30010,0
30011,1
30012,3
30013,0
30014,3
30015,0
30017,3
30018,0
30019,2
30021,0
30022,0
30023,3
30024,0
30025,2
30026,0
30027,1
30028,1
30029,0
30030,0
30031,0
30032,0
30033,0
30034,3
30035,3
30036,3
30037,2
30039,0
30040,0
30042,0
30043,0
30045,0
30046,0
30047,1
30049,3
30050,0
30051,0
30052,1
30055,0
30056,0
30057,0
30059,0
30061,0
30062,0
30063,3
30064,3
30065,2
30068,3
30069,0
30070,0
30071,2
30072,0
30073,0
30074,2
30075,1
30076,3
30077,1
30079,0
30080,0
30081,0
30082,3
30083,0
30084,0
30085,0
30086,2
30087,0
30088,0
30089,0
30090,0
30091,1
30093,3
30094,0
30095,3
30096,3
30097,0
30098,0
30099,0
30100,3
30101,0
30102,0
30104,3
30105,0
30107,0
30109,3
30110,3
30111,0
30112,3
30113,3
30115,0
30116,0
30117,0
30118,0
30119,3
30120,2
30121,0
30123,0
30125,0
30126,3
30127,1
30128,3
30130,0
30131,0
30132,0
30133,3
30134,0
30136,3
30137,0
30138,0
30139,0
30140,0
30141,0
30143,0
30144,0
30146,3
30147,3
30148,2
30149,0
30150,0
30151,0
30152,0
30153,0
30154,0
30155,3
30156,3
30157,0
30158,3
30159,0
30160,2
30161,3
30162,0
30163,0
30164,3
30166,1
30167,0
30168,0
30169,0
30170,0
30172,3
30173,0
30174,0
30175,0
30178,2
30179,3
30180,3
30181,3
30183,3
30184,0
30185,0
30186,0
30187,0
30188,0
30189,1
30190,3
30191,0
30192,2
30194,0
30195,0
30196,0
30197,1
30198,2
30199,3
30200,3
30201,0
30203,3
30204,2
30205,0
30206,3
30207,0
30208,3
30209,0
30210,3
30211,3
30213,0
30214,0
30215,0
30217,2
30218,0
30219,3
30221,2
30222,0
30223,0
30224,0
30225,3
30226,0
30227,2
30228,0
30229,0
30230,3
30231,3
30232,3
30233,2
30234,0
30235,1
30236,3
30237,0
30238,0
30239,3
30241,0
30242,2
30243,0
30245,3
30246,0
30247,1
30248,3
30249,0
30250,0
30251,0
30252,0
30253,0
30254,0
30256,3
30257,0
30258,3
30259,0
30260,0
30261,3
30262,3
30263,3
30264,3
30265,3
30266,2
30268,1
30270,0
30271,3
30272,0
30273,3
30274,0
30275,0
30276,2
30277,0
30278,1
30279,3
30280,2
30281,0
30282,3
30283,0
30284,1
30285,0
30288,3
30291,3
30292,0
30295,2
30296,3
30297,0
30298,3
30299,3
30300,0
30301,1
30302,3
30303,3
30305,0
30306,0
30307,2
30308,3
30309,0
30310,0
30311,1
30312,1
30314,0
30315,0
30316,3
30317,3
30318,1
30321,3
30322,1
30326,1
30327,3
30328,1
30330,3
30331,0
30332,3
30333,0
30334,2
30335,0
30336,0
30338,3
30339,1
30340,0
30341,0
30342,0
30343,3
30344,0
30345,0
30346,3
30347,0
30349,0
30350,0
30351,1
30352,3
30354,2
30356,3
30358,3
30359,3
30360,0
30361,3
30362,3
30363,0
30364,2
30365,0
30366,2
30368,3
30369,1
30370,0
30371,0
30372,3
30373,0
30374,1
30375,0
30376,0
30378,0
30379,3
30380,3
30381,0
30382,1
30383,2
30385,3
30386,3
30387,0
30388,1
30389,3
30390,3
30391,3
30392,2
30393,1
30395,3
30396,0
30397,0
30398,0
30399,0
30400,3
30401,3
30402,0
30403,2
30404,0
30405,0
30408,0
30409,0
30410,1
30411,3
30413,0
30414,0
30415,0
30416,0
30417,0
30419,0
30420,2
30421,1
30422,3
30423,1
30425,0
30427,0
30429,3
30431,2
30432,0
30434,3
30435,3
30436,1
30437,0
30438,3
30439,0
30440,0
30441,1
30442,0
30443,1
30444,0
30445,0
30447,3
30448,1
30449,1
30450,0
30451,3
30453,0
30454,3
30455,1
30456,0
30457,0
30458,3
30459,0
30460,1
30461,2
30462,0
30463,0
30464,3
30465,0
30466,2
30467,0
30468,0
30469,0
30470,0
30472,2
30474,0
30475,2
30476,0
30477,0
30478,0
30479,2
30480,0
30481,0
30482,0
30483,2
30484,0
30485,3
30486,0
30487,3
30489,1
30491,1
30494,0
30495,3
30496,0
30498,0
30499,0
30500,0
30501,0
30502,0
30503,0
30505,1
30506,0
30507,0
30508,3
30509,0
30511,3
30512,3
30513,3
30514,3
30515,0
30516,0
30517,0
30518,1
30519,0
30520,2
30521,3
30522,3
30523,3
30527,0
30528,2
30529,3
30530,3
30531,0
30532,0
30533,3
30535,0
30536,0
30538,0
30539,0
30540,0
30541,3
30542,0
30544,3
30545,0
30547,0
30548,0
30549,0
30551,0
30552,1
30553,0
30554,3
30555,0
30557,0
30558,1
30559,3
30560,2
30561,1
30562,2
30563,0
30564,2
30566,0
30567,3
30569,1
30570,0
30572,1
30573,2
30574,0
30575,0
30576,2
30577,3
30578,3
30579,3
30580,3
30581,2
30582,3
30583,0
30584,1
30585,0
30587,3
30588,2
30589,1
30590,0
30591,0
30592,0
30593,3
30595,0
30596,1
30597,3
30598,3
30599,3
30600,0
30601,2
30602,3
30604,2
30605,3
30606,1
30607,3
30608,3
30609,0
30610,0
30611,2
30612,3
30613,2
30614,3
30615,0
30618,0
30619,0
30620,0
30621,0
30622,3
30624,0
30626,1
30627,0
30628,0
30629,3
30630,0
30632,0
30633,2
30634,1
30636,0
30637,0
30638,3
30639,0
30640,0
30641,2
30643,3
30644,0
30645,1
30646,3
30647,2
30648,3
30650,1
30652,1
30656,3
30657,3
30658,1
30659,0
30661,0
30662,3
30663,0
30665,3
30666,3
30667,0
30670,0
30671,3
30672,3
30673,0
30676,0
30677,0
30678,1
30680,3
30681,0
30683,0
30685,0
30686,1
30687,3
30688,3
30689,0
30690,0
30691,3
30693,0
30694,3
30695,0
30696,1
30697,0
30698,1
30700,2
30702,0
30703,0
30704,0
30705,2
30706,2
30707,0
30708,2
30709,0
30711,0
30712,0
30713,0
30715,3
30716,1
30718,3
30719,0
30720,0
30721,0
30722,3
30723,0
30724,0
30725,0
30726,0
30727,3
30728,0
30730,0
30731,3
30732,3
30733,0
30734,0
30735,0
30736,0
30737,0
30738,0
30739,0
30740,3
30741,0
30742,0
30744,0
30746,0
30747,0
30748,1
30749,0
30750,1
30751,3
30752,0
30753,0
30754,3
30755,0
30756,0
30757,0
30758,3
30759,2
30762,0
30763,3
30764,1
30765,0
30766,3
30767,0
30768,0
30769,0
30770,1
30771,0
30772,0
30775,3
30776,3
30777,3
30778,0
30779,0
30780,0
30781,0
30782,0
30783,2
30785,3
30786,0
30787,1
30788,0
30789,3
30792,3
30793,0
30795,3
30796,0
30797,0
30799,3
30800,0
30802,0
30803,1
30804,3
30805,3
30806,1
30807,1
30808,3
30810,1
30811,0
30812,3
30813,0
30814,1
30815,1
30816,0
30817,0
30818,0
30822,3
30824,3
30827,0
30828,3
30829,0
30830,1
30831,0
30832,0
30834,0
30835,2
30836,3
30837,3
30838,0
30840,0
30845,0
30846,0
30848,2
30849,0
30850,0
30851,3
30852,0
30853,0
30855,3
30856,0
30857,0
30858,3
30859,2
30861,0
30862,0
30863,3
30864,0
30865,2
30866,0
30867,0
30868,0
30870,0
30871,3
30872,0
30873,0
30876,3
30877,1
30878,0
30879,3
30880,0
30881,0
30882,0
30883,1
30884,3
30885,3
30888,0
30889,0
30890,0
30892,3
30893,0
30894,0
30895,0
30896,0
30897,0
30898,0
30899,0
30900,2
30901,3
30902,0
30903,3
30904,3
30905,0
30906,3
30907,0
30908,0
30909,0
30910,3
30912,3
30913,3
30915,1
30916,3
30917,0
30919,1
30920,3
30921,3
30922,3
30923,0
30924,0
30925,0
30926,0
30927,0
30928,0
30929,0
30930,0
30931,0
30932,3
30933,3
30935,3
30936,0
30939,0
30940,1
30941,3
30943,3
30944,1
30945,3
30946,0
30947,0
30948,3
30949,2
30950,3
30951,0
30952,3
30953,0
30956,1
30957,3
30958,0
30960,2
30962,0
30963,0
30964,0
30965,3
30966,0
30967,0
30968,0
30969,3
30970,0
30971,3
30972,0
30973,0
30974,2
30975,3
30977,0
30978,0
30979,3
30981,2
30982,1
30984,0
30987,3
30990,3
30991,0
30992,1
30993,0
30995,3
30996,0
30997,3
30998,3
31001,0
31003,0
31004,3
31005,0
31006,2
31007,0
31008,0
31009,0
31010,0
31012,1
31013,2
31014,3
31016,0
31017,0
31018,3
31019,0
31020,0
31021,0
31024,3
31025,0
31026,0
31027,0
31030,1
31031,2
31032,0
31033,2
31034,3
31035,0
31036,0
31037,3
31038,0
31039,3
31040,1
31042,3
31043,0
31044,0
31045,1
31046,0
31048,3
31049,0
31050,0
31051,0
31052,0
31053,0
31054,3
31055,0
31057,3
31059,3
31060,3
31061,1
31063,3
31064,0
31065,2
31066,3
31067,3
31068,3
31069,0
31070,3
31073,0
31074,3
31075,0
31077,1
31078,0
31079,0
31080,0
31081,3
31083,0
31084,1
31085,0
31086,0
31087,0
31088,3
31089,0
31090,1
31091,3
31092,1
31093,2
31094,2
31096,3
31097,0
31098,3
31099,3
31100,1
31101,2
31102,0
31103,2
31104,0
31105,1
31107,0
31108,1
31110,3
31114,3
31115,0
31116,3
31118,0
31119,2
31120,3
31122,2
31123,1
31124,3
31125,3
31127,0
31128,3
31129,2
31130,0
31131,3
31132,3
31133,0
31134,1
31135,0
31136,3
31137,0
31138,3
31139,2
31140,0
31141,2
31142,0
31143,2
31144,2
31145,2
31146,1
31147,2
31148,0
31149,0
31150,0
31151,3
31152,0
31153,3
31154,0
31155,0
31156,3
31157,0
31158,0
31159,0
31160,0
31161,1
31163,0
31164,0
31165,0
31166,0
31167,1
31168,3
31169,2
31170,3
31172,0
31173,0
31174,3
31175,0
31176,1
31178,0
31179,3
31180,3
31183,3
31186,2
31187,2
31188,0
31191,0
31192,0
31193,1
31194,0
31195,0
31196,3
31197,3
31198,2
31199,3
31200,2
31201,1
31202,0
31203,1
31204,2
31205,0
31206,3
31207,0
31208,0
31209,0
31210,0
31211,3
31212,0
31213,0
31214,1
31215,3
31216,3
31217,1
31218,0
31219,0
31221,0
31222,0
31223,0
31225,0
31226,2
31227,0
31228,0
31229,0
31230,2
31231,0
31232,0
31233,0
31234,3
31236,0
31238,0
31239,0
31241,1
31243,3
31244,0
31246,0
31247,0
31248,2
31249,1
31250,3
31251,0
31252,1
31253,2
31254,3
31255,1
31256,0
31257,0
31260,1
31261,3
31263,0
31266,2
31267,0
31268,0
31269,3
31270,0
31271,3
31272,0
31273,3
31274,0
31276,3
31277,0
31278,2
31279,1
31282,3
31283,0
31285,2
31286,0
31287,0
31288,3
31289,0
31290,0
31291,3
31292,0
31293,3
31295,0
31296,0
31297,0
31299,3
31300,0
31301,2
31302,3
31303,0
31305,0
31306,0
31307,0
31308,0
31309,0
31310,0
31311,2
31312,0
31315,1
31317,0
31318,0
31319,0
31320,0
31322,0
31323,3
31324,3
31325,0
31328,2
31330,1
31331,3
31332,1
31334,1
31335,0
31337,0
31339,3
31340,0
31341,0
31342,0
31343,0
31344,0
31345,0
31346,0
31347,3
31348,1
31351,3
31352,3
31353,2
31354,3
31355,0
31356,3
31357,0
31359,0
31360,0
31361,1
31362,0
31363,1
31364,0
31365,0
31366,2
31367,3
31368,0
31370,0
31371,1
31372,2
31373,0
31374,0
31378,3
31379,3
31380,2
31381,0
31382,2
31383,2
31384,3
31385,0
31386,0
31389,3
31391,0
31392,0
31393,0
31394,3
31395,0
31399,0
31400,3
31401,2
31402,0
31404,3
31405,0
31408,0
31409,0
31410,2
31411,0
31412,3
31413,0
31414,0
31415,0
31416,0
31417,3
31418,0
31420,0
31421,0
31422,0
31423,1
31426,3
31427,3
31428,0
31430,3
31431,3
31432,0
31433,3
31434,1
31435,0
31436,0
31437,3
31438,0
31440,0
31442,0
31443,0
31444,0
31445,1
31447,3
31448,0
31449,3
31450,3
31451,0
31452,0
31453,3
31454,0
31455,3
31456,0
31458,0
31459,0
31460,1
31461,0
31462,0
31464,0
31465,0
31466,0
31467,3
31468,0
31469,3
31470,0
31471,0
31472,0
31473,0
31475,0
31477,0
31478,0
31479,1
31480,0
31481,1
31482,1
31484,2
31485,0
31486,0
31488,1
31489,1
31490,0
31492,2
31493,0
31494,3
31495,0
31496,0
31497,3
31498,0
31500,3
31501,2
31502,0
31503,0
31504,3
31505,0
31506,3
31507,0
31508,0
31510,3
31511,3
31512,0
31513,0
31514,3
31515,0
31517,0
31518,0
31519,0
31520,0
31521,0
31522,1
31526,3
31527,2
31528,1
31529,0
31530,0
31531,2
31532,0
31533,0
31535,3
31536,2
31537,0
31538,3
31539,0
31541,3
31543,0
31545,1
31547,0
31548,0
31549,0
31551,0
31552,0
31553,3
31554,0
31555,1
31556,0
31557,3
31560,0
31562,0
31563,0
31564,3
31566,1
31567,3
31568,1
31569,0
31571,1
31572,0
31573,1
31574,0
31576,3
31577,0
31578,3
31580,0
31581,0
31582,3
31584,0
31585,0
31586,0
31587,0
31588,1
31589,0
31590,3
31591,0
31592,1
31593,3
31594,0
31595,0
31596,0
31597,1
31598,1
31599,3
31600,0
31601,3
31602,3
31603,0
31606,3
31607,0
31608,3
31609,2
31610,3
31611,0
31613,3
31615,0
31617,2
31618,2
31619,3
31620,1
31621,0
31622,2
31623,3
31624,0
31625,0
31628,0
31629,0
31631,0
31632,1
31633,3
31634,1
31635,0
31637,0
31639,3
31640,0
31642,0
31643,0
31646,3
31647,2
31648,0
31649,0
31650,0
31651,1
31652,1
31653,3
31654,3
31655,2
31656,0
31657,0
31658,3
31659,3
31660,2
31662,2
31663,1
31665,0
31666,1
31667,0
31668,0
31669,3
31670,0
31672,3
31673,2
31676,1
31677,3
31678,0
31679,1
31681,0
31682,3
31683,3
31684,3
31685,0
31687,3
31688,3
31689,0
31690,2
31691,3
31692,2
31694,0
31695,0
31696,0
31697,0
31698,1
31699,0
31701,3
31703,1
31704,3
31706,0
31707,3
31709,0
31710,3
31712,2
31714,3
31715,1
31716,3
31719,3
31720,0
31723,0
31724,0
31726,2
31727,1
31728,1
31729,0
31730,3
31731,0
31732,0
31733,0
31734,0
31735,1
31736,0
31737,3
31738,0
31739,0
31740,2
31741,3
31743,3
31745,0
31746,0
31747,2
31749,1
31750,0
31751,3
31752,1
31753,1
31754,2
31759,2
31760,0
31761,1
31762,3
31763,3
31764,0
31765,3
31766,3
31768,3
31769,0
31770,0
31772,0
31773,0
31774,2
31775,0
31776,0
31777,3
31778,0
31779,0
31780,3
31781,3
31782,3
31783,0
31784,0
31785,0
31786,0
31787,0
31788,0
31790,3
31791,1
31792,0
31793,0
31794,0
31795,1
31797,0
31798,0
31799,0
31800,0
31801,0
31803,0
31804,0
31805,3
31806,3
31807,3
31808,0
31809,3
31810,0
31811,0
31812,0
31813,0
31814,3
31815,2
31816,1
31817,0
31818,3
31819,3
31820,0
31823,3
31824,0
31825,1
31826,0
31827,2
31828,3
31829,0
31831,3
31832,3
31833,0
31834,0
31835,3
31836,1
31839,0
31840,2
31841,0
31842,0
31843,0
31844,0
31845,0
31846,0
31847,0
31851,0
31852,3
31853,0
31854,3
31856,3
31857,3
31859,0
31860,0
31862,0
31863,1
31866,0
31867,3
31868,1
31869,0
31870,0
31871,0
31872,0
31873,0
31874,0
31875,0
31876,1
31877,0
31879,0
31880,0
31881,1
31882,0
31883,3
31884,3
31886,0
31887,1
31888,0
31890,3
31891,0
31892,3
31893,3
31894,0
31895,2
31896,1
31898,3
31899,3
31901,0
31902,3
31903,1
31904,0
31905,3
31907,0
31908,2
31909,3
31910,3
31911,3
31912,0
31913,3
31914,0
31915,3
31916,0
31917,1
31918,0
31919,2
31920,0
31922,3
31923,3
31924,0
31925,3
31926,3
31927,1
31928,3
31929,3
31931,0
31932,3
31933,0
31934,0
31935,0
31936,1
31939,3
31940,0
31942,0
31943,0
31944,0
31945,1
31946,1
31947,0
31948,0
31949,0
31950,3
31951,0
31952,0
31953,0
31955,0
31956,1
31957,0
31958,1
31959,3
31961,0
31963,1
31964,0
31965,0
31966,0
31967,0
31968,3
31969,2
31970,1
31971,3
31972,0
31973,1
31974,0
31975,0
31976,3
31977,0
31979,0
31980,3
31981,0
31983,3
31984,0
31985,1
31986,0
31987,1
31988,3
31989,0
31990,1
31991,0
31992,0
31993,0
31994,0
31995,1
31997,0
31999,0
32000,0
32001,0
32003,3
32004,3
32005,0
32006,3
32009,2
32011,0
32012,0
32013,3
32014,0
32016,0
32017,3
32018,3
32021,0
32022,0
32023,0
32024,0
32025,0
32026,3
32029,0
32030,3
32031,0
32033,0
32034,0
32035,0
32036,1
32037,0
32038,2
32042,0
32043,0
32044,0
32046,0
32047,0
32048,3
32050,3
32051,0
32052,0
32053,2
32054,0
32055,0
32056,2
32057,0
32059,0
32060,3
32061,0
32062,0
32063,3
32064,3
32065,2
32066,1
32067,3
32070,3
32073,3
32074,3
32075,2
32076,1
32077,0
32078,0
32079,0
32080,0
32081,2
32082,3
32083,2
32085,3
32086,0
32087,0
32088,0
32090,0
32092,1
32093,0
32095,0
32096,0
32097,0
32098,3
32099,2
32100,0
32101,2
32102,0
32103,3
32104,0
32105,3
32106,1
32107,0
32108,1
32109,0
32110,0
32111,3
32112,3
32113,3
32114,0
32115,0
32118,0
32119,0
32120,0
32121,0
32124,0
32126,2
32127,1
32129,3
32130,2
32131,3
32132,0
32133,0
32134,3
32135,0
32136,0
32137,1
32138,0
32139,0
32141,1
32142,0
32143,0
32144,2
32145,0
32147,3
32150,1
32151,3
32154,2
32155,3
32156,0
32158,1
32159,3
32161,0
32162,3
32163,0
32164,0
32165,0
32166,3
32167,3
32168,3
32169,3
32170,0
32171,0
32172,3
32173,2
32175,3
32177,1
32178,0
32179,3
32181,3
32182,2
32186,0
32188,0
32189,3
32190,1
32191,0
32192,3
32193,0
32195,0
32196,0
32197,0
32198,0
32199,2
32201,0
32202,3
32204,0
32205,2
32206,3
32207,3
32208,3
32209,0
32210,3
32211,0
32212,0
32213,3
32215,0
32216,0
32217,0
32218,0
32219,3
32220,1
32223,0
32224,1
32225,3
32226,0
32227,1
32229,1
32230,0
32231,0
32232,1
32233,2
32235,0
32236,3
32237,3
32238,0
32241,0
32242,0
32244,0
32245,0
32246,1
32247,3
32248,2
32249,1
32250,0
32251,0
32253,2
32254,0
32256,0
32259,3
32260,3
32261,0
32262,3
32263,0
32264,0
32265,0
32266,0
32267,1
32268,1
32269,0
32270,3
32271,1
32272,1
32276,0
32277,3
32278,0
32279,1
32280,0
32282,3
32285,0
32286,0
32287,0
32289,0
32291,0
32292,1
32294,0
32295,1
32297,0
32299,1
32300,3
32301,3
32302,0
32303,0
32304,2
32305,2
32306,3
32307,1
32308,0
32309,3
32310,0
32311,0
32312,2
32313,2
32314,1
32315,0
32316,0
32317,0
32318,0
32320,3
32322,2
32323,1
32325,0
32327,1
32329,1
32331,2
32332,3
32334,0
32335,2
32336,3
32337,0
32338,3
32339,3
32340,3
32342,0
32343,3
32344,0
32345,3
32346,0
32348,0
32349,0
32350,0
32351,0
32352,0
32354,3
32355,0
32356,0
32357,1
32358,3
32359,0
32360,1
32361,1
32362,3
32364,0
32366,0
32368,2
32369,2
32370,0
32371,2
32372,0
32373,3
32374,2
32375,0
32376,0
32377,3
32378,0
32379,0
32380,3
32381,1
32382,0
32384,2
32386,0
32388,3
32389,0
32390,0
32391,3
32393,2
32394,0
32397,0
32401,3
32402,0
32404,0
32405,0
32406,0
32407,0
32408,0
32409,2
32410,3
32412,1
32413,3
32414,0
32415,3
32416,0
32419,3
32420,0
32422,2
32423,0
32424,1
32425,1
32426,0
32429,3
32431,2
32432,0
32433,3
32434,3
32435,3
32436,1
32437,0
32438,1
32439,2
32440,0
32441,1
32442,0
32444,0
32445,3
32446,0
32448,0
32449,0
32450,1
32451,3
32452,3
32453,0
32454,0
32455,0
32457,3
32458,3
32459,0
32460,2
32461,3
32462,3
32463,3
32464,0
32465,3
32466,0
32468,3
32469,3
32470,0
32471,3
32472,0
32473,3
32474,0
32475,3
32476,3
32477,0
32478,3
32479,0
32480,0
32481,3
32482,0
32484,3
32485,2
32486,0
32487,0
32488,3
32489,3
32490,1
32491,2
32492,1
32493,1
32495,0
32496,3
32498,0
32499,0
32500,0
32501,3
32502,0
32503,0
32504,0
32505,1
32506,3
32507,0
32508,3
32509,0
32510,0
32511,0
32512,2
32513,3
32514,0
32515,3
32516,3
32517,3
32518,0
32521,0
32524,0
32525,0
32526,3
32528,0
32529,2
32530,0
32531,1
32532,3
32533,3
32534,0
32535,0
32536,3
32537,3
32538,2
32540,0
32541,0
32542,0
32543,3
32545,0
32546,3
32547,0
32549,1
32552,3
32554,3
32556,0
32557,0
32558,0
32559,3
32561,0
32562,3
32563,3
32564,0
32565,3
32566,2
32567,0
32568,3
32569,3
32570,3
32572,1
32576,0
32577,0
32578,0
32579,0
32580,0
32582,3
32584,3
32585,0
32586,0
32587,0
32588,3
32589,0
32594,0
32595,3
32596,2
32599,0
32600,0
32602,1
32604,3
32606,3
32608,3
32609,2
32611,0
32613,3
32614,1
32616,0
32617,0
32618,0
32620,0
32621,0
32623,3
32624,3
32625,0
32626,3
32627,0
32628,3
32629,1
32630,0
32631,0
32632,2
32633,0
32634,0
32635,0
32636,0
32638,0
32639,1
32640,0
32641,0
32643,3
32645,0
32646,3
32647,0
32648,0
32649,0
32650,2
32651,0
32652,0
32653,3
32654,1
32655,3
32656,0
32657,3
32658,3
32659,1
32662,2
32663,0
32664,0
32665,3
32666,1
32667,1
32668,0
32669,0
32670,1
32671,3
32672,0
32674,3
32675,0
32676,1
32677,3
32678,0
32680,0
32682,0
32683,0
32684,0
32685,0
32686,3
32688,1
32689,0
32690,3
32691,3
32693,1
32694,3
32695,3
32696,0
32697,0
32699,2
32700,0
32701,3
32702,0
32704,0
32705,0
32706,0
32707,1
32708,1
32710,0
32711,0
32712,0
32713,3
32714,0
32715,2
32716,3
32719,0
32720,0
32721,0
32722,3
32723,0
32725,0
32726,3
32728,0
32729,2
32731,0
32732,0
32733,0
32734,2
32737,0
32739,1
32740,0
32741,3
32743,3
32744,0
32745,0
32747,0
32749,0
32750,0
32751,3
32752,3
32753,3
32756,3
32757,1
32758,2
32759,0
32760,0
32761,2
32762,3
32763,3
32764,0
32765,0
32767,0
32768,0
32769,3
32772,3
32773,3
32774,0
32777,0
32779,0
32780,0
32782,3
32784,3
32785,1
32787,3
32788,3
32789,2
32790,0
32791,0
32792,2
32794,2
32795,3
32796,0
32797,1
32798,0
32799,3
32800,0
32801,1
32802,1
32803,3
32804,3
32806,2
32807,3
32808,2
32809,1
32811,0
32812,0
32814,3
32815,0
32816,3
32818,0
32819,1
32820,0
32824,0
32825,0
32826,1
32828,0
32829,0
32830,0
32831,0
32832,0
32833,3
32834,0
32835,3
32836,0
32838,0
32839,3
32840,0
32841,3
32842,0
32844,2
32845,2
32846,3
32848,0
32849,0
32850,0
32851,0
32852,0
32853,3
32854,0
32855,0
32856,0
32857,0
32859,3
32860,1
32863,3
32864,0
32865,2
32867,3
32868,0
32869,3
32870,0
32871,0
32872,0
32873,3
32874,3
32876,2
32877,0
32878,0
32879,0
32880,0
32881,0
32882,0
32883,0
32884,3
32885,2
32888,0
32889,1
32890,0
32891,2
32892,1
32893,3
32894,0
32895,3
32896,0
32897,3
32898,3
32900,0
32901,3
32902,3
32903,0
32904,0
32905,3
32906,1
32907,2
32908,0
32910,3
32912,0
32913,0
32914,1
32915,0
32917,3
32919,0
32922,2
32923,0
32925,0
32926,3
32927,2
32928,0
32929,3
32931,2
32932,2
32933,0
32934,0
32935,0
32936,3
32937,0
32938,0
32939,1
32940,3
32941,3
32946,0
32947,1
32948,0
32949,3
32950,2
32951,0
32952,0
32953,1
32954,0
32955,0
32956,3
32958,0
32959,3
32960,1
32961,0
32962,1
32963,3
32964,3
32965,3
32966,0
32967,0
32969,0
32970,3
32971,3
32973,3
32974,3
32975,3
32976,3
32977,2
32978,0
32979,0
32981,0
32982,0
32983,0
32985,0
32986,0
32987,3
32988,0
32989,3
32990,3
32992,3
32993,0
32994,3
32997,0
33000,0
33001,3
33003,0
33004,0
33005,0
33006,2
33007,0
33008,0
33010,0
33011,0
33012,0
33013,1
33014,0
33015,0
33016,1
33017,1
33019,0
33022,0
33023,0
33024,2
33026,3
33028,3
33029,1
33032,0
33034,1
33036,0
33037,0
33038,3
33041,0
33042,1
33043,1
33045,2
33046,0
33047,1
33048,3
33049,3
33050,3
33051,3
33052,0
33054,0
33055,0
33056,0
33057,0
33058,3
33060,3
33062,0
33064,3
33065,0
33066,3
33067,2
33068,0
33069,3
33071,3
33072,2
33073,0
33074,0
33075,1
33076,0
33077,0
33080,0
33082,3
33083,0
33084,3
33086,0
33088,3
33089,0
33091,1
33092,3
33093,2
33094,0
33095,0
33096,0
33097,0
33098,0
33099,0
33100,3
33102,2
33103,0
33104,1
33105,1
33106,3
33107,0
33108,0
33109,1
33110,1
33111,3
33112,3
33114,0
33115,0
33116,3
33117,0
33119,0
33120,0
33122,0
33123,3
33125,2
33126,3
33127,3
33128,3
33129,0
33131,2
33132,0
33134,3
33135,3
33136,0
33138,0
33139,1
33140,0
33141,1
33142,0
33144,0
33146,3
33147,0
33148,0
33149,0
33151,3
33152,0
33153,3
33155,0
33156,2
33157,0
33158,0
33159,0
33160,3
33162,0
33163,0
33165,1
33166,3
33167,1
33168,3
33169,1
33172,0
33173,0
33174,3
33175,0
33177,0
33178,2
33179,3
33180,3
33181,1
33182,0
33183,3
33184,0
33185,0
33186,0
33187,3
33188,0
33190,0
33192,0
33193,3
33194,0
33195,2
33197,1
33198,0
33201,3
33202,3
33203,0
33204,1
33205,0
33206,0
33207,3
33209,2
33210,0
33212,0
33213,0
33214,0
33215,3
33216,1
33217,3
33218,0
33220,0
33221,1
33222,0
33224,0
33225,3
33226,3
33227,0
33228,2
33229,1
33230,1
33231,2
33232,3
33235,3
33236,2
33238,0
33240,0
33242,0
33243,3
33244,0
33245,0
33246,1
33247,0
33248,0
33250,3
33254,0
33255,3
33256,0
33257,1
33258,0
33259,3
33260,0
33261,0
33262,1
33263,3
33264,3
33266,1
33267,3
33270,1
33271,0
33272,0
33273,0
33274,0
33275,0
33283,2
33284,0
33285,3
33286,3
33287,0
33288,0
33289,0
33290,3
33292,0
33293,0
33295,3
33297,3
33298,2
33299,1
33300,0
33301,3
33302,2
33303,0
33305,0
33306,3
33307,0
33308,0
33309,0
33310,3
33311,3
33312,0
33313,0
33315,3
33316,1
33317,1
33318,3
33319,0
33320,1
33321,0
33322,0
33323,3
33324,3
33325,0
33326,3
33327,2
33328,0
33329,0
33330,1
33332,0
33334,0
33336,3
33337,0
33338,0
33339,3
33340,3
33341,3
33344,0
33347,3
33348,0
33349,3
33350,2
33352,0
33353,3
33354,0
33356,3
33357,3
33358,0
33359,0
33360,1
33361,0
33362,0
33363,3
33364,1
33365,3
33366,2
33367,3
33368,1
33369,1
33371,0
33372,0
33373,0
33375,0
33376,0
33377,0
33378,3
33379,0
33380,0
33383,3
33384,1
33385,3
33386,0
33387,2
33388,3
33389,3
33390,1
33392,0
33394,3
33395,0
33396,0
33398,0
33399,0
33400,0
33401,1
33402,3
33404,1
33405,1
33406,0
33407,3
33408,0
33409,2
33410,3
33411,3
33412,0
33413,0
33414,3
33415,0
33417,0
33418,0
33420,2
33422,2
33423,0
33424,0
33426,2
33427,0
33428,1
33429,3
33430,3
33432,1
33433,0
33435,0
33436,0
33437,0
33438,0
33440,0
33441,3
33443,0
33444,3
33448,2
33449,0
33450,0
33451,3
33452,3
33453,3
33454,2
33455,2
33456,1
33457,3
33458,1
33459,0
33460,0
33461,3
33462,0
33464,3
33466,0
33467,0
33471,2
33472,0
33473,3
33474,2
33476,2
33477,0
33479,0
33480,0
33481,0
33482,0
33483,3
33484,0
33485,0
33486,3
33487,3
33488,3
33489,0
33490,3
33491,0
33492,1
33493,3
33494,0
33495,0
33496,3
33497,0
33498,0
33499,0
33500,3
33501,3
33502,3
33503,0
33504,0
33505,1
33507,1
33508,3
33509,3
33510,3
33511,0
33512,0
33514,1
33516,0
33517,0
33518,0
33519,1
33520,0
33521,1
33522,0
33525,0
33526,0
33527,0
33528,1
33529,3
33530,2
33531,2
33532,3
33533,3
33534,0
33535,0
33536,3
33537,2
33539,3
33541,3
33543,3
33544,3
33545,3
33547,0
33548,0
33549,1
33551,0
33553,3
33554,2
33555,0
33556,2
33557,3
33558,0
33560,3
33561,3
33562,0
33563,0
33564,3
33565,3
33566,0
33567,0
33568,0
33569,3
33570,0
33572,3
33573,3
33575,3
33578,3
33579,0
33581,0
33582,0
33583,0
33584,0
33586,0
33588,0
33590,3
33591,0
33593,3
33594,3
33595,1
33596,0
33597,2
33598,1
33599,3
33600,0
33602,3
33603,0
33604,0
33605,0
33606,1
33607,3
33608,3
33609,1
33610,0
33615,0
33616,0
33617,2
33618,0
33619,3
33621,3
33622,2
33623,0
33624,3
33625,0
33629,0
33630,3
33631,0
33632,0
33633,1
33635,0
33636,2
33637,0
33638,0
33639,3
33640,0
33641,0
33642,0
33643,0
33644,0
33645,1
33647,3
33648,2
33649,0
33650,3
33652,0
33653,3
33655,0
33656,0
33658,3
33660,1
33661,3
33662,3
33665,2
33666,3
33667,1
33668,3
33669,0
33670,0
33671,1
33672,0
33674,0
33675,0
33676,0
33677,3
33678,1
33679,0
33681,0
33682,3
33683,0
33684,0
33686,0
33687,0
33688,0
33689,3
33690,3
33691,0
33692,0
33695,0
33696,0
33697,0
33699,3
33700,0
33701,0
33702,3
33703,3
33704,0
33705,0
33707,3
33708,3
33709,2
33712,3
33714,3
33716,0
33718,0
33719,3
33722,3
33723,0
33724,3
33727,1
33730,3
33731,3
33732,3
33733,1
33735,0
33737,3
33738,2
33739,0
33740,0
33741,3
33742,3
33743,0
33744,0
33745,3
33747,1
33748,3
33750,0
33751,0
33752,0
33753,3
33754,0
33755,0
33756,3
33757,3
33758,0
33759,0
33760,0
33761,2
33762,3
33763,3
33764,0
33765,0
33770,1
33772,0
33773,2
33774,1
33775,0
33776,0
33777,0
33778,0
33780,1
33782,2
33783,0
33785,3
33786,0
33787,0
33788,3
33789,3
33790,3
33791,0
33792,3
33793,0
33794,1
33795,0
33796,0
33797,0
33798,0
33801,0
33802,3
33803,2
33804,0
33805,0
33807,3
33809,0
33810,2
33811,0
33812,0
33813,1
33814,3
33815,1
33816,3
33817,0
33818,0
33819,0
33820,0
33822,3
33823,2
33824,3
33825,2
33826,0
33827,1
33828,2
33829,3
33831,2
33832,0
33833,1
33834,3
33835,0
33836,0
33837,0
33838,0
33839,3
33840,3
33841,0
33842,1
33843,3
33844,3
33845,3
33846,0
33847,3
33848,3
33849,3
33850,0
33852,0
33853,0
33854,0
33855,0
33856,0
33857,3
33859,3
33860,0
33863,1
33864,0
33865,0
33866,2
33867,2
33868,0
33869,1
33870,0
33872,0
33873,0
33874,3
33875,1
33876,0
33877,3
33878,0
33879,3
33882,3
33886,0
33887,3
33888,0
33889,3
33890,0
33891,0
33892,0
33893,0
33895,1
33896,3
33897,0
33898,3
33899,3
33901,0
33902,0
33903,0
33905,0
33906,3
33907,3
33908,0
33909,0
33910,2
33911,1
33912,3
33913,2
33914,3
33915,3
33916,3
33918,0
33919,1
33921,0
33922,0
33923,1
33924,3
33925,0
33926,0
33927,0
33928,3
33929,0
33930,0
33931,0
33932,0
33933,0
33935,0
33936,0
33937,2
33939,0
33940,3
33941,0
33942,0
33943,3
33944,0
33945,0
33946,0
33947,3
33948,3
33949,0
33950,3
33951,0
33952,0
33953,3
33955,3
33956,3
33957,3
33958,0
33960,1
33961,2
33962,0
33963,3
33964,0
33966,1
33967,1
33968,1
33969,0
33970,1
33971,0
33973,0
33974,0
33976,0
33977,3
33978,0
33979,2
33980,1
33981,0
33983,0
33986,0
33987,3
33988,0
33992,1
33994,1
33995,0
33996,1
33997,0
33998,2
33999,3
34000,3
34001,2
34002,0
34003,3
34004,3
34005,3
34006,0
34007,2
34009,0
34010,2
34011,0
34012,0
34013,0
34014,0
34015,1
34016,0
34017,1
34018,0
34019,3
34020,3
34021,0
34022,0
34024,0
34025,0
34026,2
34027,3
34028,1
34029,0
34030,2
34031,3
34032,1
34033,3
34034,3
34035,3
34036,3
34037,3
34038,0
34039,3
34042,0
34044,0
34046,3
34047,1
34048,2
34049,3
34050,0
34052,0
34055,3
34057,3
34059,0
34060,2
34061,0
34062,2
34063,3
34064,1
34065,3
34066,2
34067,0
34069,0
34070,2
34072,0
34073,3
34074,1
34075,0
34076,0
34077,2
34078,0
34079,3
34080,3
34081,1
34082,1
34083,3
34084,3
34085,2
34086,0
34088,3
34090,3
34091,1
34094,0
34096,3
34097,3
34098,1
34099,1
34100,3
34101,0
34102,2
34103,2
34104,0
34105,3
34108,0
34109,2
34110,0
34111,0
34112,2
34113,3
34115,0
34116,0
34117,1
34118,0
34119,1
34120,0
34121,0
34122,3
34123,3
34124,2
34125,2
34127,0
34128,0
34129,1
34130,1
34131,3
34132,0
34133,3
34134,3
34135,0
34136,0
34137,3
34138,0
34139,1
34140,2
34141,0
34142,0
34143,0
34144,3
34146,3
34147,3
34148,0
34149,1
34151,0
34153,3
34154,3
34156,1
34157,0
34158,0
34159,3
34161,0
34162,3
34163,2
34164,0
34165,0
34166,0
34168,3
34169,0
34170,3
34172,3
34173,1
34174,0
34176,3
34177,3
34178,0
34181,0
34182,0
34184,2
34185,0
34186,0
34187,0
34188,0
34191,0
34194,0
34195,0
34196,0
34197,0
34199,3
34200,0
34201,1
34202,0
34205,0
34206,0
34207,0
34208,3
34210,3
34211,3
34212,3
34213,0
34214,1
34215,3
34216,0
34217,1
34218,3
34219,3
34222,1
34223,0
34224,0
34225,1
34226,0
34227,1
34228,2
34229,0
34230,3
34231,3
34232,0
34233,0
34234,0
34235,3
34236,0
34237,2
34240,0
34241,0
34242,0
34243,3
34249,0
34250,0
34252,0
34253,0
34255,0
34257,0
34260,1
34261,3
34263,0
34264,3
34266,3
34267,0
34269,0
34271,3
34272,3
34273,1
34274,3
34276,1
34277,0
34278,1
34280,0
34282,0
34283,0
34284,0
34285,0
34286,3
34287,1
34288,0
34289,3
34291,3
34292,0
34293,1
34294,1
34295,3
34296,0
34297,0
34299,3
34300,3
34302,1
34304,0
34306,0
34307,3
34308,0
34309,0
34310,3
34311,0
34312,3
34314,0
34317,0
34318,0
34319,2
34322,2
34323,0
34324,0
34326,0
34327,1
34328,0
34329,3
34331,0
34333,3
34334,3
34335,0
34336,2
34337,0
34339,3
34340,0
34341,0
34342,0
34343,0
34344,0
34345,0
34347,3
34348,0
34350,3
34351,0
34352,0
34353,0
34355,0
34356,3
34357,1
34358,3
34359,2
34360,0
34363,0
34364,3
34365,3
34367,0
34369,3
34371,1
34372,0
34374,1
34378,3
34379,0
34380,0
34381,3
34384,0
34385,0
34386,0
34387,0
34388,1
34389,3
34390,3
34391,3
34392,0
34394,0
34395,0
34396,3
34397,1
34398,1
34400,2
34403,0
34404,0
34405,0
34406,2
34407,0
34408,0
34409,1
34410,2
34411,0
34412,3
34413,0
34414,0
34415,3
34416,0
34417,1
34419,0
34420,0
34421,3
34422,0
34423,3
34425,0
34426,3
34427,3
34428,3
34429,0
34430,0
34431,3
34433,0
34434,0
34436,3
34437,0
34438,3
34439,3
34443,1
34444,0
34446,2
34447,3
34448,1
34449,1
34450,0
34452,2
34453,0
34454,0
34455,0
34456,0
34457,0
34458,2
34459,3
34460,3
34461,0
34462,3
34463,2
34464,0
34465,0
34466,0
34467,3
34468,0
34469,1
34470,0
34471,0
34472,0
34473,0
34474,0
34475,0
34476,0
34477,0
34478,2
34479,3
34480,1
34482,0
34483,3
34484,0
34485,3
34486,0
34487,0
34488,0
34489,1
34490,3
34491,0
34492,0
34493,3
34494,3
34496,0
34498,0
34500,0
34502,1
34503,3
34504,3
34505,0
34506,0
34507,3
34508,3
34510,1
34511,0
34512,0
34515,1
34517,0
34518,0
34519,0
34520,3
34521,0
34522,3
34528,0
34529,3
34531,0
34535,1
34536,3
34537,2
34538,3
34539,0
34540,3
34541,0
34542,1
34543,0
34544,0
34546,3
34547,3
34550,3
34551,3
34552,0
34553,0
34555,2
34557,0
34558,3
34559,3
34560,0
34561,3
34563,2
34564,0
34565,1
34566,2
34567,0
34569,1
34570,3
34571,0
34572,0
34573,3
34574,0
34576,0
34578,3
34579,0
34580,0
34581,0
34583,0
34585,0
34586,2
34587,2
34588,0
34590,0
34591,2
34592,0
34594,0
34596,0
34597,0
34599,0
34600,1
34601,0
34602,3
34603,1
34604,0
34605,2
34606,0
34608,0
34609,0
34611,0
34612,0
34613,3
34614,3
34616,3
34617,3
34618,3
34619,3
34620,0
34621,3
34622,0
34623,0
34624,1
34625,0
34626,0
34628,0
34630,0
34631,2
34632,3
34633,1
34634,2
34637,0
34638,0
34639,1
34640,0
34641,1
34642,0
34643,2
34644,1
34645,1
34647,0
34648,3
34649,0
34650,0
34652,0
34654,3
34655,3
34656,3
34657,3
34658,0
34659,2
34660,0
34662,2
34663,3
34664,0
34665,0
34666,0
34667,0
34669,0
34670,3
34671,3
34672,0
34673,2
34674,0
34676,0
34677,0
34678,0
34680,3
34681,2
34682,3
34683,0
34684,3
34685,0
34686,0
34687,3
34688,3
34689,3
34690,0
34691,0
34692,0
34693,1
34694,0
34696,2
34697,0
34703,0
34704,0
34705,0
34706,0
34707,3
34708,0
34709,0
34711,3
34712,0
34713,3
34714,0
34715,1
34717,0
34718,2
34719,1
34720,0
34721,3
34722,0
34723,3
34724,0
34725,0
34726,0
34727,2
34728,1
34729,0
34731,0
34732,3
34733,0
34734,0
34735,3
34737,0
34738,0
34739,0
34740,0
34741,2
34742,3
34743,0
34744,1
34745,0
34746,1
34747,0
34748,0
34749,0
34751,3
34752,0
34753,0
34754,1
34755,0
34756,0
34757,3
34759,0
34760,0
34761,3
34762,1
34763,0
34765,0
34766,0
34767,1
34769,0
34770,0
34772,0
34773,3
34774,0
34775,3
34778,0
34779,2
34780,0
34781,1
34782,3
34783,0
34785,0
34787,0
34788,1
34790,3
34792,3
34793,0
34795,0
34796,1
34797,2
34798,0
34799,0
34800,1
34801,0
34803,0
34804,1
34805,1
34806,0
34807,0
34809,0
34810,0
34811,3
34812,0
34813,0
34814,0
34815,3
34816,1
34817,0
34818,0
34819,1
34820,3
34821,3
34822,3
34823,0
34824,2
34825,0
34826,0
34828,0
34829,0
34830,3
34831,2
34832,0
34833,3
34834,0
34835,3
34836,3
34837,3
34838,3
34839,0
34842,1
34843,0
34844,3
34846,0
34847,1
34849,0
34850,2
34851,0
34852,3
34853,2
34854,0
34855,1
34856,0
34857,0
34858,3
34859,0
34860,2
34861,0
34862,1
34863,2
34864,3
34865,0
34866,1
34867,0
34868,0
34869,3
34870,0
34871,0
34872,3
34874,0
34875,1
34876,0
34877,0
34879,2
34880,1
34881,0
34882,0
34884,0
34886,0
34888,2
34889,3
34890,1
34891,0
34892,0
34893,3
34894,0
34895,0
34896,3
34897,3
34898,2
34899,2
34900,0
34901,0
34902,2
34903,3
34906,1
34907,3
34909,3
34910,0
34911,2
34912,0
34913,3
34914,3
34915,3
34916,3
34917,0
34918,2
34920,0
34921,0
34922,3
34923,3
34924,3
34925,0
34926,0
34927,0
34928,3
34929,0
34930,3
34933,0
34934,0
34935,3
34936,3
34937,1
34938,0
34939,0
34940,2
34941,0
34943,3
34944,1
34945,1
34946,0
34947,0
34949,0
34950,0
34951,0
34952,0
34953,0
34954,0
34955,0
34957,3
34958,0
34959,1
34961,1
34962,1
34963,3
34966,0
34967,0
34968,0
34969,0
34970,0
34972,3
34973,3
34975,0
34979,0
34980,0
34981,3
34982,3
34984,0
34987,2
34988,0
34989,3
34991,0
34992,0
34993,2
34994,0
34995,3
34996,0
34997,3
34998,2
34999,1
35000,3
35001,0
35002,3
35003,0
35004,3
35005,1
35006,3
35007,0
35008,2
35009,0
35010,0
35011,0
35013,1
35015,3
35016,3
35017,2
35018,0
35021,0
35023,3
35024,0
35025,0
35026,3
35027,1
35030,0
35031,2
35032,0
35033,2
35034,0
35035,1
35036,0
35037,0
35038,1
35039,0
35040,0
35042,2
35044,0
35045,0
35047,3
35048,1
35049,0
35050,3
35051,3
35052,3
35053,0
35055,0
35056,3
35057,0
35058,0
35060,0
35061,3
35062,0
35064,0
35065,0
35066,0
35067,3
35069,0
35070,0
35072,3
35073,0
35074,0
35075,1
35076,0
35077,3
35078,0
35079,0
35080,3
35081,1
35082,0
35084,0
35085,3
35087,0
35089,0
35090,2
35091,0
35092,0
35094,2
35095,3
35098,3
35100,2
35101,1
35102,0
35103,2
35104,0
35105,0
35106,3
35107,3
35108,0
35109,3
35110,0
35111,0
35113,2
35114,0
35115,0
35116,0
35117,2
35118,0
35119,3
35120,0
35121,0
35122,3
35123,3
35124,3
35125,3
35126,0
35127,2
35130,2
35132,0
35133,3
35134,0
35136,0
35137,1
35138,1
35139,2
35140,3
35141,2
35142,2
35144,0
35145,0
35146,0
35147,0
35149,2
35150,1
35151,3
35152,3
35153,3
35154,1
35155,3
35156,3
35158,0
35160,0
35161,1
35162,1
35163,2
35164,1
35165,3
35166,3
35167,3
35168,3
35170,3
35171,0
35172,1
35173,0
35174,1
35175,0
35176,0
35177,1
35178,0
35180,3
35181,1
35182,3
35183,0
35185,1
35186,0
35187,1
35188,1
35189,3
35191,2
35192,0
35193,0
35194,0
35195,3
35196,1
35198,2
35199,3
35200,0
35202,0
35203,3
35204,2
35205,0
35206,0
35207,3
35209,1
35211,0
35212,3
35213,2
35214,0
35216,0
35217,1
35218,3
35219,2
35220,3
35221,0
35223,0
35224,0
35225,0
35226,2
35227,2
35228,0
35229,0
35230,0
35231,0
35232,0
35233,3
35234,0
35235,3
35236,0
35237,3
35238,3
35239,0
35240,3
35241,0
35242,3
35243,1
35244,0
35245,3
35246,0
35248,3
35249,3
35253,0
35254,0
35255,2
35258,2
35259,3
35261,3
35262,0
35263,0
35264,0
35265,0
35267,0
35268,0
35269,0
35270,0
35271,0
35272,3
35273,0
35274,1
35275,3
35276,3
35277,3
35278,3
35279,3
35280,1
35281,2
35285,0
35286,1
35287,0
35288,2
35289,3
35290,3
35292,2
35293,0
35294,1
35295,0
35296,0
35297,0
35298,1
35300,3
35301,0
35302,3
35304,3
35305,3
35306,0
35307,3
35308,0
35309,0
35310,1
35311,0
35312,1
35313,3
35314,0
35317,0
35318,0
35319,0
35320,0
35321,3
35323,0
35324,1
35325,0
35326,3
35327,3
35328,0
35329,1
35330,0
35331,2
35332,1
35333,3
35334,3
35335,0
35336,1
35337,1
35338,0
35340,0
35342,3
35343,0
35344,2
35345,0
35347,2
35348,3
35349,3
35350,0
35351,2
35352,3
35354,0
35355,0
35356,0
35357,3
35358,2
35359,0
35360,3
35361,3
35362,1
35363,0
35364,2
35365,0
35366,2
35367,0
35368,3
35369,1
35370,0
35371,0
35372,0
35373,0
35374,3
35375,0
35376,2
35378,0
35379,0
35381,2
35382,0
35384,0
35385,3
35386,0
35387,3
35388,3
35389,1
35390,0
35391,1
35392,3
35393,3
35394,2
35395,3
35396,2
35397,0
35398,1
35399,0
35401,3
35402,0
35403,0
35404,0
35405,3
35406,0
35407,1
35408,3
35409,0
35410,1
35411,3
35412,0
35413,0
35414,0
35415,2
35416,0
35417,3
35420,3
35421,0
35424,3
35426,3
35429,0
35431,0
35432,2
35433,3
35435,3
35438,3
35441,0
35442,0
35443,0
35444,0
35445,1
35446,0
35447,3
35448,1
35449,0
35450,3
35451,3
35453,0
35454,3
35456,0
35457,3
35459,0
35460,3
35461,0
35462,3
35463,1
35464,3
35465,0
35466,3
35467,0
35468,1
35469,3
35470,3
35471,3
35472,0
35473,0
35474,0
35475,3
35476,3
35478,2
35479,0
35481,0
35482,0
35484,3
35485,0
35487,3
35489,0
35490,2
35491,3
35492,3
35493,0
35494,3
35496,0
35498,0
35499,3
35500,0
35501,3
35502,3
35503,0
35504,0
35506,0
35507,1
35508,0
35509,2
35511,1
35512,2
35513,3
35514,2
35516,3
35519,0
35520,0
35521,3
35522,2
35523,0
35524,2
35526,0
35527,0
35528,0
35529,2
35531,1
35533,3
35534,2
35536,0
35537,0
35538,3
35539,2
35540,3
35541,2
35542,0
35543,0
35544,1
35545,0
35546,1
35547,2
35548,3
35550,3
35551,3
35552,2
35553,3
35555,3
35556,3
35557,0
35558,3
35559,0
35560,0
35561,0
35562,0
35563,3
35564,3
35565,3
35567,3
35568,0
35569,0
35572,0
35573,3
35574,3
35575,1
35576,0
35577,3
35579,0
35580,0
35581,0
35582,0
35583,0
35584,3
35585,3
35586,0
35588,3
35589,3
35590,3
35591,3
35593,3
35594,0
35595,3
35596,3
35597,0
35598,0
35599,1
35600,2
35601,0
35602,0
35604,0
35605,0
35606,3
35607,0
35608,3
35609,0
35610,0
35611,0
35612,3
35613,0
35614,0
35615,0
35616,0
35617,0
35618,0
35619,2
35620,0
35621,2
35622,0
35623,0
35624,3
35626,2
35627,0
35628,3
35629,3
35630,1
35631,0
35632,0
35635,1
35637,0
35638,3
35639,1
35640,2
35641,3
35642,3
35643,2
35644,3
35646,0
35648,0
35649,0
35650,3
35652,1
35653,0
35655,1
35656,0
35657,3
35658,0
35660,2
35661,0
35663,0
35664,0
35665,0
35666,1
35667,0
35668,0
35669,0
35670,0
35671,0
35672,0
35674,3
35675,3
35677,0
35678,1
35679,1
35680,3
35681,3
35682,1
35684,0
35685,3
35686,1
35687,0
35688,3
35689,3
35690,0
35691,3
35693,0
35694,1
35695,0
35696,0
35697,3
35698,0
35700,0
35701,0
35702,1
35703,3
35705,0
35706,1
35707,0
35708,0
35712,0
35714,3
35715,0
35716,2
35717,1
35718,3
35721,0
35723,0
35725,0
35726,2
35728,0
35729,0
35730,1
35731,0
35732,1
35733,2
35734,0
35736,1
35737,0
35742,3
35744,0
35745,0
35746,3
35747,0
35748,0
35749,1
35750,0
35753,0
35754,3
35755,0
35756,0
35757,0
35758,0
35759,0
35760,3
35762,0
35763,0
35764,0
35765,0
35766,1
35769,0
35770,0
35771,0
35772,0
35773,1
35774,2
35775,0
35776,3
35777,3
35779,0
35780,1
35781,2
35782,0
35783,0
35785,0
35786,1
35788,3
35789,3
35790,1
35791,3
35792,1
35793,1
35794,1
35795,0
35796,1
35797,3
35798,0
35799,0
35801,3
35802,3
35804,2
35805,3
35806,2
35807,2
35808,2
35810,3
35811,0
35812,0
35813,1
35814,0
35815,2
35816,0
35818,1
35819,2
35820,3
35822,0
35824,3
35826,0
35827,3
35828,1
35829,0
35830,2
35832,3
35834,0
35835,0
35837,0
35839,3
35840,2
35841,0
35843,0
35846,3
35848,0
35849,2
35852,0
35854,0
35855,1
35857,1
35858,3
35859,1
35860,2
35863,2
35864,0
35865,0
35867,0
35868,0
35869,2
35870,3
35872,0
35873,0
35874,0
35875,2
35876,0
35878,1
35879,0
35880,3
35881,2
35882,3
35883,0
35884,0
35885,3
35886,3
35887,0
35888,0
35889,3
35890,3
35891,0
35894,3
35895,3
35896,3
35898,0
35901,1
35903,0
35904,0
35905,0
35906,0
35909,1
35911,0
35912,0
35913,0
35915,0
35916,0
35917,2
35918,0
35919,0
35920,0
35922,0
35923,0
35924,3
35925,0
35926,0
35927,0
35928,0
35929,1
35931,1
35932,1
35933,0
35934,0
35935,0
35936,0
35937,0
35939,3
35940,2
35941,2
35943,3
35944,1
35945,0
35946,1
35947,2
35948,0
35950,0
35951,3
35952,0
35954,0
35955,0
35956,0
35957,3
35958,1
35959,0
35960,0
35961,0
35962,0
35963,0
35964,0
35965,0
35966,0
35969,0
35970,3
35971,0
35972,1
35973,0
35974,1
35975,0
35976,2
35978,0
35979,3
35980,0
35981,0
35982,0
35983,0
35984,3
35985,3
35986,0
35987,0
35990,3
35991,3
35992,3
35994,3
35995,0
35997,3
35998,1
35999,2
36000,0
36001,0
36002,2
36003,1
36004,3
36006,0
36007,0
36008,3
36009,0
36010,1
36011,1
36012,3
36013,3
36014,2
36016,0
36017,2
36018,3
36019,2
36020,0
36021,0
36023,0
36024,0
36025,0
36026,0
36027,1
36028,2
36034,0
36035,0
36037,0
36038,2
36041,0
36042,2
36043,0
36044,1
36045,3
36046,0
36047,0
36048,2
36049,3
36050,3
36051,0
36052,0
36053,0
36055,3
36056,0
36057,0
36058,1
36059,3
36062,3
36063,3
36064,0
36065,0
36066,3
36067,0
36069,0
36070,0
36071,3
36072,2
36073,3
36074,0
36075,3
36076,3
36077,2
36078,2
36079,1
36080,0
36081,0
36082,3
36083,0
36084,2
36085,0
36086,3
36087,3
36088,3
36089,3
36090,0
36092,3
36093,0
36094,3
36096,2
36098,0
36099,0
36101,3
36102,3
36103,0
36104,3
36105,0
36107,3
36108,0
36109,0
36110,0
36112,0
36113,0
36114,0
36115,3
36116,3
36118,0
36119,1
36120,0
36122,0
36123,0
36124,3
36125,0
36127,1
36129,1
36130,0
36131,3
36132,0
36133,3
36134,2
36136,3
36137,2
36138,0
36140,3
36141,0
36142,0
36144,1
36145,0
36146,3
36147,0
36148,3
36149,3
36150,0
36151,3
36152,0
36153,0
36154,2
36155,0
36156,0
36158,0
36159,0
36160,1
36161,3
36164,0
36165,0
36167,3
36168,1
36169,1
36170,0
36171,0
36172,1
36173,0
36175,3
36176,3
36177,0
36178,0
36182,2
36183,3
36184,0
36185,0
36187,0
36188,0
36189,3
36190,2
36191,2
36192,0
36197,0
36198,0
36199,2
36200,0
36201,0
36202,0
36203,3
36204,3
36205,0
36206,1
36207,0
36210,0
36211,3
36213,1
36215,1
36217,0
36218,3
36219,3
36220,3
36221,0
36222,0
36223,0
36224,2
36225,0
36227,3
36228,0
36229,3
36230,2
36231,1
36232,1
36234,3
36235,0
36236,0
36238,3
36239,0
36240,2
36241,3
36242,3
36243,0
36244,2
36245,1
36246,0
36247,0
36248,0
36250,0
36253,2
36254,0
36256,0
36257,0
36258,0
36259,3
36260,3
36261,3
36262,2
36263,2
36264,2
36265,3
36266,2
36267,0
36268,1
36271,0
36272,3
36273,3
36274,2
36275,0
36276,3
36277,0
36278,0
36280,1
36282,0
36283,0
36284,1
36285,0
36286,3
36287,0
36288,3
36289,0
36290,3
36291,0
36293,1
36294,3
36296,3
36297,3
36298,0
36299,3
36300,3
36302,0
36303,2
36304,0
36305,0
36306,0
36308,2
36309,0
36310,1
36311,0
36312,3
36313,2
36314,3
36315,2
36316,1
36317,2
36318,3
36319,0
36320,2
36321,0
36322,0
36323,1
36326,0
36327,0
36328,1
36330,0
36331,0
36332,1
36333,0
36334,0
36335,3
36336,1
36337,0
36338,0
36339,0
36340,2
36342,0
36343,3
36344,0
36346,2
36347,0
36348,3
36349,3
36350,0
36351,0
36352,3
36353,0
36354,0
36355,3
36356,0
36357,0
36358,0
36359,0
36361,0
36362,1
36363,3
36364,2
36365,3
36367,3
36368,0
36369,1
36370,0
36371,0
36372,3
36373,0
36374,3
36375,0
36376,2
36377,1
36378,0
36380,0
36381,3
36382,0
36384,1
36385,3
36386,3
36387,3
36388,3
36389,1
36390,1
36391,1
36392,0
36393,0
36394,0
36395,0
36396,0
36397,3
36398,0
36399,0
36401,0
36403,3
36404,3
36407,0
36408,2
36410,0
36411,1
36412,0
36414,2
36415,0
36416,0
36417,0
36418,0
36421,0
36422,3
36424,1
36425,0
36426,0
36428,0
36429,1
36430,3
36431,0
36432,0
36433,0
36434,3
36436,0
36437,2
36438,0
36439,3
36440,0
36441,1
36443,0
36444,2
36445,3
36446,2
36447,0
36449,2
36450,0
36451,1
36454,3
36456,0
36457,0
36458,3
36459,3
36460,0
36461,3
36462,1
36463,0
36465,0
36466,3
36467,0
36468,1
36469,3
36470,0
36471,0
36474,3
36475,0
36477,3
36478,1
36479,0
36481,0
36482,3
36483,2
36484,3
36485,0
36486,0
36487,1
36488,1
36490,0
36492,3
36493,3
36494,0
36495,0
36496,0
36497,0
36498,0
36499,0
36500,0
36502,0
36503,0
36504,0
36506,3
36507,3
36510,0
36512,3
36513,3
36514,3
36515,0
36516,0
36517,0
36518,3
36520,0
36521,0
36522,3
36523,3
36524,0
36525,1
36530,3
36531,0
36533,0
36534,3
36536,0
36538,0
36539,0
36541,2
36542,3
36543,0
36544,0
36545,0
36546,0
36549,1
36550,3
36551,3
36552,2
36553,0
36556,3
36557,1
36558,3
36559,0
36563,0
36566,3
36568,0
36569,3
36570,1
36571,1
36572,1
36574,3
36576,3
36577,1
36580,0
36581,1
36582,3
36583,3
36584,0
36585,2
36586,2
36587,0
36588,3
36590,2
36591,0
36592,3
36593,0
36594,0
36595,0
36596,1
36597,0
36598,2
36601,1
36602,3
36603,3
36604,2
36605,0
36606,3
36607,3
36608,0
36609,3
36611,3
36612,0
36613,0
36614,0
36615,2
36616,3
36617,1
36618,3
36619,0
36621,3
36622,0
36623,1
36624,3
36625,0
36626,0
36627,3
36628,0
36630,3
36631,0
36633,0
36634,0
36635,3
36636,3
36637,0
36638,2
36639,3
36641,3
36642,1
36643,0
36645,0
36646,0
36647,3
36648,3
36649,1
36650,3
36651,1
36652,3
36653,1
36654,0
36655,1
36656,2
36657,0
36658,1
36659,0
36660,1
36661,3
36663,0
36664,0
36666,2
36667,0
36668,0
36670,3
36671,0
36672,3
36673,0
36674,3
36675,1
36677,0
36679,0
36680,0
36681,0
36683,2
36685,3
36687,1
36688,3
36689,2
36691,0
36692,0
36693,0
36694,3
36695,0
36697,2
36698,0
36699,0
36700,3
36701,0
36703,0
36705,3
36707,3
36708,0
36709,0
36710,0
36712,3
36713,0
36714,3
36717,3
36718,1
36719,0
36720,1
36721,0
36722,0
36723,1
36724,0
36725,3
36726,1
36727,2
36728,0
36729,0
36730,1
36732,3
36733,3
36736,0
36737,0
36739,3
36742,0
36743,2
36744,3
36746,0
36747,0
36749,3
36752,3
36753,0
36754,0
36755,0
36757,0
36758,0
36759,0
36760,3
36762,0
36763,0
36764,1
36766,3
36767,0
36768,3
36769,3
36770,0
36771,3
36772,0
36773,3
36774,1
36775,2
36776,0
36777,3
36778,0
36779,0
36781,0
36782,3
36784,0
36785,1
36786,3
36787,1
36788,0
36789,0
36790,0
36791,3
36792,1
36793,3
36794,2
36797,2
36798,0
36800,0
36801,0
36803,0
36805,0
36806,3
36807,3
36808,2
36809,3
36810,0
36811,0
36812,3
36814,3
36815,1
36816,0
36817,1
36818,3
36819,0
36820,3
36821,3
36823,3
36824,2
36825,2
36827,3
36829,0
36830,3
36831,0
36832,1
36834,0
36835,0
36836,3
36837,1
36838,0
36839,2
36840,0
36841,3
36842,0
36843,0
36844,3
36845,1
36846,0
36847,0
36848,1
36849,0
36850,0
36852,3
36853,1
36854,3
36857,3
36858,0
36859,0
36861,1
36862,3
36863,3
36867,0
36868,1
36869,0
36870,0
36871,3
36872,3
36873,3
36875,0
36876,0
36879,0
36880,3
36881,0
36882,0
36885,3
36886,3
36888,0
36889,0
36890,2
36891,0
36892,3
36893,0
36894,0
36895,0
36898,0
36899,3
36901,3
36902,0
36906,1
36907,0
36910,3
36911,0
36912,3
36913,0
36914,2
36916,1
36917,0
36918,0
36919,3
36920,0
36921,0
36922,3
36923,0
36924,0
36925,1
36926,0
36927,0
36928,1
36929,0
36930,0
36931,0
36932,2
36933,2
36934,3
36935,3
36937,2
36938,0
36940,3
36941,0
36942,3
36943,0
36944,1
36946,0
36947,0
36948,0
36949,2
36950,0
36951,0
36952,3
36954,0
36956,0
36957,0
36958,0
36959,1
36960,0
36961,2
36962,3
36963,0
36965,2
36966,3
36967,1
36968,0
36969,3
36970,3
36971,0
36972,2
36973,0
36974,0
36975,0
36976,0
36977,3
36978,0
36979,0
36980,0
36981,0
36983,0
36984,0
36985,1
36986,0
36987,3
36988,0
36989,0
36991,3
36992,0
36994,2
36995,0
36996,3
36997,1
36998,2
36999,0
37001,3
37002,0
37003,2
37004,0
37005,2
37007,0
37008,0
37009,3
37011,3
37012,0
37013,0
37014,0
37015,0
37017,0
37018,0
37019,0
37020,3
37021,0
37022,0
37023,0
37025,1
37028,0
37029,3
37030,3
37031,1
37032,0
37033,0
37034,0
37035,2
37036,0
37037,0
37040,0
37041,0
37042,2
37043,0
37044,0
37045,1
37046,3
37048,3
37049,2
37050,0
37051,0
37052,3
37053,0
37054,0
37055,1
37056,3
37057,0
37058,0
37059,2
37060,3
37061,3
37063,0
37065,0
37066,2
37067,3
37068,0
37069,3
37070,3
37071,1
37073,0
37074,0
37075,2
37076,3
37078,0
37079,0
37080,0
37081,2
37082,3
37083,0
37084,3
37085,0
37086,1
37087,2
37088,0
37089,0
37090,1
37091,0
37092,3
37093,3
37094,3
37095,0
37096,0
37097,0
37098,3
37099,3
37100,2
37101,0
37102,2
37103,0
37104,2
37105,3
37107,0
37109,0
37110,0
37114,3
37115,3
37118,0
37119,2
37120,3
37123,0
37124,3
37126,0
37127,0
37129,0
37130,2
37131,3
37132,0
37133,0
37134,0
37135,3
37136,0
37137,3
37138,0
37139,0
37140,1
37142,2
37143,1
37144,0
37145,2
37146,3
37147,0
37148,3
37150,0
37151,0
37152,0
37153,3
37155,3
37156,3
37157,0
37158,1
37159,3
37160,2
37161,2
37162,0
37164,2
37165,0
37166,1
37167,2
37168,0
37169,0
37170,0
37171,3
37174,0
37175,0
37176,0
37177,0
37178,2
37179,0
37180,3
37181,2
37182,0
37183,0
37184,0
37187,3
37188,3
37189,3
37190,0
37191,0
37192,0
37194,3
37195,3
37196,0
37199,0
37200,0
37201,0
37202,0
37203,0
37204,3
37205,3
37206,0
37207,0
37208,3
37209,0
37210,3
37211,3
37212,1
37213,0
37214,2
37215,0
37216,2
37219,0
37221,0
37222,3
37223,3
37224,0
37225,3
37226,0
37227,2
37228,1
37229,2
37230,0
37232,0
37233,2
37234,0
37235,0
37236,1
37237,0
37238,3
37239,3
37240,0
37243,3
37244,0
37245,0
37247,0
37248,0
37249,1
37250,0
37251,2
37253,1
37254,2
37255,0
37257,0
37258,3
37259,0
37261,3
37262,0
37263,0
37264,2
37265,0
37266,3
37267,0
37268,2
37270,1
37271,3
37272,0
37273,3
37274,3
37275,1
37276,3
37277,3
37278,0
37279,2
37280,0
37282,0
37283,3
37284,0
37285,1
37286,1
37287,3
37288,3
37289,0
37290,0
37291,0
37293,2
37294,3
37295,3
37296,0
37297,0
37298,0
37299,3
37300,0
37301,3
37302,3
37303,2
37304,0
37306,3
37307,0
37309,0
37310,1
37311,0
37312,0
37313,2
37314,0
37316,0
37317,0
37318,0
37319,1
37320,0
37321,0
37322,0
37323,1
37325,0
37326,0
37328,0
37329,1
37330,0
37331,0
37334,0
37335,0
37336,3
37337,3
37338,1
37339,0
37340,0
37341,2
37343,0
37344,3
37345,0
37346,3
37347,1
37348,0
37349,0
37351,1
37352,0
37353,0
37354,3
37356,0
37357,3
37358,2
37360,0
37361,3
37362,0
37364,3
37365,2
37366,1
37369,2
37370,2
37371,3
37372,0
37373,0
37375,3
37377,3
37379,0
37380,0
37381,3
37382,0
37383,3
37384,3
37385,0
37386,0
37387,3
37388,0
37389,0
37390,0
37391,3
37392,0
37393,2
37395,0
37396,2
37398,2
37399,0
37400,3
37401,0
37402,3
37403,3
37404,0
37406,0
37407,3
37408,3
37409,0
37411,0
37412,3
37413,0
37414,0
37415,2
37416,3
37417,3
37418,0
37419,3
37421,0
37422,3
37423,0
37424,3
37425,0
37426,3
37429,3
37430,0
37431,3
37432,3
37433,0
37434,0
37436,3
37437,0
37438,0
37439,0
37440,0
37441,0
37442,0
37444,3
37445,1
37446,2
37447,0
37448,0
37449,0
37450,0
37451,0
37452,3
37453,3
37455,0
37456,0
37457,0
37458,0
37459,0
37460,0
37461,0
37462,0
37463,3
37465,1
37466,3
37467,0
37468,0
37469,2
37470,3
37471,3
37472,0
37473,1
37474,3
37475,2
37477,0
37479,3
37481,3
37482,2
37483,2
37484,1
37485,1
37486,0
37487,3
37488,3
37489,2
37490,0
37492,0
37493,0
37494,0
37495,0
37496,0
37497,0
37498,3
37499,0
37503,3
37504,2
37506,2
37507,0
37508,0
37509,0
37511,1
37512,0
37513,0
37514,0
37515,0
37516,0
37517,0
37518,0
37521,0
37522,0
37524,0
37525,2
37526,3
37527,3
37528,0
37531,0
37532,0
37533,0
37534,0
37535,1
37536,0
37537,3
37538,3
37539,0
37540,3
37541,3
37542,0
37543,0
37544,0
37545,2
37546,0
37547,3
37548,3
37549,0
37550,3
37551,3
37552,1
37554,3
37555,0
37559,3
37560,0
37561,0
37562,0
37563,3
37564,0
37565,0
37566,3
37567,0
37569,0
37570,0
37571,2
37573,3
37575,0
37576,0
37577,0
37578,2
37579,0
37580,3
37581,1
37582,3
37583,0
37585,0
37586,0
37587,0
37588,1
37589,3
37591,0
37592,3
37594,1
37597,0
37598,1
37599,0
37601,0
37602,3
37603,3
37604,0
37605,0
37606,1
37607,1
37608,0
37609,0
37610,3
37611,0
37612,0
37613,0
37615,0
37616,0
37617,2
37618,1
37619,1
37620,0
37621,0
37622,0
37623,0
37624,3
37625,3
37627,3
37628,1
37629,0
37630,0
37631,0
37633,0
37634,0
37635,0
37636,3
37638,0
37639,2
37640,0
37644,3
37647,0
37648,0
37649,0
37651,0
37652,3
37653,1
37654,0
37655,0
37656,3
37657,2
37658,2
37659,0
37660,0
37661,1
37663,0
37664,0
37665,1
37666,3
37667,0
37668,3
37669,0
37670,3
37671,0
37674,3
37675,0
37677,0
37678,1
37679,3
37680,0
37683,0
37685,0
37686,0
37687,3
37688,0
37690,1
37692,3
37693,0
37694,3
37696,0
37697,0
37699,0
37700,3
37701,0
37702,0
37703,0
37704,2
37705,0
37706,0
37707,0
37708,0
37710,3
37711,0
37712,3
37713,2
37714,0
37716,0
37717,3
37718,3
37720,3
37721,3
37722,3
37723,3
37724,0
37725,0
37726,0
37727,3
37728,3
37729,0
37730,0
37731,0
37732,1
37733,0
37734,0
37735,0
37736,3
37737,0
37738,0
37739,3
37740,3
37741,0
37743,2
37748,1
37749,0
37750,3
37751,1
37752,0
37753,1
37755,2
37756,0
37757,0
37758,1
37759,0
37760,0
37761,3
37762,1
37763,0
37764,3
37768,1
37769,3
37771,2
37772,0
37773,3
37775,3
37776,0
37777,2
37778,3
37779,0
37780,0
37781,0
37782,1
37783,3
37784,3
37785,0
37788,0
37789,0
37790,0
37791,1
37792,1
37793,3
37794,0
37795,3
37796,1
37797,0
37798,1
37799,3
37800,0
37801,3
37802,2
37803,0
37804,3
37805,0
37806,2
37807,0
37808,0
37809,0
37810,3
37811,0
37812,3
37813,3
37814,0
37815,1
37817,1
37818,0
37819,1
37820,0
37822,0
37823,0
37824,3
37825,0
37826,3
37828,0
37829,3
37830,0
37831,0
37832,1
37833,1
37834,0
37836,2
37837,1
37838,0
37839,0
37841,1
37843,1
37844,3
37845,3
37847,2
37848,0
37849,0
37850,0
37852,3
37853,0
37855,0
37859,3
37860,0
37861,2
37862,0
37863,1
37864,0
37865,0
37866,0
37867,0
37870,1
37872,0
37873,0
37874,3
37877,3
37878,2
37880,3
37881,0
37882,3
37884,0
37885,3
37886,0
37887,0
37888,0
37889,3
37890,3
37891,2
37893,3
37894,0
37895,0
37896,0
37898,0
37899,3
37900,0
37901,2
37902,0
37903,0
37905,2
37906,0
37907,0
37909,0
37910,0
37911,0
37912,0
37913,0
37914,0
37915,0
37917,0
37918,0
37919,3
37920,0
37921,3
37922,0
37923,0
37924,0
37925,0
37926,3
37927,0
37928,0
37929,1
37930,0
37931,1
37933,2
37934,0
37936,1
37938,0
37939,3
37940,0
37941,3
37942,0
37943,0
37945,3
37947,0
37948,0
37949,0
37950,0
37952,0
37954,3
37955,0
37957,0
37958,1
37959,3
37961,0
37962,0
37963,3
37964,3
37965,0
37966,2
37967,3
37969,2
37970,1
37971,3
37972,3
37973,3
37974,3
37975,3
37976,0
37977,3
37978,0
37979,3
37982,2
37984,1
37985,3
37986,3
37987,0
37988,0
37989,0
37990,1
37992,3
37993,3
37994,0
37995,1
37996,3
37997,1
37998,3
37999,0
38000,1
38001,0
38003,1
38004,1
38005,0
38006,3
38007,0
38008,0
38009,3
38010,2
38011,3
38012,0
38013,1
38014,1
38015,0
38018,3
38019,2
38020,1
38021,2
38022,0
38023,0
38024,0
38025,0
38027,0
38028,0
38029,2
38031,0
38034,0
38035,1
38036,3
38037,0
38038,0
38039,0
38040,0
38042,1
38043,3
38044,0
38045,0
38046,0
38047,3
38048,0
38049,1
38050,0
38051,0
38053,0
38054,3
38055,0
38056,3
38058,2
38059,0
38061,0
38062,1
38063,0
38064,1
38066,3
38067,2
38070,0
38071,3
38072,0
38073,0
38074,1
38075,0
38076,0
38077,3
38078,2
38080,0
38081,0
38082,0
38083,2
38085,0
38086,0
38087,0
38088,0
38089,1
38090,3
38092,0
38093,3
38095,0
38096,0
38097,2
38099,0
38100,3
38101,2
38102,0
38103,1
38104,0
38105,3
38106,1
38107,2
38109,0
38110,3
38111,0
38112,3
38113,0
38114,0
38115,1
38116,3
38117,2
38118,0
38119,0
38120,0
38121,1
38122,0
38123,3
38124,2
38126,3
38127,2
38128,3
38129,0
38130,2
38131,0
38132,2
38133,0
38134,3
38138,3
38139,0
38140,0
38141,0
38142,0
38143,2
38144,0
38145,0
38146,2
38147,3
38148,3
38149,0
38150,1
38151,0
38152,0
38153,0
38155,0
38156,0
38157,0
38158,1
38159,1
38160,3
38161,0
38165,0
38166,0
38167,3
38168,1
38169,2
38170,0
38171,0
38172,0
38173,0
38174,2
38176,0
38177,1
38178,0
38179,3
38180,0
38182,0
38183,0
38184,0
38185,0
38186,0
38188,3
38190,3
38191,0
38192,3
38193,1
38194,0
38195,1
38196,3
38198,0
38200,0
38202,1
38203,0
38204,0
38206,3
38207,0
38208,1
38209,0
38211,1
38212,2
38213,3
38214,3
38215,0
38216,0
38217,0
38218,2
38219,3
38220,2
38224,3
38226,0
38230,0
38232,0
38233,0
38234,0
38235,0
38236,0
38237,3
38239,0
38240,0
38241,0
38242,0
38245,3
38246,2
38247,0
38248,0
38249,2
38250,1
38251,3
38252,0
38253,3
38254,0
38255,0
38256,0
38257,2
38258,2
38260,2
38261,0
38262,3
38263,0
38264,0
38266,2
38268,3
38269,3
38275,0
38276,0
38277,0
38279,2
38281,0
38283,3
38284,0
38285,3
38287,1
38288,0
38289,3
38291,2
38292,3
38293,0
38295,3
38297,0
38298,0
38299,1
38300,2
38301,3
38302,1
38303,0
38304,0
38305,1
38306,0
38307,0
38309,3
38311,0
38313,1
38314,0
38317,0
38318,1
38319,0
38320,0
38321,1
38322,3
38323,3
38324,0
38325,0
38326,3
38327,2
38328,2
38329,0
38330,3
38332,3
38334,0
38335,0
38336,0
38338,0
38339,1
38340,2
38341,0
38344,3
38345,0
38346,1
38348,2
38349,0
38350,0
38351,2
38352,0
38353,0
38354,0
38355,0
38357,0
38358,0
38359,1
38360,0
38361,0
38362,3
38363,3
38364,0
38365,0
38367,0
38368,3
38369,3
38370,0
38371,0
38372,0
38373,1
38374,3
38376,2
38377,0
38379,0
38380,2
38381,0
38382,0
38385,0
38387,3
38388,3
38389,0
38391,3
38393,1
38394,3
38396,1
38397,3
38398,3
38399,0
38400,3
38401,0
38402,0
38403,3
38404,0
38406,0
38407,3
38409,1
38410,3
38411,3
38412,3
38413,0
38414,1
38415,0
38418,3
38419,2
38420,0
38421,0
38422,1
38423,0
38424,0
38425,0
38426,0
38427,3
38428,1
38429,0
38431,0
38434,3
38435,0
38437,0
38438,0
38440,0
38443,1
38444,2
38445,3
38446,0
38447,0
38448,0
38449,0
38452,0
38453,1
38454,2
38458,1
38459,3
38461,3
38462,2
38463,3
38464,3
38466,3
38467,0
38468,1
38469,3
38470,1
38471,0
38472,3
38473,0
38474,3
38475,0
38476,0
38477,2
38478,0
38479,3
38480,2
38481,1
38482,1
38483,3
38484,1
38485,0
38486,2
38487,0
38488,0
38489,0
38490,3
38492,0
38493,3
38494,2
38495,1
38496,0
38499,0
38500,0
38501,0
38502,1
38504,0
38505,0
38506,3
38507,2
38508,3
38511,2
38512,1
38513,3
38514,3
38515,3
38516,3
38517,0
38518,1
38519,0
38520,0
38521,3
38522,3
38523,0
38525,0
38526,3
38527,0
38528,0
38530,0
38531,0
38533,3
38534,3
38535,0
38536,0
38537,0
38538,0
38539,3
38540,3
38541,2
38542,1
38543,3
38545,2
38546,3
38548,3
38551,0
38552,3
38555,0
38556,1
38558,3
38559,3
38561,2
38562,3
38563,1
38564,1
38567,3
38568,0
38569,2
38571,0
38574,3
38575,0
38576,0
38578,3
38579,0
38580,2
38581,1
38582,0
38583,3
38584,0
38585,3
38587,3
38588,0
38589,3
38592,3
38593,1
38594,1
38595,3
38597,1
38598,3
38599,0
38601,0
38602,2
38603,0
38604,0
38605,2
38606,0
38607,0
38608,0
38609,0
38610,0
38611,1
38613,0
38615,0
38616,1
38617,3
38618,2
38619,0
38620,0
38621,1
38622,0
38624,0
38626,0
38627,1
38628,0
38629,3
38630,0
38631,0
38632,3
38633,1
38634,1
38636,2
38637,0
38639,0
38640,2
38641,0
38642,3
38643,3
38646,0
38647,0
38648,1
38650,0
38652,0
38653,0
38654,3
38655,2
38657,0
38658,0
38659,0
38660,2
38661,2
38662,0
38663,0
38664,1
38665,3
38666,0
38668,0
38669,0
38670,0
38671,1
38672,1
38673,3
38674,0
38675,0
38676,2
38679,0
38681,1
38682,0
38684,1
38686,0
38687,0
38689,0
38691,0
38692,0
38693,0
38695,3
38696,1
38697,0
38698,0
38699,0
38700,3
38701,3
38704,3
38707,0
38708,0
38709,0
38710,1
38711,3
38712,0
38714,3
38715,3
38716,0
38717,3
38718,2
38719,0
38720,0
38721,0
38722,0
38723,0
38724,2
38725,1
38726,0
38728,1
38729,2
38731,1
38733,0
38734,3
38735,3
38736,0
38737,0
38739,3
38740,1
38741,0
38742,0
38743,3
38744,1
38746,2
38747,0
38748,3
38749,0
38750,0
38752,2
38753,0
38754,3
38755,2
38756,0
38757,0
38758,3
38759,0
38761,2
38762,3
38763,3
38764,0
38766,3
38767,0
38768,0
38770,3
38771,3
38772,1
38774,0
38775,0
38776,3
38777,1
38781,3
38782,0
38783,0
38784,0
38785,3
38786,3
38787,2
38788,3
38789,0
38790,3
38792,3
38793,0
38794,3
38795,0
38796,1
38797,0
38799,2
38800,1
38801,0
38802,0
38803,3
38804,3
38805,0
38806,2
38809,0
38811,0
38812,3
38813,2
38815,0
38817,3
38818,0
38819,2
38820,3
38821,3
38822,0
38823,0
38824,0
38826,1
38827,2
38828,0
38829,0
38830,0
38831,0
38834,3
38835,1
38836,3
38837,0
38838,2
38839,3
38840,0
38842,0
38843,3
38844,0
38845,1
38846,3
38847,0
38848,0
38849,0
38850,3
38851,3
38852,0
38853,1
38855,0
38856,3
38857,0
38858,0
38860,0
38862,0
38863,2
38864,3
38865,3
38867,3
38868,1
38873,3
38874,2
38875,1
38876,1
38877,0
38878,0
38879,3
38880,0
38881,1
38882,0
38883,0
38884,3
38886,0
38887,2
38888,2
38889,1
38890,0
38891,3
38892,3
38895,0
38897,0
38898,3
38902,0
38903,0
38904,3
38905,0
38906,3
38908,0
38909,0
38910,3
38911,3
38912,0
38913,3
38914,0
38915,0
38917,3
38918,1
38920,0
38921,3
38922,3
38923,3
38924,0
38925,1
38926,0
38927,2
38928,0
38929,0
38930,2
38931,0
38932,0
38933,2
38935,0
38936,0
38937,2
38938,0
38939,3
38940,0
38941,0
38942,0
38944,0
38946,0
38947,3
38948,0
38950,0
38951,0
38952,1
38953,0
38955,0
38959,1
38960,3
38961,0
38964,0
38965,3
38966,2
38967,3
38968,1
38969,3
38970,3
38972,3
38973,3
38975,0
38976,0
38977,1
38978,1
38979,0
38980,0
38981,0
38983,0
38984,0
38985,0
38986,3
38987,3
38988,0
38989,3
38990,2
38991,0
38993,3
38995,3
38996,3
38997,3
38998,0
38999,2
39001,0
39002,0
39003,0
39004,0
39005,0
39006,3
39007,0
39008,1
39009,1
39010,2
39011,0
39013,3
39014,0
39015,3
39017,0
39018,1
39019,0
39020,3
39021,0
39022,3
39023,0
39024,2
39025,3
39027,3
39028,0
39029,0
39030,0
39031,2
39032,0
39034,3
39036,0
39037,0
39038,3
39039,0
39040,0
39041,0
39042,0
39043,3
39044,0
39045,3
39047,0
39048,3
39049,1
39051,0
39052,0
39053,3
39054,0
39055,0
39056,3
39057,0
39058,0
39059,1
39061,1
39063,3
39065,0
39066,0
39068,1
39069,0
39070,1
39071,0
39072,0
39073,3
39074,0
39075,0
39076,3
39077,3
39079,0
39082,3
39084,1
39085,0
39086,3
39087,0
39088,0
39089,3
39090,0
39091,3
39092,3
39093,0
39094,0
39095,0
39096,0
39097,0
39098,2
39099,0
39100,1
39103,3
39104,0
39105,0
39106,2
39107,0
39108,0
39109,3
39110,1
39111,0
39112,3
39113,0
39114,1
39115,0
39116,3
39117,0
39118,0
39119,0
39121,0
39122,3
39123,1
39124,0
39125,0
39127,2
39128,0
39129,0
39130,3
39132,0
39133,3
39135,0
39136,0
39138,3
39139,3
39142,3
39143,1
39144,3
39145,3
39147,0
39148,0
39151,3
39152,2
39153,1
39154,2
39155,3
39156,3
39157,0
39158,2
39159,3
39160,1
39161,1
39163,3
39164,0
39166,0
39167,0
39168,0
39169,0
39171,0
39172,0
39173,0
39174,3
39175,3
39177,1
39178,0
39179,2
39180,1
39181,0
39182,0
39183,3
39184,0
39185,0
39187,1
39188,0
39189,0
39190,3
39192,0
39194,0
39195,0
39196,0
39198,0
39199,1
39200,3
39201,0
39202,1
39203,0
39204,0
39206,1
39207,1
39208,3
39209,0
39210,3
39211,3
39213,0
39214,1
39215,3
39216,3
39217,0
39218,0
39220,1
39221,1
39222,2
39223,0
39225,0
39226,1
39227,0
39228,3
39229,0
39230,0
39231,1
39232,0
39233,0
39234,0
39235,0
39236,0
39237,0
39238,1
39240,0
39242,1
39244,3
39245,0
39246,0
39247,0
39248,0
39249,0
39250,2
39251,3
39252,0
39253,0
39254,0
39255,0
39256,3
39257,0
39258,2
39259,0
39261,0
39262,0
39265,0
39267,0
39268,0
39269,3
39270,3
39271,3
39272,0
39273,0
39274,0
39276,3
39277,0
39278,0
39279,0
39281,0
39282,1
39283,0
39285,0
39286,3
39287,3
39288,0
39289,3
39290,2
39291,3
39292,1
39295,3
39296,0
39297,3
39298,3
39300,0
39301,0
39303,0
39304,2
39305,3
39306,0
39307,0
39308,3
39310,2
39312,0
39313,0
39314,3
39315,3
39316,0
39318,0
39319,0
39320,0
39321,3
39322,0
39323,0
39324,0
39325,3
39326,0
39327,0
39330,0
39331,0
39332,3
39336,3
39337,0
39338,0
39339,0
39340,0
39341,0
39342,0
39343,3
39344,0
39345,0
39346,0
39347,2
39348,1
39349,0
39350,1
39351,0
39355,0
39357,0
39358,1
39362,3
39363,3
39365,0
39366,1
39367,1
39369,3
39372,3
39373,2
39377,0
39380,3
39381,3
39382,3
39383,3
39384,0
39385,0
39386,3
39387,0
39389,3
39391,0
39392,0
39394,1
39395,1
39396,2
39397,0
39398,0
39399,3
39400,0
39402,0
39403,0
39404,0
39405,2
39406,3
39407,0
39408,3
39411,3
39412,2
39414,3
39416,0
39417,0
39418,2
39419,3
39423,0
39424,0
39425,0
39426,0
39427,0
39428,2
39429,0
39430,2
39431,0
39432,1
39433,0
39435,1
39436,3
39437,0
39438,1
39439,0
39440,1
39441,0
39442,2
39443,0
39444,0
39445,0
39446,0
39447,1
39451,3
39452,2
39453,2
39454,3
39456,0
39457,1
39458,0
39459,2
39460,3
39461,3
39462,0
39464,3
39465,3
39466,0
39468,3
39469,1
39470,1
39472,2
39473,3
39474,0
39476,3
39477,0
39478,0
39480,0
39481,2
39482,0
39483,0
39485,3
39486,3
39487,3
39489,0
39491,2
39492,0
39493,0
39494,0
39495,3
39496,1
39497,3
39498,1
39500,3
39501,0
39503,0
39504,3
39506,3
39507,0
39509,0
39510,3
39511,3
39512,0
39514,2
39515,3
39516,0
39517,1
39519,2
39520,3
39521,3
39522,3
39523,0
39525,0
39527,0
39528,0
39529,0
39530,3
39531,3
39533,0
39534,2
39535,0
39536,0
39537,1
39538,1
39539,0
39540,2
39541,3
39542,0
39543,3
39544,2
39545,0
39546,3
39547,3
39549,0
39551,3
39553,0
39554,2
39555,0
39556,0
39557,3
39558,0
39559,0
39560,1
39562,0
39563,0
39564,0
39566,0
39567,3
39568,0
39569,0
39570,3
39571,0
39572,0
39573,0
39574,2
39575,0
39576,0
39577,3
39578,2
39580,0
39581,1
39583,0
39584,2
39585,1
39586,0
39587,0
39589,0
39590,0
39591,3
39592,0
39593,0
39594,1
39595,3
39598,3
39599,2
39600,0
39602,0
39604,3
39605,3
39606,2
39607,1
39608,0
39610,3
39611,3
39612,3
39613,0
39614,3
39615,0
39616,3
39617,0
39618,0
39619,0
39620,0
39621,0
39622,3
39623,0
39624,0
39626,3
39627,3
39628,3
39629,3
39630,2
39631,0
39632,0
39634,0
39635,2
39636,0
39640,0
39641,3
39642,3
39643,0
39644,3
39646,0
39647,0
39648,0
39649,3
39650,0
39651,0
39652,1
39653,0
39655,0
39656,0
39660,0
39662,3
39663,3
39664,3
39665,0
39666,1
39667,3
39668,0
39669,0
39671,0
39672,0
39673,0
39675,2
39676,0
39677,0
39678,0
39679,0
39680,3
39681,0
39682,3
39685,0
39686,3
39687,3
39690,3
39691,0
39692,0
39693,1
39694,3
39695,0
39696,3
39698,1
39700,3
39701,0
39702,0
39704,0
39705,3
39706,0
39707,3
39708,2
39709,0
39710,0
39711,2
39712,3
39713,3
39714,2
39715,3
39716,0
39717,0
39718,3
39720,0
39721,0
39722,0
39723,2
39724,3
39726,0
39727,3
39728,2
39729,3
39730,3
39732,0
39733,1
39734,0
39735,0
39736,0
39737,0
39738,3
39739,3
39740,2
39741,0
39742,2
39743,3
39744,2
39745,0
39746,0
39748,0
39749,3
39750,1
39752,0
39753,2
39755,3
39758,0
39759,0
39761,0
39763,2
39764,3
39765,0
39766,3
39767,1
39768,1
39769,0
39771,0
39772,0
39773,3
39774,3
39775,0
39776,3
39777,0
39778,3
39779,2
39781,0
39782,1
39783,3
39785,2
39789,0
39791,0
39792,2
39793,0
39794,2
39795,0
39796,0
39797,3
39801,0
39802,0
39803,3
39804,0
39805,1
39807,0
39808,0
39809,1
39810,3
39811,1
39812,3
39813,0
39815,0
39816,0
39818,3
39819,0
39820,0
39821,0
39822,3
39823,2
39824,2
39827,2
39828,0
39829,0
39830,3
39832,0
39833,0
39834,0
39835,0
39838,0
39840,0
39841,0
39842,3
39846,0
39847,3
39848,3
39850,3
39851,0
39854,1
39856,1
39858,0
39860,0
39862,0
39863,1
39864,0
39865,0
39866,3
39867,3
39868,0
39869,3
39870,0
39871,3
39872,0
39873,0
39874,0
39875,0
39876,3
39877,1
39878,1
39879,1
39880,1
39881,0
39883,3
39885,0
39886,3
39887,3
39889,3
39890,2
39891,3
39892,1
39893,3
39894,2
39895,0
39896,0
39897,0
39898,0
39901,0
39902,0
39903,2
39904,1
39905,0
39906,3
39907,0
39908,0
39909,0
39910,0
39911,3
39912,2
39914,0
39915,0
39916,0
39917,0
39918,3
39919,3
39921,0
39922,0
39923,1
39924,3
39925,0
39927,0
39928,0
39929,1
39930,0
39931,3
39932,3
39933,0
39934,0
39935,3
39936,0
39937,3
39938,1
39939,3
39940,1
39941,0
39942,1
39944,0
39945,0
39947,3
39949,0
39950,2
39951,3
39952,3
39953,2
39954,0
39955,0
39956,3
39957,0
39958,0
39960,0
39961,0
39962,0
39963,0
39964,0
39965,0
39966,0
39967,0
39968,3
39969,0
39970,0
39971,1
39972,3
39975,1
39976,2
39977,0
39978,0
39979,0
39980,1
39981,0
39982,0
39984,0
39985,3
39986,0
39987,0
39990,3
39992,0
39993,0
39994,3
39995,2
39996,0
39997,1
39998,1
40001,3
40002,3
40004,2
40005,3
40006,3
40007,3
40008,0
40009,0
40010,0
40011,3
40012,3
40013,0
40014,0
40015,3
40016,3
40017,0
40018,3
40019,0
40020,3
40021,3
40023,3
40025,3
40026,1
40027,2
40028,1
40029,0
40030,0
40031,3
40032,3
40034,2
40036,3
40037,1
40040,0
40041,3
40042,0
40043,0
40044,1
40046,0
40047,1
40048,3
40049,0
40051,3
40052,0
40053,1
40054,0
40055,0
40056,3
40059,0
40061,1
40062,2
40065,3
40066,0
40067,3
40068,3
40070,0
40071,3
40073,0
40076,0
40077,1
40078,3
40079,0
40080,1
40081,1
40082,0
40083,1
40084,1
40086,0
40088,3
40089,0
40091,0
40092,0
40093,2
40094,3
40095,0
40096,3
40098,3
40099,3
40100,3
40101,0
40102,3
40103,3
40105,2
40106,0
40107,0
40109,0
40110,3
40111,0
40112,3
40113,1
40115,0
40116,0
40117,3
40118,2
40119,3
40120,3
40121,3
40122,0
40123,3
40124,1
40125,3
40126,3
40127,3
40128,0
40129,3
40130,3
40131,3
40132,0
40133,3
40135,0
40136,0
40137,0
40138,0
40139,0
40140,0
40141,0
40142,3
40143,0
40144,0
40145,0
40146,2
40147,3
40148,3
40149,0
40151,0
40152,2
40153,0
40154,2
40155,0
40156,0
40157,1
40158,0
40160,3
40162,0
40163,0
40164,1
40165,0
40166,2
40167,3
40168,3
40169,3
40170,3
40172,0
40173,3
40176,0
40177,0
40178,3
40179,2
40180,0
40182,0
40183,1
40186,0
40187,3
40188,2
40191,0
40192,0
40193,0
40194,0
40195,0
40196,0
40197,3
40198,2
40199,0
40200,0
40201,0
40202,0
40203,0
40204,3
40205,2
40206,3
40207,3
40209,1
40210,3
40213,0
40214,0
40215,1
40216,1
40219,1
40220,3
40221,3
40224,0
40225,1
40226,3
40227,3
40228,3
40230,2
40231,3
40232,3
40234,0
40235,0
40236,3
40237,3
40238,3
40239,0
40242,0
40245,3
40247,3
40248,0
40249,0
40250,3
40251,3
40253,0
40255,2
40256,1
40257,0
40258,2
40261,0
40262,0
40263,3
40264,0
40266,3
40268,0
40269,0
40270,3
40272,0
40273,3
40274,3
40275,0
40277,0
40278,0
40279,0
40280,0
40281,2
40282,3
40283,3
40284,0
40285,2
40286,2
40289,3
40290,0
40291,0
40292,0
40293,0
40294,3
40295,0
40296,3
40297,3
40298,0
40300,0
40301,0
40302,0
40304,1
40305,3
40306,0
40308,3
40309,0
40310,0
40311,3
40312,3
40314,2
40315,3
40316,3
40317,3
40318,0
40319,0
40320,3
40321,2
40322,0
40324,1
40325,3
40326,1
40327,0
40328,1
40329,0
40330,0
40331,0
40332,0
40333,0
40335,1
40336,0
40337,2
40338,1
40339,0
40340,0
40341,3
40342,0
40344,3
40345,3
40346,3
40347,0
40348,3
40349,1
40350,1
40351,1
40352,0
40353,3
40355,3
40356,0
40357,0
40358,1
40359,1
40360,0
40361,0
40362,0
40363,3
40364,0
40365,0
40366,3
40369,0
40370,0
40372,2
40373,0
40376,3
40377,0
40379,2
40380,1
40381,0
40382,0
40383,0
40384,1
40385,0
40386,1
40387,3
40388,0
40390,3
40391,0
40392,0
40393,0
40395,3
40396,3
40397,0
40398,3
40399,3
40400,3
40401,0
40402,1
40404,0
40405,3
40406,0
40407,2
40408,0
40409,3
40410,3
40411,0
40413,0
40414,0
40415,3
40416,1
40417,2
40418,3
40419,0
40420,0
40421,0
40422,2
40423,3
40424,3
40425,0
40426,0
40427,0
40428,3
40429,0
40431,1
40432,0
40435,0
40438,3
40439,1
40441,1
40443,1
40445,3
40446,0
40447,0
40448,0
40449,3
40451,3
40452,0
40453,0
40454,0
40455,0
40456,0
40457,0
40458,0
40459,0
40461,2
40463,0
40465,0
40466,0
40467,2
40468,3
40469,3
40470,0
40471,3
40472,3
40474,2
40475,1
40476,0
40477,3
40478,0
40479,1
40480,0
40481,1
40483,2
40484,0
40485,0
40486,3
40487,3
40488,3
40489,2
40490,0
40491,3
40492,3
40493,3
40494,0
40495,0
40497,3
40498,1
40499,0
40500,0
40501,0
40502,1
40503,3
40504,0
40506,3
40507,3
40508,1
40510,2
40511,1
40512,3
40513,0
40514,0
40515,0
40516,0
40517,3
40520,3
40521,3
40522,0
40523,3
40524,0
40525,3
40526,1
40527,0
40529,3
40530,1
40531,0
40532,3
40533,0
40534,3
40535,0
40536,0
40537,0
40539,0
40540,3
40541,2
40542,3
40544,2
40546,0
40547,0
40548,0
40549,2
40550,0
40551,0
40552,3
40553,0
40554,1
40556,0
40558,0
40559,0
40560,0
40561,0
40562,0
40563,0
40564,0
40565,1
40566,0
40568,0
40569,1
40571,3
40574,0
40575,0
40576,2
40577,3
40578,0
40579,3
40580,3
40581,0
40582,3
40584,3
40585,0
40586,0
40587,0
40588,0
40589,0
40590,0
40592,0
40593,2
40594,0
40595,0
40596,0
40597,1
40598,3
40599,0
40600,0
40602,1
40603,3
40604,3
40606,3
40607,3
40608,3
40609,0
40610,1
40611,1
40613,3
40614,3
40615,3
40616,0
40617,3
40618,3
40619,1
40620,0
40621,2
40624,1
40625,3
40626,2
40627,0
40628,2
40629,0
40630,1
40632,0
40633,0
40635,1
40636,0
40638,1
40639,0
40640,3
40641,0
40642,2
40643,3
40644,3
40646,1
40648,1
40649,0
40650,0
40651,0
40652,0
40653,3
40654,0
40655,3
40657,3
40658,0
40659,0
40660,0
40662,0
40663,0
40664,3
40665,3
40666,3
40668,1
40670,3
40671,0
40672,3
40673,0
40675,0
40676,0
40677,3
40678,1
40679,3
40680,1
40681,0
40682,3
40683,3
40684,1
40685,3
40686,1
40687,2
40688,2
40689,3
40690,2
40691,1
40692,0
40693,3
40695,3
40696,0
40697,0
40699,0
40701,3
40702,2
40703,3
40704,3
40705,0
40706,2
40707,0
40708,1
40709,3
40710,3
40711,0
40712,0
40714,2
40715,3
40716,0
40717,0
40718,2
40719,0
40720,2
40721,0
40722,3
40724,3
40725,2
40726,0
40727,3
40728,3
40730,0
40731,3
40732,3
40733,2
40734,3
40735,2
40736,3
40737,0
40738,0
40740,1
40741,3
40743,0
40744,3
40745,2
40746,0
40747,3
40748,3
40750,0
40751,0
40752,3
40754,0
40755,0
40756,3
40758,1
40761,3
40762,3
40763,1
40765,0
40767,0
40769,3
40770,1
40771,0
40772,3
40773,2
40774,2
40775,1
40776,0
40777,0
40778,2
40779,3
40780,3
40781,3
40782,3
40783,0
40785,0
40786,0
40787,0
40789,2
40790,3
40791,3
40792,1
40793,3
40794,2
40795,0
40796,0
40797,0
40798,0
40799,3
40800,3
40801,0
40803,0
40804,0
40805,1
40806,3
40807,0
40808,3
40809,3
40810,0
40811,3
40812,0
40813,0
40815,3
40816,3
40817,0
40818,3
40819,2
40820,1
40822,3
40823,3
40824,0
40825,3
40826,1
40828,0
40829,0
40830,3
40831,3
40832,2
40833,0
40834,0
40835,3
40836,0
40837,0
40839,0
40840,3
40842,1
40843,0
40844,2
40845,3
40846,3
40847,0
40848,3
40850,3
40851,3
40852,0
40853,0
40854,3
40855,0
40856,0
40857,0
40858,0
40862,3
40863,0
40864,3
40865,0
40866,0
40867,2
40868,0
40869,3
40870,0
40871,0
40872,0
40873,0
40874,3
40875,3
40876,3
40877,0
40878,0
40879,1
40880,0
40881,1
40883,2
40884,1
40885,0
40886,3
40887,2
40888,1
40889,3
40890,0
40892,1
40893,3
40894,0
40895,0
40897,2
40898,0
40899,0
40900,0
40901,0
40903,2
40904,3
40905,1
40906,1
40907,3
40908,0
40909,0
40910,0
40911,0
40912,0
40913,3
40914,3
40915,0
40916,0
40917,0
40918,3
40919,3
40921,1
40922,3
40924,0
40925,3
40927,0
40930,3
40931,0
40932,0
40933,0
40934,0
40937,0
40938,2
40939,1
40940,0
40941,0
40943,0
40944,0
40945,1
40946,0
40947,3
40948,0
40949,3
40950,2
40951,3
40952,0
40953,0
40955,1
40956,1
40957,0
40958,1
40959,2
40960,3
40962,2
40966,0
40967,3
40969,0
40970,2
40971,0
40972,3
40973,0
40975,0
40976,2
40977,3
40980,0
40982,3
40983,3
40984,0
40985,3
40986,0
40988,3
40990,3
40991,0
40992,0
40993,3
40995,0
40996,2
40997,0
40998,1
40999,3
41002,2
41003,2
41004,3
41006,3
41007,1
41008,3
41009,1
41010,3
41011,0
41012,0
41013,3
41014,0
41017,0
41019,0
41020,0
41021,3
41023,2
41024,0
41025,0
41026,2
41028,0
41029,0
41031,3
41032,0
41034,3
41035,3
41036,3
41037,3
41038,3
41039,0
41040,0
41041,0
41042,1
41043,0
41044,1
41045,0
41046,1
41047,3
41048,0
41049,1
41050,0
41052,2
41053,3
41054,0
41056,3
41057,1
41058,0
41059,3
41060,0
41061,0
41064,1
41065,3
41066,0
41067,3
41068,1
41069,0
41071,3
41072,1
41073,0
41074,1
41075,0
41076,3
41077,0
41079,3
41080,0
41081,1
41082,3
41083,0
41085,0
41087,0
41088,1
41089,3
41090,3
41091,1
41092,3
41093,0
41095,0
41096,0
41097,3
41098,0
41100,0
41102,0
41103,0
41104,0
41105,0
41106,3
41107,0
41108,3
41109,3
41110,2
41111,1
41112,1
41113,0
41114,0
41115,0
41116,3
41117,2
41120,3
41121,0
41122,3
41123,0
41124,2
41126,3
41128,3
41129,3
41131,0
41132,3
41137,3
41138,0
41139,0
41140,1
41142,2
41143,0
41144,3
41145,0
41146,0
41147,3
41148,3
41150,3
41151,1
41153,3
41154,0
41156,3
41157,0
41158,0
41159,0
41161,0
41162,0
41163,3
41164,0
41165,0
41167,2
41170,3
41171,0
41172,0
41173,0
41174,1
41175,0
41176,3
41178,1
41179,0
41180,0
41181,0
41182,0
41183,0
41184,0
41185,0
41186,0
41188,0
41189,3
41190,1
41191,0
41192,0
41193,0
41194,0
41195,3
41196,0
41197,0
41199,3
41200,0
41201,0
41202,1
41203,1
41204,3
41205,0
41206,1
41209,3
41210,0
41211,3
41212,0
41213,2
41214,3
41215,0
41216,0
41217,0
41218,0
41219,2
41220,0
41221,0
41222,1
41223,0
41224,0
41225,0
41226,0
41227,0
41228,3
41229,0
41230,0
41231,3
41232,2
41233,0
41234,1
41235,1
41236,1
41238,0
41240,0
41242,0
41243,0
41246,3
41248,3
41250,0
41252,1
41253,0
41254,3
41255,0
41256,1
41257,0
41258,3
41259,2
41261,3
41262,0
41264,0
41266,1
41267,2
41269,0
41270,3
41271,1
41272,0
41273,3
41274,2
41276,3
41277,0
41278,2
41279,2
41281,0
41282,0
41283,3
41284,0
41287,2
41289,3
41291,2
41293,3
41294,3
41295,2
41297,3
41298,3
41299,3
41301,3
41302,3
41303,0
41304,0
41305,1
41306,0
41307,2
41308,0
41309,0
41310,0
41311,2
41312,0
41313,0
41314,3
41317,0
41318,3
41319,0
41320,1
41321,0
41323,0
41324,1
41325,0
41326,0
41327,3
41328,0
41329,0
41331,0
41334,3
41335,0
41336,0
41337,3
41338,1
41340,3
41341,3
41343,0
41345,0
41346,3
41347,3
41348,3
41349,3
41350,3
41351,0
41353,0
41354,0
41355,0
41358,3
41359,0
41361,0
41362,0
41363,3
41364,0
41365,3
41366,3
41368,3
41369,0
41371,3
41372,0
41373,2
41374,3
41375,3
41376,2
41377,3
41378,2
41379,0
41380,3
41381,0
41382,0
41383,2
41384,0
41385,3
41386,0
41387,1
41388,3
41389,0
41391,0
41392,0
41393,3
41395,0
41397,2
41398,1
41399,3
41400,0
41401,1
41402,0
41404,1
41405,3
41407,0
41408,0
41409,0
41410,1
41411,0
41412,0
41413,1
41414,1
41416,3
41417,0
41418,0
41419,3
41420,1
41421,0
41422,1
41423,1
41424,3
41425,0
41426,1
41427,3
41428,3
41429,3
41430,0
41431,1
41433,3
41434,0
41436,0
41437,0
41438,0
41439,0
41440,0
41441,2
41443,0
41444,3
41446,2
41447,3
41448,1
41449,3
41450,0
41452,3
41453,3
41454,0
41455,3
41456,1
41457,1
41458,0
41459,0
41460,3
41461,1
41462,0
41463,3
41464,0
41465,3
41466,0
41467,0
41469,0
41470,3
41471,3
41472,2
41476,1
41477,1
41478,3
41479,3
41480,3
41482,2
41483,0
41484,3
41487,1
41488,3
41489,3
41490,0
41491,3
41492,0
41494,1
41495,2
41496,1
41497,0
41498,2
41499,0
41500,3
41501,3
41502,0
41503,0
41504,1
41505,0
41507,0
41509,0
41510,0
41511,0
41512,0
41514,3
41515,0
41516,0
41519,2
41520,0
41521,0
41522,0
41523,3
41524,1
41525,3
41527,0
41528,0
41529,1
41530,0
41531,0
41532,0
41533,1
41534,3
41535,0
41536,0
41537,3
41538,3
41539,0
41540,2
41541,1
41542,0
41543,3
41544,0
41545,2
41546,1
41547,0
41548,0
41549,0
41550,0
41551,0
41552,3
41553,3
41554,0
41556,0
41557,3
41558,0
41560,0
41561,0
41562,0
41563,1
41566,0
41567,0
41568,2
41570,0
41571,0
41572,0
41573,3
41574,0
41576,3
41578,0
41579,1
41580,0
41582,0
41583,3
41584,3
41587,0
41588,3
41589,0
41591,3
41592,3
41593,0
41594,0
41595,2
41596,3
41597,3
41600,3
41602,0
41603,0
41604,0
41605,0
41606,0
41607,0
41608,0
41609,3
41610,0
41611,2
41612,0
41613,0
41614,0
41615,0
41616,3
41617,3
41618,0
41621,3
41623,0
41624,1
41625,0
41626,1
41627,0
41628,2
41630,0
41631,3
41633,0
41634,0
41635,0
41636,0
41637,2
41638,3
41639,0
41640,0
41641,3
41643,2
41644,0
41645,0
41646,0
41647,0
41648,0
41650,3
41651,0
41652,2
41653,2
41655,0
41656,0
41658,0
41659,3
41660,0
41661,3
41662,0
41665,1
41666,0
41667,0
41669,3
41670,3
41673,0
41674,0
41675,0
41676,0
41677,0
41678,0
41679,2
41680,1
41681,0
41682,2
41683,3
41684,2
41685,0
41686,3
41687,0
41688,3
41689,0
41690,0
41691,0
41692,0
41694,0
41695,0
41697,3
41698,0
41700,3
41701,3
41704,3
41706,0
41707,3
41708,0
41709,2
41710,0
41711,2
41712,3
41713,0
41714,2
41715,3
41716,3
41717,3
41718,1
41719,0
41720,3
41721,2
41722,3
41723,0
41724,0
41725,0
41726,0
41727,3
41728,0
41729,0
41730,0
41731,3
41733,0
41735,2
41736,3
41737,0
41738,0
41739,2
41740,0
41742,0
41743,3
41744,0
41745,1
41746,1
41747,0
41748,0
41749,0
41750,3
41752,3
41753,0
41754,2
41757,3
41759,1
41760,0
41761,1
41762,2
41763,1
41764,2
41765,3
41766,0
41768,3
41771,0
41772,0
41773,2
41774,1
41775,2
41776,3
41777,1
41778,2
41779,0
41780,3
41781,0
41782,3
41783,1
41785,3
41786,0
41787,0
41788,0
41789,1
41790,2
41792,3
41793,0
41796,0
41797,0
41798,0
41799,0
41800,3
41801,0
41803,1
41804,0
41805,1
41806,3
41807,3
41809,0
41810,3
41812,0
41813,0
41814,0
41815,2
41816,1
41817,2
41818,1
41819,1
41820,3
41821,0
41822,2
41823,0
41824,2
41825,3
41828,0
41829,0
41830,0
41831,1
41832,0
41833,0
41834,1
41836,2
41837,3
41838,0
41840,0
41841,3
41842,0
41844,3
41845,3
41846,0
41847,0
41848,0
41849,0
41850,0
41851,3
41852,0
41855,3
41856,3
41858,3
41859,0
41860,0
41861,3
41862,0
41863,1
41864,1
41866,2
41867,0
41868,1
41869,3
41870,0
41872,0
41873,0
41874,3
41875,2
41876,0
41877,0
41878,3
41879,3
41880,0
41881,2
41882,3
41883,3
41884,3
41886,0
41887,0
41888,0
41889,0
41890,0
41891,0
41892,0
41893,2
41894,1
41895,1
41897,0
41899,1
41900,3
41901,1
41902,3
41903,1
41904,2
41905,0
41906,0
41907,0
41908,3
41909,0
41912,1
41913,0
41914,0
41915,0
41916,3
41919,3
41920,3
41921,3
41922,3
41924,0
41925,0
41926,2
41927,3
41928,3
41929,3
41930,3
41931,0
41932,3
41933,3
41934,2
41935,3
41937,0
41938,3
41939,0
41942,0
41943,0
41946,3
41947,3
41948,0
41949,0
41950,2
41951,3
41952,1
41953,0
41954,1
41955,3
41956,0
41957,1
41958,0
41960,0
41961,3
41962,0
41963,0
41964,0
41965,3
41966,3
41967,3
41968,0
41971,0
41972,0
41975,0
41976,3
41977,0
41978,0
41979,0
41980,0
41981,2
41982,0
41984,3
41985,0
41986,0
41987,0
41989,2
41990,0
41991,3
41992,0
41993,1
41994,0
41996,0
41997,0
41998,0
41999,2
42000,3
42001,3
42002,0
42003,2
42004,0
42005,1
42006,0
42007,0
42008,0
42010,2
42011,0
42012,0
42013,0
42014,0
42015,0
42016,3
42018,0
42019,3
42021,0
42022,3
42023,0
42024,2
42025,0
42026,2
42029,1
42030,0
42031,0
42032,3
42035,3
42036,0
42037,0
42038,0
42039,1
42040,1
42041,0
42042,3
42043,0
42045,3
42046,3
42047,3
42048,3
42049,1
42050,3
42051,2
42052,0
42054,1
42055,3
42056,0
42057,0
42059,0
42060,1
42062,3
42063,2
42064,0
42065,1
42066,1
42068,3
42069,0
42070,3
42072,1
42073,0
42074,0
42077,0
42078,1
42079,0
42080,3
42081,2
42082,0
42083,1
42084,0
42085,3
42086,0
42087,1
42088,0
42092,0
42093,3
42094,0
42095,1
42096,2
42097,1
42098,1
42099,0
42100,3
42102,0
42103,3
42104,3
42105,0
42106,0
42107,1
42109,0
42110,0
42112,3
42113,2
42114,0
42118,1
42119,0
42121,0
42122,3
42123,0
42124,3
42125,0
42126,0
42127,0
42128,1
42129,3
42130,0
42131,0
42132,0
42133,0
42134,0
42135,3
42136,3
42137,0
42138,1
42140,0
42141,1
42142,0
42144,3
42145,0
42146,3
42147,0
42148,0
42149,0
42152,0
42154,0
42155,0
42156,0
42157,0
42158,3
42159,0
42160,3
42161,0
42162,2
42163,0
42164,1
42166,3
42167,3
42168,0
42169,1
42170,0
42171,0
42173,3
42174,0
42175,3
42176,2
42177,0
42178,3
42179,3
42180,2
42181,1
42182,0
42183,3
42184,3
42185,2
42187,0
42188,0
42189,0
42190,0
42191,0
42192,2
42193,3
42194,0
42196,3
42197,1
42198,0
42200,3
42201,3
42202,3
42204,0
42205,3
42206,0
42207,2
42208,0
42209,0
42210,3
42212,0
42215,0
42216,0
42217,0
42218,3
42220,0
42222,3
42223,3
42224,3
42226,1
42227,0
42228,2
42229,3
42230,3
42231,0
42232,3
42233,2
42235,2
42236,3
42238,0
42240,0
42241,2
42242,3
42243,3
42244,3
42246,0
42247,3
42248,0
42249,2
42250,0
42251,1
42252,3
42254,0
42255,3
42256,0
42257,2
42259,0
42261,3
42262,0
42263,0
42264,3
42265,3
42266,0
42267,1
42268,3
42269,0
42270,3
42272,0
42273,0
42274,0
42275,0
42277,3
42279,2
42280,1
42281,0
42282,0
42283,0
42285,0
42286,0
42287,0
42288,0
42289,0
42290,3
42292,0
42293,0
42295,3
42296,3
42297,3
42298,1
42299,3
42301,3
42303,3
42304,0
42305,3
42306,0
42307,0
42308,0
42309,0
42311,0
42313,0
42315,0
42316,3
42317,3
42318,0
42319,3
42320,0
42322,2
42323,3
42325,0
42326,1
42327,3
42329,0
42330,1
42331,0
42332,3
42333,3
42334,0
42335,0
42336,2
42337,0
42338,3
42339,0
42340,3
42341,0
42342,0
42343,3
42344,0
42345,3
42347,0
42348,0
42351,0
42352,0
42353,0
42354,0
42355,3
42356,0
42357,1
42358,3
42359,2
42360,3
42361,0
42362,0
42363,1
42364,2
42367,0
42368,0
42369,1
42370,1
42374,0
42375,2
42376,3
42378,3
42379,0
42380,3
42383,2
42384,2
42385,3
42389,0
42390,0
42391,3
42393,1
42395,1
42398,0
42399,0
42400,3
42401,3
42402,1
42404,2
42405,2
42406,0
42407,0
42408,3
42409,0
42410,3
42411,2
42412,3
42413,3
42414,0
42415,0
42416,0
42418,0
42419,3
42420,1
42421,0
42423,1
42424,0
42425,0
42427,0
42428,0
42429,2
42431,0
42433,0
42434,0
42435,0
42436,2
42438,0
42439,0
42440,0
42441,3
42442,0
42443,3
42444,0
42446,3
42447,3
42448,0
42449,0
42450,3
42451,0
42452,0
42453,0
42454,3
42455,1
42456,1
42457,0
42459,2
42460,0
42462,0
42463,3
42464,3
42466,0
42467,0
42468,3
42469,1
42471,0
42472,3
42473,2
42474,0
42475,3
42477,0
42479,0
42480,3
42481,0
42482,1
42483,0
42484,0
42485,2
42487,1
42488,0
42489,0
42490,0
42491,1
42493,0
42494,0
42495,0
42496,0
42498,0
42499,0
42501,0
42502,0
42504,0
42505,0
42506,0
42507,1
42508,0
42509,3
42510,0
42512,0
42513,3
42514,3
42515,0
42516,0
42517,3
42519,0
42520,3
42521,0
42522,3
42523,0
42524,0
42525,0
42526,0
42527,0
42528,2
42530,0
42531,3
42532,2
42534,3
42536,0
42537,3
42538,0
42539,1
42540,0
42541,3
42542,0
42544,0
42545,3
42546,3
42547,3
42548,3
42549,1
42550,2
42551,1
42552,0
42554,3
42556,0
42557,0
42558,0
42561,0
42562,0
42563,0
42564,1
42566,0
42567,1
42569,0
42570,0
42571,0
42572,0
42573,0
42574,0
42575,1
42576,3
42577,3
42578,3
42580,3
42581,0
42582,3
42583,0
42584,2
42585,0
42586,2
42588,0
42590,3
42591,3
42593,0
42594,2
42597,0
42598,3
42599,3
42600,3
42601,0
42602,0
42603,0
42604,0
42605,0
42606,0
42607,3
42608,2
42609,1
42610,3
42611,1
42613,3
42614,0
42615,0
42617,0
42618,3
42619,0
42620,1
42621,1
42623,1
42624,3
42625,3
42626,2
42627,3
42628,0
42629,3
42630,3
42631,0
42633,0
42634,0
42635,0
42636,0
42637,1
42640,2
42641,0
42643,2
42644,0
42645,0
42646,0
42647,3
42648,3
42649,0
42651,0
42652,0
42654,0
42658,0
42659,0
42660,3
42661,3
42662,0
42664,0
42666,3
42667,3
42668,3
42669,1
42670,3
42671,0
42673,2
42675,3
42678,0
42679,3
42680,0
42681,3
42682,1
42683,1
42684,3
42685,3
42687,0
42688,0
42689,3
42691,3
42692,2
42693,3
42694,0
42695,1
42696,2
42698,0
42699,3
42700,0
42702,0
42703,0
42704,3
42705,3
42706,0
42707,0
42708,0
42709,0
42710,2
42711,2
42713,3
42715,0
42716,3
42717,3
42718,0
42720,2
42721,0
42722,3
42723,0
42724,3
42725,2
42727,0
42728,0
42729,0
42730,3
42731,2
42732,3
42733,3
42734,0
42735,0
42736,0
42737,0
42738,1
42739,3
42740,3
42742,0
42743,2
42744,3
42746,1
42747,3
42748,3
42749,3
42750,1
42751,0
42752,0
42753,0
42754,3
42755,0
42757,2
42758,0
42759,0
42761,3
42762,0
42763,0
42764,2
42765,2
42766,0
42767,0
42768,3
42770,0
42771,0
42772,2
42774,2
42775,0
42776,0
42777,0
42778,0
42779,3
42780,3
42784,0
42785,1
42786,0
42787,3
42788,0
42789,1
42790,0
42791,0
42794,0
42795,0
42797,0
42798,3
42799,3
42800,1
42802,3
42803,0
42804,3
42805,0
42806,2
42807,3
42808,1
42809,0
42810,3
42811,3
42812,1
42814,2
42815,0
42817,1
42818,0
42819,0
42820,0
42822,0
42823,0
42824,3
42825,3
42827,0
42830,0
42831,1
42832,0
42833,3
42834,1
42835,3
42837,3
42839,0
42840,3
42841,2
42842,0
42844,3
42845,2
42847,0
42849,0
42850,1
42851,3
42852,0
42853,3
42855,3
42857,0
42858,3
42859,3
42860,3
42862,1
42863,0
42864,0
42865,0
42866,3
42869,0
42870,0
42871,3
42872,0
42873,0
42874,0
42876,0
42877,0
42878,0
42880,0
42881,0
42882,2
42884,1
42885,3
42886,1
42887,0
42888,1
42889,3
42891,0
42894,0
42895,0
42896,0
42897,0
42898,0
42899,0
42900,3
42901,3
42902,3
42903,3
42904,0
42905,1
42906,1
42908,0
42910,1
42912,0
42914,0
42915,3
42916,0
42917,3
42918,0
42919,1
42920,2
42921,3
42922,0
42923,2
42926,1
42927,0
42928,0
42929,2
42930,3
42931,3
42932,3
42933,0
42934,3
42935,3
42937,0
42938,0
42939,1
42940,3
42941,1
42942,0
42943,1
42945,1
42946,0
42947,0
42948,0
42951,3
42953,0
42954,2
42955,0
42956,1
42957,0
42959,0
42960,3
42962,0
42963,3
42964,0
42965,3
42967,3
42968,0
42969,2
42970,3
42971,3
42972,0
42973,1
42975,0
42976,2
42978,3
42979,0
42982,0
42984,3
42985,2
42987,2
42988,0
42989,1
42990,0
42992,3
42993,0
42995,3
42996,3
42997,0
42998,1
42999,0
43000,0
43002,1
43003,0
43005,1
43006,0
43007,0
43008,0
43009,0
43010,0
43012,2
43013,3
43014,3
43017,0
43018,2
43019,0
43021,3
43022,1
43023,0
43024,3
43025,3
43027,1
43028,0
43030,1
43031,0
43032,0
43033,1
43035,3
43037,1
43038,2
43040,0
43042,0
43043,3
43044,3
43046,1
43047,3
43048,0
43049,0
43051,0
43052,3
43053,0
43054,3
43055,0
43056,3
43057,0
43059,0
43060,0
43061,0
43062,0
43063,0
43064,2
43065,3
43066,0
43067,0
43068,0
43069,0
43070,0
43072,0
43073,0
43074,3
43075,0
43076,3
43077,3
43079,3
43081,3
43082,2
43083,0
43084,0
43085,0
43086,0
43087,0
43088,3
43089,1
43090,3
43091,3
43092,3
43093,0
43094,3
43095,0
43096,0
43097,0
43098,1
43099,0
43100,0
43101,2
43102,0
43103,0
43104,3
43105,3
43106,0
43107,0
43108,0
43109,0
43110,0
43111,0
43112,3
43113,2
43114,0
43115,1
43116,0
43117,0
43121,3
43122,1
43123,1
43124,0
43125,3
43126,3
43128,3
43129,1
43130,0
43132,0
43133,0
43134,0
43135,2
43136,0
43139,3
43140,3
43141,2
43143,3
43144,3
43145,0
43146,3
43147,3
43148,3
43149,0
43150,3
43151,0
43153,0
43154,0
43155,0
43156,0
43158,3
43159,3
43160,0
43161,2
43162,0
43163,3
43164,2
43168,3
43169,1
43170,3
43171,0
43172,1
43173,2
43174,2
43175,1
43176,3
43177,0
43178,0
43179,3
43180,0
43181,0
43182,1
43183,0
43184,3
43185,2
43188,3
43189,3
43190,0
43191,0
43192,0
43193,0
43194,0
43195,0
43196,3
43198,0
43199,3
43200,0
43201,1
43202,0
43203,3
43205,2
43206,2
43207,1
43208,0
43209,1
43210,0
43211,0
43213,0
43215,0
43217,0
43218,1
43219,0
43220,0
43221,3
43222,1
43223,0
43224,0
43225,0
43227,3
43228,3
43229,0
43230,3
43231,2
43232,0
43233,1
43234,3
43235,0
43236,1
43237,0
43238,0
43239,0
43240,0
43241,0
43242,0
43243,3
43244,0
43245,2
43246,0
43247,2
43248,0
43249,0
43251,3
43253,0
43255,3
43256,3
43258,0
43259,0
43260,1
43261,1
43263,3
43264,2
43265,2
43266,2
43267,0
43268,3
43269,0
43270,3
43271,3
43273,3
43274,0
43275,1
43276,0
43277,0
43278,0
43279,3
43280,3
43281,0
43282,0
43284,3
43285,0
43286,2
43287,0
43288,3
43289,0
43290,2
43292,3
43293,0
43295,3
43296,0
43297,2
43299,1
43300,0
43301,0
43302,3
43303,2
43304,3
43305,0
43307,0
43308,3
43309,3
43310,2
43311,0
43312,2
43313,3
43314,3
43315,0
43316,2
43317,3
43318,3
43319,3
43322,3
43324,1
43325,3
43326,0
43327,3
43328,0
43329,3
43330,0
43331,0
43333,0
43334,0
43335,3
43336,0
43338,1
43339,3
43340,0
43341,2
43342,0
43343,3
43344,1
43345,0
43346,3
43347,1
43348,0
43349,0
43350,0
43351,3
43352,3
43354,2
43355,2
43357,0
43358,3
43359,3
43360,0
43361,3
43364,0
43365,3
43367,0
43368,0
43369,3
43370,3
43372,3
43374,0
43375,2
43376,3
43377,2
43378,0
43379,1
43380,0
43381,0
43383,0
43385,3
43386,0
43388,1
43389,0
43390,3
43391,0
43392,0
43393,0
43394,0
43395,3
43396,0
43397,0
43399,3
43400,3
43401,3
43402,3
43403,2
43404,3
43405,1
43406,0
43407,3
43408,0
43409,1
43410,3
43411,0
43412,0
43413,1
43415,2
43416,1
43417,1
43418,0
43419,2
43421,3
43422,1
43424,0
43425,0
43426,0
43427,2
43428,1
43429,3
43430,2
43431,0
43434,0
43435,0
43436,3
43437,0
43438,0
43439,0
43440,0
43441,0
43442,0
43443,1
43444,0
43445,0
43446,3
43447,3
43448,0
43449,0
43450,0
43452,3
43453,1
43454,3
43455,1
43456,0
43457,1
43458,0
43460,2
43463,0
43464,1
43466,0
43467,0
43468,3
43469,3
43470,0
43471,0
43473,0
43474,3
43475,3
43476,3
43477,0
43478,3
43480,3
43481,0
43482,1
43483,0
43487,0
43488,0
43490,0
43491,0
43492,3
43494,0
43495,3
43496,0
43500,0
43502,3
43504,0
43505,0
43506,0
43507,1
43508,0
43509,0
43510,1
43512,2
43513,1
43514,3
43515,1
43517,0
43518,0
43519,3
43520,0
43521,2
43522,2
43523,0
43524,0
43526,0
43527,3
43528,3
43529,0
43530,1
43531,0
43532,0
43534,2
43535,0
43536,0
43537,0
43538,3
43539,0
43541,1
43542,3
43543,3
43544,0
43545,3
43546,3
43547,0
43549,0
43551,0
43552,0
43554,2
43555,0
43557,3
43559,0
43560,3
43561,0
43562,1
43563,0
43565,0
43566,0
43567,2
43568,3
43569,3
43572,3
43573,1
43574,3
43575,0
43577,2
43578,3
43579,3
43580,0
43581,3
43582,0
43583,1
43584,0
43585,3
43586,0
43588,0
43589,3
43590,3
43591,3
43592,0
43593,0
43594,1
43595,0
43598,3
43599,0
43600,0
43601,1
43602,0
43603,0
43604,3
43605,0
43606,0
43607,0
43608,0
43609,3
43610,0
43612,1
43613,3
43614,1
43615,0
43616,3
43617,0
43619,1
43620,2
43621,0
43622,2
43623,3
43624,0
43625,3
43626,0
43627,0
43628,3
43631,0
43632,3
43633,3
43635,1
43637,0
43638,2
43639,3
43641,3
43642,0
43643,0
43644,0
43645,3
43646,0
43647,3
43648,0
43650,0
43651,3
43652,3
43653,0
43654,3
43655,2
43656,3
43657,0
43658,0
43659,1
43661,0
43662,0
43663,0
43664,0
43665,2
43666,0
43667,0
43668,1
43669,0
43670,3
43671,0
43672,0
43673,0
43674,2
43675,2
43676,3
43677,0
43678,3
43681,3
43682,3
43684,0
43685,0
43686,0
43687,2
43689,0
43690,3
43691,0
43692,0
43693,3
43694,0
43695,0
43696,0
43697,0
43698,0
43699,2
43700,0
43701,1
43702,1
43703,0
43704,0
43705,0
43707,1
43708,0
43709,0
43710,0
43711,3
43712,0
43713,0
43714,0
43715,1
43716,3
43718,0
43719,3
43720,0
43721,0
43722,0
43723,3
43724,0
43725,0
43726,0
43728,3
43729,0
43730,0
43731,0
43732,2
43733,3
43734,3
43735,0
43736,0
43737,1
43738,0
43739,1
43741,3
43742,0
43743,0
43744,0
43746,0
43747,3
43748,3
43749,1
43751,0
43752,3
43753,2
43755,0
43756,0
43758,0
43759,0
43760,3
43761,3
43762,0
43763,2
43764,3
43765,0
43766,3
43767,0
43768,0
43770,0
43771,2
43772,0
43773,3
43774,1
43776,3
43777,3
43778,1
43779,0
43781,0
43783,1
43784,0
43785,3
43786,3
43787,2
43788,3
43789,1
43790,3
43792,1
43793,1
43794,3
43796,3
43797,0
43798,2
43799,3
43800,0
43802,0
43803,0
43804,0
43806,0
43807,0
43808,0
43809,0
43810,0
43811,1
43814,0
43815,2
43816,2
43817,0
43818,0
43819,3
43820,3
43821,0
43822,1
43823,3
43824,1
43825,3
43826,0
43827,0
43828,0
43829,0
43830,3
43832,1
43833,0
43835,0
43836,2
43837,3
43842,3
43843,0
43844,0
43845,0
43846,0
43847,0
43848,0
43849,3
43850,0
43851,0
43853,0
43854,2
43855,3
43856,3
43857,0
43858,3
43859,1
43860,1
43861,0
43862,0
43863,2
43864,0
43865,0
43866,3
43868,1
43869,2
43870,2
43872,2
43875,2
43876,3
43878,3
43879,3
43880,1
43881,1
43882,0
43883,0
43884,0
43885,0
43886,1
43887,0
43889,0
43890,0
43892,3
43893,0
43894,0
43895,0
43896,1
43897,0
43898,0
43899,3
43900,0
43901,0
43902,0
43903,0
43904,0
43907,0
43908,0
43909,0
43911,1
43912,0
43913,0
43914,1
43915,2
43917,3
43918,1
43920,1
43921,0
43922,2
43923,0
43924,3
43925,2
43926,3
43928,0
43929,1
43930,3
43931,3
43932,3
43933,3
43934,1
43936,0
43937,3
43938,0
43939,3
43942,2
43943,3
43944,0
43945,1
43946,0
43947,2
43948,0
43949,1
43950,0
43951,0
43952,3
43953,0
43954,0
43955,2
43956,1
43957,0
43958,3
43959,1
43960,0
43961,2
43962,0
43963,0
43964,3
43967,0
43968,3
43970,0
43971,0
43972,2
43973,2
43974,2
43975,0
43977,3
43978,0
43979,0
43980,2
43982,3
43983,0
43984,0
43985,2
43986,3
43987,0
43988,0
43989,3
43990,0
43991,3
43992,3
43993,3
43994,3
43995,1
43996,1
43997,3
43998,1
44001,3
44003,0
44004,2
44007,3
44008,0
44010,2
44012,0
44014,0
44015,3
44016,0
44019,1
44020,3
44022,0
44024,1
44025,1
44026,3
44027,0
44028,0
44029,0
44030,0
44032,0
44033,0
44034,3
44035,0
44036,3
44037,0
44038,0
44040,0
44041,0
44042,0
44043,3
44044,0
44045,3
44046,0
44048,1
44050,3
44051,0
44054,1
44055,0
44057,0
44058,1
44060,0
44062,0
44063,3
44064,0
44066,2
44067,1
44068,0
44069,0
44070,0
44071,3
44072,3
44073,0
44074,3
44075,0
44076,0
44078,1
44079,0
44080,3
44081,3
44082,0
44083,0
44084,0
44085,3
44086,0
44087,3
44088,2
44089,3
44090,1
44092,0
44093,3
44094,1
44096,3
44097,3
44098,3
44099,2
44100,0
44102,0
44103,0
44104,3
44106,3
44107,0
44109,0
44110,3
44111,2
44112,0
44113,0
44114,3
44115,2
44116,2
44117,0
44118,0
44119,3
44120,1
44122,0
44123,2
44125,0
44126,0
44127,1
44128,3
44129,0
44131,0
44133,0
44134,3
44136,0
44137,1
44138,0
44139,0
44140,2
44142,0
44143,0
44144,0
44146,0
44147,1
44149,2
44151,0
44153,0
44154,0
44156,0
44157,3
44158,1
44159,1
44161,1
44162,3
44163,0
44164,2
44165,0
44166,0
44167,1
44168,0
44169,2
44170,3
44172,3
44173,0
44176,0
44177,3
44178,0
44179,3
44180,0
44181,0
44184,0
44185,3
44186,3
44187,3
44188,3
44189,1
44190,3
44191,0
44192,0
44193,3
44194,3
44195,0
44196,0
44197,1
44199,0
44200,0
44202,2
44203,0
44204,0
44205,0
44206,3
44207,1
44208,0
44213,0
44214,0
44217,3
44218,2
44219,0
44220,0
44221,0
44222,1
44223,2
44224,3
44225,0
44226,3
44227,3
44228,0
44229,0
44230,0
44231,0
44232,3
44233,0
44234,0
44235,3
44236,0
44237,0
44238,3
44239,0
44240,1
44242,3
44243,3
44245,3
44247,1
44248,0
44249,0
44250,3
44251,1
44252,3
44253,0
44254,3
44255,3
44256,0
44259,0
44262,0
44263,2
44264,0
44266,2
44267,0
44268,0
44269,0
44270,0
44271,0
44272,0
44273,1
44274,1
44278,0
44279,3
44280,0
44281,1
44282,3
44284,1
44285,2
44286,0
44287,3
44288,0
44289,3
44290,0
44291,0
44293,1
44294,0
44295,0
44296,0
44297,3
44299,3
44301,3
44302,0
44304,0
44305,2
44306,0
44307,3
44308,0
44309,1
44310,0
44311,0
44312,0
44313,0
44314,0
44315,0
44316,0
44318,2
44319,0
44320,2
44321,0
44322,3
44323,1
44324,0
44325,0
44326,3
44327,3
44328,0
44329,2
44331,0
44332,2
44333,3
44334,3
44338,3
44339,0
44340,3
44341,3
44343,3
44347,3
44348,2
44350,0
44351,0
44352,0
44353,0
44354,0
44355,0
44356,2
44357,0
44358,3
44359,3
44360,3
44361,2
44362,0
44363,0
44364,3
44366,0
44367,3
44368,3
44369,0
44371,0
44372,0
44373,0
44374,0
44375,0
44376,0
44377,2
44378,0
44379,3
44380,0
44381,3
44382,0
44383,3
44384,0
44385,3
44386,3
44387,0
44389,0
44390,0
44391,0
44392,3
44393,1
44394,1
44395,2
44397,2
44398,3
44399,3
44400,0
44401,0
44402,3
44403,3
44405,0
44406,3
44409,0
44411,0
44413,3
44414,2
44415,0
44416,0
44417,3
44418,1
44419,1
44420,0
44423,3
44424,1
44426,0
44429,1
44430,0
44431,0
44433,2
44434,0
44435,0
44436,3
44437,1
44438,2
44439,1
44440,1
44441,1
44442,0
44443,0
44444,0
44445,2
44447,2
44448,0
44449,1
44450,3
44451,1
44453,0
44454,0
44455,0
44457,0
44458,3
44459,0
44460,3
44461,2
44462,0
44463,0
44465,0
44467,3
44468,0
44469,0
44471,0
44472,0
44473,3
44474,0
44475,0
44476,0
44478,0
44479,3
44480,0
44481,0
44482,1
44483,0
44484,3
44486,3
44487,0
44488,0
44490,1
44492,3
44493,0
44494,3
44496,2
44499,1
44502,0
44504,3
44505,1
44507,3
44508,3
44509,3
44510,0
44511,0
44512,0
44514,0
44515,2
44516,2
44517,3
44518,0
44519,3
44520,0
44521,2
44523,3
44524,1
44525,0
44526,1
44527,3
44528,1
44529,3
44530,0
44531,1
44532,3
44533,0
44534,1
44535,3
44536,3
44537,1
44538,0
44539,3
44540,2
44541,3
44542,3
44543,0
44544,3
44545,0
44547,1
44548,1
44549,2
44550,0
44551,0
44552,0
44553,3
44554,0
44557,0
44558,0
44559,2
44561,1
44562,0
44564,1
44565,2
44566,3
44567,0
44568,3
44569,3
44570,3
44572,0
44573,0
44575,0
44577,3
44578,0
44579,0
44580,3
44581,1
44582,2
44583,0
44584,3
44586,1
44589,0
44590,0
44591,0
44592,0
44593,1
44595,3
44596,3
44597,3
44599,3
44600,0
44602,0
44603,0
44605,3
44606,0
44607,0
44608,0
44609,1
44610,2
44611,0
44612,0
44613,0
44614,3
44616,0
44617,3
44618,0
44619,2
44620,3
44622,3
44623,0
44624,2
44625,0
44626,1
44627,3
44628,0
44629,0
44630,0
44631,0
44632,2
44634,0
44635,2
44636,0
44637,0
44638,0
44639,2
44640,0
44641,3
44642,3
44643,3
44645,0
44646,2
44647,0
44648,0
44649,3
44650,0
44653,3
44654,0
44655,2
44657,0
44658,0
44660,0
44661,0
44662,3
44665,0
44666,3
44667,0
44668,0
44669,0
44670,2
44671,0
44672,1
44673,3
44674,3
44677,3
44679,3
44680,0
44682,3
44683,0
44684,3
44686,3
44688,0
44689,0
44691,0
44692,1
44693,0
44694,0
44695,1
44696,0
44697,0
44699,0
44700,1
44702,0
44705,1
44706,0
44707,1
44708,3
44709,3
44710,0
44712,3
44713,3
44714,0
44715,0
44716,3
44717,1
44718,0
44719,2
44721,3
44723,0
44724,3
44725,0
44729,3
44730,0
44731,0
44732,2
44733,3
44734,0
44735,0
44737,3
44738,0
44739,0
44740,0
44741,3
44742,0
44743,0
44744,0
44745,3
44746,0
44748,0
44749,3
44750,0
44751,0
44752,0
44753,2
44754,3
44756,0
44758,3
44760,0
44761,0
44762,2
44763,0
44764,3
44766,1
44767,1
44768,3
44769,0
44770,0
44771,1
44772,3
44773,0
44774,3
44775,2
44776,0
44778,0
44779,0
44780,3
44781,0
44782,0
44784,1
44785,0
44786,0
44787,0
44788,0
44789,0
44790,0
44791,0
44792,2
44793,0
44794,1
44795,0
44796,0
44797,0
44798,0
44799,1
44801,0
44802,1
44803,0
44804,0
44806,3
44808,0
44809,3
44812,2
44813,3
44814,0
44815,1
44816,1
44817,0
44819,0
44820,0
44821,0
44822,1
44823,0
44824,0
44825,3
44826,0
44827,0
44828,3
44829,3
44830,1
44831,3
44832,0
44833,3
44836,0
44837,0
44838,0
44840,0
44841,3
44843,0
44844,3
44845,3
44847,0
44848,0
44849,3
44850,3
44851,0
44853,1
44856,3
44857,0
44858,0
44859,1
44860,0
44862,3
44863,3
44864,3
44865,3
44867,3
44868,2
44869,2
44870,0
44871,1
44872,2
44873,1
44874,1
44875,1
44876,0
44877,2
44880,2
44881,0
44882,0
44884,3
44885,3
44886,2
44887,0
44888,3
44889,1
44890,2
44891,1
44892,2
44895,0
44896,1
44897,0
44898,0
44899,0
44900,0
44901,3
44902,0
44903,1
44904,3
44905,0
44906,0
44907,0
44908,0
44909,3
44910,0
44912,3
44913,0
44915,3
44917,2
44918,1
44919,0
44920,0
44921,3
44922,3
44923,0
44924,1
44925,0
44926,3
44927,0
44928,3
44929,3
44930,3
44933,0
44935,2
44936,3
44937,3
44938,3
44939,1
44940,0
44941,3
44942,0
44944,1
44946,0
44948,0
44949,3
44950,3
44951,0
44952,0
44953,0
44954,0
44956,0
44957,3
44958,0
44960,1
44961,3
44962,0
44963,2
44964,0
44965,0
44966,1
44967,3
44968,3
44969,0
44970,2
44971,3
44972,2
44974,0
44976,2
44978,3
44980,0
44981,1
44982,0
44983,0
44984,3
44985,0
44986,0
44987,1
44988,3
44989,2
44990,0
44992,0
44993,0
44994,3
44995,2
44996,0
44997,3
44999,0
45002,3
45005,2
45008,0
45009,0
45011,0
45013,0
45014,1
45015,2
45016,0
45017,3
45018,3
45019,2
45023,0
45024,3
45025,0
45026,0
45027,1
45028,0
45029,0
45030,0
45031,1
45032,0
45033,0
45034,0
45035,1
45036,1
45037,2
45038,0
45039,3
45040,0
45041,3
45042,3
45043,0
45044,0
45045,0
45046,2
45047,2
45048,0
45049,1
45050,0
45052,3
45053,3
45054,3
45057,1
45060,0
45062,3
45063,3
45065,3
45066,2
45067,1
45068,0
45069,0
45071,3
45073,0
45074,0
45075,1
45076,3
45077,0
45078,1
45079,3
45080,3
45081,3
45082,0
45084,0
45086,3
45087,0
45088,3
45089,0
45090,2
45091,3
45092,3
45094,0
45095,3
45096,0
45097,0
45099,2
45100,0
45101,3
45103,2
45104,3
45105,3
45106,3
45107,2
45108,3
45109,0
45110,0
45111,0
45112,0
45113,0
45115,2
45116,0
45117,0
45118,2
45119,0
45120,0
45121,0
45122,0
45124,3
45125,2
45126,0
45127,3
45128,0
45129,1
45130,0
45131,2
45132,0
45134,1
45135,2
45136,3
45137,3
45138,0
45139,3
45140,3
45141,2
45142,3
45143,0
45144,1
45147,0
45148,3
45150,0
45151,3
45153,1
45154,0
45156,0
45158,0
45159,1
45160,3
45161,0
45162,1
45163,3
45164,0
45166,3
45167,1
45168,0
45169,0
45170,3
45171,0
45172,3
45174,0
45175,0
45179,3
45180,3
45181,3
45184,0
45185,0
45186,1
45187,0
45188,3
45189,3
45190,0
45191,1
45193,0
45195,0
45196,2
45199,3
45201,0
45202,1
45203,3
45205,0
45206,3
45207,0
45208,1
45210,2
45211,2
45212,0
45213,0
45214,0
45215,0
45216,3
45217,1
45218,2
45219,2
45220,0
45221,0
45222,3
45223,0
45224,0
45225,3
45227,0
45228,0
45230,0
45231,2
45232,2
45233,1
45234,0
45235,2
45237,0
45238,2
45239,0
45241,0
45243,1
45244,2
45245,0
45246,0
45247,3
45248,0
45249,0
45250,0
45251,3
45252,1
45254,3
45256,1
45257,0
45258,0
45259,3
45260,3
45261,0
45262,3
45263,2
45264,0
45265,3
45267,1
45268,3
45269,3
45270,0
45271,2
45272,1
45273,3
45274,3
45275,0
45276,0
45277,0
45278,0
45279,2
45280,1
45282,2
45284,0
45285,0
45286,0
45287,1
45289,3
45290,0
45292,1
45293,0
45295,3
45296,0
45297,3
45298,0
45299,3
45300,3
45301,1
45302,3
45303,0
45304,0
45305,3
45306,3
45307,2
45308,3
45309,0
45311,0
45312,0
45314,3
45315,0
45316,0
45317,0
45318,0
45319,3
45320,3
45321,0
45322,0
45323,3
45324,3
45325,3
45326,0
45327,3
45328,0
45329,3
45330,0
45332,0
45333,3
45334,0
45335,3
45336,1
45337,3
45338,0
45339,3
45340,0
45341,0
45342,0
45344,3
45345,0
45348,3
45349,0
45351,0
45352,0
45354,0
45355,0
45356,0
45357,0
45358,2
45361,3
45362,0
45363,2
45364,0
45365,0
45366,0
45367,2
45368,0
45369,0
45370,3
45371,0
45372,1
45373,0
45374,2
45375,0
45376,3
45377,2
45380,0
45382,0
45383,0
45384,0
45385,2
45386,1
45387,0
45388,0
45391,0
45392,2
45393,2
45394,0
45395,3
45396,3
45397,3
45398,2
45400,3
45401,0
45402,0
45404,0
45405,2
45406,2
45407,3
45408,0
45409,0
45411,0
45412,3
45413,3
45415,2
45416,0
45417,3
45418,0
45419,3
45420,0
45423,0
45424,3
45425,0
45426,1
45427,0
45428,1
45429,0
45431,0
45432,0
45435,0
45436,3
45438,1
45439,0
45440,1
45441,1
45444,0
45445,3
45448,3
45449,1
45450,0
45451,0
45452,0
45453,0
45454,3
45456,3
45458,3
45460,3
45461,0
45462,0
45463,1
45464,0
45465,3
45466,1
45467,0
45468,3
45469,3
45470,0
45472,2
45473,3
45474,3
45475,2
45476,3
45478,1
45480,1
45482,1
45484,0
45485,0
45486,1
45487,0
45488,0
45489,0
45490,0
45491,0
45492,0
45493,0
45494,3
45496,0
45498,0
45499,3
45500,3
45501,0
45502,0
45503,0
45504,3
45506,0
45507,0
45508,0
45509,0
45510,3
45511,3
45512,3
45513,2
45514,3
45515,0
45516,3
45517,0
45518,1
45519,3
45520,3
45521,0
45522,2
45523,0
45525,0
45526,2
45527,0
45528,0
45529,0
45530,1
45531,0
45533,0
45535,1
45537,0
45538,0
45539,3
45540,3
45541,0
45543,3
45544,1
45545,0
45546,0
45547,3
45549,3
45550,3
45551,0
45552,0
45553,2
45554,2
45555,0
45557,2
45558,0
45561,0
45563,3
45564,0
45565,2
45566,0
45568,3
45569,0
45570,0
45571,3
45572,2
45573,0
45574,0
45575,2
45576,0
45577,0
45578,2
45579,3
45580,3
45581,3
45582,0
45584,0
45585,2
45586,3
45588,0
45589,0
45590,0
45591,0
45593,0
45594,0
45595,0
45596,3
45597,3
45598,0
45601,0
45602,0
45603,3
45604,3
45605,0
45607,2
45608,3
45610,0
45612,0
45613,0
45614,3
45615,1
45616,0
45617,0
45619,0
45620,1
45621,1
45622,0
45624,1
45625,3
45628,3
45629,0
45630,1
45631,0
45632,2
45633,0
45637,1
45638,0
45639,3
45640,0
45641,0
45642,0
45644,1
45645,3
45646,1
45649,1
45650,1
45651,1
45652,3
45653,0
45654,0
45655,3
45656,0
45657,0
45658,1
45660,3
45661,1
45662,0
45663,3
45664,0
45665,0
45666,0
45667,0
45669,0
45670,0
45671,1
45673,1
45674,3
45675,0
45677,3
45678,1
45679,1
45680,0
45682,0
45683,3
45685,1
45686,0
45687,0
45688,0
45689,0
45690,1
45691,0
45692,3
45693,3
45697,0
45698,0
45699,0
45701,1
45702,3
45703,0
45704,3
45706,3
45707,0
45708,0
45709,1
45710,0
45711,0
45712,0
45713,1
45714,0
45715,0
45716,0
45718,0
45719,3
45720,0
45722,3
45725,3
45727,0
45728,0
45729,3
45731,0
45733,3
45735,2
45736,1
45737,0
45738,0
45740,0
45741,0
45742,0
45744,0
45745,3
45746,0
45747,0
45748,3
45750,0
45751,2
45752,0
45753,0
45754,0
45755,0
45759,0
45762,0
45763,0
45764,2
45765,3
45766,0
45767,1
45768,3
45769,0
45770,0
45771,0
45772,0
45774,2
45775,0
45776,2
45777,3
45778,3
45779,1
45780,3
45782,2
45783,3
45784,0
45785,1
45786,0
45787,0
45788,0
45789,3
45790,0
45792,0
45793,0
45794,3
45795,0
45797,3
45798,2
45799,3
45800,0
45801,2
45802,2
45803,1
45804,0
45805,0
45806,2
45807,0
45808,1
45809,0
45810,0
45811,1
45812,1
45813,0
45814,0
45815,0
45816,3
45818,2
45820,0
45821,1
45822,3
45823,0
45824,0
45825,0
45828,3
45829,0
45830,0
45831,2
45832,0
45833,3
45835,1
45836,3
45837,0
45838,0
45839,2
45840,3
45841,0
45842,0
45843,0
45844,0
45845,0
45846,3
45847,1
45848,0
45849,0
45851,1
45853,0
45854,3
45855,1
45856,3
45858,1
45859,0
45860,0
45861,0
45863,0
45864,0
45865,0
45866,0
45867,3
45868,0
45869,0
45871,0
45872,0
45873,3
45874,0
45875,3
45876,2
45877,1
45878,0
45879,1
45880,0
45881,0
45882,2
45883,0
45884,1
45885,0
45886,3
45888,0
45889,0
45891,1
45892,3
45893,2
45895,0
45896,3
45897,0
45898,0
45899,0
45900,0
45901,2
45902,3
45903,3
45905,1
45906,3
45907,0
45908,0
45910,3
45911,3
45912,3
45915,0
45916,1
45919,3
45922,1
45923,1
45925,0
45926,0
45927,0
45928,3
45929,3
45930,3
45931,0
45932,0
45933,3
45934,3
45935,3
45936,3
45938,2
45939,2
45940,0
45941,3
45942,0
45943,1
45944,0
45945,2
45946,3
45947,3
45948,0
45949,3
45951,0
45952,3
45953,3
45954,0
45955,0
45956,0
45958,3
45959,3
45960,0
45961,1
45962,2
45963,0
45965,0
45967,2
45969,0
45972,2
45973,2
45975,2
45980,0
45982,0
45983,3
45985,0
45986,3
45988,2
45989,0
45991,3
45992,2
45993,3
45995,0
45996,0
45997,0
45998,3
45999,1
46001,3
46003,1
46004,1
46005,3
46006,0
46007,0
46008,0
46009,0
46010,3
46011,0
46012,0
46013,2
46014,2
46015,1
46016,2
46017,0
46018,3
46019,1
46020,0
46022,0
46023,0
46024,3
46025,0
46026,3
46027,0
46028,3
46029,0
46030,2
46031,0
46032,3
46033,3
46034,3
46035,3
46036,0
46038,0
46039,2
46041,0
46042,0
46043,0
46044,0
46045,0
46046,3
46047,0
46049,0
46051,0
46053,3
46054,3
46055,0
46059,3
46060,1
46061,0
46063,1
46064,3
46066,0
46067,3
46068,1
46069,0
46071,0
46072,0
46073,0
46074,0
46075,3
46076,3
46077,0
46078,2
46079,0
46081,1
46082,0
46084,3
46085,0
46086,3
46087,3
46088,0
46089,0
46090,2
46091,3
46093,0
46094,0
46095,0
46097,0
46098,3
46099,1
46100,1
46101,0
46103,2
46104,3
46105,3
46106,1
46107,0
46111,0
46113,2
46114,0
46115,0
46116,3
46117,1
46118,3
46119,0
46122,3
46123,0
46124,2
46125,0
46127,1
46128,3
46129,0
46130,0
46131,3
46133,0
46134,0
46135,0
46136,0
46139,0
46141,0
46142,1
46143,2
46144,1
46145,0
46146,0
46147,3
46148,2
46149,0
46150,3
46151,3
46152,0
46153,0
46154,0
46155,3
46157,0
46158,0
46160,0
46161,1
46162,3
46163,0
46164,0
46166,3
46167,3
46168,3
46169,3
46170,0
46171,3
46175,0
46178,1
46179,3
46180,3
46181,1
46182,1
46183,0
46184,0
46185,2
46186,3
46187,0
46188,0
46189,0
46191,0
46193,3
46194,2
46195,0
46196,2
46197,3
46199,0
46200,0
46202,0
46204,0
46205,0
46206,1
46209,0
46210,3
46212,0
46213,0
46214,0
46216,0
46217,3
46218,3
46220,0
46223,1
46224,0
46226,0
46227,3
46228,0
46229,1
46230,1
46231,0
46232,0
46233,0
46234,2
46235,0
46237,0
46238,1
46239,0
46240,3
46241,0
46242,0
46243,3
46244,0
46245,3
46247,3
46248,3
46249,0
46250,0
46252,1
46254,0
46255,0
46256,0
46257,3
46258,0
46259,1
46262,0
46263,0
46264,0
46265,2
46266,0
46268,0
46270,1
46271,0
46272,3
46273,0
46274,3
46275,0
46276,1
46278,0
46279,2
46280,0
46281,0
46282,0
46283,0
46284,2
46285,1
46286,3
46287,1
46288,0
46289,3
46290,0
46291,0
46292,3
46293,1
46294,0
46296,3
46298,3
46299,3
46300,0
46301,1
46303,3
46304,3
46305,1
46306,0
46307,0
46308,1
46310,3
46312,0
46314,0
46316,3
46317,3
46318,1
46319,0
46321,0
46322,0
46325,1
46326,0
46328,0
46329,3
46330,1
46331,0
46332,1
46334,0
46335,3
46336,3
46337,0
46338,0
46339,0
46340,2
46341,1
46342,0
46343,0
46344,3
46345,0
46346,1
46348,0
46349,3
46350,3
46351,0
46352,3
46353,1
46355,0
46356,0
46358,0
46359,3
46360,2
46361,3
46363,0
46364,1
46365,0
46366,0
46367,3
46368,3
46369,0
46370,1
46371,0
46372,0
46373,3
46374,1
46375,0
46376,2
46377,0
46380,0
46381,0
46382,1
46383,3
46384,3
46386,3
46387,0
46388,0
46389,0
46390,3
46391,1
46392,0
46393,0
46394,0
46395,0
46396,3
46397,1
46398,0
46399,0
46400,0
46402,3
46404,0
46405,0
46406,0
46408,3
46409,2
46410,3
46411,2
46412,1
46414,2
46415,1
46419,3
46421,0
46422,1
46424,3
46425,0
46426,3
46427,3
46428,3
46429,0
46430,0
46431,3
46434,1
46435,0
46436,0
46437,3
46440,0
46441,2
46442,3
46443,3
46444,2
46445,0
46446,2
46447,3
46448,1
46449,3
46450,2
46451,0
46452,0
46455,0
46456,3
46457,1
46458,2
46460,3
46463,0
46464,0
46465,3
46466,3
46468,0
46469,0
46470,0
46471,0
46472,0
46473,0
46475,3
46478,0
46479,1
46480,0
46481,0
46482,0
46483,3
46484,0
46485,0
46486,0
46489,3
46490,3
46491,3
46492,2
46493,0
46494,3
46495,2
46496,0
46497,0
46499,3
46502,1
46503,3
46504,0
46506,3
46507,1
46509,0
46510,3
46511,0
46512,2
46513,0
46514,1
46515,0
46516,2
46517,2
46519,0
46520,0
46521,3
46522,2
46523,2
46524,0
46525,0
46526,3
46527,0
46528,2
46529,2
46530,3
46531,2
46533,0
46534,0
46535,0
46536,1
46537,3
46538,0
46539,0
46540,2
46541,0
46542,3
46543,0
46544,2
46545,0
46546,3
46551,0
46552,0
46553,3
46555,0
46556,1
46557,0
46558,0
46559,0
46561,0
46563,2
46565,2
46567,3
46568,3
46569,2
46570,3
46571,3
46572,0
46573,2
46575,0
46576,3
46577,0
46578,3
46579,3
46580,3
46581,3
46583,3
46586,3
46587,0
46588,3
46590,3
46591,0
46592,2
46593,0
46595,3
46596,0
46597,0
46599,3
46600,3
46601,3
46602,0
46603,3
46606,1
46607,0
46610,0
46611,0
46612,0
46614,0
46615,0
46616,3
46617,0
46618,0
46619,1
46620,0
46621,3
46622,0
46624,1
46625,0
46626,0
46627,0
46628,0
46629,0
46631,3
46633,0
46634,0
46635,3
46638,0
46639,0
46640,3
46644,3
46645,1
46646,1
46647,3
46648,0
46650,0
46651,0
46653,0
46655,0
46656,0
46658,0
46659,0
46660,3
46661,3
46662,3
46663,1
46665,2
46666,0
46667,0
46668,0
46670,0
46671,0
46672,0
46673,2
46674,0
46675,1
46676,3
46677,0
46678,0
46679,0
46681,3
46682,1
46683,3
46687,1
46688,3
46690,0
46691,0
46693,0
46694,0
46695,3
46696,0
46697,0
46698,0
46699,2
46700,0
46701,0
46702,3
46703,3
46704,0
46705,0
46706,0
46708,0
46709,3
46710,3
46712,3
46713,0
46714,0
46715,3
46716,0
46718,0
46720,3
46723,3
46724,0
46725,0
46727,0
46729,0
46730,3
46731,3
46733,0
46735,3
46736,1
46737,0
46738,0
46739,0
46741,1
46742,0
46743,3
46744,3
46745,3
46746,0
46747,2
46748,0
46749,3
46750,0
46751,3
46753,0
46754,0
46755,0
46756,3
46757,1
46759,3
46760,0
46761,0
46762,3
46763,3
46764,0
46765,3
46766,2
46767,3
46769,3
46770,0
46771,2
46772,2
46773,0
46775,3
46776,0
46778,0
46779,2
46780,0
46782,3
46783,3
46784,2
46785,3
46788,0
46789,0
46790,2
46791,0
46792,0
46793,3
46794,2
46795,1
46796,0
46797,0
46800,3
46801,3
46802,0
46803,1
46804,0
46805,2
46806,0
46807,0
46808,1
46809,0
46811,2
46812,1
46813,3
46814,0
46815,3
46817,0
46818,0
46819,0
46820,2
46821,0
46822,2
46823,0
46824,0
46825,3
46826,0
46827,0
46829,0
46830,1
46831,0
46833,0
46835,0
46836,3
46837,0
46838,0
46840,0
46841,3
46842,3
46843,0
46844,0
46846,0
46847,3
46848,1
46849,0
46852,0
46853,0
46854,1
46855,3
46856,0
46857,3
46859,0
46861,2
46862,3
46867,0
46868,1
46869,3
46870,0
46872,3
46873,1
46874,3
46875,0
46876,0
46878,0
46879,3
46880,0
46881,0
46882,3
46883,2
46884,3
46885,3
46886,3
46887,3
46888,0
46889,0
46890,1
46891,0
46892,0
46893,3
46894,3
46895,3
46896,3
46897,3
46898,0
46899,0
46900,0
46901,2
46903,3
46904,0
46906,0
46907,3
46909,0
46910,3
46911,0
46912,0
46913,0
46914,2
46915,2
46917,3
46918,1
46919,0
46921,3
46922,3
46923,0
46925,1
46927,3
46928,0
46929,3
46930,0
46931,1
46932,0
46934,3
46936,2
46937,0
46938,0
46940,0
46941,3
46942,0
46943,0
46944,0
46945,0
46946,0
46947,0
46948,0
46949,0
46950,0
46951,2
46952,0
46954,0
46955,0
46956,0
46958,3
46959,3
46960,0
46961,0
46962,0
46963,2
46964,0
46965,0
46967,0
46969,1
46970,0
46971,3
46972,3
46973,1
46974,3
46975,2
46976,0
46977,3
46978,3
46979,0
46980,3
46981,0
46982,3
46983,3
46984,3
46985,0
46986,3
46987,1
46988,3
46989,3
46990,0
46991,0
46992,0
46994,3
46995,0
46996,3
46997,0
46999,0
47000,0
47001,3
47002,3
47003,0
47006,0
47007,3
47008,0
47009,1
47010,0
47011,0
47012,0
47015,3
47016,0
47017,3
47018,3
47019,0
47021,0
47022,0
47023,1
47026,3
47027,0
47029,0
47030,0
47031,3
47032,1
47033,3
47034,0
47035,0
47036,3
47038,0
47039,0
47040,0
47041,0
47042,1
47043,0
47044,1
47045,0
47047,0
47048,1
47050,2
47051,0
47052,0
47054,0
47055,0
47056,3
47057,0
47058,0
47059,0
47060,3
47061,0
47064,0
47065,0
47068,0
47069,0
47070,0
47072,0
47073,0
47074,3
47075,0
47076,1
47078,0
47079,0
47081,2
47083,0
47084,3
47085,3
47086,3
47088,3
47089,0
47091,0
47093,3
47095,0
47096,0
47097,0
47098,1
47100,0
47101,0
47102,0
47103,3
47104,1
47105,0
47106,0
47107,0
47109,3
47111,3
47112,3
47113,0
47114,2
47116,0
47117,1
47118,0
47121,3
47123,0
47124,0
47125,1
47127,1
47128,2
47130,0
47134,0
47135,0
47136,0
47137,0
47138,3
47139,0
47140,0
47141,0
47142,0
47144,0
47146,0
47147,0
47148,1
47149,3
47150,2
47151,0
47154,0
47155,0
47156,1
47157,0
47158,1
47159,0
47160,2
47161,2
47162,0
47163,3
47164,0
47165,3
47166,1
47167,3
47168,0
47169,0
47170,3
47171,3
47172,3
47173,1
47174,0
47176,3
47177,0
47180,1
47181,0
47182,0
47183,2
47185,0
47187,0
47188,0
47190,0
47191,3
47192,1
47193,0
47194,1
47195,0
47197,3
47199,2
47200,1
47201,0
47203,0
47204,0
47205,3
47206,2
47208,1
47209,3
47211,3
47212,3
47213,3
47214,2
47215,1
47216,1
47218,2
47219,3
47220,0
47221,3
47222,1
47224,2
47225,3
47226,1
47227,0
47229,0
47231,3
47232,0
47233,0
47234,1
47237,0
47239,0
47240,0
47241,3
47242,0
47244,0
47245,1
47246,3
47247,3
47248,0
47249,0
47250,0
47251,0
47252,0
47253,0
47255,0
47256,0
47257,0
47258,2
47261,3
47262,0
47263,0
47264,2
47265,3
47267,0
47268,3
47269,0
47271,3
47272,0
47273,3
47275,0
47276,1
47277,3
47278,0
47280,3
47281,3
47282,0
47283,0
47284,3
47285,1
47286,2
47287,3
47289,2
47290,0
47291,3
47292,2
47293,3
47294,0
47295,0
47296,0
47297,3
47298,3
47299,0
47300,1
47301,0
47302,0
47303,1
47304,0
47305,0
47306,3
47307,0
47308,0
47309,0
47310,0
47311,2
47313,0
47314,2
47315,3
47316,0
47317,0
47318,0
47319,0
47320,0
47321,1
47322,3
47323,3
47324,0
47325,0
47326,0
47327,0
47329,0
47330,3
47332,3
47333,0
47334,0
47335,0
47336,3
47337,0
47338,0
47339,0
47340,0
47341,3
47342,3
47343,0
47345,0
47346,0
47347,3
47348,1
47349,3
47350,1
47351,1
47352,2
47353,0
47354,3
47355,0
47357,3
47358,0
47359,0
47360,3
47361,0
47362,0
47363,3
47364,0
47365,1
47366,3
47369,0
47370,0
47371,3
47372,1
47373,3
47374,1
47375,0
47376,0
47378,3
47379,0
47380,3
47381,0
47382,1
47383,0
47384,0
47387,0
47388,3
47389,0
47390,1
47391,0
47392,0
47393,0
47394,0
47396,3
47397,0
47398,3
47399,0
47400,0
47401,3
47402,0
47403,0
47405,2
47406,2
47408,3
47409,1
47410,1
47411,3
47412,0
47416,0
47417,0
47418,0
47419,1
47421,0
47422,3
47425,0
47426,0
47427,0
47428,0
47429,3
47430,0
47431,0
47433,2
47434,1
47435,2
47436,1
47437,3
47438,0
47439,2
47440,1
47441,1
47442,0
47443,0
47444,3
47445,2
47448,0
47449,0
47450,1
47451,0
47452,1
47453,0
47456,0
47457,1
47460,2
47461,2
47462,3
47463,0
47464,0
47465,0
47466,3
47468,1
47469,0
47470,0
47472,0
47473,0
47474,3
47476,2
47477,1
47478,0
47480,0
47481,2
47484,2
47485,0
47486,0
47487,0
47488,1
47490,3
47492,0
47493,2
47495,0
47496,0
47498,0
47499,0
47500,3
47501,3
47502,0
47503,0
47504,0
47505,1
47506,3
47509,0
47510,1
47511,0
47513,0
47514,0
47516,0
47517,2
47518,0
47519,3
47520,3
47521,1
47522,0
47523,1
47524,0
47526,3
47528,0
47529,0
47530,0
47531,0
47532,2
47534,0
47535,2
47536,0
47537,3
47538,1
47539,1
47540,3
47541,0
47542,1
47544,0
47545,0
47546,3
47547,0
47549,0
47550,0
47551,0
47552,0
47553,0
47555,3
47556,0
47557,3
47558,0
47559,3
47560,0
47562,0
47563,0
47564,2
47565,1
47566,3
47567,0
47568,3
47569,2
47571,1
47572,1
47574,0
47575,3
47576,0
47577,3
47578,0
47579,2
47580,0
47581,0
47582,3
47583,2
47584,0
47585,3
47586,3
47587,0
47589,0
47590,3
47591,0
47593,3
47594,0
47595,3
47596,1
47598,0
47599,3
47600,0
47602,0
47603,1
47605,2
47607,3
47608,0
47609,0
47611,3
47612,2
47613,3
47615,2
47616,0
47619,0
47620,0
47623,0
47625,1
47626,3
47627,0
47629,0
47630,3
47631,3
47632,1
47634,0
47635,0
47636,3
47638,0
47639,0
47640,0
47641,1
47642,3
47643,0
47645,1
47646,1
47647,3
47648,2
47649,1
47650,0
47651,1
47652,3
47653,3
47656,3
47657,0
47658,3
47659,1
47660,2
47662,0
47663,0
47664,0
47667,2
47668,3
47669,0
47670,0
47672,1
47673,0
47675,2
47676,0
47678,2
47679,0
47680,3
47681,0
47683,0
47685,1
47687,2
47688,3
47689,2
47691,1
47692,3
47693,3
47694,3
47695,1
47697,0
47699,1
47700,1
47701,3
47702,1
47703,3
47704,1
47705,3
47706,0
47707,0
47708,1
47709,2
47710,2
47711,0
47712,0
47713,0
47714,0
47715,3
47716,0
47717,0
47718,1
47719,0
47721,2
47722,3
47723,0
47724,0
47725,1
47726,1
47727,3
47728,2
47730,3
47731,0
47733,0
47734,1
47735,3
47736,3
47738,0
47740,0
47742,0
47743,3
47744,0
47745,0
47746,0
47748,0
47750,2
47751,3
47753,3
47755,3
47756,0
47757,3
47759,0
47760,3
47761,2
47764,2
47765,0
47766,3
47767,0
47769,3
47770,2
47771,3
47773,2
47774,0
47775,1
47776,0
47778,1
47779,1
47780,0
47781,3
47783,0
47784,0
47785,1
47786,3
47788,3
47789,3
47790,0
47791,0
47792,0
47793,3
47794,0
47795,3
47796,1
47797,0
47798,0
47799,3
47800,3
47802,3
47803,0
47804,0
47805,0
47806,0
47808,0
47809,2
47810,3
47811,0
47812,0
47813,2
47814,0
47815,0
47816,0
47817,3
47818,3
47819,0
47820,0
47821,0
47822,3
47823,0
47824,0
47825,0
47826,0
47827,0
47829,3
47830,2
47831,0
47833,0
47835,3
47836,3
47837,3
47838,0
47839,3
47841,0
47842,0
47844,2
47845,3
47846,3
47847,0
47848,0
47849,3
47850,0
47853,0
47855,3
47856,0
47857,2
47858,0
47859,0
47860,0
47861,0
47862,0
47864,1
47866,3
47867,0
47868,1
47869,3
47870,0
47871,0
47872,0
47873,0
47875,0
47876,2
47877,0
47878,3
47879,3
47880,3
47881,0
47882,0
47883,3
47886,0
47887,0
47888,1
47889,3
47890,3
47891,0
47892,0
47893,0
47894,0
47895,1
47896,3
47897,3
47898,3
47899,0
47900,2
47901,0
47902,3
47903,2
47904,1
47905,1
47906,0
47907,0
47908,0
47910,3
47911,1
47912,1
47913,0
47914,2
47915,3
47916,3
47917,2
47918,3
47920,0
47922,3
47923,3
47924,0
47925,3
47926,2
47927,0
47928,0
47930,1
47931,0
47932,1
47933,3
47934,0
47935,0
47936,3
47937,1
47938,0
47939,0
47940,3
47942,0
47944,0
47945,3
47947,0
47948,0
47949,3
47950,3
47951,0
47952,0
47953,3
47954,1
47955,0
47956,0
47958,3
47960,0
47961,0
47962,0
47963,0
47964,0
47965,3
47966,0
47967,3
47968,3
47969,3
47970,0
47971,3
47973,0
47974,0
47975,0
47976,0
47977,2
47978,0
47979,3
47982,2
47983,0
47985,0
47988,2
47990,0
47991,2
47993,0
47994,3
47996,3
47997,0
47999,3
48000,0
48001,0
48002,3
48003,3
48004,2
48005,0
48008,2
48010,0
48011,0
48013,0
48014,0
48016,2
48017,0
48018,0
48019,3
48020,0
48021,0
48022,3
48023,0
48024,0
48026,0
48029,0
48030,0
48031,1
48032,0
48033,2
48034,3
48035,0
48036,0
48037,0
48039,0
48041,0
48042,0
48043,0
48044,3
48045,3
48046,0
48048,1
48049,2
48051,0
48052,1
48054,3
48055,0
48058,0
48059,3
48060,3
48061,0
48062,0
48063,0
48064,3
48065,3
48066,0
48069,3
48070,0
48071,3
48074,3
48075,3
48076,3
48077,0
48078,0
48080,3
48082,0
48083,0
48084,0
48085,1
48086,1
48087,2
48088,0
48090,3
48091,1
48092,0
48094,0
48095,0
48096,0
48097,0
48098,3
48100,2
48102,1
48104,2
48105,0
48106,0
48108,3
48109,0
48112,0
48114,1
48115,3
48116,0
48117,1
48118,0
48119,0
48120,2
48121,1
48122,0
48123,3
48126,0
48127,0
48129,1
48130,3
48131,0
48133,0
48134,3
48135,1
48136,3
48137,0
48138,2
48139,3
48140,0
48141,3
48142,3
48143,3
48144,0
48145,0
48147,0
48149,0
48150,3
48151,0
48152,0
48153,3
48154,3
48155,0
48156,3
48160,3
48162,3
48163,0
48165,3
48166,0
48167,3
48168,3
48169,0
48170,0
48171,3
48174,0
48175,3
48176,3
48179,3
48180,3
48181,0
48184,3
48186,0
48187,0
48189,2
48190,3
48191,0
48192,3
48193,3
48194,2
48195,3
48196,2
48197,0
48199,2
48201,0
48202,3
48207,0
48208,3
48209,0
48210,0
48211,0
48212,0
48214,2
48215,0
48216,0
48217,3
48218,0
48219,0
48220,3
48222,3
48223,3
48224,0
48227,0
48229,3
48230,1
48231,0
48232,2
48233,0
48234,3
48236,0
48237,0
48238,3
48239,0
48240,2
48241,0
48242,3
48246,0
48247,0
48248,3
48249,3
48250,3
48251,0
48252,3
48253,0
48254,0
48257,3
48258,3
48260,0
48262,0
48263,3
48264,1
48265,0
48267,0
48268,3
48269,0
48270,0
48271,0
48272,3
48274,0
48275,0
48276,0
48278,3
48279,3
48282,0
48283,3
48284,3
48286,0
48287,0
48289,3
48290,3
48291,3
48292,1
48294,0
48295,2
48296,2
48297,0
48299,0
48300,0
48301,3
48302,3
48303,3
48304,0
48306,2
48307,0
48308,0
48309,0
48312,3
48313,3
48314,0
48315,1
48316,0
48317,3
48318,2
48319,1
48320,3
48321,2
48322,0
48323,0
48324,0
48326,3
48327,3
48328,0
48329,3
48330,0
48331,3
48332,1
48333,3
48334,0
48335,0
48336,1
48337,0
48338,1
48339,0
48340,3
48341,0
48342,3
48343,0
48344,3
48345,0
48346,0
48347,0
48348,0
48349,0
48350,0
48351,0
48352,0
48354,3
48355,0
48358,0
48359,0
48360,3
48361,1
48363,3
48364,0
48365,2
48366,0
48368,3
48369,3
48371,0
48373,3
48374,0
48375,0
48376,0
48377,0
48378,2
48379,2
48380,0
48381,2
48383,2
48384,0
48385,1
48386,0
48389,3
48390,2
48391,0
48392,3
48393,0
48394,0
48395,0
48396,3
48397,3
48398,0
48400,1
48401,1
48402,0
48403,3
48404,3
48405,0
48408,0
48409,1
48410,3
48411,3
48412,1
48414,0
48415,0
48419,3
48421,0
48422,0
48423,0
48424,0
48425,0
48426,0
48427,0
48428,3
48429,3
48430,0
48432,3
48433,0
48435,1
48436,0
48438,0
48439,0
48440,1
48441,1
48443,3
48444,0
48445,3
48446,3
48447,0
48448,0
48449,0
48450,0
48451,3
48452,0
48454,3
48455,0
48456,3
48457,0
48458,3
48459,2
48460,0
48461,0
48462,2
48463,2
48465,3
48466,0
48467,0
48468,3
48471,3
48474,0
48475,2
48477,0
48478,0
48479,3
48481,0
48482,2
48484,0
48485,0
48486,0
48487,3
48489,0
48490,3
48492,0
48493,0
48494,0
48496,1
48498,1
48499,0
48501,0
48502,0
48503,1
48504,3
48505,0
48506,0
48507,0
48508,0
48509,1
48510,3
48511,3
48512,0
48513,0
48514,3
48515,0
48516,3
48517,0
48520,3
48522,0
48524,0
48525,0
48526,3
48527,0
48528,0
48530,3
48531,0
48532,0
48533,0
48534,0
48535,0
48536,2
48538,3
48540,3
48541,1
48542,2
48543,3
48544,3
48545,3
48546,0
48547,0
48549,1
48550,1
48552,0
48553,0
48554,0
48555,0
48556,0
48557,2
48558,0
48559,3
48562,0
48564,1
48565,0
48566,1
48569,3
48570,3
48572,1
48573,3
48574,0
48575,0
48577,3
48578,2
48579,1
48581,3
48582,2
48583,0
48584,0
48585,0
48586,0
48587,1
48588,2
48589,3
48590,1
48591,0
48592,3
48593,0
48595,2
48597,3
48600,2
48601,0
48603,0
48604,1
48605,3
48607,0
48608,0
48609,0
48610,0
48613,1
48614,0
48615,0
48616,0
48617,0
48618,0
48619,2
48622,1
48623,3
48624,3
48625,0
48626,0
48627,0
48628,0
48629,1
48630,0
48631,0
48634,0
48635,0
48636,1
48637,3
48638,2
48639,0
48641,3
48642,0
48643,3
48644,0
48646,1
48647,3
48648,3
48649,0
48651,0
48652,0
48653,1
48654,2
48655,0
48656,0
48657,0
48658,0
48659,0
48660,0
48661,0
48662,0
48664,2
48665,0
48666,3
48667,1
48668,3
48669,0
48670,3
48671,3
48672,3
48674,3
48675,0
48676,1
48679,0
48680,2
48681,0
48682,0
48683,3
48684,3
48685,0
48686,1
48687,1
48688,3
48690,3
48691,3
48692,0
48693,0
48694,2
48696,3
48697,3
48698,0
48699,0
48700,0
48703,2
48704,0
48705,0
48706,1
48707,0
48708,2
48709,3
48710,0
48711,0
48712,1
48713,3
48715,2
48716,3
48717,0
48718,3
48720,2
48721,3
48722,2
48723,0
48724,1
48725,0
48726,0
48727,0
48729,3
48732,3
48733,0
48734,0
48735,1
48736,0
48737,0
48738,0
48739,0
48740,2
48741,0
48742,1
48743,0
48744,3
48745,0
48746,0
48749,2
48750,0
48751,3
48752,0
48753,1
48754,0
48755,3
48756,1
48757,2
48758,0
48759,0
48760,3
48761,3
48762,3
48764,1
48766,3
48767,3
48768,0
48769,3
48770,1
48771,0
48772,0
48773,0
48774,3
48775,2
48777,2
48778,0
48779,3
48781,0
48782,0
48783,3
48784,0
48786,0
48787,0
48788,0
48789,2
48790,0
48791,0
48792,3
48793,3
48794,2
48795,0
48796,0
48797,3
48798,0
48799,0
48800,3
48801,3
48802,0
48803,0
48804,0
48805,0
48807,0
48808,0
48809,0
48810,0
48812,1
48813,1
48814,0
48815,0
48816,3
48817,0
48820,2
48821,1
48822,2
48823,3
48826,3
48827,0
48828,3
48830,3
48831,0
48832,2
48833,0
48834,0
48835,0
48836,0
48837,0
48838,0
48839,0
48840,1
48841,0
48844,3
48845,3
48847,1
48849,0
48850,3
48851,0
48852,0
48853,0
48854,0
48855,1
48856,0
48858,0
48859,0
48860,2
48861,1
48862,0
48863,0
48864,3
48865,0
48866,2
48867,0
48868,0
48869,0
48872,1
48873,1
48874,1
48876,1
48877,3
48878,0
48879,0
48880,1
48882,3
48883,0
48884,1
48885,2
48886,3
48887,3
48888,0
48890,0
48891,1
48892,0
48893,3
48894,0
48895,0
48897,0
48898,0
48899,1
48900,2
48901,0
48902,3
48903,3
48904,0
48905,3
48906,2
48907,0
48908,2
48909,0
48910,3
48911,1
48912,3
48913,0
48915,0
48917,1
48918,0
48919,3
48920,3
48921,0
48922,0
48923,3
48924,0
48926,0
48927,0
48929,0
48930,2
48931,3
48932,0
48933,3
48934,1
48937,3
48939,0
48940,1
48942,0
48943,0
48944,3
48945,3
48946,1
48947,3
48948,0
48949,3
48950,2
48951,0
48952,3
48953,0
48955,1
48956,0
48958,1
48959,0
48960,0
48961,0
48962,0
48963,2
48965,0
48967,0
48968,0
48969,0
48970,2
48972,2
48973,3
48974,0
48975,0
48976,3
48977,3
48978,3
48980,1
48981,0
48982,1
48983,2
48984,0
48985,1
48987,1
48988,0
48989,3
48990,2
48992,3
48993,0
48994,0
48995,0
48996,0
48997,2
48998,3
48999,0
49000,3
49001,0
49002,0
49003,1
49004,3
49005,3
49006,3
49007,1
49008,1
49009,3
49010,0
49011,3
49012,3
49013,0
49014,0
49016,0
49017,1
49018,0
49019,3
49020,3
49021,0
49022,0
49025,3
49026,1
49027,0
49028,1
49029,0
49030,0
49031,0
49033,0
49034,3
49035,0
49037,0
49038,0
49039,3
49040,0
49041,3
49042,0
49043,3
49044,3
49045,0
49046,0
49047,2
49048,3
49049,0
49051,0
49052,0
49053,0
49054,0
49055,1
49056,2
49057,1
49058,0
49059,0
49060,3
49061,0
49062,0
49063,3
49065,2
49066,3
49067,0
49068,0
49069,3
49070,2
49072,0
49073,0
49074,3
49075,0
49076,3
49077,0
49078,0
49079,0
49081,0
49082,0
49083,0
49085,1
49086,0
49088,3
49089,3
49090,0
49091,0
49092,0
49093,0
49095,2
49097,0
49098,1
49100,1
49101,3
49102,3
49104,1
49105,0
49106,0
49109,0
49110,0
49112,3
49113,2
49114,3
49117,3
49118,3
49119,0
49120,0
49122,0
49123,0
49124,0
49125,2
49126,0
49127,1
49128,0
49130,3
49131,0
49132,0
49133,0
49134,1
49135,3
49136,0
49137,1
49138,2
49139,1
49141,0
49143,1
49144,0
49145,2
49146,0
49147,3
49148,3
49149,3
49151,0
49152,3
49153,3
49154,2
49155,0
49156,0
49157,0
49158,3
49159,0
49160,0
49162,1
49163,1
49164,0
49165,0
49166,3
49167,0
49170,3
49171,0
49172,0
49173,0
49174,3
49176,2
49177,0
49178,1
49179,0
49180,3
49181,3
49184,2
49186,0
49187,0
49190,2
49191,3
49192,0
49193,3
49194,2
49195,3
49196,1
49198,0
49199,0
49200,3
49203,1
49204,1
49205,0
49206,2
49208,3
49209,1
49212,3
49213,0
49214,0
49218,0
49219,0
49220,1
49221,0
49222,0
49223,0
49224,3
49225,0
49226,0
49227,0
49228,0
49229,2
49230,3
49231,3
49232,3
49233,0
49235,0
49236,1
49237,0
49238,0
49239,1
49241,3
49242,3
49243,2
49244,0
49245,0
49246,0
49247,3
49248,0
49249,0
49251,3
49252,0
49253,0
49256,3
49257,3
49258,3
49259,0
49261,2
49262,0
49263,1
49264,0
49265,0
49266,3
49267,3
49268,0
49269,0
49270,3
49271,0
49272,0
49274,3
49275,3
49276,0
49278,2
49279,0
49281,1
49282,3
49284,3
49286,0
49287,2
49288,3
49289,0
49290,0
49292,3
49293,0
49294,3
49295,3
49296,1
49297,2
49298,0
49300,0
49302,0
49303,1
49304,0
49305,3
49306,0
49307,0
49309,0
49311,1
49312,0
49314,0
49315,0
49316,0
49318,3
49319,0
49320,3
49321,0
49323,0
49324,2
49325,3
49326,0
49327,3
49328,0
49329,0
49331,2
49332,0
49333,0
49334,0
49335,0
49336,0
49337,3
49339,3
49341,3
49342,0
49344,0
49345,0
49347,1
49348,0
49349,0
49350,0
49351,1
49352,0
49355,0
49356,0
49357,0
49358,0
49359,1
49361,0
49362,3
49363,3
49364,3
49369,1
49371,0
49372,3
49373,3
49376,2
49377,3
49378,0
49379,0
49381,1
49382,1
49383,0
49384,3
49385,0
49386,3
49387,0
49388,1
49389,3
49390,3
49391,0
49392,0
49393,0
49395,0
49397,1
49400,0
49401,0
49403,0
49404,3
49406,0
49407,3
49408,1
49409,3
49410,1
49413,0
49414,2
49415,1
49418,1
49419,1
49420,0
49421,0
49422,0
49424,3
49425,0
49426,0
49427,0
49429,0
49430,0
49431,0
49432,2
49434,3
49435,0
49436,0
49437,2
49440,3
49441,1
49443,0
49444,0
49445,0
49447,0
49448,0
49450,0
49451,3
49452,3
49453,3
49454,3
49456,3
49457,0
49458,1
49459,3
49460,2
49461,3
49463,0
49464,0
49466,0
49467,3
49470,3
49472,1
49473,3
49474,0
49475,1
49477,1
49479,0
49481,3
49482,0
49484,0
49485,3
49486,0
49487,0
49490,0
49491,3
49492,3
49493,0
49494,3
49496,1
49497,3
49498,0
49500,0
49502,0
49503,0
49504,1
49507,0
49509,3
49510,3
49511,3
49512,1
49513,3
49514,3
49515,3
49516,1
49517,3
49518,3
49519,0
49520,3
49521,1
49522,0
49524,3
49525,0
49526,2
49527,3
49528,1
49529,3
49530,0
49531,0
49532,3
49534,0
49535,3
49537,3
49539,3
49540,0
49541,0
49543,0
49544,0
49545,0
49546,0
49548,0
49549,0
49551,0
49552,0
49553,0
49554,3
49555,0
49557,3
49558,0
49559,3
49560,1
49561,0
49562,0
49563,3
49564,0
49565,0
49566,0
49567,0
49568,0
49569,0
49570,3
49571,0
49572,0
49573,0
49574,0
49576,3
49577,0
49578,3
49579,1
49580,0
49581,0
49582,0
49584,0
49585,0
49586,3
49587,0
49588,0
49589,0
49591,3
49592,3
49593,3
49594,3
49595,0
49596,3
49597,0
49598,3
49599,2
49600,0
49601,0
49602,0
49604,0
49605,0
49606,3
49607,0
49609,0
49610,0
49612,2
49613,0
49614,2
49616,3
49617,0
49618,0
49619,0
49620,0
49621,0
49623,3
49625,3
49626,3
49627,2
49628,0
49629,3
49630,0
49631,0
49634,2
49635,3
49636,0
49637,3
49638,3
49639,0
49640,2
49641,3
49642,0
49643,0
49644,0
49645,3
49646,0
49647,1
49649,0
49650,0
49651,0
49652,0
49653,1
49654,0
49655,3
49656,1
49657,0
49658,3
49659,2
49660,2
49661,1
49662,0
49663,0
49664,0
49666,0
49667,3
49668,3
49669,2
49670,3
49671,1
49672,3
49673,3
49674,3
49675,0
49677,0
49679,0
49681,0
49683,1
49685,1
49686,0
49687,0
49688,0
49689,1
49690,0
49691,0
49692,2
49694,2
49695,0
49696,3
49697,0
49698,1
49699,3
49700,1
49701,1
49702,0
49703,0
49704,0
49705,3
49706,3
49707,0
49708,1
49709,0
49710,3
49711,3
49713,0
49714,3
49715,3
49717,0
49718,0
49719,1
49720,2
49721,0
49722,0
49723,3
49724,0
49725,0
49726,3
49728,3
49729,1
49730,3
49732,0
49733,0
49734,0
49735,0
49737,2
49738,0
49740,3
49741,2
49743,3
49744,2
49746,0
49747,2
49748,0
49751,2
49752,0
49753,3
49754,3
49755,0
49756,0
49758,0
49759,0
49760,1
49761,3
49762,0
49764,0
49765,1
49766,0
49767,1
49768,3
49769,0
49770,1
49771,3
49773,3
49774,0
49775,0
49776,2
49778,1
49779,0
49781,2
49784,0
49785,0
49787,0
49788,3
49790,0
49791,0
49792,0
49793,0
49794,2
49795,3
49796,3
49798,0
49799,0
49800,0
49802,0
49803,0
49804,3
49805,3
49806,2
49809,0
49810,0
49811,0
49813,1
49815,1
49816,2
49817,0
49821,3
49822,3
49823,0
49824,0
49826,3
49827,0
49828,3
49829,3
49830,0
49831,3
49833,0
49834,0
49836,0
49838,2
49839,2
49840,0
49841,1
49842,3
49843,1
49844,2
49845,0
49846,1
49851,3
49852,0
49853,0
49854,3
49855,3
49856,0
49858,0
49859,0
49862,0
49864,0
49865,3
49866,3
49867,0
49868,1
49870,3
49871,0
49872,3
49873,3
49874,0
49875,0
49877,3
49878,0
49879,0
49880,1
49881,2
49882,0
49883,0
49884,2
49885,0
49886,0
49887,2
49888,0
49890,0
49891,1
49892,3
49893,0
49894,2
49895,0
49896,0
49898,0
49899,3
49900,0
49901,1
49902,0
49903,3
49904,3
49905,3
49906,0
49908,3
49909,0
49910,0
49911,0
49912,3
49913,2
49915,3
49917,0
49918,0
49919,0
49920,0
49921,0
49922,1
49923,0
49924,3
49925,0
49926,3
49927,0
49929,2
49930,1
49931,0
49932,0
49933,1
49935,3
49936,0
49937,3
49938,3
49939,1
49941,0
49942,3
49943,1
49944,1
49945,0
49946,0
49947,1
49948,0
49949,0
49950,0
49951,3
49953,0
49954,3
49955,3
49956,0
49957,0
49958,0
49959,3
49960,3
49962,2
49963,0
49964,0
49965,3
49967,1
49968,3
49969,0
49970,3
49971,3
49972,0
49973,3
49974,3
49975,2
49976,3
49978,2
49979,0
49980,0
49981,0
49982,2
49983,0
49984,0
49985,3
49986,1
49987,3
49988,0
49990,1
49991,0
49992,0
49994,3
49995,0
49997,1
49998,0
49999,3
50000,3
50001,2
50002,3
50003,0
50004,3
50006,0
50007,1
50008,2
50009,0
50010,3
50012,3
50013,0
50014,3
50015,3
50016,0
50017,0
50020,3
50021,0
50022,0
50023,0
50026,3
50027,3
50028,0
50029,1
50030,1
50031,0
50032,2
50033,0
50034,3
50035,0
50036,2
50037,3
50038,2
50040,0
50041,0
50042,3
50043,1
50044,1
50045,3
50046,0
50048,1
50049,0
50050,0
50051,3
50052,0
50053,0
50054,1
50055,1
50056,3
50058,0
50060,0
50061,3
50064,3
50065,0
50066,0
50067,3
50068,0
50069,0
50071,2
50072,0
50073,2
50075,0
50076,0
50077,0
50078,0
50080,0
50081,1
50082,0
50084,2
50086,3
50088,0
50089,2
50090,2
50091,0
50092,0
50093,0
50095,1
50097,0
50099,3
50100,3
50102,0
50103,3
50104,3
50106,0
50107,3
50108,0
50109,0
50110,0
50111,0
50112,1
50113,0
50115,2
50116,0
50117,3
50118,0
50119,2
50120,2
50121,0
50123,0
50124,1
50126,3
50128,0
50129,3
50130,0
50131,0
50132,2
50133,0
50134,3
50135,3
50136,2
50137,1
50139,0
50141,0
50142,0
50143,1
50145,0
50148,3
50150,0
50151,2
50152,2
50153,0
50155,1
50157,1
50158,0
50159,3
50160,0
50161,0
50162,2
50163,0
50164,0
50166,2
50167,3
50168,2
50170,0
50171,0
50173,2
50174,0
50176,3
50177,0
50178,1
50179,0
50180,2
50181,3
50183,3
50186,3
50187,0
50188,3
50189,3
50190,0
50191,0
50192,2
50193,0
50194,2
50195,0
50196,0
50197,0
50198,0
50199,0
50200,3
50201,0
50202,1
50203,3
50204,0
50205,0
50208,3
50209,0
50210,0
50211,0
50212,0
50213,3
50214,1
50215,0
50216,3
50217,3
50218,0
50219,3
50220,3
50221,0
50222,0
50223,3
50226,3
50228,0
50229,0
50230,1
50231,2
50232,2
50234,3
50235,1
50236,3
50237,3
50238,0
50239,3
50240,3
50242,0
50243,0
50244,3
50245,3
50248,0
50249,0
50251,0
50253,2
50254,3
50255,0
50256,3
50257,0
50258,1
50259,0
50260,0
50261,3
50262,1
50263,0
50264,3
50265,0
50266,3
50267,0
50268,1
50269,0
50270,0
50271,2
50272,0
50273,0
50274,3
50275,0
50276,0
50277,2
50278,2
50279,1
50280,2
50282,0
50283,0
50284,3
50285,0
50286,3
50289,3
50290,0
50293,0
50294,3
50296,3
50298,0
50299,0
50301,0
50302,0
50303,3
50305,3
50307,0
50308,3
50309,1
50310,0
50311,3
50315,3
50316,3
50317,1
50318,3
50319,0
50321,0
50322,0
50323,0
50324,0
50325,1
50326,3
50327,1
50329,0
50330,3
50331,0
50332,0
50333,0
50334,0
50335,0
50336,3
50337,0
50338,2
50339,0
50340,3
50342,3
50344,0
50345,2
50346,3
50347,3
50348,0
50350,0
50351,3
50352,3
50353,1
50355,0
50356,3
50357,0
50358,1
50360,0
50362,3
50363,3
50364,0
50365,3
50366,0
50367,3
50368,0
50369,0
50371,0
50373,1
50374,1
50375,3
50376,3
50377,3
50378,0
50379,0
50380,0
50382,0
50383,0
50386,1
50387,3
50388,1
50389,0
50391,0
50392,0
50393,2
50394,0
50395,1
50396,2
50397,0
50398,0
50399,3
50401,3
50402,3
50403,0
50404,0
50407,2
50408,0
50409,0
50410,0
50411,3
50412,1
50413,3
50414,3
50415,1
50416,3
50417,1
50418,3
50419,0
50420,0
50422,3
50423,0
50425,3
50426,3
50427,3
50429,3
50430,0
50431,0
50432,0
50433,1
50434,0
50435,3
50436,2
50438,0
50439,0
50440,1
50441,1
50442,0
50445,3
50446,3
50448,0
50449,3
50450,0
50451,3
50452,3
50454,3
50455,3
50456,3
50457,0
50458,2
50459,3
50460,2
50461,1
50463,0
50464,0
50466,0
50467,1
50469,3
50470,0
50471,0
50472,0
50473,0
50474,1
50475,0
50476,0
50477,0
50479,0
50480,1
50481,1
50482,3
50483,0
50484,3
50485,0
50488,3
50489,3
50490,3
50491,1
50492,2
50494,0
50495,1
50496,3
50497,0
50498,3
50499,0
50500,2
50502,3
50503,3
50506,0
50507,2
50508,3
50509,2
50512,1
50515,0
50516,3
50517,1
50518,2
50519,3
50520,0
50522,3
50523,3
50526,3
50527,0
50528,1
50529,3
50532,0
50533,0
50534,1
50535,0
50536,0
50537,2
50538,0
50539,1
50540,0
50542,1
50543,0
50545,0
50547,3
50549,0
50553,0
50554,1
50555,1
50557,3
50558,0
50560,0
50561,3
50563,3
50564,3
50566,3
50567,0
50570,0
50571,3
50573,1
50575,0
50576,3
50577,0
50578,3
50581,1
50583,0
50585,2
50586,3
50588,3
50589,2
50590,0
50591,0
50593,2
50594,3
50596,0
50597,0
50598,0
50599,0
50600,2
50601,0
50602,3
50606,0
50607,3
50608,0
50609,3
50610,3
50611,0
50612,1
50613,0
50614,0
50615,0
50618,3
50620,0
50621,1
50622,0
50623,0
50624,0
50625,3
50626,3
50627,3
50628,0
50629,3
50630,3
50631,0
50632,3
50633,3
50634,3
50635,0
50636,3
50637,3
50638,0
50639,3
50641,1
50642,1
50643,0
50644,0
50645,2
50646,0
50648,0
50650,0
50651,0
50653,1
50655,0
50656,0
50657,3
50658,0
50659,0
50660,3
50662,0
50663,2
50665,3
50666,2
50667,0
50668,0
50669,0
50670,0
50671,1
50672,0
50673,3
50674,3
50675,0
50676,0
50677,1
50679,0
50680,0
50682,0
50683,0
50684,3
50685,2
50687,0
50688,1
50689,0
50690,3
50692,0
50694,0
50697,2
50698,3
50699,3
50700,2
50701,0
50702,0
50703,0
50705,0
50708,2
50709,0
50710,2
50711,3
50712,0
50713,0
50714,0
50715,0
50716,3
50718,1
50719,3
50720,2
50722,0
50723,3
50726,1
50727,0
50728,0
50729,0
50731,0
50732,1
50733,3
50734,0
50735,0
50736,0
50737,0
50738,1
50739,0
50740,0
50741,0
50742,2
50743,1
50744,0
50745,0
50746,3
50747,0
50748,0
50749,3
50750,0
50751,3
50752,2
50753,0
50754,0
50755,2
50756,2
50757,0
50758,0
50759,3
50760,1
50761,3
50762,3
50765,2
50766,3
50767,0
50768,1
50769,3
50770,0
50771,1
50772,1
50773,0
50774,3
50775,3
50776,0
50777,0
50778,0
50779,3
50780,0
50782,0
50784,2
50785,2
50786,2
50787,1
50789,1
50790,3
50791,2
50792,0
50794,1
50795,0
50796,0
50797,0
50799,3
50800,1
50801,0
50802,2
50803,0
50805,0
50807,0
50809,0
50810,3
50811,0
50812,3
50814,3
50815,0
50816,3
50817,0
50818,2
50820,0
50821,3
50822,0
50823,0
50824,0
50825,2
50826,1
50827,3
50828,0
50829,3
50830,3
50831,0
50832,0
50833,0
50834,3
50835,1
50836,0
50837,0
50839,0
50840,0
50841,0
50842,3
50843,0
50844,2
50845,3
50846,3
50847,3
50849,3
50850,1
50852,0
50854,3
50855,3
50856,0
50857,3
50859,3
50861,0
50862,3
50864,2
50866,0
50867,0
50869,1
50870,1
50871,0
50872,3
50874,0
50875,0
50876,3
50878,3
50879,0
50880,3
50881,0
50882,3
50883,0
50884,3
50885,0
50886,0
50887,0
50888,0
50889,2
50890,0
50891,3
50892,0
50895,0
50897,0
50898,3
50899,3
50900,0
50901,0
50902,0
50903,0
50904,0
50905,3
50906,3
50907,0
50908,1
50909,3
50910,3
50911,3
50912,1
50913,0
50915,0
50918,3
50919,0
50920,2
50921,1
50922,0
50923,1
50924,0
50925,3
50926,3
50927,2
50928,3
50929,0
50930,3
50931,1
50933,3
50934,0
50935,0
50937,0
50938,3
50940,3
50941,3
50942,0
50943,3
50944,0
50945,3
50946,0
50947,0
50948,3
50949,0
50950,2
50951,0
50952,0
50953,0
50954,0
50955,3
50956,1
50957,3
50958,3
50959,3
50960,0
50961,0
50962,3
50963,0
50964,3
50965,0
50966,3
50967,3
50968,0
50970,2
50971,0
50972,0
50973,0
50974,2
50975,0
50976,1
50977,3
50978,0
50979,0
50980,3
50981,0
50984,0
50985,1
50987,3
50988,3
50990,0
50991,0
50992,0
50994,0
50995,0
50996,0
50997,3
50998,2
50999,0
51000,3
51002,0
51003,3
51006,3
51007,1
51008,0
51010,0
51012,0
51013,0
51014,3
51015,0
51016,0
51017,0
51018,0
51021,0
51022,0
51023,0
51024,3
51025,1
51026,2
51028,3
51029,1
51030,2
51031,0
51032,0
51034,1
51035,1
51036,2
51037,2
51039,3
51040,2
51042,0
51043,0
51044,0
51045,0
51046,0
51047,0
51048,3
51049,0
51050,2
51052,0
51053,0
51054,1
51056,1
51059,3
51061,0
51062,0
51063,3
51065,0
51067,2
51069,0
51070,0
51071,0
51072,1
51073,3
51074,0
51075,0
51077,0
51078,0
51079,3
51080,3
51081,2
51083,0
51084,0
51085,0
51086,0
51087,1
51088,0
51089,1
51090,1
51091,0
51092,1
51093,1
51094,0
51095,0
51097,1
51098,3
51099,0
51100,3
51101,3
51102,2
51103,0
51104,3
51105,0
51107,0
51108,3
51109,3
51110,0
51111,0
51112,0
51113,3
51114,1
51115,0
51116,3
51117,1
51118,0
51120,0
51121,0
51123,2
51124,3
51125,3
51127,3
51128,3
51129,0
51130,0
51131,3
51132,1
51133,2
51134,3
51135,1
51137,3
51138,2
51140,3
51141,3
51142,0
51144,0
51145,2
51146,0
51147,0
51148,0
51149,1
51150,0
51152,0
51153,0
51154,3
51155,0
51157,2
51158,1
51159,0
51161,0
51162,0
51163,0
51164,3
51166,0
51167,0
51168,0
51169,3
51171,0
51172,0
51173,0
51174,1
51175,3
51176,0
51177,0
51179,0
51180,0
51181,1
51182,3
51183,0
51184,3
51191,0
51192,0
51193,3
51194,0
51195,1
51197,0
51198,2
51199,3
51200,3
51201,1
51203,3
51204,0
51205,0
51206,0
51207,0
51210,3
51211,3
51213,3
51214,0
51215,0
51216,3
51218,0
51219,0
51221,0
51224,1
51226,0
51227,0
51228,0
51229,3
51230,2
51231,0
51234,0
51235,0
51236,0
51237,2
51239,3
51240,3
51241,3
51242,0
51243,2
51244,3
51245,0
51247,0
51248,0
51249,0
51250,0
51251,0
51252,3
51253,3
51255,0
51256,0
51257,0
51258,3
51259,3
51262,1
51263,1
51265,0
51267,0
51268,0
51269,0
51271,3
51272,3
51274,3
51275,0
51276,0
51278,3
51279,0
51280,0
51282,0
51284,0
51285,1
51288,3
51289,0
51290,1
51291,3
51292,3
51293,0
51294,3
51295,0
51297,0
51299,2
51300,0
51302,0
51303,2
51304,3
51306,3
51307,2
51308,0
51309,3
51310,3
51311,3
51312,3
51313,3
51314,3
51315,3
51316,3
51317,3
51318,0
51320,1
51321,3
51322,0
51323,0
51324,3
51325,0
51326,0
51328,3
51330,3
51331,0
51332,3
51334,3
51335,0
51336,0
51337,0
51338,2
51339,1
51341,0
51342,0
51343,1
51344,0
51345,0
51346,3
51347,2
51348,2
51349,3
51350,0
51351,0
51352,2
51355,3
51357,0
51358,3
51359,0
51360,0
51361,1
51362,1
51364,3
51366,1
51367,0
51369,3
51370,0
51371,1
51372,3
51373,2
51374,0
51376,0
51377,2
51380,0
51381,0
51383,0
51385,0
51386,2
51387,0
51388,3
51389,2
51390,3
51391,3
51392,3
51393,2
51394,0
51395,0
51396,0
51398,3
51399,2
51401,0
51402,0
51403,0
51405,3
51406,3
51409,0
51410,2
51411,1
51412,0
51413,0
51414,0
51415,0
51417,0
51418,0
51419,0
51422,3
51423,0
51424,0
51425,3
51426,2
51428,0
51430,0
51431,3
51432,2
51433,3
51434,0
51435,3
51436,0
51437,2
51438,1
51441,1
51442,1
51443,0
51444,3
51445,0
51446,3
51447,0
51450,0
51451,0
51452,1
51454,1
51455,2
51456,3
51458,3
51459,1
51460,3
51461,0
51463,2
51464,0
51465,1
51466,2
51467,3
51468,1
51470,3
51471,0
51472,1
51473,3
51474,3
51475,0
51476,3
51478,0
51479,0
51482,2
51483,1
51484,0
51485,3
51486,0
51487,0
51489,3
51490,3
51491,3
51492,1
51493,1
51494,3
51495,1
51496,3
51498,0
51500,3
51501,0
51502,0
51504,3
51505,0
51506,0
51507,3
51508,1
51509,0
51510,1
51511,0
51512,0
51513,3
51516,0
51517,0
51518,0
51519,0
51520,0
51521,3
51522,1
51523,3
51524,0
51525,0
51526,2
51529,0
51530,1
51531,0
51534,3
51535,1
51536,3
51537,3
51538,0
51539,0
51540,0
51541,0
51543,2
51544,0
51545,0
51546,3
51547,1
51548,1
51549,0
51550,0
51551,3
51552,3
51553,0
51554,3
51555,0
51556,2
51557,3
51558,0
51561,1
51562,0
51563,0
51564,0
51565,2
51567,0
51568,3
51569,0
51570,0
51571,0
51572,0
51573,2
51576,0
51577,3
51579,0
51580,0
51581,2
51582,0
51583,1
51584,2
51585,0
51587,0
51588,0
51589,0
51590,0
51591,1
51592,0
51594,0
51595,0
51597,0
51598,3
51599,0
51600,3
51602,3
51604,1
51605,0
51606,1
51611,1
51612,0
51613,3
51614,0
51615,0
51616,0
51618,0
51621,0
51622,3
51623,0
51625,0
51626,0
51629,0
51630,2
51631,0
51632,3
51633,0
51634,3
51635,0
51636,1
51637,0
51639,3
51641,3
51642,0
51643,0
51644,0
51645,0
51646,1
51647,0
51648,1
51649,0
51650,3
51651,3
51652,2
51653,0
51654,3
51655,3
51656,0
51657,0
51658,0
51659,0
51660,1
51662,0
51663,0
51664,3
51665,0
51666,0
51668,0
51669,3
51670,2
51671,3
51672,3
51674,0
51675,0
51676,0
51677,0
51679,0
51680,0
51681,3
51682,1
51683,2
51684,0
51686,2
51687,3
51688,0
51689,0
51693,3
51694,3
51695,0
51696,0
51698,0
51699,2
51701,3
51702,2
51706,0
51707,0
51708,0
51709,0
51710,0
51711,1
51712,0
51714,2
51715,1
51717,0
51718,3
51721,3
51722,3
51723,0
51727,3
51728,3
51730,3
51731,2
51732,0
51733,3
51734,0
51735,0
51736,0
51737,0
51739,0
51742,3
51744,0
51745,3
51746,2
51747,0
51748,0
51749,3
51753,2
51754,3
51756,3
51757,3
51758,0
51759,3
51761,0
51762,0
51763,1
51764,0
51766,0
51767,1
51768,0
51769,0
51770,1
51771,0
51772,1
51773,0
51774,0
51775,1
51776,0
51777,3
51778,2
51779,0
51780,3
51781,0
51783,2
51787,0
51788,0
51789,0
51790,0
51791,0
51792,0
51793,3
51794,0
51796,0
51797,3
51798,2
51799,0
51800,1
51801,0
51802,1
51804,1
51805,3
51806,0
51808,0
51810,3
51811,1
51812,3
51813,0
51816,0
51817,0
51818,1
51819,0
51820,2
51821,3
51822,0
51823,1
51824,0
51825,3
51826,2
51827,3
51829,3
51830,0
51831,0
51832,1
51834,2
51835,3
51836,3
51837,3
51838,0
51839,2
51841,0
51842,3
51843,0
51844,3
51845,0
51846,2
51847,3
51849,3
51850,3
51851,0
51853,0
51855,2
51856,0
51858,0
51859,3
51860,1
51861,0
51862,1
51863,0
51864,3
51867,0
51868,3
51869,0
51870,3
51871,2
51872,0
51873,3
51874,0
51875,2
51876,3
51877,3
51878,0
51879,3
51881,0
51883,0
51884,3
51886,1
51888,0
51889,0
51890,3
51891,3
51892,1
51893,0
51894,0
51895,1
51896,3
51897,2
51898,0
51900,0
51901,0
51903,2
51904,0
51905,0
51908,3
51909,0
51911,3
51912,3
51913,0
51914,3
51915,2
51916,1
51917,1
51918,2
51921,0
51922,1
51923,2
51924,0
51925,0
51926,1
51927,0
51928,2
51929,0
51930,0
51931,0
51933,0
51934,3
51935,0
51936,3
51937,2
51938,0
51939,3
51940,3
51941,0
51942,3
51943,1
51944,2
51945,0
51946,1
51947,0
51948,0
51950,3
51951,3
51952,3
51953,0
51954,1
51955,0
51957,3
51958,0
51959,1
51962,2
51963,1
51964,2
51965,0
51966,3
51967,3
51968,3
51969,3
51970,0
51973,0
51974,2
51976,0
51977,0
51978,1
51979,0
51980,3
51982,1
51983,0
51984,3
51986,3
51987,2
51989,3
51990,3
51991,0
51992,0
51993,3
51995,0
51996,3
51997,0
51998,2
51999,0
52000,3
52001,3
52002,0
52003,0
52005,0
52006,0
52008,1
52009,3
52010,0
52011,1
52013,0
52014,1
52016,0
52019,0
52020,3
52021,0
52022,3
52025,3
52026,0
52027,3
52028,0
52030,3
52031,1
52032,2
52033,3
52034,3
52035,3
52036,3
52037,0
52038,1
52040,1
52042,0
52043,0
52044,0
52045,3
52046,1
52047,0
52048,1
52050,0
52051,0
52052,3
52053,2
52054,3
52055,0
52056,3
52057,1
52058,1
52059,1
52061,0
52062,0
52063,3
52065,3
52066,0
52067,2
52068,0
52069,0
52071,0
52072,3
52073,1
52074,0
52075,0
52076,0
52078,3
52079,0
52080,1
52081,0
52082,2
52083,3
52084,1
52085,0
52086,3
52089,1
52090,0
52091,3
52092,0
52093,2
52094,0
52096,0
52097,1
52099,0
52100,1
52101,0
52102,0
52103,3
52104,0
52105,3
52106,1
52107,0
52108,0
52112,0
52113,3
52116,2
52117,3
52118,1
52119,0
52120,0
52122,3
52123,3
52124,0
52126,2
52129,0
52130,0
52131,1
52132,0
52134,1
52135,2
52136,1
52137,2
52138,0
52139,3
52144,1
52145,3
52146,2
52148,0
52149,3
52150,1
52151,1
52152,2
52153,3
52154,0
52156,1
52157,0
52158,3
52159,1
52160,0
52161,3
52162,0
52164,3
52165,3
52166,2
52167,3
52168,0
52169,3
52170,2
52171,3
52172,0
52173,1
52176,3
52177,0
52178,0
52179,1
52180,0
52181,0
52182,0
52183,1
52184,0
52186,3
52188,2
52189,0
52191,2
52192,0
52193,2
52194,3
52195,0
52196,3
52197,1
52198,1
52199,0
52200,2
52201,1
52203,0
52204,0
52206,3
52207,3
52208,0
52209,0
52210,1
52211,0
52212,0
52213,0
52215,0
52217,1
52218,0
52219,2
52220,1
52221,0
52222,3
52223,2
52224,0
52225,1
52226,0
52227,0
52228,0
52229,0
52231,0
52232,3
52233,1
52234,0
52235,0
52236,1
52237,3
52238,2
52240,2
52241,2
52242,3
52243,3
52246,0
52248,1
52249,0
52250,1
52251,0
52252,0
52253,2
52254,2
52255,0
52259,1
52260,3
52261,1
52262,3
52263,0
52264,0
52266,3
52269,3
52270,2
52271,1
52272,3
52273,3
52275,3
52276,3
52278,0
52279,0
52280,0
52281,0
52282,0
52283,0
52284,0
52286,1
52287,3
52288,0
52289,0
52290,3
52291,0
52292,1
52293,3
52294,0
52295,0
52296,1
52297,0
52298,0
52299,0
52300,0
52301,0
52304,0
52305,0
52306,0
52307,3
52309,0
52310,0
52311,0
52312,0
52313,1
52314,1
52315,3
52316,1
52317,3
52318,3
52319,1
52320,2
52321,0
52322,2
52323,0
52324,2
52325,0
52326,0
52327,0
52329,3
52330,3
52331,0
52332,2
52333,0
52334,3
52336,0
52338,3
52339,0
52340,0
52343,0
52346,3
52347,0
52348,0
52351,0
52352,0
52353,1
52354,0
52356,0
52357,3
52358,0
52359,0
52361,3
52362,0
52363,0
52364,3
52367,0
52369,0
52370,0
52371,3
52374,2
52375,3
52376,0
52377,1
52378,1
52379,3
52380,2
52381,1
52383,0
52385,0
52387,0
52388,3
52390,0
52391,0
52392,0
52393,2
52394,3
52395,2
52396,0
52397,3
52398,1
52401,0
52402,0
52403,0
52404,0
52405,0
52406,1
52407,3
52408,1
52409,0
52410,0
52412,3
52413,3
52414,3
52415,0
52416,0
52417,0
52419,0
52420,0
52423,0
52425,3
52426,1
52427,0
52428,0
52429,0
52430,0
52431,3
52433,0
52435,0
52436,1
52437,0
52438,3
52439,3
52440,0
52441,3
52442,3
52444,0
52445,0
52446,3
52447,0
52448,0
52449,3
52450,0
52451,0
52453,0
52454,0
52455,0
52456,0
52460,3
52461,0
52462,2
52463,0
52464,1
52465,1
52466,1
52468,0
52469,0
52470,3
52471,2
52472,2
52473,3
52474,0
52476,0
52481,1
52482,0
52483,0
52484,3
52486,0
52489,2
52490,3
52491,1
52492,2
52493,3
52495,3
52496,3
52497,0
52498,3
52500,3
52501,3
52502,0
52503,2
52504,1
52505,3
52506,0
52507,3
52508,3
52509,3
52511,0
52512,3
52513,2
52514,3
52515,0
52517,1
52518,0
52519,0
52520,0
52521,3
52522,0
52523,1
52524,0
52525,1
52526,0
52527,3
52528,3
52529,3
52530,0
52532,0
52533,3
52534,3
52535,3
52536,0
52537,2
52538,3
52540,3
52541,1
52542,0
52543,1
52544,1
52545,3
52546,3
52547,2
52548,3
52549,3
52550,0
52552,1
52555,3
52558,2
52561,3
52562,0
52563,1
52564,0
52565,0
52566,0
52569,3
52570,3
52571,0
52572,3
52573,1
52574,3
52575,3
52576,1
52577,0
52578,1
52579,3
52580,1
52581,3
52582,3
52584,2
52585,3
52586,2
52588,2
52590,0
52591,0
52593,0
52594,0
52595,0
52596,0
52597,0
52598,0
52599,0
52600,1
52601,1
52602,0
52603,3
52604,3
52605,0
52606,3
52607,0
52608,3
52609,0
52610,0
52613,1
52614,3
52615,3
52616,0
52618,0
52619,0
52626,3
52627,0
52628,2
52629,1
52630,0
52631,0
52632,3
52633,0
52634,3
52635,0
52637,1
52638,0
52639,0
52640,0
52641,0
52643,0
52644,0
52645,2
52646,0
52647,3
52648,0
52650,0
52651,0
52652,0
52653,1
52654,1
52655,1
52657,3
52658,0
52659,1
52660,0
52661,3
52662,2
52663,0
52665,3
52666,0
52667,0
52668,0
52669,0
52670,0
52671,0
52673,3
52674,3
52675,1
52676,0
52678,0
52679,0
52680,3
52681,0
52682,3
52683,3
52684,0
52685,3
52686,1
52687,0
52690,3
52693,0
52694,3
52695,1
52696,3
52697,3
52698,1
52699,0
52700,2
52702,0
52703,1
52704,1
52705,2
52706,2
52707,3
52708,2
52709,3
52710,0
52711,0
52712,0
52713,3
52716,0
52717,0
52718,1
52719,0
52721,0
52722,0
52723,0
52725,2
52726,3
52727,3
52728,3
52729,2
52730,1
52732,0
52733,2
52734,3
52736,0
52738,0
52739,0
52740,0
52741,0
52742,0
52743,2
52744,0
52746,0
52748,0
52749,0
52750,1
52751,0
52752,0
52756,3
52757,0
52758,2
52759,0
52760,0
52762,1
52763,2
52764,0
52765,2
52766,0
52767,2
52768,1
52769,2
52770,0
52771,1
52772,0
52773,1
52774,0
52778,0
52779,2
52780,0
52781,0
52782,0
52784,0
52785,3
52786,0
52787,1
52788,0
52789,1
52792,0
52794,3
52795,0
52796,0
52797,3
52798,3
52799,0
52800,2
52802,2
52804,0
52805,0
52806,3
52809,3
52811,1
52812,3
52813,1
52814,3
52815,2
52816,0
52817,0
52818,0
52819,0
52820,1
52821,0
52822,0
52823,2
52825,0
52828,3
52829,3
52830,1
52832,3
52833,3
52834,0
52836,0
52837,1
52838,3
52839,1
52840,0
52841,0
52842,1
52843,0
52844,0
52846,0
52849,1
52850,0
52851,1
52854,3
52855,2
52856,3
52857,0
52858,3
52859,0
52860,3
52861,1
52862,1
52863,3
52864,0
52867,0
52868,2
52869,1
52871,0
52872,2
52874,3
52875,2
52879,3
52880,3
52881,3
52882,0
52883,0
52884,1
52885,0
52886,2
52887,1
52888,0
52889,3
52890,0
52891,3
52892,0
52893,0
52895,0
52896,0
52898,0
52899,0
52900,3
52901,0
52903,3
52905,3
52906,3
52907,3
52909,3
52910,3
52911,0
52912,0
52914,3
52916,0
52917,0
52918,1
52919,2
52921,0
52922,2
52923,0
52924,3
52926,0
52928,1
52929,0
52930,0
52931,0
52932,0
52933,2
52937,0
52940,3
52941,3
52942,1
52943,3
52946,0
52947,0
52948,3
52950,3
52951,3
52952,1
52954,1
52955,0
52956,0
52957,1
52958,3
52960,2
52961,1
52962,0
52963,2
52964,0
52966,0
52967,0
52968,3
52969,3
52970,2
52971,0
52972,2
52973,0
52974,3
52975,0
52976,0
52977,3
52978,1
52980,0
52982,1
52983,0
52984,1
52986,0
52987,2
52988,0
52990,0
52992,0
52993,0
52994,1
52995,2
52996,3
52997,0
52998,2
52999,3
53000,0
53001,0
53003,2
53005,0
53006,3
53007,3
53008,3
53009,0
53010,1
53011,0
53012,3
53013,3
53014,0
53015,0
53016,3
53018,3
53019,0
53020,0
53022,3
53024,1
53025,3
53027,0
53028,0
53029,0
53030,3
53031,3
53032,0
53033,0
53034,3
53036,0
53037,3
53038,2
53039,1
53041,0
53042,0
53043,1
53044,0
53045,1
53047,0
53048,2
53049,0
53050,0
53051,3
53052,0
53053,2
53054,0
53056,1
53057,1
53058,0
53059,0
53060,0
53062,0
53063,0
53065,2
53066,0
53069,0
53070,1
53072,0
53073,0
53074,1
53075,0
53077,3
53078,0
53079,0
53080,3
53081,3
53082,2
53083,3
53084,3
53085,3
53086,3
53087,0
53088,0
53089,0
53092,3
53093,0
53094,0
53095,3
53096,0
53101,0
53102,3
53103,3
53104,0
53105,2
53106,0
53108,0
53109,1
53110,2
53111,0
53114,2
53115,0
53116,3
53117,3
53118,2
53119,1
53120,0
53121,0
53122,3
53123,0
53125,3
53126,0
53127,0
53128,0
53129,0
53130,0
53131,1
53132,3
53133,0
53134,1
53135,2
53136,3
53138,0
53139,0
53141,3
53142,2
53143,1
53144,0
53146,1
53147,3
53148,0
53149,1
53150,3
53152,1
53154,1
53155,3
53156,0
53157,1
53158,1
53159,0
53160,0
53162,2
53163,0
53164,1
53165,0
53166,3
53168,3
53169,3
53171,0
53173,2
53174,0
53175,0
53176,0
53177,2
53178,1
53179,1
53180,0
53182,0
53184,3
53187,0
53189,3
53190,0
53191,0
53192,3
53193,1
53195,0
53196,1
53197,1
53200,0
53201,1
53202,3
53203,0
53204,3
53205,1
53206,0
53207,3
53208,0
53210,0
53211,3
53212,0
53214,1
53215,3
53216,0
53217,0
53219,0
53220,1
53221,2
53222,0
53223,3
53224,1
53225,2
53226,0
53228,1
53229,0
53230,3
53231,3
53232,0
53233,3
53236,0
53237,0
53238,0
53239,1
53240,3
53241,1
53242,3
53244,0
53245,0
53246,0
53247,0
53248,3
53249,3
53250,0
53251,3
53252,0
53254,0
53255,0
53256,3
53258,1
53259,0
53260,1
53263,3
53264,0
53265,0
53269,0
53271,3
53272,0
53273,3
53274,3
53276,0
53277,0
53278,1
53279,1
53280,1
53281,3
53283,3
53284,1
53285,0
53286,3
53290,0
53291,3
53292,0
53293,0
53294,0
53295,0
53296,2
53297,0
53298,3
53300,1
53301,3
53302,3
53304,3
53305,3
53306,0
53308,0
53309,3
53310,2
53311,0
53312,0
53313,1
53315,3
53318,3
53319,0
53321,0
53322,3
53323,3
53324,0
53325,2
53326,0
53327,0
53329,2
53330,3
53331,0
53332,3
53334,2
53336,3
53340,3
53341,0
53342,0
53343,0
53344,1
53345,1
53349,0
53351,3
53352,0
53354,0
53355,0
53357,2
53358,0
53359,3
53360,3
53362,3
53363,3
53364,1
53365,1
53366,0
53367,0
53369,0
53370,0
53371,3
53372,0
53373,0
53374,0
53376,0
53377,1
53378,1
53379,2
53380,1
53381,0
53382,0
53383,2
53384,1
53385,1
53386,2
53387,0
53388,0
53389,3
53390,3
53391,0
53392,0
53393,3
53396,0
53397,2
53398,0
53399,0
53400,3
53401,0
53402,2
53403,1
53406,3
53407,1
53408,0
53409,0
53410,1
53412,3
53413,1
53414,1
53415,1
53416,3
53417,0
53418,2
53419,0
53420,3
53421,3
53422,3
53423,0
53424,0
53426,0
53427,0
53428,1
53429,0
53431,0
53432,1
53433,3
53434,3
53435,3
53436,3
53437,0
53438,3
53439,2
53440,0
53441,3
53442,2
53443,0
53444,3
53447,0
53448,0
53449,3
53452,3
53453,0
53454,3
53455,0
53456,0
53457,3
53458,1
53460,1
53461,0
53462,0
53463,0
53464,1
53466,0
53467,0
53468,0
53469,3
53470,0
53471,0
53472,3
53473,3
53474,3
53475,0
53476,0
53477,0
53478,0
53479,0
53480,0
53481,3
53482,3
53483,3
53486,0
53488,3
53489,0
53490,0
53491,0
53492,0
53493,2
53494,0
53495,0
53496,1
53497,1
53498,0
53499,0
53500,3
53501,3
53502,0
53503,3
53505,3
53508,0
53509,0
53510,0
53511,0
53513,3
53515,1
53517,1
53519,3
53520,0
53521,0
53523,1
53524,2
53525,3
53526,0
53527,0
53528,3
53529,2
53530,0
53531,3
53532,0
53533,0
53535,0
53536,0
53537,3
53538,3
53539,0
53540,0
53543,0
53545,0
53546,0
53547,0
53548,2
53549,3
53550,0
53551,0
53552,0
53553,3
53555,2
53558,0
53560,2
53561,3
53562,0
53563,0
53565,1
53566,0
53567,0
53569,0
53570,0
53571,2
53572,3
53574,0
53576,0
53577,0
53579,0
53580,0
53581,2
53582,0
53585,0
53586,0
53587,3
53588,3
53589,3
53590,2
53591,0
53592,0
53593,1
53594,0
53595,2
53596,0
53598,3
53599,0
53600,3
53601,0
53603,3
53604,2
53605,3
53607,0
53608,3
53609,0
53610,0
53611,3
53613,0
53614,2
53615,1
53616,0
53617,0
53618,0
53619,1
53620,3
53621,1
53622,0
53623,0
53624,0
53627,2
53629,3
53630,3
53631,0
53632,2
53634,3
53637,3
53638,1
53639,3
53640,1
53641,0
53643,3
53644,0
53645,3
53646,3
53648,0
53649,0
53650,0
53652,1
53653,0
53654,3
53655,3
53656,0
53657,3
53662,3
53663,0
53664,1
53666,0
53667,0
53668,1
53669,0
53671,2
53672,0
53673,1
53674,0
53675,0
53676,0
53678,3
53679,3
53680,0
53681,0
53684,2
53686,0
53687,0
53688,0
53689,1
53690,0
53691,3
53694,2
53696,3
53697,0
53698,3
53699,3
53700,0
53701,1
53703,2
53705,0
53706,2
53707,0
53708,0
53709,0
53711,2
53712,1
53713,3
53714,0
53715,1
53716,0
53717,0
53718,3
53720,3
53721,0
53722,1
53723,0
53726,0
53727,3
53728,1
53729,0
53730,0
53731,0
53732,3
53733,0
53734,3
53735,2
53736,0
53737,0
53738,0
53739,0
53740,3
53741,3
53742,0
53743,3
53744,0
53745,3
53746,1
53747,0
53748,1
53749,0
53750,0
53751,0
53754,0
53755,3
53756,3
53757,0
53758,0
53759,0
53760,0
53762,3
53764,3
53765,0
53766,0
53767,0
53768,0
53769,1
53770,3
53771,0
53773,3
53774,0
53775,0
53776,0
53777,0
53778,2
53779,3
53780,3
53781,0
53782,0
53783,3
53784,0
53785,0
53786,0
53787,0
53788,0
53789,3
53790,1
53792,0
53796,0
53798,3
53799,0
53800,0
53801,0
53804,3
53805,0
53806,3
53807,3
53808,0
53809,0
53811,0
53815,3
53816,0
53817,3
53819,3
53821,0
53823,0
53824,0
53825,0
53826,3
53827,3
53828,0
53829,3
53830,0
53832,3
53833,1
53835,1
53836,0
53839,0
53840,2
53842,1
53843,3
53844,0
53847,2
53849,0
53850,3
53851,1
53852,0
53853,1
53854,3
53855,0
53856,0
53858,3
53859,0
53860,0
53861,1
53863,0
53864,3
53865,3
53866,3
53867,0
53868,0
53869,0
53870,0
53871,0
53872,0
53873,0
53874,2
53876,3
53878,3
53879,3
53880,1
53881,2
53882,0
53883,3
53884,0
53885,1
53886,0
53887,3
53888,0
53889,3
53890,3
53891,0
53892,0
53893,2
53894,3
53896,0
53897,0
53898,0
53899,1
53900,2
53901,0
53902,3
53903,0
53904,2
53905,2
53908,1
53909,3
53910,0
53911,3
53912,0
53913,0
53914,1
53915,1
53916,3
53919,2
53920,0
53921,0
53922,0
53923,0
53924,3
53926,0
53927,0
53928,0
53930,3
53931,0
53932,3
53934,0
53935,1
53936,1
53937,1
53938,3
53939,0
53940,0
53941,2
53942,1
53943,3
53944,2
53945,0
53946,2
53947,2
53948,0
53949,0
53952,0
53953,3
53954,0
53955,3
53958,3
53959,3
53960,3
53961,0
53962,1
53963,0
53964,1
53965,1
53966,0
53967,1
53968,0
53969,0
53971,0
53972,0
53973,0
53974,3
53975,0
53976,3
53977,0
53978,0
53979,3
53980,0
53981,2
53982,3
53984,3
53986,2
53987,2
53988,0
53990,3
53991,0
53994,3
53995,1
53997,3
53998,1
53999,0
54000,3
54001,0
54003,3
54004,3
54005,0
54006,2
54007,0
54008,3
54009,0
54010,0
54011,0
54012,0
54013,2
54014,1
54017,0
54018,1
54019,3
54021,0
54023,3
54026,0
54027,0
54028,0
54029,2
54031,1
54032,0
54033,0
54034,0
54035,3
54036,3
54038,3
54039,1
54040,0
54041,1
54042,3
54043,0
54044,2
54046,0
54047,0
54048,3
54049,1
54050,0
54052,0
54053,1
54054,1
54055,3
54056,3
54057,0
54059,0
54061,3
54062,0
54063,0
54066,0
54067,3
54068,3
54069,2
54071,0
54072,2
54075,2
54078,0
54079,1
54080,2
54081,3
54082,3
54083,0
54084,2
54085,0
54087,1
54089,2
54090,0
54091,3
54092,3
54093,2
54094,2
54095,3
54098,3
54099,3
54100,3
54102,2
54104,1
54106,0
54107,3
54108,0
54109,0
54110,0
54111,3
54112,0
54113,1
54114,0
54115,0
54116,0
54117,0
54118,0
54119,0
54120,3
54122,0
54123,0
54124,0
54125,2
54126,0
54128,0
54129,0
54130,3
54131,0
54132,3
54133,1
54134,0
54135,3
54137,3
54138,3
54139,1
54140,0
54141,0
54142,3
54143,0
54144,0
54146,0
54147,0
54148,1
54149,1
54150,3
54151,0
54153,0
54154,3
54155,2
54156,2
54157,3
54158,0
54159,3
54160,1
54161,3
54162,0
54163,0
54166,0
54167,3
54168,0
54169,0
54170,3
54171,2
54172,3
54173,3
54175,0
54177,3
54178,0
54182,0
54183,3
54185,1
54187,1
54188,0
54189,0
54190,0
54191,0
54194,3
54195,3
54196,2
54197,0
54199,0
54200,0
54201,0
54202,0
54203,3
54204,3
54205,3
54206,0
54207,0
54208,0
54209,0
54211,0
54212,2
54213,1
54214,0
54215,2
54216,2
54217,3
54218,1
54219,0
54220,0
54221,0
54222,2
54224,0
54225,0
54226,0
54228,2
54230,3
54231,3
54232,2
54233,0
54234,0
54235,1
54236,0
54238,0
54239,0
54241,0
54242,2
54244,0
54245,0
54246,0
54247,0
54248,0
54249,0
54250,0
54251,0
54253,3
54255,3
54256,0
54257,2
54258,2
54259,0
54260,1
54261,0
54262,0
54263,1
54264,1
54265,3
54267,3
54268,2
54269,3
54270,2
54273,0
54274,0
54276,2
54277,2
54278,0
54279,3
54280,0
54282,0
54283,0
54285,0
54286,0
54287,0
54288,0
54291,0
54293,1
54294,0
54295,0
54296,0
54297,0
54298,3
54299,3
54300,0
54303,0
54304,0
54305,1
54306,0
54308,0
54309,0
54310,3
54311,3
54313,0
54314,0
54315,0
54317,3
54318,0
54319,2
54321,0
54322,3
54323,3
54324,0
54325,2
54326,1
54327,0
54328,0
54329,1
54330,0
54331,0
54334,0
54335,0
54337,0
54338,1
54339,2
54340,1
54341,3
54342,3
54343,0
54344,3
54345,1
54346,0
54347,2
54348,3
54349,3
54350,3
54351,0
54353,2
54354,1
54357,0
54359,0
54360,3
54362,0
54363,1
54364,0
54365,0
54367,3
54368,0
54369,0
54370,0
54371,3
54372,3
54374,0
54375,0
54376,0
54378,0
54379,0
54381,1
54382,1
54383,0
54384,1
54385,0
54386,3
54387,0
54389,3
54390,0
54391,0
54392,0
54393,3
54394,2
54395,3
54396,2
54400,0
54401,0
54402,1
54403,0
54404,0
54405,2
54408,0
54413,0
54414,0
54416,1
54417,3
54419,0
54420,0
54422,0
54424,2
54425,0
54426,1
54429,0
54430,0
54432,3
54433,0
54434,0
54435,1
54437,0
54439,0
54441,0
54442,3
54443,0
54445,2
54446,3
54447,0
54448,3
54449,0
54451,2
54452,0
54455,0
54456,3
54457,2
54458,2
54459,0
54461,0
54462,0
54463,0
54466,2
54467,3
54468,3
54469,0
54470,0
54471,0
54472,3
54473,1
54474,0
54475,0
54476,1
54477,0
54479,3
54480,0
54481,3
54482,3
54483,3
54484,3
54486,3
54487,3
54488,3
54489,2
54490,0
54493,0
54494,1
54495,1
54496,3
54497,0
54498,0
54499,3
54500,0
54501,0
54503,1
54504,0
54505,3
54506,2
54507,3
54508,3
54509,0
54510,1
54511,3
54512,1
54513,3
54514,2
54515,0
54516,3
54517,0
54520,0
54522,2
54524,2
54526,3
54527,3
54528,0
54529,0
54530,0
54532,0
54533,0
54534,0
54535,0
54536,3
54537,2
54539,1
54540,0
54541,2
54543,3
54544,3
54545,3
54547,1
54548,2
54549,3
54551,0
54552,0
54553,1
54554,2
54555,0
54556,0
54558,0
54559,0
54560,0
54561,3
54562,0
54563,2
54565,2
54566,3
54567,2
54568,0
54569,0
54570,3
54571,0
54572,3
54573,3
54574,0
54577,0
54578,0
54579,3
54582,0
54583,2
54584,0
54585,1
54587,3
54588,0
54589,0
54591,0
54593,0
54594,3
54595,1
54596,0
54597,2
54598,3
54599,1
54600,0
54601,0
54602,0
54603,3
54604,3
54605,0
54606,2
54607,0
54608,0
54610,0
54611,0
54612,0
54613,2
54614,1
54615,0
54617,3
54619,3
54620,1
54621,0
54622,0
54623,0
54624,0
54625,0
54626,0
54627,0
54628,1
54629,1
54630,0
54631,1
54632,3
54633,1
54634,0
54635,2
54636,0
54638,0
54639,0
54640,3
54641,2
54643,0
54644,3
54645,3
54646,1
54648,0
54649,0
54651,3
54653,0
54654,0
54655,3
54656,2
54657,3
54659,3
54660,0
54663,0
54664,3
54665,3
54666,1
54667,0
54668,0
54670,3
54672,3
54673,0
54675,3
54676,0
54677,3
54678,1
54679,1
54680,0
54681,0
54682,1
54683,0
54684,1
54685,0
54686,3
54687,0
54688,0
54689,2
54690,1
54691,0
54692,1
54693,0
54694,0
54696,0
54697,3
54698,0
54699,3
54700,1
54701,2
54704,3
54705,0
54707,2
54708,3
54709,1
54711,0
54712,0
54713,0
54714,3
54715,0
54716,0
54718,3
54720,0
54722,1
54723,0
54724,1
54725,3
54726,3
54727,2
54728,0
54729,3
54730,0
54731,2
54733,1
54736,3
54737,3
54738,0
54739,1
54740,3
54741,3
54742,0
54743,3
54744,1
54745,0
54746,0
54747,0
54749,0
54751,0
54752,1
54753,1
54754,3
54755,1
54756,3
54757,3
54759,0
54760,3
54761,0
54762,3
54763,3
54764,0
54765,1
54766,3
54767,0
54768,3
54769,3
54770,1
54772,3
54773,2
54774,3
54775,3
54777,0
54779,1
54780,3
54781,0
54783,0
54784,0
54786,3
54787,0
54788,0
54789,0
54790,0
54791,0
54792,0
54793,1
54794,0
54796,3
54797,1
54798,3
54799,3
54801,0
54804,0
54805,1
54806,0
54807,2
54808,0
54809,3
54810,3
54811,1
54812,0
54813,0
54814,3
54816,0
54817,2
54818,3
54820,3
54821,3
54822,0
54824,3
54827,1
54829,0
54830,0
54831,0
54832,1
54833,0
54836,3
54837,0
54838,0
54839,0
54841,0
54842,3
54843,0
54844,3
54847,0
54848,3
54851,3
54852,3
54853,1
54855,1
54856,0
54857,2
54858,0
54861,0
54862,2
54863,3
54864,0
54865,0
54866,0
54868,0
54869,0
54870,3
54871,0
54872,0
54874,0
54875,0
54876,2
54877,0
54878,2
54879,1
54880,3
54881,3
54882,0
54883,1
54884,3
54885,0
54886,0
54888,3
54889,0
54890,2
54892,2
54893,0
54895,0
54896,3
54898,0
54899,3
54900,0
54901,2
54902,3
54903,0
54904,0
54906,0
54907,2
54908,2
54909,0
54910,3
54911,3
54912,0
54914,0
54915,1
54918,2
54919,0
54921,1
54922,0
54923,0
54925,0
54926,0
54927,3
54928,3
54930,1
54931,0
54932,0
54933,3
54935,1
54936,1
54937,1
54938,0
54939,3
54940,3
54941,0
54942,0
54943,1
54944,1
54945,3
54946,0
54947,0
54948,3
54949,0
54951,3
54953,0
54954,0
54955,3
54956,0
54958,0
54959,3
54960,0
54961,1
54962,0
54963,3
54964,0
54965,0
54966,0
54967,0
54968,0
54970,3
54971,0
54972,0
54973,3
54974,1
54975,0
54976,3
54977,0
54978,0
54979,0
54980,3
54981,3
54982,3
54984,3
54986,3
54987,2
54988,3
54989,2
54990,2
54991,0
54992,3
54993,0
54995,3
54996,0
54997,3
54998,0
54999,3
55000,0
55001,1
55003,0
55004,1
55005,0
55006,0
55007,0
55008,2
55009,0
55010,1
55011,0
55012,0
55014,0
55016,0
55017,3
55018,3
55019,2
55020,0
55021,3
55023,1
55026,3
55027,2
55028,3
55029,0
55030,3
55031,1
55032,3
55033,0
55034,3
55035,0
55036,0
55037,2
55038,0
55040,2
55041,2
55042,0
55043,0
55044,0
55045,3
55046,0
55048,3
55049,3
55051,0
55052,0
55053,2
55054,0
55055,2
55056,0
55057,3
55059,0
55060,0
55061,0
55063,0
55064,0
55065,0
55066,2
55068,0
55069,0
55070,0
55071,0
55072,3
55073,0
55074,0
55076,3
55077,0
55078,0
55079,0
55080,2
55081,3
55082,0
55083,0
55084,0
55085,3
55086,0
55089,3
55090,0
55091,0
55092,0
55093,3
55094,0
55095,0
55096,1
55098,0
55099,0
55100,0
55102,0
55103,0
55104,1
55105,0
55106,3
55107,0
55108,3
55109,0
55110,0
55112,0
55115,2
55116,3
55117,0
55122,0
55123,0
55126,1
55127,0
55128,3
55129,0
55130,1
55131,0
55132,3
55133,0
55134,3
55137,0
55138,0
55139,3
55140,3
55141,3
55142,0
55143,0
55144,0
55145,0
55146,3
55147,0
55148,1
55153,1
55156,2
55157,3
55158,1
55159,3
55160,0
55161,0
55162,3
55163,0
55164,3
55165,3
55166,3
55167,3
55168,0
55169,1
55170,1
55171,2
55172,0
55173,0
55174,3
55175,0
55176,3
55177,0
55178,0
55179,3
55180,3
55181,0
55182,3
55183,0
55184,0
55187,0
55188,3
55189,0
55190,2
55191,2
55192,3
55193,3
55194,3
55195,0
55197,0
55199,3
55200,2
55201,0
55203,0
55204,3
55205,2
55206,1
55207,0
55208,3
55211,0
55212,0
55213,2
55214,3
55215,0
55216,3
55218,0
55220,0
55222,3
55223,1
55224,0
55225,1
55230,2
55231,3
55232,2
55233,3
55234,0
55235,3
55236,0
55237,3
55238,1
55243,1
55244,2
55245,0
55246,0
55247,3
55248,0
55249,2
55251,3
55253,2
55254,3
55255,0
55256,3
55257,0
55258,0
55260,2
55263,3
55264,0
55265,0
55266,0
55267,3
55268,3
55269,0
55270,3
55271,0
55272,0
55274,1
55276,2
55277,0
55278,3
55279,3
55280,2
55284,3
55285,3
55286,0
55288,1
55289,0
55290,0
55291,3
55292,3
55294,0
55296,0
55297,0
55298,3
55299,3
55300,3
55301,2
55302,0
55304,3
55305,3
55306,3
55307,0
55308,3
55309,0
55310,1
55312,0
55313,3
55314,3
55315,1
55316,0
55317,0
55318,0
55319,0
55320,0
55321,0
55322,0
55323,3
55325,0
55326,2
55327,3
55328,0
55329,2
55331,0
55332,0
55334,0
55335,1
55336,0
55337,2
55338,0
55339,3
55341,0
55342,0
55343,0
55344,0
55345,2
55346,0
55347,0
55348,0
55351,0
55353,3
55355,0
55356,3
55357,0
55359,1
55360,3
55361,3
55362,3
55363,2
55364,3
55366,0
55368,1
55369,3
55370,0
55371,1
55372,0
55375,1
55376,0
55377,3
55379,0
55380,3
55381,0
55382,0
55383,3
55384,3
55386,3
55387,2
55389,1
55391,0
55393,0
55394,1
55395,3
55397,1
55398,3
55399,2
55400,0
55401,0
55402,1
55404,0
55405,0
55406,0
55407,0
55408,1
55410,2
55411,1
55412,0
55413,0
55414,3
55415,0
55416,0
55417,0
55419,0
55420,0
55421,0
55422,0
55423,3
55424,3
55425,0
55426,0
55427,0
55428,3
55429,0
55430,3
55431,1
55433,0
55434,3
55435,3
55436,0
55437,0
55438,0
55439,0
55441,0
55442,2
55443,2
55444,3
55445,3
55446,0
55447,3
55448,3
55449,1
55451,3
55452,2
55453,0
55454,3
55455,0
55456,0
55457,3
55458,2
55459,0
55460,0
55461,3
55462,0
55463,0
55464,0
55465,2
55467,0
55468,1
55471,0
55472,0
55475,3
55478,0
55479,0
55481,0
55482,0
55483,0
55485,0
55486,0
55487,3
55490,0
55491,1
55492,1
55493,0
55494,3
55496,3
55498,0
55500,0
55507,3
55508,3
55510,3
55512,3
55513,3
55514,0
55515,0
55516,0
55517,0
55518,0
55520,0
55521,0
55522,1
55523,0
55525,0
55527,0
55528,3
55531,3
55532,0
55533,3
55534,3
55535,3
55536,0
55539,3
55540,3
55541,0
55542,3
55544,3
55545,3
55546,1
55547,3
55548,1
55549,0
55550,3
55551,0
55552,0
55553,0
55554,1
55555,3
55556,3
55557,1
55558,0
55559,1
55560,0
55561,0
55563,1
55564,0
55565,2
55567,3
55568,0
55570,2
55571,2
55573,0
55574,3
55575,3
55576,0
55577,1
55579,0
55580,3
55581,1
55582,0
55583,1
55584,0
55586,0
55587,0
55588,3
55589,3
55590,2
55592,2
55593,0
55595,0
55596,0
55598,1
55600,2
55602,2
55603,1
55606,0
55607,0
55608,0
55610,3
55611,3
55612,3
55613,0
55615,2
55616,0
55618,3
55619,0
55623,1
55624,3
55625,3
55626,1
55627,1
55628,3
55629,3
55630,0
55631,1
55632,0
55633,0
55634,3
55636,0
55637,0
55638,1
55641,3
55643,0
55645,1
55646,0
55647,0
55648,0
55651,3
55652,0
55653,0
55654,2
55655,0
55656,0
55657,0
55659,0
55660,0
55661,0
55662,1
55664,2
55665,3
55666,3
55667,2
55668,3
55669,0
55671,0
55672,2
55673,2
55674,1
55675,0
55676,0
55677,0
55678,1
55680,3
55681,0
55682,0
55683,1
55685,0
55686,1
55687,1
55688,0
55689,1
55690,2
55691,2
55692,1
55693,3
55694,0
55695,3
55697,0
55699,1
55700,0
55702,3
55703,3
55704,3
55706,3
55707,0
55708,0
55709,0
55711,0
55712,3
55713,3
55715,2
55716,3
55717,3
55718,3
55720,2
55721,3
55722,0
55723,1
55724,3
55725,0
55726,0
55727,0
55728,0
55730,0
55731,0
55732,0
55733,0
55734,1
55735,3
55736,2
55737,3
55738,0
55739,0
55741,1
55742,3
55743,3
55744,0
55745,0
55746,2
55747,2
55748,0
55749,3
55750,0
55751,3
55752,2
55753,0
55754,0
55755,2
55756,3
55758,0
55759,0
55760,0
55761,3
55762,3
55763,2
55764,0
55766,0
55767,0
55768,3
55769,1
55770,3
55771,0
55772,3
55773,0
55774,2
55777,1
55778,0
55780,0
55781,3
55782,1
55783,1
55784,3
55785,0
55786,3
55787,0
55788,3
55789,3
55790,1
55791,0
55792,0
55793,1
55794,3
55795,0
55796,3
55797,2
55798,0
55799,0
55800,0
55801,1
55802,3
55803,0
55804,0
55805,0
55806,3
55808,0
55809,0
55810,1
55811,3
55813,0
55815,0
55816,2
55817,0
55820,0
55821,0
55823,2
55824,2
55826,0
55827,0
55828,1
55830,0
55831,3
55832,0
55833,3
55834,0
55835,0
55836,0
55837,0
55838,0
55840,0
55841,0
55842,0
55843,2
55844,0
55845,3
55846,3
55847,3
55848,3
55850,0
55851,1
55852,0
55853,3
55854,0
55855,3
55857,1
55858,0
55860,2
55861,0
55862,0
55863,3
55864,3
55865,1
55868,3
55869,3
55870,0
55871,0
55872,0
55873,0
55875,0
55876,0
55877,0
55878,3
55879,3
55880,0
55882,0
55883,2
55885,3
55886,0
55887,1
55888,1
55889,3
55890,3
55891,0
55892,0
55893,3
55894,3
55895,0
55896,0
55898,2
55899,0
55901,3
55902,0
55903,0
55904,2
55905,2
55906,3
55907,1
55908,3
55909,0
55910,0
55911,0
55912,0
55913,0
55916,1
55918,0
55920,0
55921,0
55922,0
55923,3
55924,3
55925,0
55926,3
55928,0
55929,2
55930,0
55931,0
55932,1
55933,1
55934,2
55935,3
55936,1
55937,3
55939,0
55940,3
55941,1
55942,0
55943,3
55945,1
55946,3
55947,1
55948,0
55949,0
55950,0
55951,0
55952,3
55953,3
55954,0
55955,0
55956,3
55957,0
55960,2
55962,3
55963,0
55964,3
55965,0
55966,3
55967,3
55968,0
55969,0
55971,0
55972,3
55973,0
55974,3
55977,3
55978,0
55980,3
55981,0
55982,3
55983,1
55985,0
55986,3
55987,3
55988,0
55989,2
55991,0
55992,0
55993,0
55994,3
55995,3
55996,0
55997,0
55999,3
56001,0
56002,0
56003,3
56004,0
56006,0
56007,2
56009,3
56010,3
56011,1
56012,2
56013,0
56014,0
56015,0
56016,3
56017,2
56018,1
56019,0
56020,3
56021,0
56025,0
56026,3
56027,3
56028,1
56030,3
56031,0
56032,3
56033,3
56034,1
56035,2
56036,0
56037,0
56038,0
56039,0
56040,3
56041,1
56043,3
56044,2
56045,3
56046,0
56047,0
56048,0
56049,0
56050,3
56051,3
56052,3
56053,0
56055,2
56056,3
56057,2
56058,3
56059,2
56060,3
56061,0
56062,0
56063,0
56065,0
56066,0
56071,3
56072,3
56073,3
56074,1
56075,1
56076,0
56077,2
56079,1
56083,2
56084,0
56085,3
56086,3
56087,0
56088,0
56089,3
56090,0
56093,0
56094,0
56095,0
56096,0
56097,0
56099,3
56102,0
56103,0
56104,0
56105,0
56106,0
56107,0
56108,3
56110,0
56111,0
56113,0
56114,3
56115,0
56118,1
56119,0
56121,1
56122,0
56123,0
56124,0
56126,0
56127,0
56128,0
56129,0
56130,0
56133,3
56134,0
56135,3
56136,1
56137,0
56139,3
56142,2
56143,3
56144,3
56145,0
56147,0
56148,0
56149,0
56151,3
56152,3
56153,0
56154,1
56156,0
56157,0
56158,2
56159,0
56160,3
56161,0
56162,3
56163,0
56164,3
56165,3
56167,3
56171,0
56172,3
56174,0
56175,3
56176,2
56177,0
56178,0
56179,1
56180,0
56182,0
56183,0
56184,3
56188,0
56191,3
56192,1
56193,0
56194,1
56195,0
56196,0
56197,2
56198,1
56199,0
56201,1
56202,1
56203,3
56205,0
56206,3
56207,0
56208,3
56210,3
56212,0
56213,1
56214,0
56215,3
56216,0
56217,2
56218,3
56219,3
56221,3
56222,0
56223,0
56224,0
56225,0
56226,0
56227,1
56228,0
56229,0
56230,0
56231,3
56232,0
56233,3
56234,2
56237,3
56238,3
56239,3
56240,0
56241,0
56242,1
56243,0
56246,2
56247,3
56248,2
56249,3
56250,0
56252,0
56253,0
56254,3
56255,0
56256,1
56257,0
56258,0
56259,0
56260,0
56261,0
56262,0
56263,0
56264,0
56265,0
56266,3
56267,0
56268,3
56270,2
56271,0
56272,1
56273,0
56274,0
56275,0
56277,1
56278,3
56279,3
56280,2
56282,0
56283,0
56284,0
56285,0
56286,0
56287,3
56288,0
56290,1
56291,3
56292,2
56293,0
56295,3
56297,0
56298,1
56300,0
56302,3
56303,2
56304,2
56305,2
56306,1
56307,0
56308,0
56309,3
56310,1
56312,3
56313,0
56314,3
56315,0
56316,3
56317,0
56318,3
56319,0
56320,1
56321,0
56322,0
56323,1
56325,0
56326,0
56327,0
56328,1
56330,0
56331,0
56334,1
56335,0
56336,1
56337,0
56338,3
56339,0
56340,0
56341,0
56342,0
56343,0
56345,0
56346,3
56347,0
56348,3
56349,1
56350,0
56351,3
56352,0
56353,0
56354,0
56355,2
56356,3
56357,1
56358,2
56359,3
56360,1
56361,0
56362,1
56363,0
56364,0
56366,0
56367,3
56368,0
56369,2
56371,0
56372,0
56373,2
56374,0
56376,3
56379,3
56380,0
56381,3
56383,0
56384,0
56385,0
56386,0
56388,1
56389,0
56390,3
56391,3
56392,0
56393,0
56394,0
56395,2
56396,0
56397,1
56398,3
56400,0
56401,0
56402,2
56406,0
56407,0
56408,3
56409,1
56410,3
56411,0
56412,0
56413,2
56414,3
56415,0
56416,0
56417,1
56418,0
56420,0
56421,0
56423,0
56424,0
56425,0
56426,3
56427,0
56428,0
56429,0
56430,1
56432,0
56434,3
56435,3
56436,0
56438,0
56441,0
56442,0
56444,3
56446,3
56447,2
56448,0
56450,3
56451,0
56452,0
56453,2
56454,2
56455,2
56456,3
56457,3
56459,0
56460,1
56461,3
56462,3
56463,3
56464,2
56465,1
56466,0
56467,2
56468,0
56469,1
56470,0
56471,3
56473,3
56474,0
56475,3
56476,2
56477,0
56478,0
56479,0
56480,3
56481,0
56482,0
56484,0
56485,0
56486,0
56487,0
56488,0
56489,2
56490,0
56492,3
56493,3
56494,0
56495,0
56498,3
56499,3
56500,1
56501,2
56502,2
56503,0
56504,1
56505,3
56508,0
56509,2
56510,0
56512,0
56513,3
56514,0
56515,3
56516,1
56517,1
56519,2
56520,0
56521,0
56523,0
56524,3
56525,0
56526,2
56528,0
56529,0
56531,3
56532,1
56533,3
56534,0
56535,3
56536,0
56537,3
56538,0
56539,3
56540,3
56541,0
56543,3
56544,1
56545,0
56546,0
56548,0
56549,0
56551,0
56552,1
56554,1
56555,1
56556,3
56558,0
56559,0
56560,0
56561,0
56562,3
56563,3
56564,0
56565,0
56566,3
56567,3
56568,2
56569,3
56570,0
56571,0
56572,0
56573,0
56574,3
56575,0
56576,0
56577,0
56578,0
56579,3
56580,0
56581,0
56582,3
56583,2
56585,0
56587,1
56588,0
56589,0
56591,3
56592,0
56596,2
56598,0
56599,2
56600,1
56601,0
56602,0
56604,0
56605,3
56606,2
56607,2
56609,1
56610,3
56611,0
56612,2
56614,2
56616,3
56618,1
56619,3
56620,0
56621,0
56622,2
56623,0
56624,3
56625,2
56626,1
56627,2
56628,2
56630,0
56631,0
56632,0
56633,0
56634,2
56635,0
56636,0
56637,2
56638,0
56639,0
56642,0
56643,2
56644,0
56646,3
56647,1
56648,0
56651,0
56652,1
56653,3
56654,0
56659,3
56660,1
56661,3
56662,0
56663,0
56665,0
56666,3
56667,2
56668,0
56669,0
56670,3
56671,2
56672,2
56673,1
56674,0
56675,3
56677,0
56678,3
56681,3
56683,3
56684,3
56685,3
56686,1
56687,0
56689,3
56690,0
56691,3
56692,0
56693,2
56695,3
56696,3
56697,1
56698,1
56699,3
56700,1
56701,0
56702,0
56704,0
56705,1
56706,2
56707,3
56708,0
56709,3
56710,0
56711,0
56712,1
56713,3
56714,3
56718,0
56719,0
56721,3
56722,0
56723,1
56724,0
56727,2
56731,1
56733,3
56734,3
56736,0
56737,3
56738,3
56741,0
56742,3
56743,0
56744,2
56745,0
56746,3
56747,2
56748,1
56750,0
56751,2
56752,0
56753,0
56754,0
56755,3
56756,0
56758,0
56760,3
56761,0
56762,3
56763,0
56764,0
56765,0
56766,3
56767,0
56768,0
56769,0
56770,0
56771,1
56773,0
56774,0
56775,0
56776,0
56777,0
56778,0
56779,3
56780,2
56781,2
56782,0
56783,2
56784,0
56785,0
56786,1
56788,3
56791,3
56792,0
56794,3
56795,0
56798,3
56800,0
56801,0
56803,2
56805,0
56806,0
56808,1
56809,3
56812,3
56813,2
56814,1
56815,0
56816,2
56817,1
56818,1
56820,3
56821,2
56822,2
56823,3
56824,0
56825,3
56826,0
56827,0
56828,3
56829,0
56830,0
56831,3
56832,3
56833,1
56835,0
56836,0
56837,3
56838,0
56839,1
56840,0
56842,0
56844,3
56845,2
56848,0
56849,0
56850,0
56851,2
56852,0
56853,0
56854,0
56855,3
56856,0
56857,0
56858,3
56859,0
56860,0
56861,0
56862,3
56863,0
56864,3
56866,3
56867,0
56868,3
56869,0
56870,0
56871,3
56872,0
56873,1
56874,0
56875,3
56876,1
56877,3
56879,3
56880,0
56881,0
56883,2
56884,0
56885,0
56886,3
56887,3
56889,0
56890,2
56891,2
56892,3
56893,0
56894,3
56895,0
56896,0
56897,3
56898,3
56900,3
56901,0
56902,0
56903,0
56904,0
56905,1
56906,2
56907,3
56908,0
56909,2
56911,3
56913,0
56914,0
56915,3
56916,0
56918,3
56920,0
56922,0
56923,1
56925,2
56926,0
56927,2
56928,3
56929,0
56930,3
56931,0
56932,0
56933,2
56934,0
56935,3
56936,0
56937,0
56938,0
56939,3
56940,2
56941,1
56942,0
56943,3
56945,3
56946,3
56947,0
56948,0
56949,3
56951,0
56952,1
56953,3
56954,0
56955,0
56956,3
56957,0
56958,3
56959,0
56960,0
56961,3
56962,2
56963,0
56964,2
56966,1
56968,0
56969,0
56970,0
56971,0
56972,2
56974,3
56975,0
56976,0
56977,0
56978,0
56979,3
56980,2
56981,2
56983,3
56984,0
56986,0
56988,0
56989,0
56990,3
56991,1
56992,0
56993,0
56994,1
56995,3
56996,0
56997,0
56998,2
56999,0
57000,3
57003,0
57004,0
57005,3
57006,3
57007,0
57008,3
57009,1
57010,0
57011,1
57012,2
57014,3
57016,1
57017,0
57018,3
57020,3
57021,1
57023,0
57024,1
57025,0
57026,0
57027,0
57028,0
57030,3
57031,0
57032,3
57033,3
57035,0
57037,0
57039,3
57040,0
57043,0
57044,3
57045,2
57046,1
57047,1
57048,0
57049,0
57051,0
57052,3
57053,3
57054,0
57055,0
57056,0
57057,3
57058,3
57059,0
57061,0
57062,0
57063,3
57064,0
57066,0
57067,0
57068,0
57070,3
57071,0
57072,0
57073,0
57076,1
57077,3
57080,3
57082,0
57083,3
57084,3
57085,3
57086,1
57087,3
57089,0
57090,0
57091,3
57092,0
57094,0
57096,3
57097,0
57098,0
57099,3
57100,3
57101,0
57102,2
57103,3
57104,0
57105,0
57106,0
57108,0
57109,0
57110,0
57111,0
57112,0
57113,1
57116,0
57117,0
57118,3
57119,3
57120,3
57121,0
57122,3
57123,0
57125,3
57127,3
57128,0
57129,1
57130,2
57131,1
57133,0
57137,0
57138,2
57139,3
57142,0
57143,0
57145,0
57147,2
57148,0
57149,2
57151,0
57152,2
57153,2
57154,0
57155,1
57157,0
57158,1
57160,0
57161,3
57162,0
57164,3
57165,2
57166,3
57167,3
57168,3
57169,0
57170,3
57174,0
57175,0
57176,0
57177,3
57178,1
57179,0
57180,3
57181,0
57182,1
57183,3
57186,0
57187,1
57190,1
57191,0
57192,3
57193,3
57194,3
57195,0
57196,0
57197,0
57198,3
57199,1
57200,3
57202,0
57203,2
57204,0
57205,0
57206,0
57207,3
57208,0
57209,3
57210,0
57211,1
57212,0
57213,3
57214,3
57215,3
57216,0
57217,3
57218,3
57220,0
57221,1
57222,3
57223,1
57224,0
57225,3
57226,2
57227,0
57228,0
57229,0
57230,0
57232,1
57233,0
57234,0
57235,3
57236,0
57237,3
57238,2
57239,0
57240,3
57241,0
57243,3
57244,1
57246,3
57247,3
57248,3
57249,3
57250,1
57252,0
57254,0
57255,2
57256,0
57257,3
57258,0
57259,2
57260,3
57262,0
57263,1
57265,0
57266,1
57267,0
57268,3
57269,0
57271,0
57272,0
57273,0
57274,0
57276,3
57277,1
57278,0
57279,3
57280,0
57281,0
57282,1
57283,0
57286,0
57287,0
57288,1
57289,1
57290,0
57292,2
57294,0
57297,3
57298,0
57299,2
57300,3
57301,2
57302,3
57303,3
57304,3
57305,3
57306,3
57310,0
57311,1
57312,0
57315,3
57317,0
57318,3
57319,3
57320,0
57321,0
57322,0
57323,3
57324,0
57325,1
57326,2
57327,0
57328,3
57329,3
57330,3
57332,1
57333,3
57335,1
57336,2
57337,0
57339,1
57340,0
57341,1
57344,3
57345,0
57346,0
57347,0
57348,3
57351,2
57353,0
57355,0
57357,3
57358,0
57359,0
57360,1
57361,3
57362,0
57363,2
57364,2
57365,3
57366,2
57368,0
57370,0
57371,0
57372,1
57373,2
57374,0
57375,0
57377,0
57378,3
57379,0
57380,3
57381,1
57382,0
57384,0
57385,0
57386,0
57387,0
57388,1
57390,0
57391,0
57392,0
57393,0
57394,3
57395,0
57396,1
57398,2
57399,0
57400,3
57401,0
57402,3
57403,0
57404,3
57405,1
57406,1
57407,3
57408,3
57410,2
57411,3
57412,0
57413,0
57414,0
57415,2
57416,1
57417,0
57418,0
57419,0
57420,0
57421,2
57422,0
57424,0
57425,0
57426,1
57427,0
57428,3
57429,0
57430,0
57431,0
57432,0
57433,1
57434,0
57435,3
57436,0
57438,1
57439,0
57440,0
57441,3
57442,0
57443,0
57444,3
57446,2
57447,3
57448,0
57449,0
57450,3
57451,3
57452,3
57453,0
57455,1
57456,3
57457,0
57458,0
57459,3
57460,1
57462,3
57463,0
57466,0
57467,0
57468,0
57469,0
57474,0
57476,0
57477,3
57478,3
57479,3
57480,0
57481,2
57482,0
57483,0
57484,0
57485,3
57486,0
57487,2
57488,0
57489,1
57490,3
57491,2
57492,0
57493,0
57495,0
57496,0
57497,2
57498,0
57499,0
57500,0
57501,2
57502,3
57503,1
57504,1
57505,0
57506,0
57507,2
57510,0
57511,2
57513,0
57514,0
57515,2
57516,0
57517,2
57518,3
57520,0
57521,0
57522,0
57524,0
57525,0
57526,0
57528,0
57529,3
57530,3
57532,1
57533,0
57534,0
57535,0
57536,1
57538,0
57539,0
57540,1
57541,3
57542,0
57543,0
57544,3
57546,0
57547,3
57548,0
57549,3
57550,3
57551,2
57552,0
57553,0
57554,0
57556,2
57558,3
57559,3
57560,3
57563,0
57564,0
57565,3
57566,2
57567,0
57568,2
57569,0
57570,2
57571,0
57572,3
57573,1
57574,3
57575,1
57576,1
57577,0
57578,0
57579,0
57580,2
57581,0
57582,0
57583,0
57584,2
57585,0
57587,2
57588,3
57589,0
57590,3
57591,0
57592,3
57594,3
57595,0
57596,1
57598,1
57599,0
57600,3
57601,0
57602,0
57604,3
57605,0
57606,0
57607,3
57608,3
57610,0
57611,0
57612,3
57613,0
57614,0
57615,3
57616,2
57617,1
57618,0
57619,3
57621,2
57622,0
57623,0
57624,1
57626,3
57627,3
57629,2
57630,0
57632,2
57634,2
57635,0
57636,0
57637,0
57639,3
57640,0
57641,3
57642,0
57643,3
57644,0
57646,1
57647,1
57648,0
57653,1
57654,0
57655,1
57656,1
57658,3
57659,3
57661,0
57662,0
57663,0
57665,3
57666,0
57667,0
57669,3
57670,3
57672,0
57673,0
57674,3
57676,3
57678,0
57679,0
57680,0
57681,0
57682,1
57683,0
57685,0
57687,3
57688,0
57689,1
57690,0
57691,0
57692,0
57693,3
57696,0
57697,3
57698,2
57699,3
57700,0
57701,2
57702,0
57703,3
57705,0
57706,1
57707,0
57709,0
57710,0
57711,3
57712,2
57713,3
57714,0
57715,0
57716,3
57717,0
57718,3
57719,0
57720,1
57721,0
57722,0
57723,3
57724,0
57725,0
57726,0
57727,3
57728,3
57729,0
57730,0
57731,2
57732,3
57733,3
57734,1
57735,3
57736,0
57737,0
57738,3
57739,2
57740,1
57741,0
57743,3
57744,3
57745,3
57746,0
57747,1
57748,0
57749,3
57751,0
57754,3
57755,1
57756,0
57758,3
57759,1
57761,0
57762,0
57763,3
57764,3
57765,0
57766,1
57767,0
57768,1
57771,2
57772,3
57773,0
57774,0
57775,2
57776,1
57778,0
57780,0
57781,3
57782,2
57783,0
57784,3
57785,0
57786,3
57787,0
57788,3
57789,1
57791,0
57792,3
57793,0
57794,1
57796,3
57797,1
57798,3
57799,0
57800,3
57802,0
57803,1
57804,0
57805,0
57806,1
57810,0
57811,1
57812,3
57813,3
57814,3
57815,0
57816,3
57817,0
57818,0
57819,0
57820,0
57821,0
57822,3
57823,1
57824,3
57825,3
57826,0
57827,0
57828,3
57830,0
57832,0
57833,0
57834,2
57835,0
57836,0
57837,0
57838,0
57839,0
57840,0
57841,3
57842,0
57843,2
57844,3
57845,3
57846,0
57847,0
57849,0
57850,0
57851,3
57853,2
57854,1
57855,3
57856,0
57857,3
57859,3
57861,3
57862,3
57863,3
57864,0
57865,3
57866,2
57867,0
57868,0
57869,1
57872,3
57873,2
57874,0
57876,1
57877,3
57878,0
57880,3
57881,2
57883,1
57884,3
57886,0
57887,3
57888,3
57890,0
57891,3
57893,3
57895,0
57896,0
57897,0
57898,0
57899,1
57900,2
57901,3
57902,0
57903,2
57905,3
57906,2
57907,0
57910,3
57911,1
57913,0
57914,3
57915,0
57916,3
57917,3
57918,0
57919,1
57920,0
57921,2
57922,3
57923,1
57924,0
57925,0
57926,1
57927,0
57928,3
57929,0
57930,0
57931,0
57932,1
57934,0
57935,3
57936,0
57937,0
57938,2
57939,2
57941,0
57942,0
57943,0
57944,1
57945,3
57946,2
57947,1
57948,0
57949,1
57950,0
57951,0
57952,0
57953,0
57954,3
57955,0
57956,0
57958,0
57959,3
57960,3
57961,0
57962,0
57963,0
57964,0
57965,0
57966,3
57967,3
57969,0
57970,1
57971,1
57972,1
57974,0
57975,0
57976,0
57977,0
57978,1
57979,0
57980,0
57981,3
57983,3
57984,1
57985,0
57986,0
57987,0
57988,0
57989,3
57990,2
57991,3
57992,0
57993,0
57994,1
57995,0
57996,0
57998,1
57999,0
58000,1
58001,1
58002,3
58004,3
58005,3
58006,3
58008,0
58009,0
58010,1
58011,2
58012,1
58013,2
58015,3
58016,2
58017,0
58018,0
58019,3
58020,0
58021,0
58022,0
58023,0
58024,1
58025,3
58026,0
58027,1
58028,2
58030,0
58031,0
58033,1
58036,3
58037,0
58038,1
58039,0
58040,0
58041,0
58042,3
58043,0
58044,0
58045,2
58046,1
58047,0
58048,0
58050,2
58051,3
58052,0
58053,0
58054,3
58056,1
58057,3
58058,1
58061,0
58062,1
58063,0
58064,2
58065,2
58066,0
58067,0
58068,0
58069,3
58071,0
58072,3
58073,2
58074,3
58076,1
58077,1
58078,0
58079,0
58081,2
58083,0
58084,3
58085,3
58088,0
58089,0
58090,0
58091,0
58092,3
58093,3
58094,2
58095,1
58096,3
58097,3
58099,0
58100,1
58102,0
58103,0
58104,0
58105,0
58106,0
58108,3
58109,3
58110,3
58114,3
58115,0
58116,3
58117,3
58118,0
58119,3
58121,0
58122,0
58123,3
58124,3
58125,0
58126,3
58128,0
58129,3
58131,3
58132,0
58136,0
58138,0
58139,0
58140,3
58142,0
58143,0
58144,1
58147,3
58148,2
58149,0
58150,3
58151,0
58152,0
58153,0
58154,0
58155,3
58157,1
58158,3
58159,3
58160,0
58161,0
58162,3
58163,3
58165,0
58166,0
58168,0
58169,3
58170,1
58174,3
58175,2
58176,3
58177,1
58181,3
58182,3
58183,2
58184,3
58185,0
58187,0
58188,0
58189,0
58190,2
58191,0
58192,1
58193,0
58194,0
58196,3
58197,3
58198,0
58199,3
58200,0
58201,2
58204,0
58206,0
58207,1
58210,3
58211,1
58212,0
58213,0
58214,0
58215,0
58218,0
58220,3
58221,0
58222,0
58223,1
58224,1
58225,3
58226,0
58227,0
58228,0
58230,0
58231,3
58233,0
58234,3
58235,1
58236,0
58237,0
58238,0
58239,0
58240,3
58241,1
58242,0
58243,0
58244,0
58245,1
58246,0
58247,0
58248,0
58249,3
58250,3
58251,0
58252,0
58253,2
58255,3
58256,0
58257,0
58259,0
58260,0
58261,0
58262,0
58263,0
58265,3
58266,0
58267,3
58268,0
58269,2
58270,1
58271,1
58272,0
58273,0
58274,0
58275,3
58276,3
58277,0
58278,2
58279,3
58280,3
58281,3
58282,0
58283,3
58284,0
58285,0
58286,0
58289,3
58290,3
58291,0
58292,0
58293,0
58294,3
58295,1
58296,0
58297,0
58298,0
58299,3
58300,0
58301,0
58302,1
58303,2
58304,0
58306,0
58308,1
58309,0
58310,1
58311,0
58312,2
58313,0
58314,3
58315,3
58316,2
58317,0
58318,0
58319,2
58320,3
58321,0
58323,3
58324,3
58325,0
58326,1
58327,1
58328,1
58329,3
58330,0
58331,0
58332,0
58333,3
58334,0
58335,3
58337,3
58338,3
58339,0
58340,0
58341,1
58342,0
58343,0
58345,0
58346,3
58347,3
58349,3
58350,1
58352,0
58353,0
58354,3
58356,0
58357,0
58358,0
58359,3
58360,0
58361,3
58362,1
58364,3
58365,3
58366,0
58367,3
58368,0
58369,3
58370,1
58371,0
58372,0
58373,0
58374,0
58376,0
58377,2
58378,0
58379,1
58380,0
58381,3
58382,0
58383,0
58384,3
58385,0
58386,0
58387,3
58388,0
58391,2
58392,3
58393,3
58394,0
58396,0
58397,3
58398,0
58400,2
58401,0
58402,0
58403,3
58404,3
58405,0
58406,0
58407,0
58409,1
58410,3
58411,0
58413,0
58414,2
58415,3
58416,3
58417,0
58418,3
58419,3
58420,1
58421,0
58422,1
58423,3
58425,3
58426,0
58427,3
58430,0
58432,0
58433,2
58434,0
58435,0
58436,3
58438,2
58439,0
58440,3
58441,0
58442,0
58444,0
58445,0
58446,0
58447,3
58448,0
58449,2
58450,1
58452,3
58453,0
58454,2
58455,2
58456,0
58457,0
58458,3
58459,0
58460,3
58461,0
58463,0
58464,1
58465,0
58466,0
58467,1
58468,0
58472,1
58473,1
58474,3
58476,0
58477,3
58478,3
58479,3
58481,0
58483,0
58484,1
58485,3
58486,3
58487,2
58488,3
58492,0
58493,0
58496,0
58498,1
58501,0
58502,2
58503,1
58504,0
58506,0
58507,1
58508,0
58509,1
58511,3
58512,0
58513,1
58514,0
58515,3
58518,0
58519,3
58521,2
58522,0
58523,3
58524,2
58525,0
58526,0
58527,0
58528,0
58530,0
58533,0
58535,0
58536,0
58537,0
58539,3
58541,3
58542,0
58543,0
58545,0
58547,2
58548,2
58549,0
58550,0
58551,3
58552,0
58553,0
58556,3
58557,3
58558,1
58559,0
58561,3
58562,0
58563,1
58564,2
58566,3
58568,0
58569,0
58571,0
58572,0
58573,3
58574,0
58575,0
58576,1
58577,0
58578,3
58579,1
58580,1
58581,3
58583,2
58585,0
58586,0
58587,0
58589,3
58591,0
58593,1
58595,3
58596,1
58597,2
58599,3
58600,0
58601,2
58602,1
58603,3
58604,0
58606,3
58607,3
58609,2
58610,0
58611,3
58612,0
58613,0
58614,0
58615,0
58616,0
58617,1
58618,2
58619,3
58620,3
58621,0
58622,0
58624,0
58625,3
58627,3
58628,3
58629,3
58630,0
58631,0
58632,3
58633,2
58634,1
58638,0
58639,3
58640,3
58641,3
58642,0
58645,0
58646,3
58647,0
58648,3
58649,3
58650,2
58651,0
58652,0
58653,0
58654,3
58656,0
58657,3
58659,2
58661,0
58663,2
58664,2
58666,0
58667,3
58669,1
58670,3
58671,3
58673,0
58674,0
58675,0
58676,1
58678,0
58679,3
58680,1
58681,3
58682,0
58683,0
58684,0
58685,0
58686,1
58687,3
58688,0
58689,0
58690,3
58691,0
58692,0
58694,0
58695,3
58696,0
58697,0
58698,0
58699,1
58700,3
58703,0
58704,3
58705,0
58708,0
58709,3
58710,2
58711,3
58712,1
58713,0
58714,0
58715,0
58716,3
58717,0
58718,0
58719,0
58720,1
58721,3
58722,0
58723,2
58724,0
58725,0
58726,0
58727,0
58728,2
58729,0
58732,0
58733,1
58735,0
58736,3
58737,3
58738,3
58739,0
58740,0
58741,2
58742,0
58743,0
58744,3
58745,3
58747,0
58748,0
58749,3
58751,0
58752,0
58755,0
58756,0
58757,3
58758,0
58760,0
58761,3
58762,0
58763,0
58764,0
58765,3
58767,3
58768,3
58769,0
58770,1
58771,0
58774,0
58775,3
58776,3
58777,0
58778,3
58779,0
58781,3
58782,3
58783,0
58785,0
58786,0
58787,1
58789,0
58790,3
58793,1
58794,1
58795,3
58796,3
58797,0
58798,3
58799,0
58800,1
58802,0
58803,3
58804,0
58805,0
58808,0
58809,0
58810,3
58811,3
58813,0
58814,3
58815,2
58816,0
58817,3
58820,0
58821,2
58822,3
58823,3
58824,0
58825,3
58826,2
58827,1
58828,0
58829,3
58830,3
58831,0
58832,3
58833,0
58834,1
58835,3
58836,3
58838,0
58839,0
58840,1
58841,0
58842,0
58843,0
58844,3
58845,0
58846,0
58848,0
58849,0
58850,1
58851,3
58852,3
58853,1
58854,3
58855,1
58856,3
58858,2
58859,1
58861,0
58862,1
58864,2
58865,3
58866,3
58867,0
58868,3
58870,0
58871,0
58872,3
58873,2
58874,3
58875,0
58879,0
58880,1
58882,3
58883,0
58884,0
58885,3
58886,0
58888,0
58889,1
58890,0
58891,0
58892,1
58893,3
58894,0
58895,3
58896,3
58897,3
58898,3
58899,1
58900,3
58901,0
58902,3
58903,3
58904,0
58905,0
58906,2
58907,0
58909,0
58910,1
58911,2
58913,0
58914,0
58917,2
58919,2
58920,0
58921,3
58922,0
58923,2
58924,1
58925,0
58926,3
58927,2
58928,0
58929,3
58931,0
58932,3
58933,3
58934,0
58935,0
58936,0
58937,2
58939,0
58941,1
58942,3
58943,3
58944,3
58945,0
58946,3
58947,3
58948,3
58949,0
58950,0
58951,1
58953,1
58954,0
58955,3
58956,2
58957,3
58960,0
58961,0
58962,0
58963,3
58964,1
58965,0
58966,0
58968,1
58969,0
58971,0
58972,0
58973,0
58975,1
58976,0
58977,3
58978,0
58980,3
58985,0
58986,0
58987,0
58989,3
58990,0
58991,0
58993,3
58994,1
58995,3
58997,0
59000,3
59001,3
59002,3
59003,0
59005,3
59006,0
59008,0
59009,0
59010,1
59012,0
59014,3
59016,2
59017,3
59018,0
59019,0
59020,3
59021,0
59022,2
59024,2
59025,0
59027,2
59028,2
59029,1
59030,1
59031,1
59032,0
59033,1
59035,0
59036,0
59037,0
59038,3
59039,0
59040,0
59041,3
59043,0
59045,0
59046,1
59047,3
59048,0
59050,2
59051,3
59052,0
59053,0
59054,0
59055,0
59056,0
59057,1
59059,2
59060,1
59061,0
59062,3
59063,0
59064,3
59065,2
59066,0
59067,0
59069,1
59070,0
59071,0
59072,3
59073,1
59074,3
59075,0
59076,0
59077,1
59078,0
59079,2
59080,3
59081,0
59082,3
59083,1
59084,0
59085,3
59086,3
59087,0
59088,3
59089,3
59090,1
59091,0
59092,0
59093,0
59094,2
59095,0
59096,3
59097,2
59098,2
59099,3
59100,3
59102,3
59105,3
59106,3
59107,0
59109,3
59111,2
59112,0
59113,2
59114,2
59115,0
59116,2
59117,0
59119,0
59120,3
59121,1
59122,0
59123,2
59124,0
59125,3
59127,0
59128,1
59130,0
59131,1
59132,0
59133,1
59135,0
59136,3
59137,2
59139,2
59140,3
59142,0
59143,3
59144,0
59145,0
59146,3
59147,0
59148,1
59150,3
59151,0
59152,0
59154,3
59155,1
59156,0
59157,0
59159,0
59160,0
59161,2
59162,2
59163,1
59164,0
59165,2
59167,0
59168,3
59169,3
59170,0
59171,3
59172,0
59173,0
59174,2
59175,1
59176,0
59177,0
59178,3
59179,3
59180,2
59181,3
59182,3
59183,3
59185,0
59186,2
59187,0
59189,3
59190,0
59192,2
59193,3
59194,0
59197,3
59200,0
59201,0
59202,0
59204,3
59205,3
59206,0
59207,0
59209,1
59210,2
59211,0
59212,0
59213,1
59214,0
59215,3
59216,2
59217,3
59219,1
59221,0
59222,2
59223,0
59224,0
59225,1
59226,3
59227,0
59228,0
59229,0
59230,0
59231,0
59233,3
59234,3
59235,0
59237,0
59238,2
59239,0
59240,0
59242,2
59243,2
59244,0
59245,3
59246,0
59247,3
59249,3
59251,0
59252,0
59253,0
59254,3
59255,1
59256,3
59257,0
59258,3
59261,0
59263,1
59264,0
59265,0
59266,0
59267,3
59268,3
59269,3
59270,0
59271,0
59272,3
59274,0
59275,0
59276,0
59277,2
59279,3
59280,0
59281,0
59282,0
59283,1
59284,3
59285,0
59286,3
59287,0
59288,2
59289,2
59290,0
59291,3
59292,3
59293,0
59294,0
59295,0
59296,0
59297,0
59300,1
59301,0
59303,0
59305,3
59306,0
59307,0
59308,0
59309,0
59311,0
59313,0
59314,0
59318,0
59323,0
59325,0
59326,3
59327,0
59328,0
59329,1
59330,0
59331,0
59332,0
59333,0
59335,3
59336,0
59339,0
59340,0
59341,0
59343,3
59345,0
59347,1
59348,0
59349,2
59350,1
59351,0
59352,1
59353,3
59355,0
59356,3
59357,2
59359,2
59360,2
59361,0
59362,0
59363,0
59364,0
59365,0
59366,1
59367,3
59368,0
59369,0
59370,0
59371,0
59372,3
59373,3
59375,0
59377,2
59378,0
59381,0
59382,0
59384,0
59385,2
59386,0
59387,0
59388,2
59389,0
59390,3
59391,0
59392,3
59394,3
59396,3
59398,2
59399,3
59400,2
59401,2
59402,0
59403,0
59404,3
59405,3
59406,0
59407,2
59408,0
59410,3
59411,2
59412,1
59413,1
59415,3
59416,0
59417,0
59418,0
59420,3
59422,0
59423,0
59425,0
59426,0
59428,1
59430,0
59431,0
59432,3
59433,1
59435,0
59436,2
59437,0
59438,0
59440,3
59441,0
59442,0
59443,0
59444,3
59445,1
59446,0
59447,0
59448,0
59449,1
59450,0
59451,0
59452,0
59453,1
59454,3
59455,3
59457,1
59458,0
59459,0
59460,0
59461,2
59462,1
59463,1
59464,2
59465,0
59466,0
59467,3
59468,0
59469,2
59470,3
59473,0
59474,0
59475,2
59476,0
59477,3
59478,3
59479,0
59480,0
59481,0
59482,1
59483,0
59484,3
59486,1
59487,0
59488,1
59489,0
59490,0
59491,1
59492,1
59495,3
59496,0
59497,1
59499,3
59500,3
59502,0
59503,0
59504,3
59505,0
59506,2
59507,2
59508,3
59509,2
59510,0
59513,2
59514,1
59515,0
59516,3
59517,3
59518,2
59519,2
59520,3
59521,3
59522,1
59523,2
59525,0
59526,0
59529,0
59530,3
59532,0
59535,1
59537,2
59539,3
59540,1
59541,3
59542,3
59543,3
59545,0
59546,0
59547,0
59548,0
59549,0
59551,0
59552,0
59554,0
59555,2
59557,1
59558,0
59560,1
59561,0
59562,3
59564,1
59565,0
59566,2
59567,1
59568,1
59569,0
59570,0
59571,0
59572,0
59573,0
59574,3
59575,0
59576,0
59577,0
59578,0
59579,0
59580,0
59582,0
59583,3
59585,0
59586,0
59587,3
59589,0
59590,1
59591,1
59592,0
59593,0
59594,3
59596,3
59597,1
59601,0
59602,0
59603,3
59604,0
59605,1
59606,2
59607,3
59608,0
59609,3
59610,3
59611,0
59614,1
59616,3
59617,0
59618,3
59619,2
59620,0
59621,3
59622,3
59623,0
59624,0
59625,0
59627,2
59628,0
59629,2
59630,2
59631,0
59632,3
59633,1
59634,2
59635,3
59636,0
59638,1
59639,3
59640,3
59641,0
59643,0
59644,3
59645,2
59646,0
59647,1
59648,2
59649,0
59650,0
59651,3
59652,3
59653,0
59655,0
59656,0
59658,0
59661,0
59662,0
59663,0
59664,1
59665,0
59666,3
59668,2
59669,1
59670,0
59671,0
59672,1
59673,0
59674,3
59675,0
59676,0
59677,0
59678,0
59679,0
59680,2
59681,0
59682,3
59684,2
59685,0
59686,3
59687,0
59688,0
59690,3
59691,2
59692,1
59694,3
59695,3
59697,0
59698,3
59699,0
59700,3
59701,1
59702,0
59704,1
59705,0
59707,0
59708,0
59710,3
59711,0
59712,0
59713,3
59714,0
59715,3
59716,2
59717,0
59718,3
59719,1
59720,0
59721,0
59722,1
59723,0
59724,3
59725,3
59726,0
59727,3
59728,1
59729,2
59730,1
59732,0
59733,0
59734,1
59736,3
59737,1
59738,0
59739,0
59740,2
59742,1
59743,0
59744,2
59745,2
59746,1
59747,0
59748,3
59749,0
59751,0
59752,2
59753,0
59755,3
59756,3
59758,3
59759,0
59761,0
59762,0
59763,3
59764,3
59765,0
59766,2
59767,3
59768,3
59769,3
59771,1
59773,1
59775,2
59777,3
59778,3
59779,0
59781,0
59783,3
59785,0
59787,2
59788,0
59789,2
59790,3
59792,3
59793,3
59795,0
59796,3
59797,1
59798,3
59799,0
59800,0
59801,0
59802,3
59803,0
59804,0
59805,0
59806,2
59807,2
59808,0
59810,0
59811,0
59812,1
59814,0
59815,0
59816,3
59817,3
59818,0
59819,0
59820,0
59821,0
59822,3
59823,2
59824,3
59826,3
59827,3
59829,3
59830,1
59831,2
59832,0
59833,2
59834,0
59836,3
59837,1
59838,3
59839,3
59840,0
59842,0
59843,0
59845,1
59846,0
59847,0
59848,3
59849,0
59850,0
59851,0
59852,3
59853,0
59854,0
59855,0
59856,0
59857,0
59858,2
59859,1
59860,0
59861,2
59862,0
59863,0
59865,0
59866,0
59867,0
59868,3
59871,0
59872,0
59874,0
59875,1
59876,2
59877,3
59879,3
59880,3
59881,1
59882,1
59883,0
59885,1
59887,1
59888,0
59889,0
59890,0
59891,0
59893,2
59894,3
59896,0
59897,0
59898,1
59899,1
59900,0
59901,0
59902,0
59903,0
59904,0
59905,3
59906,1
59907,0
59908,3
59909,0
59910,0
59911,0
59912,3
59913,3
59914,0
59916,0
59917,3
59918,3
59920,0
59921,1
59922,0
59924,0
59926,1
59927,0
59928,3
59929,1
59930,2
59931,3
59932,0
59933,3
59934,3
59935,0
59937,0
59938,3
59939,1
59941,0
59942,3
59943,0
59945,0
59946,0
59947,0
59948,3
59951,0
59953,0
59954,1
59955,0
59956,0
59957,0
59958,3
59960,2
59961,3
59963,3
59965,1
59967,3
59969,0
59971,0
59972,3
59973,3
59974,0
59975,0
59976,2
59978,2
59979,0
59980,0
59981,2
59982,3
59983,3
59984,3
59988,3
59989,0
59990,1
59992,1
59993,0
59994,3
59996,2
59997,0
59998,3
59999,3
60000,3
60001,0
60002,0
60003,0
60004,1
60006,1
60008,3
60009,2
60010,0
60013,0
60014,3
60016,1
60017,0
60019,3
60020,3
60021,0
60023,0
60024,3
60026,3
60027,0
60028,0
60029,1
60030,3
60031,3
60032,0
60033,0
60034,3
60035,1
60036,0
60037,3
60039,3
60042,0
60043,0
60044,3
60045,1
60047,0
60048,3
60049,3
60050,0
60051,3
60052,1
60056,2
60057,1
60059,2
60060,0
60061,0
60062,3
60063,0
60064,2
60065,0
60066,2
60068,0
60069,2
60070,0
60071,1
60074,0
60075,3
60076,0
60077,3
60078,2
60080,0
60081,0
60082,0
60083,0
60084,2
60085,0
60086,1
60087,1
60088,3
60089,0
60090,0
60092,0
60093,0
60095,0
60096,0
60097,1
60099,3
60101,0
60102,0
60103,0
60105,0
60106,2
60107,3
60109,0
60111,1
60113,0
60115,3
60117,1
60118,0
60119,3
60120,3
60122,0
60123,0
60124,2
60125,1
60126,0
60127,0
60128,0
60129,0
60130,0
60131,0
60132,3
60135,0
60137,3
60138,0
60139,1
60140,0
60141,1
60142,0
60148,1
60149,3
60150,3
60152,0
60153,3
60154,0
60155,0
60156,3
60157,3
60158,0
60159,0
60160,3
60161,0
60162,2
60163,3
60164,3
60166,0
60168,0
60169,3
60171,0
60172,0
60173,2
60175,3
60177,0
60178,0
60179,0
60180,0
60181,3
60182,3
60183,0
60185,1
60186,3
60189,1
60190,0
60191,2
60192,1
60193,0
60194,3
60195,0
60198,0
60199,0
60201,0
60202,0
60203,3
60204,3
60205,1
60206,0
60207,2
60208,0
60209,2
60211,3
60212,1
60214,1
60215,3
60216,0
60217,0
60218,3
60219,0
60220,0
60222,0
60223,0
60224,0
60225,3
60227,0
60228,0
60230,0
60231,0
60232,0
60233,0
60236,3
60237,2
60239,3
60240,3
60241,0
60242,0
60243,0
60244,3
60245,0
60246,0
60247,0
60248,3
60249,0
60250,0
60252,3
60253,1
60254,0
60258,3
60259,0
60260,3
60261,0
60262,0
60263,0
60264,2
60265,0
60266,3
60267,3
60268,2
60269,0
60271,0
60272,2
60273,2
60274,0
60276,1
60277,0
60278,0
60279,1
60281,0
60282,0
60285,3
60287,0
60289,0
60290,3
60292,0
60293,0
60294,1
60295,2
60296,1
60297,3
60298,0
60300,3
60301,2
60302,0
60305,1
60306,2
60308,3
60309,0
60310,3
60311,0
60312,0
60313,3
60314,0
60315,0
60317,0
60318,1
60320,3
60321,1
60322,1
60323,0
60324,0
60325,3
60326,1
60327,3
60329,0
60330,3
60331,3
60333,0
60334,3
60335,2
60337,0
60338,3
60340,3
60342,3
60343,0
60344,3
60345,3
60346,3
60347,1
60348,0
60349,0
60350,3
60351,0
60352,0
60353,2
60355,0
60356,0
60357,1
60358,0
60359,0
60360,0
60361,0
60362,0
60363,3
60364,0
60365,3
60366,0
60367,3
60370,1
60372,1
60373,0
60374,0
60376,0
60379,0
60382,3
60383,0
60384,0
60386,0
60387,3
60390,0
60391,3
60392,0
60393,2
60394,0
60395,1
60396,1
60397,3
60398,0
60401,3
60402,0
60404,3
60406,3
60407,0
60408,3
60409,0
60410,2
60413,0
60415,3
60416,0
60417,0
60418,2
60420,2
60421,3
60422,0
60424,3
60425,3
60427,3
60428,0
60429,3
60431,0
60432,0
60434,0
60435,0
60436,0
60437,3
60438,3
60439,3
60440,1
60441,0
60442,3
60443,1
60445,1
60446,3
60447,0
60448,2
60449,3
60453,1
60455,0
60456,0
60457,3
60458,0
60460,0
60461,3
60462,3
60463,0
60464,0
60465,0
60466,0
60468,0
60469,3
60471,0
60472,0
60473,2
60474,0
60475,0
60476,0
60477,2
60478,3
60479,0
60480,2
60481,0
60482,3
60483,0
60484,0
60485,2
60486,1
60487,0
60488,0
60490,3
60491,0
60492,3
60493,2
60494,0
60495,0
60496,0
60497,1
60498,3
60500,0
60501,1
60502,3
60503,0
60504,0
60505,0
60506,1
60507,0
60509,3
60510,0
60511,0
60512,1
60513,0
60514,0
60515,0
60516,2
60517,3
60518,1
60519,0
60521,0
60522,0
60523,3
60524,3
60526,3
60527,0
60528,0
60529,3
60530,0
60531,3
60532,0
60533,0
60535,3
60536,2
60537,3
60538,2
60539,3
60540,0
60541,3
60542,3
60543,0
60544,3
60545,0
60546,3
60547,0
60548,0
60549,2
60550,0
60551,3
60552,3
60553,3
60555,0
60557,1
60558,0
60559,0
60560,0
60561,0
60562,0
60563,3
60564,1
60565,3
60566,0
60567,0
60568,3
60569,3
60570,1
60571,1
60572,0
60573,0
60575,0
60576,0
60577,0
60578,0
60579,0
60580,1
60581,3
60583,0
60585,3
60587,0
60588,0
60589,3
60590,3
60592,0
60594,3
60595,0
60596,0
60597,0
60599,0
60600,0
60601,0
60602,0
60603,3
60604,0
60605,2
60606,0
60607,0
60608,3
60609,3
60610,0
60611,0
60612,3
60614,0
60615,3
60616,1
60617,2
60618,3
60619,0
60620,3
60621,0
60622,0
60623,3
60624,1
60627,0
60628,2
60629,0
60630,0
60631,0
60632,1
60634,3
60635,2
60636,3
60638,3
60639,0
60640,3
60641,2
60642,2
60644,0
60645,0
60646,3
60647,3
60648,0
60650,3
60651,0
60652,0
60653,0
60655,1
60656,0
60657,1
60658,0
60659,1
60660,0
60661,0
60662,3
60664,3
60665,3
60666,0
60667,0
60668,0
60669,3
60670,0
60671,3
60673,0
60674,0
60675,0
60676,0
60677,3
60678,0
60680,1
60682,0
60683,0
60684,3
60685,3
60686,0
60687,0
60688,0
60689,0
60690,0
60691,0
60692,3
60694,0
60695,0
60696,3
60698,1
60699,1
60700,0
60701,0
60703,0
60704,3
60705,0
60706,3
60707,3
60708,0
60709,0
60711,3
60712,2
60713,3
60714,0
60715,3
60717,1
60718,0
60719,2
60720,3
60722,3
60723,0
60724,0
60725,0
60726,2
60727,3
60728,0
60729,3
60730,2
60731,0
60732,3
60733,0
60734,3
60735,2
60736,1
60737,0
60738,0
60739,2
60740,0
60742,0
60743,0
60745,3
60746,2
60747,0
60750,0
60751,3
60752,2
60753,3
60754,2
60755,0
60757,3
60760,3
60761,0
60763,0
60764,1
60765,3
60766,0
60767,1
60769,0
60770,2
60771,3
60772,2
60773,3
60774,0
60775,0
60777,0
60779,0
60780,0
60782,0
60784,3
60786,3
60788,0
60790,0
60792,0
60793,0
60794,0
60795,0
60796,1
60797,0
60800,3
60802,0
60803,0
60805,0
60806,0
60808,1
60809,2
60812,0
60813,0
60814,0
60815,1
60816,3
60817,3
60818,0
60819,3
60820,0
60824,0
60825,0
60827,0
60829,3
60830,0
60833,3
60834,3
60835,0
60836,0
60837,3
60838,1
60839,0
60840,1
60841,0
60844,0
60845,0
60847,0
60848,3
60849,0
60850,3
60851,3
60852,0
60853,3
60855,3
60856,1
60857,3
60858,0
60859,0
60860,3
60861,0
60862,0
60863,0
60865,0
60866,0
60868,0
60870,0
60871,3
60872,1
60874,3
60875,3
60876,0
60878,0
60881,0
60882,2
60883,3
60885,0
60886,3
60887,3
60888,0
60889,3
60891,3
60892,3
60895,3
60896,0
60898,2
60899,0
60900,3
60902,0
60904,3
60905,0
60907,0
60908,3
60909,0
60911,0
60912,0
60913,0
60915,3
60916,0
60917,0
60918,0
60919,0
60922,3
60923,1
60924,0
60926,2
60927,0
60928,0
60929,0
60930,3
60931,3
60932,1
60933,3
60934,0
60935,0
60936,3
60937,2
60938,2
60939,0
60940,0
60941,2
60942,0
60943,0
60944,1
60946,3
60947,0
60948,0
60949,0
60950,2
60951,3
60952,3
60953,0
60954,0
60955,0
60956,0
60957,0
60959,2
60960,1
60962,0
60963,3
60964,0
60965,2
60966,2
60967,0
60968,1
60969,0
60970,0
60971,0
60972,3
60973,3
60975,0
60977,3
60979,0
60980,3
60982,0
60983,0
60984,0
60985,1
60986,3
60987,0
60989,3
60992,3
60993,0
60994,3
60995,0
60997,3
61000,3
61001,3
61003,0
61004,0
61005,1
61006,3
61007,3
61008,1
61009,0
61010,0
61011,0
61012,3
61013,1
61014,3
61015,2
61016,0
61018,3
61019,0
61020,0
61021,0
61022,1
61023,2
61024,0
61025,3
61026,0
61027,0
61028,0
61029,0
61030,1
61033,0
61034,3
61035,1
61038,0
61039,0
61040,0
61041,2
61042,0
61043,3
61044,1
61045,3
61046,3
61047,2
61048,3
61049,3
61050,1
61051,3
61052,0
61053,0
61054,0
61055,0
61057,0
61058,0
61059,2
61060,1
61061,2
61062,0
61063,3
61064,0
61066,3
61067,1
61068,3
61070,0
61072,3
61073,0
61074,1
61075,0
61076,0
61077,0
61078,0
61079,3
61080,0
61081,0
61082,3
61083,0
61084,0
61085,3
61087,0
61089,3
61090,3
61091,3
61092,0
61093,2
61094,0
61095,0
61097,0
61101,3
61109,3
61110,3
61111,2
61113,0
61116,0
61117,0
61118,0
61119,0
61120,0
61121,3
61122,0
61123,1
61124,0
61125,2
61126,0
61127,0
61129,0
61130,3
61131,2
61132,3
61133,3
61134,3
61135,0
61136,0
61137,0
61138,0
61139,3
61143,3
61144,0
61145,0
61146,2
61147,1
61148,0
61149,0
61150,0
61151,0
61152,0
61154,0
61155,0
61156,0
61157,0
61158,0
61159,0
61160,2
61162,2
61163,2
61164,3
61165,3
61166,0
61167,3
61168,1
61169,0
61170,1
61171,3
61172,1
61173,0
61174,0
61176,0
61177,3
61178,0
61179,0
61180,3
61181,1
61182,0
61183,0
61184,0
61187,3
61188,0
61190,0
61191,1
61192,0
61194,3
61195,2
61197,0
61198,1
61200,0
61201,3
61202,0
61203,2
61205,0
61206,0
61207,0
61208,0
61209,0
61210,0
61211,0
61212,0
61213,0
61214,0
61215,0
61216,0
61217,0
61218,3
61219,3
61221,0
61223,2
61224,0
61225,1
61226,0
61227,0
61229,0
61230,0
61231,2
61233,3
61234,0
61235,1
61236,3
61237,2
61238,0
61239,0
61240,1
61241,0
61242,0
61243,0
61244,3
61245,3
61246,0
61247,1
61248,3
61249,3
61250,0
61251,3
61253,0
61254,0
61256,3
61257,0
61259,0
61260,3
61261,0
61262,0
61263,0
61264,3
61265,1
61266,2
61267,3
61268,0
61269,0
61270,2
61271,3
61272,0
61273,0
61274,2
61275,1
61277,0
61278,3
61281,0
61282,0
61283,2
61284,1
61286,2
61287,3
61288,3
61291,0
61293,0
61294,3
61296,0
61297,3
61298,0
61299,0
61301,2
61303,3
61306,3
61307,0
61308,0
61310,0
61311,3
61313,0
61315,0
61316,0
61317,0
61318,3
61319,2
61321,0
61322,0
61323,2
61324,3
61325,0
61326,3
61327,2
61328,0
61329,3
61331,2
61332,1
61333,3
61334,3
61335,3
61337,2
61338,0
61340,0
61341,3
61342,3
61343,0
61346,0
61347,1
61348,3
61349,2
61351,1
61352,1
61353,3
61354,0
61355,0
61356,1
61359,3
61360,3
61361,3
61362,1
61364,0
61365,0
61367,0
61369,1
61370,3
61372,3
61373,0
61374,3
61375,0
61376,3
61377,3
61379,0
61380,3
61381,0
61382,0
61383,1
61384,3
61385,3
61386,3
61387,0
61388,3
61390,0
61391,1
61392,2
61393,3
61394,3
61395,3
61396,0
61397,0
61398,1
61399,1
61400,2
61402,1
61403,3
61404,0
61406,1
61407,0
61408,0
61409,0
61410,0
61411,0
61412,0
61413,0
61414,0
61415,1
61416,0
61417,0
61418,0
61419,3
61421,3
61422,1
61423,0
61424,0
61425,0
61426,3
61427,3
61428,0
61429,2
61430,2
61431,0
61433,0
61434,0
61436,0
61437,0
61438,0
61439,0
61440,0
61443,3
61445,0
61446,0
61447,0
61448,3
61450,0
61451,0
61453,1
61454,0
61455,3
61459,0
61461,0
61462,0
61463,0
61464,1
61465,0
61467,0
61468,3
61469,0
61470,1
61471,0
61472,3
61473,3
61474,1
61476,0
61477,1
61478,3
61479,3
61480,0
61481,3
61483,0
61484,3
61485,1
61486,2
61487,0
61488,1
61489,0
61490,3
61491,0
61492,0
61493,1
61494,1
61495,0
61496,0
61497,3
61498,0
61499,2
61500,0
61501,1
61502,3
61503,0
61505,1
61507,1
61508,0
61509,0
61510,0
61511,0
61513,2
61515,3
61516,0
61517,1
61519,0
61520,3
61522,3
61523,0
61524,0
61526,0
61527,0
61528,0
61529,3
61530,3
61532,0
61533,3
61534,3
61535,0
61536,0
61537,1
61538,0
61540,2
61541,3
61543,3
61544,3
61546,0
61547,3
61548,3
61549,1
61555,1
61556,0
61557,3
61558,0
61561,1
61562,3
61563,3
61564,0
61565,1
61567,2
61568,3
61569,2
61570,1
61571,1
61574,0
61575,3
61576,3
61577,1
61578,2
61582,0
61583,2
61584,2
61587,0
61588,3
61589,0
61590,3
61591,3
61592,0
61594,0
61595,2
61596,0
61597,0
61599,0
61600,0
61601,1
61603,0
61604,3
61605,0
61608,3
61609,3
61610,3
61612,3
61613,3
61614,1
61615,0
61616,3
61617,2
61618,0
61619,3
61621,0
61622,1
61623,2
61624,3
61625,1
61626,3
61627,3
61628,0
61629,0
61630,3
61633,0
61634,0
61635,0
61636,0
61637,3
61638,3
61639,0
61640,0
61641,2
61642,2
61643,3
61645,2
61646,0
61647,1
61648,0
61649,2
61650,3
61651,1
61653,0
61654,1
61655,3
61656,2
61657,3
61658,3
61659,2
61660,2
61661,3
61662,0
61664,2
61665,0
61666,3
61667,3
61668,0
61669,3
61671,0
61673,0
61675,3
61676,1
61677,1
61678,3
61681,0
61683,0
61684,0
61686,3
61687,3
61689,0
61690,0
61691,1
61692,0
61693,0
61694,1
61695,3
61696,0
61697,1
61698,0
61699,2
61700,3
61701,1
61702,0
61704,0
61705,0
61706,3
61707,1
61709,1
61711,0
61712,1
61713,1
61715,0
61717,3
61720,3
61721,0
61722,3
61724,0
61725,3
61726,0
61727,0
61728,3
61729,0
61730,2
61733,1
61734,3
61735,3
61736,0
61737,0
61738,0
61739,3
61740,2
61741,0
61742,0
61744,0
61745,0
61747,3
61748,0
61749,3
61750,0
61751,0
61753,1
61754,1
61755,3
61758,1
61759,3
61760,3
61761,1
61763,0
61764,3
61765,0
61767,0
61768,3
61769,0
61770,0
61771,0
61774,3
61775,0
61776,0
61778,0
61779,0
61780,0
61781,2
61782,0
61784,1
61785,0
61786,0
61787,1
61789,3
61791,2
61792,0
61793,3
61794,0
61796,1
61798,3
61800,0
61801,0
61802,3
61803,0
61805,0
61806,3
61807,2
61808,1
61809,0
61810,3
61811,0
61812,1
61813,0
61815,0
61816,0
61818,3
61820,1
61821,0
61822,2
61823,0
61824,0
61825,2
61826,3
61829,0
61830,0
61831,2
61832,2
61834,3
61835,0
61837,3
61838,3
61839,0
61840,0
61841,0
61843,0
61844,1
61845,0
61846,1
61847,0
61848,0
61849,3
61851,0
61852,0
61853,0
61854,0
61855,2
61857,3
61859,0
61860,3
61861,0
61862,3
61863,0
61864,0
61865,2
61866,1
61870,0
61871,0
61872,0
61873,2
61874,3
61876,0
61877,1
61880,2
61881,3
61882,2
61883,1
61884,0
61885,0
61887,0
61888,1
61889,0
61890,3
61891,3
61892,0
61893,0
61894,0
61895,0
61896,3
61897,0
61898,3
61899,0
61901,3
61902,3
61903,1
61904,2
61907,1
61908,0
61909,0
61910,0
61911,0
61913,3
61914,0
61915,0
61916,0
61918,0
61919,0
61920,0
61921,3
61922,0
61923,3
61924,1
61925,0
61926,0
61927,1
61928,0
61929,3
61930,3
61932,1
61933,1
61934,0
61935,3
61937,0
61938,0
61939,0
61940,3
61941,3
61942,3
61943,1
61945,2
61946,0
61947,0
61949,0
61950,0
61951,0
61952,0
61953,2
61954,0
61955,3
61956,2
61958,0
61959,0
61961,0
61962,0
61963,3
61964,0
61965,0
61966,0
61967,3
61968,0
61969,3
61972,3
61973,0
61977,2
61978,0
61979,0
61981,1
61982,0
61983,0
61984,0
61985,3
61986,0
61987,3
61988,0
61989,3
61990,3
61991,3
61992,3
61993,0
61994,0
61995,0
61996,0
61997,0
61998,1
61999,3
62000,3
62001,0
62003,3
62004,2
62006,0
62008,3
62009,0
62010,0
62011,3
62012,3
62013,0
62014,3
62015,3
62016,0
62018,0
62019,0
62022,3
62023,0
62024,0
62027,0
62031,0
62032,3
62033,2
62034,3
62035,0
62038,0
62039,1
62040,3
62041,2
62042,3
62044,0
62045,3
62046,0
62048,0
62049,0
62052,0
62053,0
62055,3
62057,0
62058,1
62059,0
62060,0
62061,3
62062,0
62063,0
62064,0
62065,0
62066,0
62068,0
62069,0
62070,0
62071,3
62072,0
62074,3
62075,0
62076,2
62077,3
62079,0
62080,3
62081,1
62082,3
62083,3
62084,0
62085,3
62086,3
62087,0
62088,1
62089,0
62090,0
62094,3
62095,3
62097,1
62104,2
62105,3
62106,3
62107,0
62108,0
62109,0
62110,0
62111,3
62112,3
62114,0
62115,3
62116,3
62117,1
62119,0
62120,3
62123,0
62124,0
62125,3
62126,0
62129,0
62130,3
62131,0
62132,0
62133,0
62136,1
62137,0
62138,0
62139,0
62140,3
62141,3
62142,3
62144,3
62145,0
62147,0
62148,3
62149,3
62150,3
62151,2
62152,3
62153,0
62154,1
62155,2
62156,0
62157,3
62158,0
62161,0
62162,3
62165,1
62166,1
62167,0
62168,1
62169,2
62172,3
62173,1
62174,0
62175,0
62177,2
62179,0
62180,2
62181,1
62182,0
62184,0
62185,0
62190,3
62191,0
62192,0
62194,3
62195,3
62197,3
62198,3
62199,0
62200,1
62201,1
62202,3
62203,0
62204,3
62205,3
62206,2
62207,0
62209,1
62210,0
62211,0
62212,3
62213,0
62215,0
62216,0
62218,2
62219,3
62220,3
62222,0
62224,3
62225,0
62226,0
62227,0
62229,3
62230,1
62231,3
62232,0
62234,3
62235,2
62236,3
62237,3
62238,0
62240,1
62241,0
62242,0
62243,2
62244,0
62245,0
62246,3
62247,3
62248,1
62249,2
62250,3
62251,0
62252,0
62253,3
62254,3
62255,2
62256,0
62257,0
62258,3
62259,3
62260,0
62261,0
62262,0
62263,0
62264,1
62265,3
62266,3
62267,0
62268,0
62269,0
62270,1
62271,3
62272,0
62274,2
62276,3
62277,2
62278,3
62279,3
62280,3
62282,3
62283,2
62284,1
62285,0
62286,0
62287,0
62289,0
62290,0
62292,1
62293,0
62295,3
62296,1
62297,0
62298,0
62299,0
62300,1
62301,1
62302,3
62303,0
62304,0
62305,3
62307,0
62308,1
62309,0
62310,3
62311,0
62312,1
62314,2
62315,3
62316,2
62318,2
62319,3
62320,0
62321,3
62322,0
62323,3
62324,0
62325,0
62326,2
62327,0
62328,0
62330,3
62331,0
62332,0
62335,0
62336,0
62337,0
62338,1
62339,1
62340,0
62341,2
62342,0
62343,3
62344,0
62345,0
62346,0
62347,0
62348,3
62349,2
62350,3
62351,3
62352,0
62353,0
62354,1
62355,2
62356,1
62357,0
62358,3
62359,0
62360,1
62361,3
62362,0
62363,3
62364,0
62365,0
62367,0
62369,3
62371,3
62372,0
62373,1
62375,0
62378,3
62379,0
62380,0
62381,1
62383,0
62384,0
62385,2
62386,2
62387,0
62388,2
62389,3
62390,3
62392,2
62393,0
62394,0
62395,0
62396,0
62397,0
62398,2
62399,0
62401,0
62402,3
62403,3
62404,3
62405,3
62406,0
62407,3
62409,0
62410,0
62411,0
62412,0
62413,3
62414,0
62416,0
62417,0
62418,2
62419,2
62420,2
62421,0
62422,1
62423,2
62424,0
62425,0
62426,2
62427,3
62428,3
62430,0
62431,3
62432,3
62433,0
62434,1
62435,0
62436,0
62439,0
62440,3
62441,3
62442,0
62443,0
62444,3
62445,2
62446,3
62447,3
62450,2
62451,2
62452,2
62453,0
62455,0
62456,3
62457,0
62459,1
62460,0
62461,3
62462,3
62463,3
62464,1
62465,3
62467,3
62468,0
62471,3
62472,1
62473,3
62474,3
62475,3
62476,3
62477,0
62478,1
62479,0
62480,0
62481,0
62482,3
62483,1
62484,3
62485,0
62486,3
62488,3
62489,2
62493,1
62495,1
62496,3
62497,0
62498,3
62500,0
62501,1
62502,0
62503,2
62504,0
62505,0
62506,2
62507,0
62508,0
62510,3
62511,3
62512,0
62513,0
62514,1
62515,3
62516,0
62518,1
62519,0
62521,0
62522,1
62523,3
62524,3
62525,0
62526,0
62527,3
62528,0
62529,0
62530,3
62531,0
62533,3
62535,3
62537,0
62541,3
62542,1
62543,3
62544,0
62546,1
62547,2
62548,0
62549,0
62550,2
62551,3
62552,0
62553,2
62555,1
62556,0
62557,0
62559,0
62560,3
62561,0
62562,2
62566,0
62568,0
62570,3
62571,0
62572,0
62573,3
62574,3
62576,0
62577,0
62578,0
62580,0
62581,3
62583,0
62584,0
62585,1
62586,2
62587,0
62589,0
62591,1
62593,0
62594,3
62595,0
62596,2
62597,0
62598,0
62599,1
62600,3
62603,3
62604,1
62605,0
62606,3
62607,0
62608,0
62610,0
62611,1
62613,0
62614,0
62615,0
62616,0
62617,3
62618,3
62619,1
62620,2
62621,3
62622,0
62624,0
62625,0
62627,0
62628,2
62629,1
62630,3
62632,0
62634,0
62635,3
62636,1
62637,0
62639,2
62640,3
62641,0
62643,3
62644,2
62645,0
62646,0
62647,2
62648,0
62649,0
62650,0
62651,3
62653,0
62654,0
62655,0
62656,0
62658,3
62659,1
62660,3
62661,0
62662,0
62664,3
62665,0
62666,0
62667,3
62669,0
62670,0
62671,3
62672,2
62673,0
62674,0
62676,0
62677,0
62678,2
62679,0
62680,2
62681,3
62682,0
62683,3
62684,0
62685,0
62686,3
62688,0
62690,3
62691,0
62692,1
62693,0
62694,1
62695,3
62697,3
62698,3
62700,3
62701,3
62703,0
62704,3
62705,0
62706,0
62707,2
62708,3
62709,2
62710,0
62712,0
62713,0
62716,0
62717,0
62718,3
62719,0
62721,2
62723,0
62724,3
62725,0
62726,3
62727,0
62729,1
62730,3
62731,0
62733,2
62734,0
62735,0
62736,1
62737,0
62738,0
62739,3
62740,1
62741,1
62742,0
62743,0
62744,0
62745,0
62746,0
62748,2
62749,1
62751,1
62752,3
62754,3
62755,2
62756,0
62757,0
62758,0
62759,0
62760,0
62761,0
62762,0
62763,1
62765,0
62766,3
62767,3
62768,0
62769,0
62770,3
62771,0
62772,3
62773,3
62775,0
62777,0
62778,0
62779,3
62780,0
62781,0
62782,0
62783,0
62785,0
62786,3
62787,1
62789,3
62790,3
62791,0
62792,0
62793,0
62794,3
62795,2
62796,0
62797,0
62798,1
62799,3
62800,0
62801,0
62802,0
62803,0
62804,3
62805,0
62806,3
62808,0
62809,2
62812,2
62815,0
62816,0
62818,0
62819,0
62820,0
62821,1
62822,0
62823,3
62824,3
62825,3
62826,0
62827,2
62828,3
62829,0
62830,0
62831,0
62833,0
62834,1
62835,0
62836,0
62837,0
62838,0
62842,0
62843,3
62844,3
62845,1
62846,0
62847,0
62848,3
62849,1
62850,0
62851,1
62852,0
62853,3
62854,2
62856,3
62857,3
62859,0
62860,2
62861,1
62862,2
62863,0
62864,3
62865,2
62866,0
62867,0
62868,3
62869,3
62870,3
62872,3
62873,0
62874,1
62876,0
62877,3
62878,0
62879,3
62880,0
62881,3
62884,3
62885,0
62888,3
62889,2
62890,0
62892,3
62893,3
62894,0
62895,0
62896,0
62897,3
62898,3
62900,3
62901,0
62903,0
62904,1
62905,0
62907,2
62908,0
62909,3
62910,0
62911,0
62914,1
62917,2
62918,0
62919,0
62920,2
62921,3
62923,2
62925,0
62926,2
62927,0
62928,0
62929,0
62930,1
62932,0
62933,3
62934,0
62935,0
62936,0
62937,1
62938,0
62939,0
62940,0
62941,0
62942,3
62944,0
62945,0
62946,3
62947,2
62948,0
62950,1
62951,0
62952,1
62953,1
62954,1
62955,0
62957,3
62958,2
62959,0
62960,0
62961,0
62962,0
62964,0
62965,3
62967,3
62968,0
62969,0
62971,0
62972,0
62973,0
62974,0
62975,0
62976,0
62978,0
62979,0
62980,3
62982,2
62983,3
62984,3
62985,1
62986,0
62987,0
62990,3
62991,0
62993,2
62994,0
62995,3
62999,2
63000,0
63001,3
63002,3
63003,0
63004,0
63005,0
63006,0
63007,0
63008,0
63009,0
63010,0
63013,0
63015,1
63016,0
63017,3
63019,0
63020,0
63021,1
63022,0
63023,2
63024,0
63025,0
63026,0
63027,3
63028,0
63029,1
63030,0
63032,3
63034,0
63035,3
63037,0
63038,1
63039,3
63040,3
63041,0
63042,0
63043,1
63044,2
63045,0
63046,0
63047,0
63048,0
63049,1
63050,0
63051,2
63052,3
63053,0
63054,2
63055,0
63056,0
63057,3
63058,1
63059,0
63060,3
63061,0
63062,0
63063,0
63065,3
63070,0
63071,0
63073,0
63074,2
63077,0
63078,3
63080,0
63081,3
63082,2
63083,0
63084,0
63085,0
63086,0
63087,1
63089,1
63090,3
63091,1
63093,3
63096,0
63097,0
63098,3
63099,2
63100,0
63101,0
63102,0
63103,3
63104,3
63105,0
63106,2
63107,0
63108,3
63109,0
63110,3
63111,2
63112,0
63113,3
63114,3
63115,1
63116,0
63117,0
63119,0
63120,2
63121,0
63122,0
63124,3
63125,3
63126,3
63127,0
63128,0
63129,3
63132,0
63133,0
63134,0
63135,0
63137,1
63138,0
63140,3
63143,3
63145,3
63146,0
63147,1
63148,0
63149,0
63150,0
63151,0
63152,3
63153,2
63154,0
63155,2
63156,0
63157,0
63159,0
63160,3
63161,0
63162,0
63163,3
63164,0
63166,2
63167,0
63168,0
63169,0
63171,0
63172,3
63173,3
63174,3
63175,0
63176,3
63178,2
63181,0
63182,0
63184,0
63185,0
63186,0
63187,0
63189,3
63190,0
63191,3
63192,0
63193,3
63195,0
63196,3
63197,0
63198,3
63200,3
63201,3
63202,3
63203,2
63205,0
63206,3
63207,3
63208,3
63209,2
63210,2
63211,3
63212,2
63213,0
63215,0
63216,3
63217,0
63218,1
63219,3
63220,3
63221,0
63222,3
63223,1
63224,3
63225,0
63226,0
63227,0
63228,0
63229,3
63230,0
63232,0
63234,1
63235,0
63236,0
63237,0
63238,2
63239,0
63244,3
63247,0
63248,0
63249,0
63251,0
63253,0
63254,1
63255,0
63256,2
63257,2
63258,3
63261,3
63262,3
63263,1
63264,0
63265,3
63266,0
63267,0
63268,3
63269,0
63270,0
63271,3
63272,1
63273,0
63274,3
63280,0
63281,3
63282,3
63283,0
63285,0
63286,3
63287,0
63288,0
63289,1
63290,2
63291,0
63292,0
63293,0
63295,3
63296,0
63297,0
63298,3
63300,3
63301,0
63302,0
63303,0
63304,1
63305,3
63306,3
63307,3
63308,0
63309,0
63310,0
63311,3
63312,3
63313,0
63314,0
63315,0
63316,0
63317,0
63318,0
63319,0
63320,3
63321,0
63322,3
63323,0
63324,3
63325,3
63327,3
63328,3
63329,3
63330,0
63332,0
63333,0
63336,1
63337,0
63338,0
63339,3
63340,3
63341,0
63343,3
63344,1
63345,3
63346,3
63348,3
63349,0
63350,0
63351,0
63352,0
63355,0
63356,0
63357,0
63358,0
63359,3
63360,3
63361,0
63363,0
63364,0
63365,3
63367,3
63368,0
63369,3
63370,0
63371,3
63373,2
63374,0
63375,3
63376,0
63378,0
63379,3
63381,3
63382,0
63384,1
63388,0
63389,1
63390,0
63392,0
63393,0
63395,0
63396,0
63397,3
63399,0
63400,0
63401,3
63402,1
63403,0
63404,0
63405,0
63406,3
63407,0
63408,3
63410,3
63411,2
63412,0
63415,3
63416,1
63417,1
63418,0
63419,1
63420,3
63421,3
63422,2
63423,0
63424,0
63425,2
63426,1
63427,0
63428,0
63429,0
63431,2
63432,0
63434,1
63435,2
63437,0
63438,3
63439,2
63440,0
63441,0
63442,3
63443,2
63444,0
63445,1
63446,3
63447,0
63448,0
63451,2
63452,3
63453,3
63454,0
63455,0
63456,1
63457,0
63458,0
63459,3
63460,3
63461,2
63462,0
63463,3
63464,0
63465,0
63466,0
63468,3
63470,3
63471,1
63472,3
63473,0
63474,3
63475,0
63476,0
63477,1
63478,1
63480,3
63481,2
63482,2
63483,0
63484,1
63485,0
63486,3
63489,0
63491,0
63492,3
63493,1
63494,1
63495,0
63496,0
63497,3
63498,0
63500,0
63501,2
63502,0
63503,0
63504,3
63505,0
63507,3
63509,3
63510,0
63511,0
63513,0
63514,0
63515,3
63516,3
63518,0
63519,0
63520,0
63521,1
63522,0
63523,0
63524,3
63525,3
63526,3
63527,0
63528,0
63529,0
63531,0
63534,3
63535,0
63536,0
63537,2
63538,1
63539,0
63540,3
63541,2
63542,3
63543,0
63544,0
63545,1
63546,3
63547,0
63548,0
63549,3
63550,1
63552,1
63553,0
63554,0
63555,3
63556,3
63557,3
63558,0
63560,0
63561,3
63563,0
63564,1
63565,0
63566,3
63567,0
63568,0
63569,3
63570,0
63572,3
63573,0
63574,3
63575,3
63576,3
63579,3
63581,3
63582,0
63583,3
63585,3
63586,3
63589,3
63590,0
63591,1
63592,0
63593,0
63596,0
63597,1
63599,0
63603,2
63604,0
63606,0
63607,2
63608,3
63610,2
63611,3
63613,3
63614,0
63615,0
63616,3
63617,0
63618,0
63619,3
63620,1
63621,0
63622,0
63623,2
63624,0
63625,0
63626,0
63628,3
63629,0
63631,0
63632,3
63633,0
63634,0
63635,0
63636,0
63638,1
63641,3
63644,0
63645,3
63647,0
63648,0
63650,0
63651,2
63653,3
63654,0
63655,0
63658,0
63659,1
63660,3
63661,0
63663,1
63666,1
63668,0
63669,0
63670,0
63671,2
63672,0
63673,0
63674,3
63675,0
63676,0
63679,0
63680,1
63681,1
63683,0
63684,2
63685,0
63686,2
63687,3
63689,0
63690,0
63691,0
63692,3
63694,2
63695,0
63696,1
63697,0
63698,0
63699,0
63700,0
63701,0
63702,0
63704,0
63705,0
63706,0
63707,3
63709,0
63711,0
63712,2
63713,0
63715,0
63717,0
63718,0
63719,2
63721,3
63722,3
63723,2
63724,3
63725,3
63726,0
63727,0
63728,0
63731,0
63733,2
63734,0
63735,0
63737,0
63738,3
63740,2
63742,0
63743,1
63744,3
63745,3
63746,0
63747,1
63750,0
63752,2
63753,3
63755,3
63756,1
63757,3
63759,3
63760,3
63761,0
63762,0
63763,0
63764,2
63765,0
63766,1
63767,3
63768,0
63769,3
63770,3
63773,0
63774,0
63775,2
63776,0
63777,3
63778,1
63780,0
63782,1
63783,0
63784,0
63785,3
63786,0
63787,3
63788,0
63790,0
63791,0
63792,1
63793,0
63794,0
63796,0
63797,3
63798,0
63799,2
63800,3
63802,0
63803,0
63805,3
63806,0
63807,3
63808,2
63809,3
63810,0
63811,3
63812,3
63813,1
63814,3
63815,1
63816,0
63817,0
63819,0
63821,0
63822,0
63823,0
63824,1
63826,0
63827,0
63828,0
63829,3
63831,3
63832,0
63833,0
63834,1
63835,1
63836,3
63837,0
63839,1
63840,0
63841,0
63842,1
63843,0
63844,1
63845,1
63847,3
63848,0
63849,3
63850,0
63851,0
63852,0
63854,3
63855,0
63856,1
63857,0
63858,0
63859,0
63861,1
63863,2
63864,3
63866,0
63868,3
63869,0
63870,0
63871,1
63872,3
63874,3
63876,0
63877,2
63879,0
63880,2
63882,0
63883,3
63884,0
63885,0
63886,0
63887,0
63888,3
63889,0
63890,0
63891,3
63893,3
63894,3
63895,2
63896,2
63897,3
63898,0
63899,0
63900,0
63901,0
63902,1
63903,0
63904,3
63905,2
63906,0
63907,3
63908,0
63909,1
63911,2
63912,3
63913,1
63914,0
63916,3
63917,0
63919,2
63920,3
63921,0
63922,0
63923,0
63924,2
63925,3
63927,0
63929,2
63931,0
63932,0
63933,0
63934,0
63935,3
63937,3
63938,0
63940,0
63941,1
63944,0
63945,0
63946,0
63947,3
63948,2
63949,0
63950,0
63952,3
63953,0
63954,0
63955,0
63957,1
63958,3
63959,0
63960,2
63961,0
63963,0
63964,1
63965,2
63966,3
63967,0
63968,3
63969,0
63970,0
63972,0
63973,0
63975,2
63976,3
63977,3
63978,0
63979,0
63980,3
63981,0
63982,2
63983,1
63984,0
63985,3
63986,3
63987,1
63990,0
63991,3
63992,3
63993,0
63994,0
63995,0
63996,2
63997,0
63998,3
63999,3
64001,0
64002,2
64003,0
64004,2
64005,2
64008,0
64009,0
64011,0
64014,3
64015,3
64016,1
64017,2
64018,0
64019,2
64020,3
64021,0
64022,3
64023,0
64024,0
64025,3
64026,0
64027,3
64028,3
64030,2
64031,0
64032,0
64034,0
64035,0
64037,2
64038,0
64039,3
64040,1
64041,0
64042,2
64043,0
64044,2
64045,0
64046,2
64047,0
64048,0
64049,0
64051,3
64052,0
64053,0
64054,0
64056,0
64058,0
64060,0
64061,0
64062,0
64064,3
64065,2
64066,3
64067,1
64068,0
64069,3
64071,1
64072,1
64077,0
64078,3
64079,0
64080,1
64083,1
64084,2
64085,0
64086,2
64087,3
64088,0
64089,3
64090,3
64091,0
64093,0
64095,0
64096,3
64097,2
64098,0
64099,0
64101,3
64102,2
64103,0
64104,0
64106,3
64107,3
64110,2
64112,3
64114,3
64115,3
64116,0
64119,0
64121,3
64122,0
64123,3
64124,0
64125,0
64128,0
64129,0
64130,0
64131,3
64132,3
64133,3
64136,3
64137,3
64138,3
64140,3
64141,3
64142,0
64143,0
64145,1
64146,3
64147,2
64150,0
64151,0
64154,0
64155,0
64156,3
64157,1
64158,1
64159,0
64160,0
64161,3
64165,0
64166,0
64167,0
64168,0
64170,0
64172,0
64173,0
64175,1
64176,1
64177,3
64178,3
64179,3
64180,0
64181,0
64183,0
64184,3
64185,0
64187,1
64189,1
64190,0
64191,0
64195,3
64197,1
64198,0
64200,3
64201,0
64202,2
64203,1
64204,3
64206,0
64207,3
64208,1
64209,0
64210,0
64213,1
64214,0
64215,0
64216,0
64217,3
64219,0
64220,2
64221,0
64223,0
64225,0
64226,1
64227,0
64229,1
64231,0
64232,3
64233,3
64234,3
64235,0
64236,2
64237,2
64238,3
64239,3
64240,0
64241,0
64242,3
64244,3
64245,0
64246,0
64247,3
64248,0
64250,0
64251,3
64252,0
64253,0
64254,0
64255,0
64256,3
64257,3
64258,2
64259,0
64260,0
64261,3
64262,1
64263,0
64264,0
64265,1
64266,0
64267,0
64269,0
64270,3
64271,0
64272,0
64274,0
64275,3
64277,0
64278,0
64279,2
64280,0
64281,2
64282,3
64284,0
64285,0
64286,1
64288,0
64289,0
64291,3
64292,1
64293,0
64294,0
64296,0
64297,0
64298,0
64299,0
64300,0
64302,3
64303,3
64304,0
64306,0
64308,0
64309,2
64311,0
64312,0
64313,0
64314,1
64316,0
64317,0
64318,1
64320,0
64321,3
64323,1
64324,0
64325,0
64326,3
64327,3
64328,3
64329,0
64330,0
64331,0
64333,2
64335,3
64336,0
64338,0
64339,0
64345,0
64347,0
64348,2
64349,3
64350,0
64351,2
64352,0
64353,0
64354,0
64355,3
64356,1
64358,1
64359,0
64360,0
64361,1
64362,0
64363,3
64364,0
64365,2
64366,0
64367,0
64368,0
64369,0
64370,1
64371,0
64372,0
64375,0
64376,0
64377,0
64378,1
64379,3
64380,0
64381,0
64382,3
64384,0
64385,2
64386,3
64389,1
64390,1
64395,3
64396,3
64397,0
64398,0
64399,0
64400,3
64401,0
64402,3
64403,0
64404,3
64406,0
64409,0
64413,2
64414,0
64415,3
64417,3
64418,2
64419,3
64420,1
64422,1
64423,2
64425,3
64426,3
64428,3
64429,0
64430,0
64432,3
64434,1
64435,2
64436,3
64438,0
64440,1
64441,3
64443,0
64444,0
64445,0
64446,3
64447,1
64448,0
64449,3
64450,2
64451,0
64453,0
64454,3
64455,3
64456,2
64458,3
64460,1
64461,2
64462,0
64463,3
64464,0
64465,0
64466,0
64467,1
64469,1
64470,3
64472,3
64473,0
64475,0
64476,2
64477,0
64478,0
64480,0
64481,2
64482,0
64484,0
64485,0
64486,3
64489,3
64490,0
64491,2
64492,0
64493,0
64494,1
64495,3
64496,0
64501,2
64502,0
64503,0
64505,0
64506,0
64507,3
64508,2
64509,3
64510,1
64511,3
64512,1
64513,0
64514,0
64516,2
64517,3
64518,0
64519,0
64520,0
64522,0
64523,3
64524,0
64525,0
64526,3
64527,1
64529,1
64530,0
64531,0
64533,3
64534,0
64536,0
64538,3
64540,3
64541,1
64542,0
64543,3
64545,2
64547,0
64548,0
64549,3
64551,0
64552,3
64553,3
64554,3
64555,3
64556,0
64558,3
64560,0
64561,0
64562,0
64563,0
64564,0
64565,3
64566,1
64567,0
64568,0
64569,0
64570,0
64572,0
64573,1
64574,0
64576,3
64577,1
64578,0
64580,0
64581,0
64582,3
64583,0
64584,0
64585,3
64586,1
64588,1
64590,0
64591,1
64592,3
64596,0
64597,0
64598,0
64599,0
64601,0
64602,0
64603,1
64604,1
64605,0
64606,0
64607,0
64609,0
64611,3
64613,3
64614,0
64615,1
64617,0
64619,3
64620,3
64621,0
64622,0
64623,1
64625,3
64626,0
64627,0
64628,0
64629,0
64630,0
64631,3
64632,3
64633,0
64635,1
64636,0
64637,2
64638,0
64640,2
64641,0
64642,2
64644,0
64645,3
64646,0
64647,0
64648,1
64649,0
64650,3
64652,0
64653,0
64654,0
64655,3
64656,3
64657,3
64659,2
64660,0
64661,0
64662,0
64663,0
64664,3
64667,0
64668,0
64669,0
64670,0
64671,1
64672,0
64673,0
64674,0
64675,0
64676,0
64677,0
64678,3
64679,0
64680,3
64681,0
64683,0
64684,2
64685,2
64686,1
64687,0
64688,0
64689,3
64690,3
64691,3
64692,3
64693,2
64695,1
64698,3
64699,0
64700,1
64701,0
64702,3
64703,2
64704,1
64706,0
64707,3
64708,0
64709,3
64710,3
64711,3
64713,3
64714,0
64716,3
64717,3
64719,0
64720,2
64722,3
64723,3
64725,0
64726,3
64727,0
64728,0
64729,1
64730,0
64731,3
64732,0
64733,1
64734,2
64735,0
64736,0
64738,0
64739,2
64740,3
64741,3
64742,3
64743,2
64744,3
64745,0
64746,3
64747,3
64748,0
64749,0
64752,3
64753,1
64754,1
64755,0
64756,0
64757,0
64759,3
64762,0
64763,0
64765,1
64766,0
64769,1
64771,3
64772,2
64774,0
64775,0
64776,2
64777,0
64778,0
64779,0
64780,3
64782,3
64783,0
64784,0
64785,0
64786,2
64788,0
64790,3
64791,3
64792,1
64794,3
64796,0
64799,3
64800,0
64802,1
64804,0
64805,0
64806,2
64807,3
64808,1
64809,0
64810,0
64811,2
64812,3
64813,3
64814,0
64815,0
64816,0
64817,0
64818,0
64819,0
64820,3
64821,3
64822,0
64823,0
64824,3
64826,1
64828,2
64829,1
64831,0
64832,0
64833,3
64834,0
64835,0
64837,3
64838,0
64839,0
64840,0
64842,0
64843,0
64844,1
64845,1
64846,0
64847,1
64848,0
64849,0
64850,1
64851,0
64852,3
64853,0
64854,0
64855,0
64857,0
64858,2
64859,0
64860,0
64861,2
64862,3
64863,0
64865,3
64866,1
64867,3
64868,3
64869,3
64870,3
64871,0
64872,0
64873,0
64874,3
64875,0
64877,3
64878,2
64879,3
64880,3
64882,0
64883,3
64884,0
64885,3
64886,1
64887,0
64888,0
64889,3
64890,3
64892,0
64893,3
64894,3
64896,3
64897,0
64899,3
64900,1
64901,0
64902,3
64903,0
64904,0
64905,0
64906,0
64907,2
64908,0
64910,0
64911,2
64912,3
64913,3
64914,0
64915,1
64916,3
64917,0
64918,3
64919,2
64921,0
64922,0
64924,0
64925,3
64927,3
64928,1
64929,0
64930,0
64931,0
64932,0
64934,0
64935,0
64936,2
64937,0
64938,3
64939,3
64940,2
64941,1
64942,0
64944,1
64945,3
64946,1
64947,2
64948,3
64950,0
64951,0
64954,3
64955,0
64956,0
64958,0
64960,0
64961,3
64964,3
64966,2
64967,3
64968,0
64969,1
64970,3
64971,2
64972,1
64973,0
64974,0
64976,0
64977,1
64979,3
64980,3
64981,0
64984,0
64985,1
64986,1
64988,0
64989,3
64991,0
64992,1
64993,0
64994,0
64995,2
64996,3
64997,3
64998,0
64999,0
65000,0
65001,2
65004,3
65005,2
65006,3
65007,2
65009,2
65010,0
65011,0
65012,2
65013,0
65015,3
65018,3
65019,3
65020,1
65022,3
65023,2
65024,0
65025,0
65026,3
65027,3
65029,1
65030,0
65032,3
65033,0
65034,2
65035,3
65036,2
65037,0
65039,2
65040,3
65041,2
65042,0
65043,1
65044,0
65045,0
65046,3
65051,0
65052,0
65053,3
65055,0
65056,3
65057,3
65058,2
65059,3
65060,3
65063,0
65064,0
65065,3
65068,0
65069,3
65071,0
65072,0
65075,0
65076,0
65077,2
65078,0
65080,0
65081,0
65082,1
65083,3
65084,2
65086,3
65087,0
65088,0
65089,1
65090,0
65091,0
65092,0
65093,2
65094,0
65095,2
65096,1
65097,0
65099,0
65100,1
65101,1
65102,0
65104,0
65105,0
65107,0
65109,3
65110,0
65111,2
65112,3
65113,0
65115,2
65116,1
65117,3
65118,0
65119,3
65122,0
65123,1
65124,3
65125,0
65126,2
65127,1
65128,0
65129,1
65130,3
65131,2
65132,3
65133,0
65134,3
65135,0
65136,0
65137,3
65139,0
65140,0
65141,0
65142,0
65143,3
65145,3
65146,0
65147,0
65149,3
65150,3
65151,3
65153,0
65155,3
65156,1
65158,1
65159,0
65160,2
65161,3
65162,0
65163,1
65165,3
65166,0
65167,3
65168,3
65169,0
65170,0
65171,3
65172,0
65173,0
65174,1
65177,0
65178,0
65180,0
65181,0
65183,3
65184,2
65185,0
65187,1
65188,0
65189,0
65190,1
65191,2
65193,0
65194,1
65195,0
65196,3
65198,2
65200,0
65201,0
65202,3
65203,0
65204,0
65205,3
65206,0
65207,3
65210,0
65211,3
65213,3
65214,0
65216,2
65217,0
65219,0
65220,0
65221,3
65222,2
65223,0
65224,2
65225,0
65226,0
65227,3
65229,0
65230,0
65231,1
65233,0
65234,0
65235,0
65236,2
65237,0
65238,3
65239,3
65240,3
65241,2
65242,3
65243,0
65244,2
65246,1
65247,3
65248,0
65249,0
65250,0
65252,0
65253,0
65254,3
65255,0
65257,2
65260,0
65261,2
65262,0
65264,0
65265,2
65266,1
65268,3
65269,3
65270,3
65272,0
65273,1
65275,0
65276,1
65277,0
65278,2
65279,3
65280,0
65281,0
65282,0
65283,2
65284,3
65285,0
65287,0
65290,0
65291,0
65292,0
65293,0
65294,3
65295,1
65296,1
65297,0
65298,0
65299,3
65300,1
65301,0
65302,0
65303,3
65304,3
65305,1
65307,0
65308,0
65310,0
65311,0
65312,0
65313,1
65314,2
65317,0
65318,2
65321,0
65322,1
65323,3
65324,0
65325,2
65326,0
65328,0
65329,2
65330,0
65331,3
65332,0
65333,0
65335,1
65336,3
65337,0
65338,3
65342,0
65343,1
65344,2
65346,0
65347,0
65348,0
65349,0
65350,0
65351,0
65355,3
65356,0
65357,2
65358,1
65359,1
65360,0
65361,0
65362,0
65364,0
65365,0
65366,0
65367,0
65368,0
65369,0
65370,0
65371,3
65372,1
65373,1
65374,0
65375,3
65376,1
65377,0
65378,3
65380,3
65381,0
65382,0
65383,3
65384,0
65385,1
65386,3
65389,0
65390,3
65391,0
65392,3
65393,0
65394,2
65395,0
65396,0
65397,3
65398,3
65399,3
65400,0
65401,0
65402,0
65403,0
65405,0
65406,3
65409,0
65410,0
65411,3
65412,3
65414,1
65415,0
65416,0
65417,3
65418,3
65419,3
65420,0
65422,0
65423,3
65425,1
65427,1
65428,3
65429,0
65430,0
65431,0
65432,3
65433,0
65434,0
65435,2
65436,3
65437,0
65438,2
65439,0
65440,1
65441,1
65442,0
65443,1
65444,0
65445,0
65447,0
65448,0
65449,3
65450,0
65453,0
65454,0
65455,3
65456,0
65457,0
65458,3
65459,0
65461,0
65462,3
65463,0
65464,2
65467,3
65468,0
65471,0
65472,2
65473,3
65475,0
65478,0
65480,3
65481,1
65482,0
65484,0
65485,2
65486,2
65487,2
65488,1
65491,2
65492,3
65493,0
65494,3
65495,3
65497,0
65498,1
65499,1
65500,3
65501,0
65502,0
65503,1
65505,3
65506,3
65507,2
65508,0
65510,0
65511,2
65512,2
65514,3
65515,0
65516,3
65518,3
65520,3
65521,0
65522,0
65525,3
65527,0
65529,0
65530,3
65531,3
65532,0
65533,0
65534,0
65535,1
65536,0
65537,3
65538,2
65539,1
65540,1
65541,0
65544,0
65545,0
65546,0
65547,2
65549,0
65551,0
65552,0
65553,0
65554,0
65555,0
65556,3
65557,3
65558,3
65559,3
65560,0
65561,0
65562,3
65563,2
65564,0
65565,2
65568,0
65569,2
65570,0
65571,1
65576,0
65578,3
65581,0
65582,3
65583,0
65584,0
65585,0
65586,0
65587,2
65588,0
65589,0
65591,3
65592,1
65593,3
65595,0
65596,0
65597,0
65598,0
65599,2
65600,0
65601,0
65602,3
65605,3
65606,3
65607,3
65609,2
65610,3
65611,3
65612,0
65614,1
65615,3
65616,0
65617,1
65618,3
65619,2
65621,1
65622,0
65623,0
65624,3
65625,3
65626,0
65627,0
65628,3
65629,3
65631,3
65632,0
65633,0
65635,0
65636,0
65637,0
65638,3
65640,3
65641,3
65642,3
65643,0
65644,0
65645,0
65646,3
65647,1
65648,0
65649,2
65651,2
65653,0
65654,3
65655,0
65656,0
65657,0
65659,0
65661,0
65662,0
65663,0
65664,2
65666,0
65668,3
65669,0
65670,0
65671,0
65672,3
65675,0
65676,0
65677,0
65678,0
65679,1
65681,0
65682,0
65683,3
65684,0
65685,3
65686,0
65688,1
65689,0
65690,0
65691,0
65693,1
65695,1
65696,0
65697,0
65698,1
65699,0
65700,3
65701,1
65702,0
65704,2
65705,3
65706,3
65707,0
65708,3
65709,0
65710,0
65711,0
65713,3
65714,3
65715,0
65716,3
65717,1
65718,3
65719,3
65720,2
65721,1
65722,0
65723,0
65724,2
65726,0
65727,2
65728,0
65729,1
65730,3
65731,3
65732,0
65733,3
65735,2
65736,0
65737,0
65738,0
65739,3
65740,0
65741,3
65742,3
65743,0
65744,0
65746,3
65747,3
65748,0
65749,1
65751,3
65753,0
65755,0
65757,0
65758,3
65760,0
65761,1
65763,3
65765,0
65766,1
65769,3
65770,0
65771,0
65772,0
65774,0
65775,0
65776,3
65777,3
65778,2
65780,3
65781,3
65782,2
65784,0
65785,0
65786,0
65787,1
65788,0
65789,3
65790,0
65792,2
65793,3
65794,0
65795,0
65797,0
65798,0
65801,0
65803,0
65804,1
65805,3
65806,3
65807,0
65808,3
65809,1
65810,3
65811,2
65812,1
65813,0
65814,1
65815,3
65816,1
65817,3
65818,3
65819,3
65820,0
65821,1
65822,0
65825,0
65826,0
65827,0
65829,1
65830,1
65831,0
65832,3
65833,0
65834,2
65835,3
65836,0
65837,0
65838,0
65839,3
65840,0
65841,0
65842,0
65846,3
65847,0
65849,0
65850,0
65851,0
65853,0
65854,0
65855,2
65856,0
65857,3
65858,0
65860,0
65861,0
65862,0
65863,0
65864,0
65865,0
65866,0
65868,3
65869,0
65870,0
65871,3
65873,1
65874,3
65875,3
65879,1
65880,0
65882,0
65883,3
65885,0
65886,0
65887,3
65888,0
65889,2
65890,3
65891,3
65892,2
65893,0
65894,3
65895,0
65896,2
65897,0
65898,0
65899,0
65900,3
65901,0
65902,0
65903,0
65905,0
65907,3
65908,0
65909,0
65910,3
65911,3
65912,1
65913,0
65914,0
65915,3
65917,0
65918,0
65919,0
65920,0
65921,0
65924,0
65925,0
65926,0
65927,0
65928,2
65929,1
65930,0
65932,3
65934,0
65935,3
65936,0
65937,1
65938,3
65939,3
65940,3
65941,0
65942,0
65943,2
65944,0
65945,2
65946,3
65947,1
65949,0
65950,3
65951,2
65952,0
65953,2
65954,0
65956,0
65958,0
65959,3
65961,1
65962,0
65963,0
65964,3
65965,3
65966,3
65967,0
65969,0
65970,0
65971,0
65972,0
65973,0
65974,1
65975,3
65976,2
65977,3
65978,0
65979,0
65981,3
65983,1
65984,0
65985,2
65986,0
65987,2
65988,3
65990,0
65991,3
65992,3
65993,0
65994,0
65995,0
65996,0
65998,3
65999,3
66000,3
66001,3
66002,1
66004,0
66005,0
66006,0
66007,0
66008,1
66009,3
66011,0
66012,0
66013,0
66014,3
66016,0
66018,3
66020,3
66021,2
66022,0
66023,2
66024,1
66025,0
66026,0
66027,0
66028,3
66029,0
66030,0
66031,2
66032,3
66034,0
66036,0
66037,0
66038,0
66040,0
66041,0
66042,3
66043,3
66045,0
66046,3
66047,0
66048,1
66049,0
66050,0
66051,3
66052,0
66053,0
66054,0
66055,0
66056,0
66058,0
66059,1
66060,3
66061,0
66062,0
66063,3
66064,1
66065,1
66066,1
66067,3
66068,1
66070,0
66071,3
66072,3
66075,2
66076,0
66077,2
66078,3
66079,3
66080,0
66081,0
66082,2
66083,3
66084,1
66086,3
66087,0
66088,0
66091,2
66092,1
66093,2
66096,0
66099,0
66100,0
66101,0
66102,3
66103,2
66104,1
66105,3
66106,0
66108,0
66109,3
66110,0
66112,0
66113,0
66114,1
66115,0
66116,3
66118,2
66119,0
66120,0
66121,0
66123,3
66124,1
66125,0
66126,3
66128,0
66129,0
66130,3
66131,3
66132,2
66133,3
66136,0
66137,0
66138,2
66139,3
66140,3
66141,1
66142,2
66143,1
66144,2
66145,1
66146,3
66147,0
66149,2
66150,2
66151,3
66152,0
66153,0
66154,0
66155,0
66158,3
66159,0
66160,3
66161,1
66162,3
66163,0
66164,0
66165,3
66166,0
66168,1
66169,0
66170,0
66171,0
66172,3
66173,0
66175,1
66176,0
66177,3
66178,0
66179,3
66180,2
66181,1
66182,0
66183,1
66185,0
66188,0
66189,0
66191,1
66192,3
66193,1
66195,2
66196,0
66197,3
66198,3
66200,3
66202,0
66203,0
66204,0
66205,3
66206,3
66210,3
66211,3
66212,3
66213,0
66215,2
66216,1
66217,0
66218,3
66219,0
66221,0
66222,0
66223,0
66224,0
66225,0
66226,1
66228,2
66230,3
66231,3
66234,3
66235,3
66237,0
66238,0
66240,3
66241,0
66242,3
66244,0
66245,3
66246,3
66247,3
66248,0
66250,3
66251,0
66252,0
66253,1
66254,3
66255,0
66256,0
66257,2
66258,3
66259,2
66260,0
66261,0
66262,0
66263,3
66265,3
66267,3
66268,0
66270,0
66271,2
66274,3
66275,3
66277,0
66278,3
66280,3
66281,1
66283,3
66284,0
66285,2
66286,3
66289,0
66292,0
66293,2
66294,0
66296,0
66297,3
66298,3
66300,3
66301,1
66302,0
66303,0
66304,0
66306,0
66308,2
66309,1
66310,3
66311,2
66313,0
66314,3
66316,0
66317,3
66319,0
66321,0
66322,0
66323,0
66324,3
66325,3
66326,0
66327,3
66328,1
66329,0
66332,3
66333,2
66334,0
66336,0
66337,3
66338,0
66339,0
66341,3
66342,3
66346,0
66347,0
66348,0
66349,0
66350,0
66352,1
66353,0
66357,3
66358,3
66359,3
66360,0
66361,0
66362,1
66364,0
66365,1
66366,0
66367,2
66368,0
66369,0
66370,3
66371,3
66372,0
66373,0
66374,0
66375,0
66376,3
66377,3
66378,0
66379,3
66380,0
66383,0
66385,0
66386,3
66387,0
66388,2
66391,1
66392,0
66393,0
66396,0
66397,0
66399,3
66401,1
66402,2
66404,0
66405,0
66406,0
66407,2
66408,0
66409,2
66410,0
66411,2
66412,3
66413,0
66415,3
66416,3
66417,0
66418,3
66419,3
66420,0
66422,0
66425,3
66426,1
66427,0
66429,0
66430,3
66431,2
66432,3
66433,3
66434,3
66436,0
66437,3
66438,0
66440,2
66442,1
66443,1
66444,3
66445,3
66446,0
66448,3
66449,3
66450,3
66452,1
66453,2
66455,0
66456,3
66457,0
66458,0
66460,0
66461,0
66463,3
66464,3
66465,0
66466,3
66467,1
66469,3
66470,0
66471,3
66472,0
66473,0
66475,2
66476,0
66477,2
66479,1
66480,0
66481,2
66484,2
66485,3
66486,0
66488,0
66489,0
66490,0
66491,0
66492,0
66494,0
66495,0
66497,0
66498,0
66500,3
66501,0
66502,0
66503,2
66504,3
66505,0
66506,3
66508,3
66509,3
66510,0
66511,0
66512,0
66513,3
66514,0
66515,1
66516,0
66517,1
66518,3
66519,1
66520,3
66522,3
66523,2
66525,3
66526,0
66527,3
66528,0
66532,3
66533,3
66534,3
66536,3
66538,1
66539,1
66540,2
66541,0
66543,2
66545,3
66546,0
66547,0
66548,1
66549,3
66550,3
66551,0
66552,3
66553,0
66555,0
66556,0
66558,0
66559,0
66560,2
66562,3
66563,1
66564,0
66567,0
66570,3
66572,2
66573,0
66575,3
66576,0
66577,1
66578,3
66580,3
66583,3
66584,0
66585,0
66586,0
66587,2
66588,3
66590,3
66591,0
66592,3
66593,0
66595,1
66597,0
66598,0
66599,0
66600,0
66601,2
66604,0
66605,3
66606,0
66607,0
66608,3
66609,0
66612,0
66613,3
66614,0
66615,0
66616,3
66617,0
66618,3
66619,1
66620,2
66621,3
66622,0
66623,0
66624,2
66625,3
66626,3
66627,3
66628,3
66629,2
66630,1
66632,0
66633,0
66634,0
66636,0
66637,3
66638,0
66639,0
66640,0
66641,3
66642,3
66643,0
66644,2
66645,2
66646,3
66647,2
66648,2
66649,3
66650,0
66651,0
66652,3
66653,0
66654,2
66655,3
66656,0
66657,0
66658,0
66659,0
66660,2
66661,2
66664,0
66665,2
66666,3
66667,0
66668,2
66669,2
66670,1
66672,0
66673,1
66674,3
66675,0
66676,2
66677,2
66678,1
66679,1
66681,3
66682,2
66683,3
66684,0
66685,0
66686,3
66687,0
66688,2
66689,1
66690,0
66693,2
66694,0
66698,0
66699,0
66700,3
66703,0
66704,1
66705,3
66706,0
66707,3
66708,0
66709,0
66710,3
66711,0
66712,0
66713,0
66715,2
66717,3
66718,3
66719,3
66721,0
66722,3
66723,3
66725,0
66727,3
66728,0
66729,0
66730,3
66731,1
66732,1
66733,0
66734,0
66735,3
66736,3
66738,0
66739,1
66740,3
66745,0
66746,0
66747,0
66749,0
66750,0
66751,3
66752,0
66753,0
66754,2
66756,3
66757,0
66759,0
66760,0
66762,3
66764,0
66765,0
66766,2
66767,0
66768,1
66769,1
66770,3
66771,1
66773,3
66774,3
66775,2
66776,0
66777,3
66778,0
66779,0
66781,3
66782,2
66784,3
66786,3
66788,0
66789,0
66790,0
66791,0
66792,3
66794,2
66795,0
66796,1
66797,0
66798,3
66799,3
66801,0
66803,3
66805,0
66807,0
66808,3
66809,1
66810,1
66812,0
66813,3
66814,0
66815,0
66816,0
66817,2
66818,3
66819,0
66820,2
66821,0
66822,3
66823,0
66824,1
66825,0
66826,0
66827,0
66829,3
66830,3
66831,0
66833,0
66834,1
66835,0
66836,0
66837,0
66838,0
66839,3
66840,0
66841,0
66842,0
66843,0
66844,3
66845,0
66846,0
66848,0
66850,0
66851,0
66853,0
66854,2
66856,1
66858,3
66859,0
66861,0
66863,0
66864,3
66865,2
66866,0
66868,0
66870,0
66871,2
66873,3
66874,3
66876,1
66877,2
66878,3
66879,2
66880,3
66881,0
66882,0
66883,0
66884,2
66886,0
66887,0
66888,2
66889,0
66890,1
66891,0
66892,1
66894,0
66896,0
66898,3
66899,0
66900,3
66901,2
66903,3
66904,3
66905,0
66906,0
66907,3
66908,1
66909,3
66910,0
66911,3
66912,0
66913,0
66914,3
66915,1
66916,3
66917,1
66918,3
66919,1
66920,3
66923,0
66924,0
66926,3
66927,1
66928,0
66929,1
66930,3
66931,0
66933,0
66935,2
66937,3
66938,0
66939,0
66941,0
66943,0
66944,0
66945,0
66946,2
66947,0
66948,3
66949,0
66950,3
66951,0
66952,0
66953,0
66956,3
66958,0
66960,0
66962,3
66963,3
66964,0
66965,1
66968,3
66969,3
66970,3
66971,0
66972,0
66974,0
66975,0
66977,1
66978,0
66979,0
66980,2
66982,0
66984,0
66985,0
66986,0
66987,0
66989,3
66990,0
66991,3
66993,0
66994,0
66996,3
66997,0
66998,0
66999,0
67000,0
67001,2
67002,0
67003,0
67004,3
67006,1
67007,3
67008,3
67009,0
67010,0
67011,3
67013,0
67014,0
67015,0
67016,3
67018,3
67019,3
67020,1
67023,0
67024,0
67025,0
67026,1
67027,0
67028,0
67029,0
67030,0
67032,0
67033,3
67034,0
67035,0
67037,3
67038,3
67040,0
67041,1
67042,0
67043,3
67044,0
67046,3
67047,0
67048,3
67050,3
67051,1
67052,1
67053,0
67054,0
67055,0
67058,0
67059,1
67060,1
67061,3
67062,0
67063,0
67064,0
67065,3
67066,0
67067,0
67068,0
67069,2
67070,1
67074,3
67075,2
67076,2
67077,3
67078,0
67079,2
67080,3
67081,1
67082,3
67083,1
67084,3
67086,0
67087,0
67089,1
67093,2
67094,0
67096,0
67097,0
67098,3
67099,3
67100,0
67101,2
67103,0
67104,0
67105,0
67106,3
67107,0
67108,0
67109,0
67110,0
67111,0
67112,2
67114,3
67115,3
67116,0
67119,2
67121,1
67122,0
67123,0
67124,0
67125,1
67126,3
67127,0
67128,2
67129,3
67130,2
67131,0
67132,3
67133,0
67135,0
67136,3
67137,3
67138,0
67139,0
67142,2
67143,0
67145,0
67146,3
67148,3
67149,0
67150,0
67152,2
67153,3
67154,0
67155,0
67156,0
67157,2
67158,3
67159,0
67160,0
67163,3
67164,0
67165,0
67166,1
67167,2
67168,1
67169,0
67170,3
67171,2
67172,1
67173,0
67174,0
67176,2
67178,0
67179,0
67180,1
67181,2
67182,0
67183,0
67184,0
67185,3
67186,3
67187,3
67188,0
67189,0
67190,3
67191,3
67192,1
67193,0
67194,1
67195,3
67196,1
67197,1
67198,0
67199,0
67200,0
67201,0
67203,3
67204,1
67205,1
67207,0
67208,3
67209,2
67210,0
67211,0
67214,2
67215,3
67216,3
67217,0
67218,0
67219,3
67221,2
67222,3
67223,1
67224,1
67225,3
67227,3
67228,2
67229,1
67230,1
67231,3
67232,0
67233,1
67236,0
67237,1
67241,3
67243,1
67244,0
67245,1
67249,2
67250,0
67252,0
67253,3
67254,0
67255,3
67256,3
67257,3
67260,0
67261,3
67262,1
67263,0
67264,2
67265,0
67266,0
67267,0
67268,2
67269,0
67271,0
67274,3
67275,3
67277,2
67278,3
67281,3
67282,3
67284,0
67285,0
67286,2
67287,3
67288,0
67289,0
67290,0
67291,0
67292,1
67293,0
67294,2
67295,1
67296,3
67297,0
67299,0
67300,3
67302,0
67303,2
67304,0
67305,0
67306,0
67307,0
67308,0
67309,3
67310,0
67311,3
67312,0
67313,1
67314,3
67315,3
67316,0
67317,1
67318,1
67321,2
67323,3
67325,1
67326,0
67327,0
67328,3
67332,0
67333,0
67334,2
67335,1
67337,1
67338,3
67339,0
67340,0
67341,0
67342,2
67343,3
67344,0
67346,3
67347,2
67348,3
67350,2
67351,0
67352,0
67353,3
67354,0
67355,0
67356,2
67357,0
67358,3
67359,3
67360,3
67361,1
67362,0
67363,0
67365,3
67366,0
67367,0
67368,1
67370,3
67371,0
67372,3
67373,0
67375,1
67376,0
67378,2
67379,0
67381,3
67383,3
67384,3
67385,0
67386,0
67387,3
67388,2
67389,1
67391,0
67392,1
67393,0
67394,1
67395,3
67396,0
67398,3
67399,0
67402,0
67403,0
67404,0
67405,1
67406,0
67407,0
67408,1
67409,0
67411,0
67412,3
67413,2
67416,0
67417,3
67419,3
67420,0
67421,2
67422,1
67424,3
67425,0
67427,0
67428,0
67429,0
67430,0
67431,0
67432,2
67433,3
67434,0
67435,0
67437,0
67438,0
67440,0
67442,0
67443,1
67444,2
67445,0
67446,3
67447,3
67449,0
67450,0
67451,2
67452,0
67453,0
67454,0
67455,0
67458,0
67460,0
67461,0
67462,0
67463,0
67464,0
67465,1
67466,0
67467,3
67468,0
67469,3
67470,0
67472,1
67473,0
67474,0
67475,3
67476,3
67477,3
67479,1
67480,3
67481,2
67482,2
67483,0
67484,3
67485,0
67486,3
67487,0
67488,2
67489,0
67490,3
67491,0
67492,0
67493,3
67494,3
67495,0
67497,1
67498,2
67500,0
67502,0
67503,0
67504,0
67505,3
67508,1
67509,3
67510,0
67511,3
67512,3
67514,3
67515,0
67517,2
67518,3
67519,0
67520,0
67521,3
67522,0
67523,0
67524,0
67525,0
67526,3
67527,2
67529,1
67531,0
67532,0
67533,1
67536,0
67537,1
67538,3
67539,3
67540,0
67541,3
67542,1
67543,0
67544,2
67545,3
67546,0
67547,3
67549,3
67550,3
67551,0
67552,2
67553,0
67554,3
67555,0
67557,0
67558,3
67560,1
67561,0
67562,0
67565,0
67566,0
67567,3
67568,0
67569,0
67570,0
67571,3
67572,0
67574,3
67576,0
67577,0
67579,3
67580,0
67581,0
67582,0
67583,0
67584,0
67585,3
67587,3
67590,1
67592,0
67593,0
67594,3
67595,2
67596,0
67597,1
67598,0
67599,3
67602,0
67603,0
67604,0
67605,3
67606,3
67608,0
67609,0
67610,0
67611,0
67612,0
67613,3
67614,0
67615,0
67616,3
67617,0
67618,0
67619,1
67620,0
67621,0
67622,0
67624,0
67625,3
67626,0
67627,0
67628,1
67630,3
67631,0
67632,2
67633,0
67635,3
67636,3
67638,1
67639,0
67640,0
67641,0
67642,3
67643,0
67644,3
67645,1
67647,0
67648,0
67649,3
67655,2
67656,0
67657,0
67658,3
67660,3
67661,0
67664,3
67665,0
67667,0
67668,0
67669,0
67670,0
67671,3
67672,0
67674,0
67675,2
67676,0
67677,3
67678,0
67679,0
67680,0
67683,0
67684,0
67685,2
67686,0
67687,1
67688,3
67689,3
67690,3
67691,3
67693,0
67695,2
67696,0
67697,1
67698,0
67699,0
67700,3
67701,0
67704,0
67705,3
67706,1
67707,3
67708,0
67709,2
67710,3
67711,3
67712,0
67713,0
67715,0
67716,1
67717,0
67718,0
67719,0
67721,0
67722,0
67723,3
67724,3
67725,0
67726,0
67728,0
67731,0
67732,2
67733,1
67734,0
67735,0
67736,3
67737,3
67738,0
67739,3
67740,0
67741,0
67742,3
67743,3
67744,1
67745,1
67747,0
67748,2
67749,1
67750,3
67751,3
67752,2
67753,1
67754,0
67755,0
67756,1
67757,0
67758,3
67759,0
67760,0
67762,3
67763,2
67764,0
67765,0
67766,3
67767,0
67768,3
67769,3
67770,1
67772,0
67774,0
67775,0
67776,3
67780,3
67781,1
67782,3
67783,0
67784,0
67785,0
67786,3
67787,3
67788,0
67789,1
67790,0
67791,3
67792,0
67793,3
67795,0
67796,0
67797,1
67798,0
67799,3
67800,3
67801,1
67802,0
67805,2
67806,3
67807,3
67808,0
67810,0
67811,0
67814,3
67815,3
67816,3
67817,3
67818,0
67819,2
67820,0
67822,1
67824,3
67825,0
67826,3
67827,1
67828,3
67829,0
67830,0
67833,2
67834,0
67835,3
67836,0
67837,0
67838,0
67839,3
67841,0
67842,3
67843,0
67846,2
67847,0
67848,2
67852,0
67853,3
67855,0
67856,3
67857,3
67858,2
67859,1
67861,2
67862,3
67863,3
67864,3
67865,3
67866,0
67869,2
67870,3
67871,0
67872,3
67873,3
67874,3
67877,2
67878,3
67879,1
67880,2
67881,0
67882,3
67883,3
67884,0
67885,0
67887,3
67888,3
67889,3
67890,1
67891,1
67892,2
67893,2
67894,1
67895,1
67896,3
67897,3
67898,1
67899,0
67900,0
67902,0
67903,0
67905,0
67906,1
67908,3
67909,0
67911,3
67912,3
67914,0
67918,0
67920,2
67921,3
67922,3
67924,0
67928,3
67929,1
67930,1
67931,0
67932,2
67933,0
67934,0
67935,2
67936,0
67937,1
67938,3
67939,0
67941,0
67943,2
67944,3
67946,2
67948,0
67950,3
67951,0
67952,0
67953,3
67954,3
67956,3
67957,2
67958,0
67960,3
67961,0
67963,3
67964,0
67965,0
67966,2
67967,0
67970,0
67971,1
67973,0
67975,0
67976,3
67978,0
67979,0
67980,3
67981,0
67982,2
67983,0
67984,0
67985,2
67986,1
67987,1
67988,0
67989,0
67990,2
67991,3
67992,0
67993,0
67994,0
67995,0
67996,0
67998,0
67999,0
68000,0
68001,2
68002,3
68003,3
68005,0
68006,3
68007,0
68008,0
68009,3
68010,0
68011,1
68012,3
68014,0
68015,2
68016,0
68017,0
68018,1
68019,2
68020,3
68021,2
68023,0
68024,3
68025,0
68026,3
68027,0
68029,0
68030,0
68032,0
68033,0
68034,0
68036,1
68037,0
68038,0
68039,3
68040,0
68041,3
68042,3
68044,3
68045,3
68046,0
68050,0
68052,3
68055,0
68056,3
68058,0
68059,0
68060,1
68062,2
68063,0
68064,1
68065,0
68067,2
68068,3
68069,0
68070,1
68072,1
68073,0
68074,0
68077,0
68078,0
68080,0
68081,1
68083,3
68084,3
68085,2
68086,3
68087,1
68088,3
68089,0
68090,0
68091,0
68093,0
68094,0
68095,0
68096,3
68099,0
68100,0
68102,1
68103,0
68104,0
68105,1
68106,0
68107,0
68108,0
68110,0
68111,2
68112,3
68113,2
68114,0
68115,2
68117,3
68118,0
68119,0
68120,3
68121,2
68122,0
68123,3
68125,0
68126,0
68127,0
68128,0
68130,1
68131,1
68132,1
68134,2
68135,3
68136,0
68137,0
68138,3
68139,0
68140,0
68141,1
68143,0
68144,0
68145,0
68146,0
68148,3
68150,0
68151,2
68152,3
68154,3
68155,0
68156,0
68158,3
68159,2
68160,0
68161,3
68163,2
68164,0
68165,3
68166,0
68167,0
68168,3
68170,3
68172,0
68174,1
68175,0
68176,0
68177,0
68178,3
68179,0
68180,2
68181,3
68182,3
68183,0
68184,0
68186,0
68188,3
68189,3
68190,3
68191,3
68192,0
68193,0
68195,2
68196,3
68197,3
68198,3
68200,3
68201,0
68202,0
68203,3
68204,0
68206,3
68207,0
68208,0
68209,0
68210,1
68211,3
68212,3
68213,2
68214,2
68215,1
68216,1
68217,0
68218,0
68219,0
68220,3
68221,3
68223,0
68225,0
68226,3
68227,0
68232,2
68233,2
68234,0
68235,0
68236,1
68237,3
68238,0
68240,0
68241,0
68242,3
68244,3
68246,3
68247,0
68248,3
68249,1
68250,0
68251,3
68252,0
68253,0
68254,3
68256,3
68257,0
68258,3
68259,3
68261,3
68262,0
68263,0
68266,0
68267,3
68268,0
68269,1
68270,0
68271,0
68272,0
68274,0
68276,0
68278,0
68279,0
68280,0
68281,2
68282,2
68283,0
68285,0
68287,3
68288,0
68289,0
68291,0
68294,0
68295,3
68298,0
68299,0
68300,3
68302,0
68303,2
68304,3
68305,3
68306,0
68308,3
68309,3
68312,3
68313,3
68314,3
68315,0
68316,0
68317,3
68319,2
68320,0
68321,0
68323,0
68326,0
68327,3
68328,3
68329,0
68331,0
68332,3
68333,0
68334,2
68335,3
68336,0
68337,1
68338,0
68339,0
68340,0
68341,3
68342,2
68343,1
68344,1
68345,3
68346,2
68347,3
68348,0
68351,0
68353,0
68354,0
68355,2
68356,0
68357,0
68360,0
68361,3
68362,3
68363,0
68364,3
68365,3
68366,3
68367,0
68368,2
68369,1
68370,3
68371,2
68372,2
68374,0
68375,0
68376,3
68378,3
68379,0
68382,3
68383,3
68384,0
68385,0
68386,0
68387,0
68389,0
68390,0
68391,3
68392,1
68393,0
68395,3
68396,3
68397,0
68398,3
68399,2
68400,3
68401,0
68402,0
68403,0
68404,0
68406,3
68407,1
68408,0
68409,3
68412,2
68413,0
68414,1
68415,0
68416,2
68417,3
68421,0
68422,3
68423,0
68424,0
68425,3
68426,1
68427,0
68429,0
68431,3
68432,0
68433,0
68434,3
68435,3
68436,0
68437,2
68438,0
68439,0
68440,2
68441,3
68446,0
68447,3
68449,0
68450,0
68451,3
68452,3
68453,0
68454,1
68455,0
68456,3
68457,0
68458,0
68459,1
68460,0
68461,3
68463,0
68465,0
68466,3
68467,3
68468,0
68469,0
68470,3
68471,0
68472,2
68473,0
68474,0
68475,0
68476,0
68477,1
68478,1
68479,3
68482,1
68483,1
68484,3
68485,0
68486,0
68487,0
68488,0
68489,0
68492,0
68493,0
68494,1
68496,0
68499,0
68500,0
68501,3
68503,3
68504,3
68505,3
68506,0
68507,3
68509,0
68511,3
68512,3
68513,0
68514,0
68516,0
68517,3
68518,2
68521,0
68522,0
68523,0
68524,0
68526,3
68527,0
68528,3
68529,0
68530,3
68531,1
68532,0
68533,2
68534,0
68535,0
68536,1
68537,2
68538,3
68539,3
68540,0
68541,3
68543,1
68544,0
68545,0
68546,0
68547,0
68551,0
68552,0
68553,0
68555,0
68556,3
68557,0
68558,0
68559,3
68560,0
68561,1
68562,0
68563,3
68565,1
68568,0
68569,1
68571,0
68573,1
68574,1
68575,0
68576,3
68577,0
68578,2
68579,3
68580,0
68581,3
68583,0
68584,0
68585,0
68586,3
68588,0
68589,3
68590,3
68591,2
68592,3
68593,0
68594,0
68596,0
68597,0
68598,0
68602,0
68603,0
68604,0
68605,3
68606,0
68607,0
68608,3
68610,0
68611,3
68612,1
68613,0
68614,3
68615,3
68616,3
68617,1
68619,3
68621,0
68622,0
68623,0
68624,1
68626,0
68627,0
68628,0
68630,0
68631,0
68632,0
68633,1
68634,2
68635,3
68637,3
68638,3
68639,0
68640,3
68641,1
68643,1
68644,2
68645,0
68646,2
68647,3
68649,0
68650,0
68651,3
68652,2
68653,2
68654,1
68655,0
68656,0
68657,0
68658,2
68659,0
68662,3
68663,3
68665,0
68666,0
68667,0
68668,3
68669,3
68671,0
68672,3
68673,0
68675,3
68676,3
68678,0
68680,0
68681,0
68683,3
68685,3
68686,1
68687,3
68688,0
68689,0
68690,3
68691,2
68692,0
68693,0
68696,3
68697,3
68698,0
68700,1
68701,0
68702,0
68703,0
68706,0
68707,0
68708,0
68709,3
68710,3
68712,2
68713,2
68714,0
68715,0
68717,3
68718,3
68719,3
68720,3
68721,3
68723,3
68724,3
68725,0
68726,0
68727,0
68728,0
68729,1
68730,2
68732,0
68733,2
68735,3
68737,2
68740,0
68741,0
68743,3
68744,3
68745,0
68746,1
68747,3
68748,2
68749,3
68752,3
68753,0
68754,0
68755,2
68756,0
68757,0
68758,0
68760,0
68761,0
68762,3
68764,3
68765,0
68766,0
68768,1
68770,0
68771,0
68772,1
68773,2
68774,0
68775,0
68776,0
68777,2
68778,0
68780,2
68781,0
68782,0
68783,0
68785,0
68787,3
68788,3
68789,0
68790,3
68792,3
68793,3
68794,1
68798,0
68799,0
68800,3
68801,0
68802,0
68803,0
68804,3
68807,3
68808,3
68809,0
68810,0
68811,1
68812,0
68813,3
68814,0
68815,0
68818,0
68819,0
68820,3
68821,3
68822,3
68823,0
68824,1
68826,0
68827,1
68830,1
68831,0
68832,3
68833,3
68834,3
68835,1
68836,1
68837,0
68838,0
68839,3
68840,3
68843,1
68844,3
68845,2
68846,0
68849,0
68850,0
68851,3
68853,3
68854,2
68855,3
68856,3
68857,3
68858,0
68859,3
68860,3
68861,0
68862,0
68863,3
68864,3
68865,0
68866,0
68867,0
68870,1
68871,0
68872,1
68873,0
68875,3
68878,0
68879,0
68880,0
68881,3
68882,0
68883,0
68884,3
68885,0
68886,0
68887,3
68888,1
68889,3
68890,1
68891,0
68892,0
68893,3
68894,0
68895,0
68897,3
68898,0
68900,2
68901,0
68902,2
68904,0
68905,0
68906,3
68907,3
68908,0
68910,3
68911,3
68913,0
68914,0
68915,0
68916,0
68917,3
68918,0
68920,3
68921,3
68922,2
68923,3
68924,0
68925,0
68926,0
68927,0
68928,3
68929,0
68930,3
68931,0
68933,0
68934,3
68935,2
68937,0
68938,0
68939,0
68940,0
68941,0
68942,0
68943,0
68945,0
68946,3
68947,0
68948,0
68950,3
68951,0
68952,1
68954,3
68955,0
68956,0
68957,2
68959,0
68960,0
68961,0
68962,0
68964,0
68966,1
68967,0
68968,1
68969,0
68970,3
68971,0
68972,2
68973,0
68974,3
68975,3
68976,1
68977,0
68978,0
68979,3
68980,1
68981,0
68983,0
68984,0
68985,3
68986,3
68987,0
68988,3
68989,3
68990,3
68991,0
68993,0
68994,0
68997,3
68998,3
68999,0
69000,3
69001,3
69002,1
69004,3
69005,3
69006,0
69007,3
69008,0
69009,0
69011,2
69014,0
69015,3
69016,0
69017,1
69018,3
69019,3
69020,0
69021,0
69022,3
69023,0
69024,0
69025,2
69026,0
69028,2
69029,0
69030,0
69031,0
69032,0
69033,0
69034,1
69035,0
69036,0
69037,0
69038,0
69039,0
69040,0
69041,1
69042,2
69045,1
69046,0
69048,1
69049,3
69050,0
69051,0
69052,3
69053,3
69054,3
69055,0
69057,0
69058,0
69060,1
69062,1
69063,2
69064,2
69065,0
69066,0
69068,0
69069,2
69071,3
69072,2
69073,1
69074,0
69075,3
69076,0
69077,0
69078,0
69079,0
69080,3
69081,0
69082,0
69083,3
69087,1
69088,0
69089,1
69090,3
69091,3
69092,3
69093,0
69094,3
69096,0
69097,1
69098,0
69099,3
69100,3
69101,3
69102,0
69103,1
69104,3
69105,2
69106,0
69107,3
69108,0
69109,0
69110,1
69111,0
69112,3
69113,0
69114,0
69115,2
69116,0
69117,3
69118,3
69119,1
69121,2
69122,0
69123,0
69125,3
69126,0
69127,3
69128,0
69129,0
69130,3
69131,0
69133,0
69134,0
69135,0
69137,2
69138,0
69139,0
69140,3
69141,3
69142,3
69143,0
69144,3
69145,3
69146,0
69147,0
69148,2
69149,0
69150,0
69151,1
69152,3
69153,0
69154,0
69157,3
69158,0
69159,0
69160,2
69161,3
69162,1
69163,0
69164,1
69166,0
69167,1
69168,0
69169,1
69170,2
69171,3
69172,0
69174,0
69175,3
69176,1
69177,0
69178,0
69179,0
69182,3
69186,2
69187,0
69188,0
69189,0
69191,3
69192,2
69193,0
69194,2
69196,0
69197,3
69199,3
69200,3
69201,2
69202,3
69203,3
69204,3
69205,3
69206,1
69207,3
69209,3
69210,2
69211,0
69212,1
69213,0
69215,0
69216,3
69217,1
69218,0
69220,2
69221,1
69222,0
69223,0
69224,3
69225,3
69226,0
69227,1
69228,0
69229,3
69231,0
69233,3
69234,0
69235,3
69236,0
69237,1
69238,0
69239,0
69240,0
69241,1
69242,3
69243,0
69244,0
69245,0
69246,0
69248,0
69249,0
69250,0
69251,3
69252,2
69254,3
69255,0
69256,0
69257,0
69258,0
69259,3
69261,0
69262,0
69263,3
69264,3
69265,0
69266,3
69267,1
69268,1
69269,0
69270,0
69272,0
69273,3
69276,2
69277,0
69278,3
69280,0
69282,1
69283,1
69285,0
69286,2
69287,0
69288,0
69289,2
69290,3
69292,0
69293,1
69296,3
69297,1
69298,3
69299,0
69300,3
69301,2
69302,0
69303,3
69304,3
69305,3
69306,0
69308,2
69309,0
69310,3
69311,3
69312,0
69314,3
69316,0
69317,3
69320,0
69321,0
69322,1
69323,0
69324,0
69325,1
69327,0
69328,0
69329,0
69330,2
69331,1
69332,1
69333,0
69334,0
69335,1
69336,3
69337,3
69338,0
69339,0
69340,3
69341,0
69342,0
69343,0
69344,0
69345,0
69346,0
69348,0
69349,0
69350,0
69351,0
69352,3
69353,3
69354,3
69355,3
69356,3
69357,1
69359,3
69361,0
69362,0
69363,0
69364,3
69367,3
69368,1
69370,0
69371,0
69372,0
69373,3
69374,3
69377,0
69379,0
69380,0
69381,3
69383,0
69384,0
69385,0
69386,0
69387,3
69389,0
69390,2
69392,3
69393,0
69394,3
69395,3
69396,1
69397,0
69399,3
69400,2
69401,0
69402,0
69403,3
69404,0
69405,0
69406,3
69407,2
69408,0
69409,0
69410,3
69413,2
69414,0
69415,3
69416,1
69417,3
69418,3
69419,3
69420,0
69421,3
69423,0
69424,0
69425,0
69426,3
69427,0
69428,0
69429,0
69430,0
69432,0
69434,2
69435,0
69436,0
69437,0
69438,0
69439,2
69440,0
69442,1
69443,3
69444,3
69445,0
69448,3
69449,0
69450,3
69451,0
69452,0
69453,0
69454,1
69455,3
69456,0
69457,0
69458,0
69459,0
69460,0
69463,0
69464,1
69465,3
69466,0
69467,0
69468,0
69470,0
69471,0
69473,0
69474,3
69475,0
69476,0
69479,0
69480,3
69483,2
69484,3
69485,0
69486,0
69487,2
69488,0
69489,3
69490,0
69492,0
69494,2
69495,0
69496,0
69497,0
69498,0
69499,0
69500,0
69501,0
69502,0
69503,3
69504,3
69508,0
69511,0
69512,0
69513,3
69514,0
69515,0
69516,2
69517,0
69518,3
69519,0
69520,0
69521,2
69522,3
69523,0
69524,0
69526,2
69527,0
69528,1
69529,0
69531,3
69532,2
69533,0
69534,3
69535,0
69536,3
69537,0
69538,0
69539,0
69540,0
69541,1
69542,1
69544,0
69545,2
69546,0
69549,0
69550,0
69552,2
69554,3
69555,1
69556,3
69557,3
69558,0
69559,3
69561,0
69562,3
69563,0
69564,3
69566,3
69567,3
69568,3
69569,3
69570,0
69572,3
69573,0
69574,3
69575,3
69576,1
69577,0
69578,3
69580,0
69581,0
69582,3
69583,1
69585,3
69586,0
69587,0
69588,0
69589,3
69590,0
69591,3
69592,3
69594,2
69595,1
69596,0
69597,0
69598,0
69599,3
69600,1
69601,0
69602,0
69604,0
69605,3
69607,3
69608,3
69609,2
69610,0
69611,0
69612,3
69613,0
69614,0
69616,3
69617,1
69618,0
69619,3
69620,0
69622,2
69623,1
69625,0
69626,0
69627,2
69628,2
69629,0
69630,3
69631,3
69632,3
69634,1
69635,3
69636,0
69637,0
69638,0
69640,0
69641,1
69643,3
69644,3
69645,3
69646,0
69647,1
69648,2
69651,0
69652,1
69653,3
69654,0
69655,3
69656,3
69657,0
69660,0
69661,2
69662,2
69663,0
69665,1
69666,3
69667,3
69668,0
69669,3
69670,0
69671,3
69672,0
69673,2
69675,0
69678,3
69679,3
69681,3
69682,0
69685,3
69686,3
69687,0
69689,0
69690,0
69691,0
69692,3
69693,3
69694,3
69695,2
69696,3
69697,0
69698,1
69699,0
69700,0
69701,0
69702,0
69704,2
69706,0
69707,0
69708,1
69709,3
69711,3
69712,0
69713,0
69714,0
69716,0
69717,3
69718,0
69719,3
69720,0
69721,0
69722,1
69723,3
69724,0
69725,1
69727,3
69729,2
69731,0
69732,3
69733,2
69734,3
69735,0
69736,3
69737,0
69738,0
69739,0
69741,2
69742,3
69744,0
69745,3
69746,3
69747,0
69748,3
69749,1
69750,0
69751,0
69752,0
69753,1
69754,3
69755,0
69756,3
69758,0
69759,0
69760,0
69763,3
69764,2
69765,3
69766,0
69767,2
69768,0
69769,1
69770,3
69772,0
69773,0
69775,0
69778,1
69779,2
69780,3
69781,2
69782,3
69785,0
69786,0
69789,3
69791,3
69793,0
69794,0
69795,0
69798,3
69799,3
69800,3
69801,3
69803,2
69805,0
69806,2
69807,0
69808,1
69809,0
69810,0
69812,0
69813,0
69814,0
69816,0
69817,1
69818,0
69819,0
69820,3
69821,3
69822,0
69823,0
69824,1
69825,3
69826,0
69828,0
69829,0
69830,0
69831,3
69833,0
69834,3
69835,0
69836,3
69837,3
69838,2
69841,3
69842,0
69843,0
69844,3
69845,3
69846,1
69848,3
69849,2
69850,3
69852,3
69853,0
69854,1
69856,0
69857,0
69858,1
69859,3
69860,1
69861,3
69862,0
69863,0
69864,0
69865,1
69867,0
69868,0
69869,0
69870,2
69871,1
69872,2
69873,3
69874,3
69875,0
69876,3
69877,0
69878,3
69880,3
69881,0
69883,0
69885,0
69887,0
69888,0
69889,0
69890,0
69892,3
69893,3
69894,1
69895,0
69898,2
69899,0
69901,2
69902,0
69903,3
69904,0
69905,3
69906,0
69907,0
69908,0
69909,1
69910,0
69913,3
69914,0
69915,0
69916,1
69917,2
69918,0
69920,3
69921,0
69922,3
69923,3
69925,1
69926,3
69931,0
69932,3
69933,0
69934,0
69935,1
69936,3
69938,0
69939,3
69940,3
69941,0
69942,0
69943,0
69944,1
69945,0
69946,3
69948,2
69949,3
69950,3
69951,3
69953,3
69954,2
69955,3
69956,3
69957,0
69958,3
69959,1
69960,0
69962,3
69963,0
69964,3
69965,1
69966,0
69967,3
69968,0
69969,0
69970,0
69971,2
69972,3
69973,1
69974,3
69975,0
69976,1
69977,2
69978,3
69979,2
69980,0
69982,0
69983,0
69984,0
69985,3
69986,0
69987,0
69988,0
69989,3
69990,3
69992,2
69993,2
69994,3
69996,0
69998,0
69999,3
70000,3
70003,3
70004,1
70005,3
70006,0
70007,3
70008,0
70009,0
70010,0
70011,3
70012,0
70013,3
70014,0
70016,3
70017,3
70018,0
70019,0
70020,0
70021,2
70022,0
70023,1
70026,0
70028,0
70029,0
70030,1
70031,3
70034,0
70036,0
70037,3
70038,1
70039,0
70040,3
70043,0
70044,0
70045,1
70046,0
70048,1
70049,0
70051,0
70052,3
70053,3
70054,0
70055,0
70056,2
70057,3
70058,1
70059,0
70060,0
70061,3
70062,0
70063,0
70064,3
70065,3
70066,3
70068,3
70069,2
70070,3
70072,1
70073,0
70074,2
70076,1
70077,1
70078,3
70079,3
70080,0
70081,3
70083,0
70084,0
70085,1
70086,0
70089,3
70090,3
70092,0
70093,2
70094,3
70095,2
70096,2
70097,1
70098,3
70099,2
70100,2
70101,1
70102,0
70103,1
70104,2
70105,1
70106,0
70108,2
70109,0
70111,3
70112,3
70113,0
70114,0
70115,0
70116,1
70117,3
70119,3
70120,0
70121,2
70122,0
70123,1
70124,2
70125,0
70126,0
70127,0
70128,3
70129,0
70130,1
70131,0
70132,2
70133,0
70134,0
70136,1
70137,3
70139,0
70140,0
70141,3
70142,3
70144,1
70145,3
70146,2
70147,3
70148,1
70150,1
70151,0
70152,0
70153,0
70154,0
70155,1
70157,3
70158,0
70159,0
70161,0
70163,1
70165,1
70166,0
70167,1
70168,0
70169,0
70170,1
70171,3
70172,2
70174,3
70175,0
70176,0
70177,0
70179,0
70181,3
70182,0
70183,0
70184,3
70185,2
70186,1
70187,1
70188,0
70190,0
70191,0
70192,0
70194,1
70195,3
70196,0
70197,2
70198,3
70199,0
70200,3
70201,0
70202,2
70203,0
70204,0
70205,0
70206,2
70208,0
70209,0
70210,2
70212,0
70213,0
70214,3
70215,3
70216,0
70217,1
70218,0
70219,0
70220,3
70221,3
70222,0
70223,0
70225,1
70226,0
70227,0
70228,3
70229,0
70230,0
70231,2
70232,1
70233,0
70234,0
70235,0
70236,1
70237,0
70240,0
70241,0
70243,0
70246,1
70247,2
70249,3
70250,0
70251,0
70252,3
70254,2
70257,3
70258,3
70259,0
70261,1
70262,0
70263,1
70264,0
70265,1
70267,0
70268,3
70269,0
70270,0
70271,0
70272,2
70273,0
70274,3
70275,0
70277,2
70280,2
70281,0
70282,1
70283,3
70284,0
70286,2
70287,2
70288,0
70289,0
70290,1
70291,0
70292,0
70293,3
70294,0
70296,0
70297,0
70300,3
70302,2
70303,0
70304,0
70305,0
70306,3
70308,3
70309,0
70311,0
70312,0
70314,0
70315,3
70316,3
70317,0
70318,0
70319,3
70320,1
70321,0
70322,3
70323,0
70324,0
70325,3
70327,0
70328,0
70330,0
70331,1
70332,0
70333,2
70334,1
70335,0
70336,0
70339,2
70340,2
70341,1
70343,0
70344,2
70345,3
70346,0
70347,3
70348,3
70350,0
70351,3
70355,3
70356,0
70357,0
70358,3
70359,3
70360,0
70361,1
70362,1
70363,0
70364,2
70368,3
70369,3
70370,0
70371,3
70372,2
70373,0
70374,0
70375,0
70377,1
70378,0
70380,0
70381,3
70383,3
70384,3
70387,1
70388,2
70389,3
70391,3
70392,0
70393,3
70394,3
70396,2
70397,3
70400,0
70401,0
70402,0
70404,3
70405,2
70406,0
70407,0
70408,3
70409,0
70410,3
70411,1
70412,3
70414,3
70415,2
70416,0
70417,3
70420,0
70421,0
70422,1
70425,0
70427,3
70428,1
70431,0
70432,0
70433,0
70435,0
70436,0
70437,3
70438,0
70439,1
70441,0
70444,3
70445,3
70447,0
70448,2
70450,3
70451,0
70453,2
70454,2
70455,3
70456,3
70457,1
70458,3
70460,0
70461,3
70463,3
70464,3
70465,0
70466,0
70468,2
70469,2
70470,1
70472,3
70474,0
70476,1
70477,0
70479,0
70480,3
70482,0
70484,3
70485,3
70486,3
70487,0
70489,3
70490,3
70491,1
70492,2
70493,0
70494,0
70495,0
70496,0
70497,0
70499,0
70500,0
70501,3
70502,0
70503,0
70504,0
70505,0
70506,3
70507,3
70509,0
70510,1
70511,3
70512,1
70515,0
70516,0
70517,2
70518,3
70519,0
70521,2
70522,0
70524,0
70527,3
70528,1
70529,0
70530,0
70531,0
70532,0
70533,3
70534,0
70535,2
70536,1
70538,0
70540,1
70542,3
70543,0
70545,0
70546,3
70547,3
70548,3
70549,0
70550,0
70551,3
70552,2
70553,3
70555,0
70556,3
70557,1
70558,0
70559,3
70560,0
70562,0
70563,1
70564,0
70565,3
70566,0
70567,3
70569,3
70570,1
70572,0
70573,0
70574,0
70575,1
70576,0
70577,3
70578,3
70579,1
70581,3
70583,3
70584,1
70585,0
70587,0
70589,0
70591,0
70593,3
70594,0
70596,0
70598,3
70600,3
70601,3
70602,3
70604,0
70605,1
70606,0
70607,0
70608,3
70609,0
70611,2
70613,0
70616,2
70617,1
70618,3
70619,0
70620,0
70621,0
70622,0
70623,0
70624,3
70625,3
70626,2
70629,0
70632,3
70633,0
70634,0
70635,3
70636,3
70638,3
70639,3
70640,3
70641,0
70642,2
70644,0
70646,1
70650,3
70651,1
70652,1
70653,0
70655,0
70656,0
70657,0
70658,0
70659,3
70661,1
70664,3
70665,3
70667,3
70668,0
70669,0
70670,3
70671,3
70672,2
70674,1
70675,0
70676,3
70677,0
70680,0
70681,0
70683,1
70684,1
70686,1
70687,0
70688,1
70689,3
70690,0
70691,3
70692,3
70693,1
70694,3
70696,0
70698,0
70699,3
70700,3
70703,0
70704,0
70706,0
70707,0
70708,3
70710,3
70711,0
70712,0
70713,0
70714,3
70715,0
70718,1
70719,0
70721,3
70724,0
70725,0
70726,2
70728,0
70731,1
70732,1
70733,0
70734,0
70736,0
70737,0
70738,0
70739,0
70740,0
70741,0
70744,0
70745,3
70746,0
70747,0
70748,0
70749,0
70751,3
70754,0
70755,0
70756,0
70758,3
70760,3
70761,3
70762,0
70763,0
70764,0
70766,3
70767,0
70768,0
70770,2
70771,0
70772,0
70774,0
70775,0
70777,0
70778,3
70779,0
70780,1
70781,2
70782,3
70783,3
70784,3
70785,0
70786,0
70787,0
70788,0
70789,0
70790,3
70791,3
70792,0
70793,0
70794,3
70795,2
70796,3
70797,3
70798,0
70799,3
70801,2
70802,1
70803,0
70805,0
70806,0
70807,3
70808,1
70809,3
70810,0
70811,0
70813,0
70814,1
70815,3
70818,0
70819,0
70821,3
70822,2
70823,0
70824,0
70826,0
70828,0
70830,2
70831,3
70833,0
70834,0
70835,0
70837,0
70838,0
70839,1
70840,0
70841,3
70842,1
70843,1
70844,0
70845,0
70846,3
70848,3
70849,0
70850,3
70851,0
70852,3
70853,0
70855,1
70857,3
70858,3
70860,0
70861,1
70862,0
70863,0
70865,3
70866,2
70867,0
70868,0
70869,0
70870,0
70871,0
70872,3
70873,0
70875,1
70876,3
70879,1
70880,1
70881,2
70882,1
70883,0
70884,2
70885,0
70886,3
70887,1
70888,0
70889,0
70890,3
70891,0
70892,0
70895,0
70896,1
70898,2
70899,0
70901,0
70902,0
70904,0
70905,0
70906,0
70907,0
70909,1
70910,0
70911,3
70913,3
70914,3
70917,0
70918,0
70919,0
70920,3
70921,1
70922,0
70923,3
70924,2
70925,0
70927,1
70928,3
70929,0
70930,1
70931,0
70933,3
70934,0
70935,0
70937,3
70938,3
70940,0
70942,3
70943,0
70947,0
70948,3
70949,0
70950,2
70951,0
70953,0
70954,3
70955,0
70956,0
70958,0
70959,0
70960,0
70961,0
70962,0
70963,3
70964,0
70965,3
70966,0
70968,2
70969,0
70971,2
70972,2
70973,0
70975,0
70979,2
70980,1
70981,0
70982,1
70983,1
70984,2
70985,3
70986,3
70988,0
70989,0
70990,3
70991,0
70992,0
70993,3
70994,0
70995,0
70996,3
70997,3
70998,3
70999,0
71000,3
71001,1
71002,0
71003,0
71004,0
71006,0
71007,0
71008,3
71009,3
71010,1
71011,2
71012,3
71013,0
71014,3
71015,0
71016,0
71017,3
71018,3
71019,0
71020,3
71021,0
71022,0
71024,3
71026,0
71027,0
71028,0
71029,3
71030,0
71031,0
71032,0
71034,3
71036,0
71037,0
71038,0
71039,3
71040,2
71041,0
71042,0
71043,0
71044,0
71045,1
71047,3
71049,1
71050,0
71051,0
71052,0
71053,0
71055,0
71056,2
71057,3
71059,0
71060,0
71063,1
71064,3
71065,0
71066,0
71067,3
71069,0
71070,3
71071,0
71072,0
71073,0
71074,0
71075,3
71076,0
71077,3
71078,0
71079,0
71080,0
71082,3
71083,0
71084,3
71085,0
71087,2
71088,3
71090,0
71091,3
71092,2
71093,0
71094,3
71095,0
71096,0
71097,0
71099,2
71100,1
71101,0
71102,0
71103,0
71104,0
71105,3
71106,1
71107,1
71109,0
71110,3
71111,0
71114,3
71115,0
71116,0
71117,1
71118,1
71119,3
71121,0
71122,0
71123,1
71124,3
71125,0
71126,0
71127,0
71128,0
71129,0
71130,1
71131,3
71132,2
71134,3
71135,0
71136,3
71138,3
71139,1
71140,0
71144,3
71145,3
71146,3
71147,0
71148,0
71150,0
71151,0
71152,1
71154,0
71155,1
71157,0
71158,0
71159,3
71160,2
71161,3
71162,2
71163,1
71164,0
71165,0
71166,1
71167,3
71168,0
71169,2
71170,0
71171,0
71172,2
71174,0
71175,1
71176,0
71177,0
71178,3
71179,3
71181,3
71183,0
71184,0
71185,2
71188,0
71190,0
71191,3
71192,0
71193,0
71194,0
71196,3
71197,0
71198,0
71199,0
71200,0
71201,0
71202,0
71203,0
71204,1
71206,3
71207,0
71208,0
71209,0
71210,3
71211,3
71212,1
71215,0
71217,0
71218,0
71219,0
71220,0
71221,3
71222,3
71223,0
71225,3
71226,3
71227,3
71228,3
71229,0
71230,0
71232,3
71233,3
71234,0
71235,0
71238,3
71239,1
71240,0
71242,2
71243,2
71244,0
71245,3
71247,3
71248,2
71249,0
71250,3
71254,0
71255,0
71256,0
71257,3
71258,0
71259,0
71260,0
71261,0
71263,0
71264,1
71265,0
71267,1
71268,3
71269,0
71270,3
71271,2
71272,3
71273,0
71274,0
71276,3
71278,0
71279,0
71280,3
71282,0
71284,2
71285,1
71286,0
71287,2
71288,0
71290,0
71292,0
71293,0
71294,0
71295,1
71296,3
71297,0
71299,1
71300,3
71301,0
71303,0
71304,2
71305,3
71306,3
71307,2
71308,3
71309,3
71310,0
71311,0
71312,3
71313,0
71316,3
71317,3
71319,3
71321,0
71323,3
71324,3
71325,0
71326,0
71327,0
71328,0
71329,0
71330,3
71331,1
71332,3
71333,1
71334,2
71335,0
71336,0
71337,0
71340,0
71341,3
71343,0
71344,3
71345,0
71347,0
71348,3
71350,3
71351,3
71352,3
71353,3
71354,3
71355,0
71358,2
71359,2
71361,0
71362,3
71364,3
71365,0
71366,0
71367,0
71368,0
71369,0
71371,2
71372,3
71373,0
71374,0
71377,3
71378,3
71379,3
71381,0
71382,3
71383,0
71385,3
71386,3
71388,2
71389,0
71390,3
71391,0
71393,0
71394,0
71396,0
71398,0
71399,2
71400,1
71401,0
71402,3
71403,1
71404,3
71405,3
71406,0
71407,1
71408,3
71410,0
71411,0
71412,3
71414,3
71417,0
71418,0
71420,1
71422,0
71424,0
71425,0
71427,3
71428,3
71429,1
71430,0
71431,0
71434,2
71435,3
71437,0
71438,3
71439,0
71441,0
71442,0
71444,0
71445,0
71446,0
71447,0
71448,2
71450,2
71451,0
71452,3
71453,0
71455,0
71456,3
71457,0
71458,0
71460,3
71461,0
71462,3
71463,0
71464,0
71466,0
71469,3
71470,1
71471,0
71474,0
71475,0
71476,2
71477,3
71478,3
71480,3
71481,1
71482,2
71484,2
71485,3
71487,2
71490,3
71491,1
71492,2
71494,1
71495,1
71496,3
71499,1
71500,2
71501,0
71502,3
71503,0
71505,1
71506,2
71508,0
71509,1
71510,3
71512,1
71513,0
71514,0
71515,3
71516,0
71517,2
71518,0
71519,2
71520,3
71521,0
71522,0
71523,3
71524,0
71525,1
71527,0
71528,1
71530,0
71531,1
71533,0
71534,0
71535,0
71536,3
71538,3
71539,0
71540,3
71541,2
71542,3
71544,0
71546,2
71547,3
71549,1
71551,3
71552,3
71553,0
71554,3
71556,0
71557,0
71558,0
71559,2
71560,3
71561,3
71562,0
71563,3
71565,0
71568,0
71570,0
71571,3
71572,1
71573,3
71574,1
71575,0
71576,0
71577,1
71578,0
71579,0
71580,0
71581,0
71582,0
71583,0
71584,0
71585,3
71586,1
71587,2
71588,0
71589,3
71590,3
71591,0
71593,0
71594,0
71595,0
71597,0
71599,3
71600,2
71602,3
71603,2
71604,3
71605,0
71606,3
71608,3
71609,0
71610,3
71611,0
71612,3
71613,0
71615,0
71616,1
71617,0
71618,1
71619,0
71620,3
71621,0
71622,3
71624,3
71625,1
71627,0
71628,3
71629,0
71630,3
71632,1
71634,0
71636,0
71637,3
71638,0
71640,3
71641,0
71642,0
71644,3
71645,0
71646,2
71647,0
71648,0
71649,2
71650,0
71651,0
71653,0
71655,1
71656,0
71657,3
71658,1
71660,3
71661,0
71662,0
71663,0
71664,0
71665,0
71666,3
71667,3
71670,0
71671,2
71672,3
71673,0
71674,3
71675,0
71676,0
71677,2
71682,3
71684,0
71686,0
71687,0
71688,0
71691,2
71692,0
71693,0
71694,3
71695,1
71696,3
71699,2
71700,1
71701,3
71702,0
71703,0
71704,0
71705,0
71706,0
71707,0
71708,0
71710,3
71711,3
71712,3
71713,2
71714,1
71715,0
71716,0
71720,0
71721,0
71722,0
71723,0
71724,0
71725,0
71726,0
71727,2
71728,1
71730,3
71731,3
71732,0
71734,0
71735,0
71738,1
71739,0
71740,0
71741,0
71746,3
71747,2
71748,3
71750,3
71752,1
71754,0
71755,0
71756,0
71757,3
71758,0
71759,1
71760,3
71761,3
71762,0
71765,3
71767,1
71768,3
71769,0
71770,0
71771,0
71772,0
71773,3
71774,3
71775,0
71776,1
71777,0
71778,0
71779,0
71780,0
71781,0
71783,0
71784,1
71785,0
71786,0
71787,3
71789,0
71790,1
71791,2
71792,0
71793,3
71795,3
71796,0
71797,1
71798,3
71799,0
71800,3
71801,2
71802,0
71803,0
71804,3
71805,0
71806,1
71807,3
71808,0
71809,1
71811,2
71812,2
71813,1
71815,0
71816,0
71817,3
71818,0
71819,0
71821,1
71823,0
71824,3
71825,2
71826,0
71827,0
71828,3
71829,0
71831,3
71832,3
71833,0
71834,0
71835,2
71836,2
71837,0
71838,0
71840,2
71841,3
71842,0
71843,3
71844,0
71847,3
71848,0
71849,3
71850,0
71851,2
71852,3
71853,1
71854,0
71855,3
71856,1
71858,1
71859,2
71860,3
71861,2
71862,0
71863,0
71864,3
71866,0
71867,0
71869,0
71870,3
71871,3
71872,0
71873,0
71874,2
71875,0
71876,3
71877,0
71879,3
71883,0
71885,0
71887,0
71888,3
71890,2
71891,2
71892,0
71894,3
71895,0
71896,3
71897,1
71898,3
71899,3
71902,3
71903,0
71905,3
71906,1
71907,0
71909,1
71910,0
71911,3
71912,0
71914,3
71915,0
71917,1
71918,3
71920,2
71921,0
71922,0
71923,1
71925,1
71926,0
71927,3
71928,3
71930,0
71931,0
71932,0
71936,0
71937,0
71938,0
71939,0
71942,3
71943,2
71944,0
71946,3
71947,0
71949,1
71950,2
71951,2
71952,3
71954,0
71955,0
71956,0
71958,0
71959,2
71960,3
71962,0
71963,2
71964,0
71965,0
71966,0
71967,0
71968,0
71969,3
71970,3
71971,3
71972,3
71975,1
71976,0
71977,0
71978,0
71979,3
71980,0
71981,0
71982,3
71983,3
71985,0
71987,0
71988,3
71989,1
71990,0
71993,3
71994,0
71995,0
71996,2
71997,1
71999,0
72000,0
72001,1
72002,2
72003,0
72004,3
72005,0
72006,0
72007,3
72008,0
72009,3
72010,1
72011,3
72012,0
72013,3
72014,1
72015,3
72016,3
72018,0
72020,0
72021,0
72022,2
72023,0
72024,0
72025,1
72026,0
72027,1
72029,0
72030,0
72032,0
72034,0
72035,0
72037,0
72038,0
72039,0
72040,0
72041,0
72042,3
72043,1
72044,3
72045,0
72046,1
72047,0
72048,1
72049,3
72051,3
72052,0
72054,3
72055,3
72057,2
72058,2
72059,0
72060,0
72061,2
72064,3
72065,0
72066,0
72067,3
72069,3
72070,0
72073,3
72074,0
72075,0
72077,3
72078,1
72079,1
72080,0
72083,2
72084,1
72085,0
72086,0
72087,0
72088,3
72089,0
72091,0
72092,0
72093,3
72094,0
72095,2
72096,1
72098,0
72099,0
72100,3
72101,0
72102,3
72103,0
72104,0
72105,0
72106,3
72107,2
72109,0
72110,0
72112,0
72114,0
72115,0
72117,3
72120,3
72121,1
72122,3
72123,1
72124,1
72125,0
72127,0
72128,0
72129,0
72131,3
72132,0
72133,2
72136,0
72137,3
72138,3
72139,0
72140,3
72141,2
72142,3
72143,3
72144,0
72145,0
72146,0
72147,2
72148,0
72149,3
72150,3
72151,0
72152,1
72153,2
72154,3
72155,3
72157,0
72159,3
72160,3
72161,0
72162,0
72163,3
72164,3
72165,0
72166,2
72167,0
72168,0
72170,0
72171,3
72173,0
72174,0
72176,0
72177,0
72178,1
72179,1
72180,0
72181,3
72182,1
72183,0
72184,0
72185,3
72186,0
72187,2
72189,0
72190,1
72192,1
72194,3
72195,0
72196,0
72197,0
72198,2
72199,2
72201,0
72205,0
72207,2
72208,1
72209,3
72210,3
72213,2
72214,2
72215,0
72216,0
72217,0
72218,0
72219,0
72220,0
72221,1
72222,3
72223,0
72224,1
72225,0
72226,0
72227,0
72228,3
72229,0
72231,0
72232,3
72233,0
72234,1
72235,3
72236,3
72237,2
72239,2
72241,2
72243,0
72244,1
72245,3
72246,1
72248,3
72249,0
72250,3
72252,0
72253,0
72254,0
72255,0
72256,3
72257,0
72258,0
72259,1
72260,0
72261,3
72262,0
72263,0
72264,3
72265,0
72266,0
72267,0
72268,0
72271,0
72272,0
72273,3
72274,3
72275,3
72276,0
72277,0
72278,0
72280,1
72281,1
72282,3
72283,3
72284,0
72286,3
72287,0
72290,0
72292,0
72294,0
72295,3
72296,3
72297,3
72298,0
72299,0
72302,0
72303,2
72304,3
72305,0
72306,0
72307,0
72308,0
72309,0
72310,2
72311,0
72312,0
72313,0
72314,3
72315,1
72316,3
72317,1
72320,0
72323,3
72324,3
72325,0
72326,3
72327,1
72328,0
72330,0
72331,0
72332,0
72333,0
72335,3
72336,3
72338,0
72339,0
72341,1
72342,0
72344,0
72346,0
72347,0
72348,3
72349,0
72350,0
72351,0
72352,0
72353,2
72354,0
72356,2
72357,2
72358,2
72359,2
72360,0
72361,0
72362,0
72363,1
72364,0
72366,3
72367,0
72369,1
72370,0
72371,3
72372,3
72373,1
72374,0
72375,2
72376,0
72377,0
72378,0
72379,3
72380,0
72381,0
72383,0
72384,0
72385,3
72386,0
72387,0
72388,0
72389,0
72390,0
72391,2
72393,0
72394,1
72395,1
72397,0
72398,0
72399,0
72400,0
72401,0
72402,2
72404,3
72406,3
72407,1
72408,2
72409,0
72410,3
72412,0
72413,0
72414,0
72416,0
72417,1
72419,2
72420,0
72422,2
72424,0
72425,0
72426,0
72427,0
72431,3
72432,1
72433,3
72436,0
72437,3
72438,3
72439,0
72440,0
72442,0
72443,0
72444,3
72445,0
72446,3
72447,0
72448,3
72449,2
72452,2
72453,0
72455,3
72456,3
72458,0
72459,3
72460,0
72462,0
72463,0
72464,0
72465,0
72467,3
72468,1
72470,0
72471,3
72472,3
72473,2
72474,0
72475,1
72476,0
72477,3
72478,3
72479,2
72480,3
72481,0
72482,3
72483,0
72485,3
72486,3
72487,3
72489,3
72490,1
72491,3
72492,1
72494,1
72495,3
72496,0
72497,2
72499,3
72500,0
72501,0
72502,0
72503,0
72504,1
72505,1
72506,3
72507,0
72509,0
72512,0
72513,3
72514,0
72515,3
72516,0
72517,3
72518,2
72519,2
72520,1
72521,3
72522,3
72523,3
72525,0
72526,0
72527,3
72528,0
72529,2
72530,3
72531,3
72532,2
72533,0
72535,3
72536,1
72537,0
72538,3
72539,1
72542,3
72543,2
72544,0
72545,0
72546,1
72548,3
72549,0
72550,1
72551,3
72552,3
72553,0
72554,3
72555,0
72556,3
72557,3
72558,3
72559,0
72560,0
72562,0
72563,2
72564,1
72565,0
72567,2
72568,1
72569,1
72571,0
72572,1
72573,2
72574,1
72575,2
72576,0
72577,0
72578,0
72579,3
72580,3
72581,3
72583,0
72584,2
72586,0
72587,2
72588,3
72589,0
72590,0
72592,1
72593,0
72594,0
72595,1
72596,3
72597,0
72599,2
72600,3
72601,0
72602,0
72603,3
72604,3
72606,0
72607,3
72608,0
72609,0
72610,3
72611,3
72613,2
72615,2
72616,0
72617,2
72621,0
72622,0
72623,1
72624,0
72626,3
72628,0
72629,0
72631,0
72632,1
72633,0
72634,0
72635,0
72636,0
72637,3
72638,3
72639,0
72640,0
72641,0
72642,0
72643,0
72644,3
72645,3
72646,1
72647,0
72649,0
72650,0
72651,1
72652,1
72653,0
72654,3
72655,1
72656,3
72657,0
72660,0
72662,1
72664,0
72666,0
72667,0
72670,0
72672,0
72673,0
72675,2
72676,3
72677,3
72678,3
72679,2
72680,2
72681,1
72682,0
72683,0
72684,1
72685,0
72686,0
72689,0
72690,0
72691,1
72692,1
72693,2
72694,0
72695,0
72696,0
72697,3
72698,0
72699,0
72701,0
72703,0
72704,3
72705,1
72706,2
72710,3
72711,0
72712,0
72713,0
72714,0
72718,1
72720,0
72721,1
72722,0
72723,0
72726,3
72729,1
72731,2
72732,0
72733,0
72734,3
72735,3
72736,0
72737,1
72738,3
72740,0
72741,3
72743,2
72744,0
72745,2
72746,3
72747,3
72748,3
72749,2
72753,3
72754,0
72755,0
72756,0
72758,0
72759,0
72760,0
72761,0
72762,3
72763,1
72764,1
72766,0
72767,1
72768,0
72769,1
72770,1
72771,3
72772,3
72773,3
72775,2
72776,0
72777,0
72778,0
72780,0
72781,0
72782,0
72783,0
72784,0
72785,2
72786,0
72787,3
72788,3
72789,0
72790,3
72792,2
72793,0
72794,0
72795,1
72797,0
72798,0
72799,1
72800,0
72801,0
72802,0
72803,0
72804,3
72805,0
72806,0
72812,0
72813,0
72814,3
72815,0
72816,3
72817,3
72818,0
72819,0
72820,0
72821,3
72822,2
72824,3
72825,3
72827,3
72828,0
72829,2
72830,3
72831,0
72832,3
72833,2
72835,0
72836,0
72837,0
72838,1
72839,3
72842,0
72845,0
72847,0
72849,0
72850,0
72852,3
72853,0
72855,0
72856,0
72858,1
72859,3
72860,0
72861,3
72862,3
72863,0
72864,0
72865,0
72866,3
72867,0
72869,0
72870,0
72871,1
72872,1
72873,3
72874,0
72875,0
72876,0
72877,1
72878,1
72879,0
72880,1
72881,2
72884,3
72886,1
72887,0
72888,3
72891,3
72892,3
72893,0
72894,2
72895,0
72896,0
72897,0
72898,0
72899,1
72901,0
72903,0
72904,2
72905,0
72906,0
72907,3
72908,0
72909,3
72910,0
72911,3
72912,0
72913,0
72914,3
72915,0
72918,3
72919,2
72920,0
72921,0
72922,1
72923,2
72924,3
72926,0
72927,3
72929,2
72930,0
72932,3
72933,0
72934,1
72935,3
72936,0
72937,3
72939,3
72940,0
72941,0
72942,0
72943,0
72944,0
72945,0
72946,2
72947,3
72948,3
72950,0
72952,3
72953,3
72954,1
72956,3
72958,3
72959,0
72960,2
72961,3
72963,2
72964,3
72969,0
72970,0
72971,0
72972,0
72973,0
72974,3
72975,2
72976,3
72977,0
72978,1
72979,0
72981,2
72982,0
72987,3
72988,1
72989,1
72990,3
72991,0
72992,0
72993,0
72994,2
72995,0
72996,0
72997,3
72998,3
73000,0
73001,3
73002,2
73003,2
73004,2
73007,0
73008,2
73010,3
73011,0
73012,3
73013,1
73014,0
73015,1
73016,2
73017,2
73018,3
73019,2
73022,0
73023,3
73024,1
73025,0
73026,3
73027,0
73028,3
73030,1
73031,3
73032,0
73033,0
73034,1
73035,0
73036,2
73037,0
73038,1
73040,3
73041,3
73042,3
73043,0
73044,1
73045,0
73049,0
73050,2
73051,3
73052,2
73054,0
73055,0
73056,1
73058,0
73060,0
73061,0
73062,3
73063,0
73066,0
73067,3
73068,0
73069,0
73070,0
73071,0
73072,0
73073,0
73074,3
73076,0
73077,1
73078,0
73081,2
73082,3
73083,3
73084,0
73085,0
73086,0
73087,0
73088,0
73090,3
73094,2
73095,0
73096,0
73098,2
73101,0
73103,1
73105,3
73107,0
73108,1
73109,0
73110,3
73112,0
73113,0
73114,0
73115,0
73116,3
73117,0
73118,0
73119,0
73121,3
73122,1
73123,3
73125,1
73126,3
73128,3
73129,1
73130,0
73131,3
73132,0
73133,2
73134,0
73135,0
73136,3
73137,3
73138,0
73140,3
73141,1
73142,0
73143,3
73144,0
73145,3
73146,0
73147,3
73148,0
73149,3
73150,2
73152,0
73153,0
73154,1
73155,0
73156,1
73158,0
73159,0
73160,3
73161,0
73162,3
73163,2
73164,0
73166,0
73167,0
73168,0
73171,3
73172,0
73174,2
73175,1
73176,0
73177,0
73178,3
73179,0
73180,0
73181,2
73183,0
73187,3
73188,3
73191,1
73192,3
73193,1
73195,2
73196,0
73198,2
73199,0
73200,0
73201,3
73204,3
73205,0
73206,3
73207,1
73208,1
73209,0
73210,0
73211,2
73212,3
73213,0
73214,0
73215,0
73216,0
73217,0
73218,3
73219,0
73220,3
73223,3
73225,3
73227,0
73228,3
73229,0
73230,3
73231,2
73233,3
73234,3
73235,2
73237,3
73238,3
73240,3
73241,0
73242,0
73243,1
73244,0
73245,2
73248,3
73252,0
73253,2
73254,0
73256,3
73257,3
73258,0
73259,2
73261,3
73263,0
73264,3
73265,1
73266,0
73267,0
73269,3
73270,0
73271,0
73272,2
73273,0
73274,0
73275,0
73279,0
73280,0
73281,0
73282,0
73283,0
73284,1
73286,3
73287,0
73288,3
73289,3
73291,1
73292,3
73293,0
73294,1
73295,0
73296,0
73297,0
73298,0
73299,0
73301,0
73302,0
73303,0
73304,2
73305,0
73306,0
73307,3
73311,0
73312,1
73313,0
73314,1
73315,0
73316,1
73317,0
73318,0
73319,0
73320,0
73321,2
73322,3
73323,2
73324,0
73325,0
73326,0
73327,2
73328,2
73330,0
73331,0
73333,3
73334,0
73335,0
73336,0
73337,0
73338,3
73339,3
73341,2
73342,0
73343,0
73344,1
73345,0
73346,1
73348,3
73349,0
73350,0
73353,0
73354,3
73355,1
73358,2
73359,1
73360,3
73361,0
73362,3
73363,1
73365,0
73367,0
73369,0
73371,3
73372,3
73373,3
73374,1
73375,0
73376,0
73377,0
73378,0
73379,0
73380,0
73382,0
73383,3
73384,0
73385,0
73387,0
73389,3
73390,3
73391,1
73392,0
73393,1
73394,0
73395,0
73396,0
73397,0
73398,0
73400,0
73401,0
73402,1
73404,0
73405,0
73406,0
73407,0
73408,3
73409,0
73410,0
73411,0
73412,1
73413,3
73415,0
73417,0
73418,0
73419,3
73420,3
73421,3
73422,2
73423,0
73424,0
73425,3
73426,1
73427,3
73428,0
73429,3
73430,0
73431,3
73432,1
73433,0
73434,0
73435,3
73436,3
73437,0
73438,1
73439,3
73441,0
73442,2
73443,1
73445,0
73446,0
73447,1
73448,0
73449,0
73450,3
73451,1
73453,0
73454,0
73455,3
73456,0
73457,0
73458,0
73459,0
73460,0
73461,0
73463,3
73464,0
73465,0
73466,3
73467,0
73468,0
73469,2
73470,0
73471,3
73474,3
73475,0
73476,3
73477,3
73479,2
73481,1
73482,0
73483,1
73484,0
73485,0
73486,2
73487,0
73488,0
73489,2
73490,0
73491,1
73492,3
73493,3
73494,1
73495,3
73496,3
73497,0
73499,0
73500,3
73501,0
73502,3
73504,3
73505,3
73506,2
73508,0
73509,3
73510,0
73511,0
73512,0
73513,0
73514,3
73515,0
73516,0
73518,0
73519,2
73520,3
73522,3
73524,0
73525,3
73526,1
73527,3
73528,2
73529,0
73530,1
73532,3
73533,3
73534,0
73535,0
73536,0
73538,0
73540,2
73541,0
73542,2
73543,2
73544,0
73545,0
73547,2
73548,0
73549,0
73550,0
73551,2
73552,3
73553,0
73555,0
73556,3
73558,0
73559,3
73561,2
73562,0
73564,3
73565,0
73566,0
73567,3
73569,0
73570,0
73573,0
73575,1
73576,0
73577,1
73578,2
73579,3
73581,3
73582,2
73583,0
73584,0
73585,0
73586,0
73587,3
73589,0
73591,0
73592,0
73593,2
73594,3
73595,3
73596,1
73598,3
73599,3
73600,3
73601,0
73603,3
73604,0
73605,3
73606,0
73608,0
73609,0
73610,0
73611,0
73612,3
73613,0
73617,1
73618,3
73619,3
73620,3
73621,3
73622,0
73623,3
73624,3
73625,0
73627,0
73628,0
73629,3
73632,0
73633,3
73634,3
73635,0
73636,3
73637,0
73638,3
73639,3
73640,3
73643,0
73644,1
73645,0
73646,1
73648,3
73649,3
73651,3
73652,0
73653,0
73654,0
73655,3
73656,0
73658,1
73659,0
73660,3
73661,2
73663,3
73664,3
73665,2
73667,0
73668,0
73669,0
73670,3
73671,0
73672,1
73673,0
73674,3
73675,2
73676,3
73677,3
73679,0
73680,2
73681,3
73682,0
73684,0
73685,3
73686,3
73687,2
73688,3
73689,0
73690,0
73691,3
73693,0
73696,3
73697,0
73698,3
73699,0
73700,3
73701,0
73702,0
73703,0
73704,0
73705,3
73706,1
73707,2
73709,3
73710,0
73711,0
73712,0
73713,3
73714,0
73716,0
73717,0
73718,0
73719,3
73720,0
73721,3
73722,3
73723,3
73724,3
73726,0
73727,0
73728,0
73729,3
73731,3
73732,0
73733,3
73734,0
73735,1
73736,0
73738,0
73739,1
73740,0
73741,3
73742,2
73743,0
73744,1
73745,0
73747,0
73749,0
73750,1
73752,3
73756,0
73758,1
73760,0
73761,0
73762,3
73764,0
73765,2
73767,3
73768,0
73770,3
73771,3
73772,1
73773,0
73774,3
73775,0
73776,3
73777,3
73778,0
73780,0
73782,0
73784,0
73785,3
73786,2
73787,1
73788,1
73789,0
73790,3
73791,3
73792,3
73793,3
73794,3
73795,2
73799,2
73800,0
73801,0
73802,0
73803,0
73804,0
73805,0
73808,3
73809,1
73810,2
73811,2
73813,0
73814,3
73816,3
73817,0
73818,0
73819,3
73820,0
73824,0
73825,3
73826,0
73827,3
73828,3
73829,3
73831,3
73832,3
73833,0
73834,3
73835,2
73836,3
73837,2
73838,1
73839,0
73841,0
73842,0
73843,1
73844,0
73845,3
73848,3
73849,1
73850,0
73852,0
73853,0
73855,0
73856,3
73857,3
73858,3
73859,1
73860,0
73862,0
73863,0
73864,0
73865,1
73866,2
73867,0
73868,2
73869,1
73870,0
73871,3
73872,1
73873,0
73874,0
73876,3
73878,3
73879,1
73881,0
73882,0
73883,3
73884,3
73885,0
73886,0
73887,2
73888,3
73889,3
73890,0
73891,0
73892,3
73893,0
73894,0
73895,3
73896,0
73897,0
73898,0
73899,1
73900,0
73901,2
73902,0
73903,3
73904,0
73907,0
73908,1
73909,3
73910,0
73913,1
73916,0
73918,0
73919,3
73920,0
73921,3
73922,0
73923,0
73924,2
73925,0
73926,2
73927,0
73928,3
73929,0
73930,0
73934,0
73936,0
73939,3
73940,0
73941,0
73942,0
73943,0
73945,1
73946,3
73947,0
73948,0
73949,0
73950,0
73951,3
73952,3
73953,0
73954,0
73955,0
73956,0
73958,3
73960,3
73961,0
73962,0
73963,2
73965,3
73966,0
73967,3
73969,3
73970,0
73971,0
73972,0
73973,0
73974,0
73975,2
73976,3
73977,0
73978,3
73979,1
73980,0
73982,0
73983,0
73984,0
73986,3
73987,3
73988,0
73990,3
73992,3
73993,0
73994,3
73995,1
73998,0
73999,2
74000,3
74001,0
74002,0
74003,0
74004,2
74005,0
74006,3
74008,3
74011,0
74012,3
74013,0
74014,1
74016,0
74017,1
74018,3
74021,0
74022,0
74024,3
74026,3
74027,0
74028,0
74029,0
74030,0
74031,1
74032,3
74033,0
74034,0
74035,2
74036,1
74037,0
74038,0
74039,0
74040,0
74041,0
74042,0
74043,0
74044,0
74046,3
74047,3
74048,3
74050,3
74051,0
74052,3
74053,0
74054,0
74055,3
74056,0
74057,0
74060,3
74061,2
74062,0
74063,0
74064,3
74067,1
74068,1
74069,0
74071,3
74072,2
74073,3
74074,2
74075,0
74076,0
74078,0
74079,3
74080,3
74082,3
74083,0
74084,0
74085,0
74087,3
74088,1
74089,0
74090,0
74091,1
74092,0
74093,0
74094,0
74095,0
74096,0
74098,0
74099,0
74100,0
74101,0
74102,1
74103,3
74104,3
74105,3
74106,0
74107,0
74111,0
74113,2
74114,0
74115,0
74116,0
74119,2
74120,0
74121,0
74122,0
74123,0
74124,0
74125,3
74126,2
74130,3
74131,0
74133,0
74134,0
74135,3
74136,3
74137,3
74139,3
74140,0
74141,0
74142,1
74143,1
74144,3
74145,3
74146,0
74147,3
74148,3
74149,0
74150,0
74151,3
74152,2
74153,1
74154,0
74155,3
74157,0
74158,0
74159,0
74160,0
74161,0
74162,3
74165,1
74166,0
74167,0
74169,3
74170,0
74172,0
74173,3
74175,0
74176,0
74177,0
74178,1
74179,0
74180,2
74181,3
74182,0
74183,3
74184,3
74185,1
74186,3
74187,2
74189,0
74190,1
74191,3
74192,3
74193,0
74194,1
74195,3
74196,0
74198,3
74199,1
74200,0
74201,0
74202,0
74205,3
74207,0
74208,0
74209,0
74210,3
74212,0
74213,0
74214,0
74215,3
74218,0
74219,3
74220,0
74221,0
74222,1
74223,3
74224,3
74225,0
74226,0
74227,0
74229,3
74230,0
74232,0
74233,0
74235,2
74236,0
74237,0
74238,2
74239,2
74240,2
74241,0
74242,2
74244,0
74245,0
74246,0
74247,0
74248,1
74249,0
74250,0
74254,2
74255,0
74256,0
74257,0
74258,3
74259,0
74260,0
74261,0
74262,3
74263,0
74264,0
74265,3
74266,0
74267,3
74268,0
74269,1
74270,3
74272,0
74274,1
74275,0
74277,3
74278,0
74279,0
74280,3
74283,3
74284,3
74285,0
74286,2
74287,2
74288,0
74289,0
74290,3
74291,0
74292,3
74293,0
74294,0
74295,0
74296,3
74297,0
74298,3
74302,3
74303,3
74304,3
74306,1
74307,3
74308,3
74310,3
74312,1
74313,0
74314,0
74315,3
74317,1
74318,0
74319,3
74320,2
74321,3
74322,3
74323,0
74325,1
74326,1
74327,1
74328,0
74329,3
74331,0
74332,0
74333,0
74334,2
74335,0
74336,0
74337,3
74338,2
74339,0
74340,0
74341,0
74344,3
74345,0
74346,3
74347,0
74348,3
74350,0
74352,3
74353,3
74354,0
74355,3
74356,2
74359,2
74360,3
74361,0
74364,3
74365,0
74366,1
74368,3
74369,2
74370,1
74371,1
74372,0
74373,0
74374,0
74376,3
74377,3
74379,0
74380,0
74381,1
74383,1
74384,0
74385,2
74386,0
74387,0
74388,3
74389,2
74390,0
74391,0
74392,3
74393,3
74395,3
74397,0
74398,0
74399,0
74400,0
74401,0
74403,3
74404,0
74405,0
74406,1
74408,1
74409,0
74410,3
74411,0
74412,0
74413,0
74414,0
74415,3
74416,0
74417,0
74418,0
74419,2
74423,3
74425,0
74427,3
74428,0
74430,1
74431,3
74432,3
74433,3
74434,0
74437,3
74438,0
74440,0
74441,0
74442,3
74443,0
74444,3
74445,0
74446,0
74447,0
74448,0
74450,0
74451,0
74452,0
74453,3
74454,0
74455,0
74456,0
74457,1
74458,3
74459,3
74460,3
74461,1
74462,1
74464,0
74465,0
74466,0
74467,1
74468,3
74469,3
74470,0
74471,0
74472,1
74474,0
74477,1
74478,3
74483,2
74485,0
74486,0
74488,0
74489,3
74493,0
74494,1
74495,2
74496,2
74497,3
74498,3
74499,0
74500,0
74501,0
74502,0
74503,3
74505,0
74506,0
74508,3
74509,2
74510,3
74511,0
74512,0
74513,0
74514,0
74515,2
74517,3
74518,1
74519,0
74520,3
74521,0
74522,0
74523,2
74524,0
74525,0
74526,0
74527,3
74528,3
74529,3
74530,0
74531,0
74533,3
74534,0
74535,0
74536,3
74538,0
74539,0
74540,0
74541,0
74542,3
74544,0
74545,1
74546,3
74547,0
74548,0
74550,3
74553,3
74554,0
74555,0
74556,3
74557,0
74558,0
74560,0
74562,3
74563,2
74564,0
74568,0
74569,3
74570,3
74571,1
74572,2
74573,2
74575,0
74576,1
74577,0
74579,0
74580,3
74581,1
74582,0
74583,0
74586,0
74587,1
74588,3
74589,3
74590,3
74591,0
74592,0
74594,1
74595,3
74596,0
74597,3
74598,0
74599,1
74600,3
74602,0
74603,0
74604,1
74605,0
74608,3
74609,0
74610,0
74611,0
74613,0
74615,0
74616,3
74617,2
74618,0
74619,0
74621,0
74622,0
74623,0
74624,0
74625,0
74626,0
74628,0
74629,0
74630,3
74631,0
74632,2
74633,1
74634,0
74635,2
74636,3
74637,0
74638,0
74639,2
74640,1
74641,0
74643,0
74644,1
74645,3
74646,3
74647,2
74648,0
74649,3
74650,0
74652,0
74655,0
74656,1
74657,0
74658,0
74659,0
74660,0
74662,1
74663,0
74665,3
74666,2
74667,3
74668,3
74669,3
74671,0
74673,3
74674,3
74677,0
74678,0
74680,0
74681,0
74682,1
74683,0
74684,1
74685,0
74686,3
74687,2
74688,3
74689,0
74691,0
74692,0
74693,3
74694,2
74695,0
74696,1
74697,0
74699,2
74700,3
74701,0
74702,0
74703,3
74706,3
74707,0
74708,1
74709,3
74710,0
74711,3
74712,1
74715,0
74716,0
74717,3
74718,0
74719,0
74721,3
74723,3
74724,3
74725,0
74728,0
74730,3
74731,0
74732,0
74734,3
74735,3
74736,0
74737,0
74738,0
74739,0
74740,1
74741,0
74743,3
74744,3
74745,0
74746,0
74748,0
74749,0
74751,3
74752,0
74753,3
74754,3
74756,3
74757,1
74759,3
74760,3
74761,0
74762,0
74763,3
74764,0
74765,3
74766,3
74769,3
74770,0
74771,0
74772,0
74773,0
74774,1
74775,0
74777,3
74778,0
74779,0
74780,0
74781,3
74782,0
74783,0
74784,1
74785,0
74787,0
74788,0
74789,3
74790,3
74791,0
74792,0
74793,0
74794,3
74795,3
74797,1
74798,3
74799,1
74800,0
74802,0
74803,0
74804,0
74805,0
74806,0
74807,3
74808,0
74809,3
74810,0
74811,1
74812,3
74813,0
74814,3
74815,3
74816,0
74817,0
74818,0
74819,0
74821,3
74822,0
74824,1
74825,0
74826,0
74827,1
74828,3
74829,3
74830,0
74831,3
74833,2
74834,0
74835,0
74836,0
74837,2
74838,1
74839,0
74840,3
74841,3
74842,0
74843,3
74844,3
74845,3
74846,0
74847,2
74849,0
74851,0
74852,1
74853,3
74854,1
74855,0
74856,1
74857,1
74858,0
74859,0
74860,0
74861,0
74863,0
74864,3
74866,2
74867,0
74868,2
74870,0
74871,0
74873,1
74874,0
74876,1
74877,0
74878,3
74879,3
74880,0
74881,2
74882,0
74883,0
74884,0
74885,1
74887,3
74888,0
74889,0
74890,0
74891,3
74892,1
74893,0
74894,3
74895,3
74897,1
74898,2
74899,0
74900,0
74901,3
74902,1
74903,3
74904,1
74905,0
74907,3
74908,0
74910,3
74911,2
74912,0
74913,0
74914,0
74915,0
74916,0
74920,0
74923,0
74925,3
74927,2
74928,0
74929,0
74930,3
74932,0
74933,0
74934,0
74935,0
74936,3
74938,1
74939,3
74940,1
74941,0
74942,3
74943,0
74944,0
74945,3
74946,0
74947,3
74948,3
74949,2
74953,2
74954,0
74955,3
74956,2
74957,0
74958,2
74960,3
74961,3
74963,1
74964,1
74965,3
74966,3
74967,0
74969,0
74970,0
74972,0
74973,3
74974,3
74975,0
74976,3
74977,3
74978,0
74979,0
74980,0
74981,0
74982,0
74983,0
74984,3
74985,3
74986,3
74987,0
74988,0
74989,0
74990,1
74991,0
74993,0
74994,2
74995,0
74996,0
74997,1
74998,0
74999,1
75001,0
75002,0
75003,0
75004,0
75005,0
75006,3
75007,3
75008,3
75010,3
75011,0
75012,0
75013,0
75014,3
75015,3
75016,1
75017,1
75020,0
75021,1
75022,1
75023,3
75024,0
75025,0
75026,0
75027,0
75028,0
75029,2
75030,1
75031,0
75032,3
75033,3
75034,2
75035,1
75036,3
75038,1
75039,0
75041,3
75042,3
75043,0
75046,2
75047,0
75048,0
75049,2
75050,0
75051,0
75052,0
75053,3
75055,0
75057,2
75058,1
75059,0
75060,3
75064,3
75065,3
75066,0
75068,0
75069,0
75070,1
75072,0
75073,3
75074,3
75075,2
75077,3
75078,3
75080,2
75081,0
75082,2
75083,3
75084,3
75085,0
75086,0
75089,0
75090,0
75091,3
75092,0
75093,3
75094,2
75095,0
75097,2
75098,1
75099,3
75100,0
75103,3
75104,2
75105,0
75106,1
75107,0
75109,3
75110,1
75111,1
75113,0
75115,3
75116,0
75117,3
75119,0
75121,0
75124,0
75125,0
75127,3
75128,3
75129,0
75130,0
75131,0
75132,3
75134,3
75135,0
75136,3
75137,1
75139,0
75140,2
75141,3
75143,0
75144,3
75145,3
75146,3
75147,3
75148,0
75149,0
75150,0
75151,1
75152,3
75153,3
75154,3
75156,0
75157,0
75159,0
75160,1
75161,3
75163,0
75164,2
75165,3
75167,1
75168,0
75169,1
75170,2
75171,0
75172,0
75173,1
75174,1
75175,0
75177,0
75178,0
75179,0
75180,1
75181,1
75182,3
75183,3
75185,3
75186,3
75187,3
75188,0
75190,3
75191,0
75192,0
75194,1
75195,0
75196,0
75198,0
75199,2
75200,1
75201,3
75203,3
75204,2
75205,0
75207,1
75208,3
75210,3
75211,0
75212,3
75213,1
75214,1
75215,0
75217,0
75218,1
75219,0
75220,3
75221,0
75223,0
75225,0
75226,0
75227,0
75228,0
75229,3
75230,3
75231,2
75232,3
75233,2
75235,0
75237,3
75238,0
75240,0
75241,2
75242,1
75243,0
75244,3
75246,2
75247,1
75248,0
75250,1
75252,0
75254,0
75256,3
75257,0
75258,2
75259,2
75260,0
75261,2
75262,0
75263,0
75264,3
75265,0
75266,0
75268,3
75270,0
75271,3
75272,2
75273,3
75274,1
75275,3
75276,3
75277,0
75279,1
75283,0
75284,1
75285,0
75286,3
75287,3
75288,0
75289,3
75293,1
75294,3
75296,0
75297,1
75298,0
75299,3
75300,0
75301,3
75302,2
75305,3
75306,3
75307,3
75308,1
75309,2
75310,2
75311,3
75312,0
75313,2
75315,3
75316,0
75317,3
75318,1
75320,0
75321,3
75322,0
75323,3
75327,2
75328,3
75329,0
75330,0
75331,0
75332,1
75333,1
75334,3
75335,0
75336,3
75337,1
75339,3
75341,3
75342,0
75343,0
75344,0
75345,3
75346,0
75349,2
75350,0
75351,0
75353,3
75354,0
75355,2
75356,1
75358,1
75359,1
75360,3
75361,0
75362,0
75364,0
75365,0
75366,0
75367,0
75368,3
75369,2
75370,3
75371,3
75372,0
75373,0
75374,2
75376,0
75377,1
75378,0
75381,0
75382,3
75383,0
75384,0
75385,0
75387,3
75388,2
75390,0
75392,0
75393,0
75394,0
75396,0
75397,2
75399,0
75401,3
75402,3
75403,0
75404,0
75405,0
75406,0
75407,0
75408,3
75410,0
75411,3
75413,0
75414,0
75416,1
75417,0
75418,0
75419,0
75420,2
75421,0
75422,3
75423,3
75424,0
75425,0
75427,0
75428,0
75429,0
75430,0
75432,1
75433,2
75434,0
75435,0
75436,0
75437,3
75438,2
75440,0
75442,2
75443,2
75444,0
75446,0
75447,0
75449,0
75450,0
75452,0
75453,1
75454,0
75455,0
75456,0
75457,0
75458,2
75459,2
75461,0
75462,1
75463,0
75464,0
75465,0
75466,3
75467,0
75468,3
75469,0
75470,2
75471,0
75472,3
75473,3
75474,1
75475,3
75476,1
75478,2
75479,3
75480,2
75481,0
75482,0
75485,0
75486,0
75487,0
75489,0
75490,0
75491,0
75494,3
75495,2
75496,0
75497,0
75500,0
75502,0
75504,1
75505,0
75506,3
75507,3
75508,1
75509,0
75510,0
75511,0
75513,0
75514,0
75515,1
75516,0
75517,3
75518,3
75519,1
75520,0
75521,1
75522,0
75523,2
75524,0
75525,0
75526,0
75527,1
75528,0
75529,0
75531,3
75532,2
75533,3
75535,0
75537,1
75538,0
75539,3
75540,1
75541,0
75543,0
75544,3
75545,0
75546,0
75547,3
75548,0
75549,0
75550,0
75551,3
75552,0
75555,1
75558,2
75559,0
75560,2
75561,1
75563,0
75565,3
75566,3
75567,3
75568,2
75572,0
75573,0
75574,0
75575,0
75576,0
75577,3
75580,0
75581,0
75582,3
75583,1
75584,0
75585,2
75586,3
75587,0
75588,1
75589,3
75590,0
75591,0
75592,3
75593,0
75595,0
75596,1
75597,3
75598,0
75599,1
75600,1
75601,0
75602,1
75603,3
75604,3
75607,3
75609,2
75610,2
75611,3
75612,1
75613,3
75614,3
75615,0
75617,0
75618,0
75619,0
75620,0
75621,0
75622,0
75623,0
75625,1
75626,0
75628,2
75629,2
75630,0
75631,1
75632,3
75633,1
75634,0
75636,0
75637,3
75639,1
75640,0
75641,2
75642,0
75643,0
75644,0
75645,0
75648,0
75649,0
75650,0
75651,0
75652,3
75653,3
75654,0
75655,3
75656,0
75657,0
75658,3
75659,2
75660,0
75661,0
75662,0
75663,0
75664,3
75667,3
75668,0
75669,0
75670,3
75671,0
75672,3
75674,2
75676,0
75678,3
75679,0
75682,2
75683,0
75684,0
75685,0
75686,0
75687,2
75688,0
75690,0
75691,3
75692,2
75693,0
75694,0
75695,3
75697,0
75698,2
75702,0
75703,1
75705,1
75706,0
75707,3
75708,0
75709,2
75710,0
75711,0
75713,0
75714,0
75715,2
75716,3
75717,0
75719,2
75720,0
75721,2
75722,0
75723,0
75724,0
75725,3
75726,2
75727,2
75728,3
75729,3
75730,3
75731,3
75732,3
75733,0
75734,1
75736,0
75737,0
75738,1
75739,0
75740,1
75743,3
75744,3
75745,3
75746,3
75747,1
75749,3
75750,0
75752,1
75753,0
75754,0
75756,3
75757,2
75758,0
75759,3
75761,2
75762,1
75764,0
75765,0
75767,1
75768,0
75769,0
75771,0
75772,0
75773,0
75774,0
75776,0
75778,0
75780,0
75781,0
75782,3
75783,3
75785,0
75786,3
75788,0
75789,3
75790,0
75792,0
75793,0
75794,0
75795,3
75796,0
75797,2
75798,3
75799,2
75800,2
75801,1
75803,0
75804,2
75806,3
75807,0
75808,0
75809,0
75810,0
75811,3
75812,0
75815,3
75816,3
75818,0
75820,0
75821,0
75822,3
75823,1
75825,3
75826,2
75827,3
75828,0
75829,3
75830,3
75831,3
75832,0
75834,0
75836,3
75837,3
75838,3
75839,1
75840,1
75841,3
75842,3
75844,0
75845,1
75846,3
75847,0
75848,3
75850,0
75852,0
75853,3
75855,0
75856,3
75857,0
75859,3
75860,0
75861,3
75862,3
75863,2
75864,0
75865,0
75867,3
75868,0
75869,3
75870,3
75871,0
75872,0
75873,0
75875,0
75876,0
75877,3
75878,2
75879,0
75880,3
75881,3
75882,3
75883,3
75884,0
75886,0
75887,0
75888,3
75889,0
75891,3
75892,3
75893,3
75894,3
75895,0
75896,1
75897,0
75898,3
75899,0
75900,0
75902,1
75903,0
75904,0
75906,3
75907,0
75908,3
75909,3
75911,1
75913,1
75914,0
75915,3
75916,0
75917,0
75918,0
75921,3
75922,0
75923,3
75924,1
75925,3
75926,0
75930,0
75931,2
75932,0
75933,1
75934,3
75935,0
75936,3
75937,1
75939,0
75940,0
75941,3
75943,0
75944,2
75945,0
75946,1
75947,0
75948,3
75949,3
75950,2
75951,0
75952,0
75953,0
75954,0
75955,0
75957,2
75958,0
75959,3
75960,2
75961,0
75962,0
75963,3
75966,3
75967,0
75968,0
75969,3
75970,3
75971,0
75972,0
75973,0
75974,2
75975,0
75976,0
75978,0
75979,0
75980,3
75981,0
75982,0
75983,1
75984,1
75985,0
75986,0
75987,0
75988,2
75989,0
75990,3
75991,3
75992,1
75993,0
75994,0
75995,0
75997,1
75998,0
75999,0
76000,0
76001,3
76002,2
76004,0
76005,0
76006,0
76007,3
76009,0
76010,0
76011,3
76012,3
76013,1
76014,1
76015,0
76017,3
76018,0
76019,0
76020,3
76022,3
76024,0
76025,3
76026,3
76027,0
76028,3
76029,0
76030,3
76032,0
76033,0
76034,0
76035,1
76036,3
76037,0
76038,3
76039,3
76042,0
76043,3
76047,2
76048,0
76049,1
76050,1
76051,0
76052,1
76053,0
76054,1
76056,2
76057,0
76058,3
76059,1
76060,0
76062,1
76064,0
76065,2
76066,0
76067,0
76068,0
76069,3
76070,0
76071,0
76072,0
76074,1
76075,0
76076,0
76077,0
76078,0
76079,0
76080,0
76081,0
76082,1
76083,3
76085,1
76086,0
76087,2
76088,3
76089,0
76090,3
76091,3
76092,3
76093,0
76095,3
76097,0
76098,0
76099,2
76102,3
76103,0
76104,3
76105,0
76106,0
76107,0
76108,3
76109,1
76111,0
76112,0
76115,0
76117,0
76120,0
76121,0
76122,0
76123,1
76124,2
76125,1
76126,0
76127,0
76128,3
76129,0
76130,0
76131,0
76132,3
76133,0
76134,0
76135,0
76136,0
76137,0
76141,3
76142,0
76143,0
76145,0
76147,0
76148,0
76149,3
76150,0
76151,0
76152,2
76153,2
76154,1
76156,3
76157,3
76158,3
76159,0
76160,2
76161,3
76163,1
76164,3
76165,0
76166,1
76167,0
76168,0
76169,0
76170,0
76171,3
76172,0
76173,3
76174,0
76175,0
76176,1
76177,0
76179,0
76180,0
76181,1
76182,2
76183,1
76184,0
76185,3
76186,0
76187,3
76188,3
76189,0
76190,1
76191,0
76192,0
76193,3
76194,2
76195,0
76196,0
76197,2
76198,3
76199,0
76200,0
76201,3
76202,0
76204,3
76205,0
76206,0
76208,1
76209,0
76210,2
76212,2
76213,0
76214,3
76215,0
76217,0
76218,3
76219,2
76220,0
76222,1
76223,0
76224,2
76226,3
76228,0
76230,3
76231,3
76232,1
76233,0
76234,0
76236,2
76237,1
76238,0
76239,0
76242,0
76243,0
76244,0
76245,0
76246,0
76247,3
76250,0
76251,3
76253,3
76254,1
76255,0
76256,0
76257,1
76258,0
76259,3
76260,0
76261,0
76262,2
76264,0
76265,3
76269,3
76270,0
76271,0
76272,3
76273,0
76275,0
76276,3
76277,0
76279,0
76280,0
76281,0
76282,0
76283,0
76285,0
76286,0
76287,0
76288,2
76290,3
76291,3
76292,0
76293,0
76295,0
76296,3
76297,0
76299,2
76300,0
76301,1
76302,1
76303,1
76304,0
76305,3
76306,0
76307,0
76308,0
76309,0
76310,3
76311,0
76314,1
76315,0
76316,0
76317,0
76318,0
76319,0
76320,0
76321,3
76322,3
76323,0
76325,3
76327,2
76328,3
76329,3
76330,0
76331,2
76332,3
76334,0
76335,0
76336,0
76338,0
76339,0
76340,0
76341,0
76343,3
76344,3
76345,0
76346,0
76347,0
76348,0
76349,0
76350,1
76352,1
76353,1
76354,3
76355,3
76356,0
76357,1
76358,0
76359,0
76360,3
76361,3
76363,1
76365,0
76366,3
76367,3
76370,3
76371,0
76372,3
76373,0
76374,1
76375,0
76376,2
76377,3
76379,3
76380,0
76381,0
76384,3
76386,0
76387,0
76388,2
76389,3
76390,3
76391,3
76392,3
76393,2
76394,3
76395,2
76396,3
76397,0
76398,3
76399,0
76400,0
76401,0
76402,0
76403,3
76404,1
76407,3
76408,0
76409,3
76410,3
76411,3
76412,0
76413,0
76415,0
76416,0
76417,1
76418,0
76419,3
76420,0
76421,0
76422,3
76423,0
76424,0
76425,1
76426,0
76427,0
76428,1
76429,0
76430,2
76431,1
76433,0
76434,2
76435,1
76436,0
76437,0
76438,0
76439,1
76441,3
76442,3
76443,3
76445,0
76446,2
76447,2
76448,0
76450,0
76451,0
76452,1
76454,0
76455,3
76456,2
76457,2
76460,3
76462,0
76463,3
76464,0
76465,3
76466,0
76467,3
76468,0
76469,3
76470,1
76472,0
76473,0
76474,3
76475,3
76476,0
76477,0
76479,3
76481,0
76482,0
76483,0
76484,0
76486,0
76487,2
76488,0
76489,0
76490,3
76491,1
76492,2
76493,0
76494,3
76496,3
76497,0
76498,0
76499,0
76501,0
76502,3
76503,3
76504,0
76505,0
76506,3
76507,3
76508,0
76509,0
76510,3
76511,3
76512,3
76513,0
76514,0
76515,3
76516,0
76517,3
76518,0
76519,0
76520,3
76521,0
76524,2
76526,3
76527,0
76528,0
76530,0
76531,3
76532,3
76533,1
76534,3
76535,0
76536,3
76537,2
76538,3
76539,3
76540,0
76541,3
76542,3
76543,0
76544,0
76545,0
76546,1
76547,0
76548,3
76550,0
76552,0
76553,0
76554,1
76555,3
76556,3
76557,0
76558,3
76559,0
76560,3
76562,3
76564,3
76565,0
76566,0
76567,0
76568,0
76570,3
76571,3
76572,3
76573,1
76574,3
76575,0
76577,0
76578,0
76580,3
76581,0
76582,0
76583,1
76584,0
76585,2
76587,0
76588,3
76589,0
76590,1
76592,1
76593,0
76594,3
76597,3
76598,0
76599,1
76601,0
76602,0
76603,0
76605,3
76606,3
76607,0
76609,0
76610,0
76611,1
76613,0
76614,3
76615,0
76616,0
76618,1
76619,2
76620,0
76621,3
76623,3
76625,1
76626,3
76628,3
76629,0
76630,1
76631,0
76632,3
76634,0
76635,3
76636,3
76638,3
76639,2
76640,0
76642,3
76643,0
76644,3
76645,0
76646,3
76647,1
76648,3
76649,0
76650,2
76653,0
76654,3
76655,1
76656,1
76658,2
76659,0
76660,3
76661,2
76662,2
76663,3
76664,3
76668,0
76670,0
76671,3
76672,3
76673,3
76674,3
76676,1
76677,3
76678,1
76680,0
76681,3
76682,3
76683,0
76685,0
76688,3
76689,0
76690,0
76691,3
76692,0
76693,1
76694,0
76695,2
76696,0
76697,1
76698,2
76700,3
76701,0
76702,0
76703,2
76704,1
76706,0
76707,0
76709,0
76712,0
76713,0
76714,3
76715,2
76716,0
76717,3
76719,0
76720,0
76721,0
76722,1
76723,2
76724,0
76725,3
76726,0
76728,2
76729,0
76730,0
76731,3
76732,0
76733,0
76734,0
76736,1
76737,0
76738,3
76740,0
76741,2
76742,0
76743,3
76744,3
76745,0
76746,0
76747,3
76748,1
76749,0
76753,2
76754,3
76755,1
76756,0
76757,0
76758,3
76759,3
76760,1
76761,1
76762,3
76763,1
76764,3
76765,0
76767,3
76768,0
76769,1
76770,1
76771,0
76772,0
76773,3
76774,3
76776,0
76779,3
76780,3
76781,0
76782,1
76783,3
76784,1
76785,0
76786,0
76787,2
76788,2
76789,2
76790,3
76791,0
76793,0
76794,0
76795,1
76796,0
76797,3
76798,2
76799,0
76801,3
76802,0
76803,0
76804,0
76805,0
76806,1
76807,0
76808,3
76809,0
76810,3
76811,3
76813,3
76814,0
76816,1
76817,3
76818,2
76819,3
76820,0
76822,3
76824,1
76825,3
76826,0
76827,3
76828,3
76829,2
76830,3
76831,1
76832,1
76833,2
76834,0
76835,1
76836,2
76837,0
76838,3
76839,3
76840,3
76841,2
76842,3
76843,2
76844,0
76845,3
76846,3
76847,3
76848,0
76850,0
76851,0
76853,0
76854,0
76855,0
76856,0
76857,0
76858,0
76860,0
76861,2
76863,3
76865,0
76866,0
76867,0
76868,0
76870,0
76871,0
76873,0
76874,1
76875,0
76877,1
76878,0
76879,0
76880,0
76881,0
76882,0
76883,0
76885,3
76887,3
76888,3
76889,0
76890,0
76891,0
76892,3
76893,3
76894,0
76895,0
76896,3
76898,0
76899,1
76900,3
76901,0
76902,0
76903,3
76904,0
76905,0
76907,0
76908,3
76909,3
76912,3
76913,0
76914,0
76915,3
76916,0
76917,0
76918,0
76919,0
76920,1
76921,0
76923,3
76924,3
76925,2
76926,0
76928,0
76929,0
76930,0
76931,3
76932,2
76933,0
76934,0
76935,3
76936,2
76937,3
76938,0
76939,0
76940,0
76941,0
76943,0
76944,1
76945,2
76946,0
76947,0
76948,0
76949,3
76950,1
76951,2
76952,0
76953,0
76954,3
76956,0
76957,3
76959,3
76960,0
76961,3
76962,3
76963,3
76967,0
76968,0
76969,0
76971,1
76972,0
76973,3
76974,3
76975,0
76976,0
76977,0
76978,0
76979,0
76980,3
76981,0
76984,0
76987,0
76988,0
76989,0
76990,3
76992,0
76993,0
76994,2
76995,2
76996,3
76999,3
77000,3
77002,0
77003,3
77004,3
77005,3
77006,1
77008,3
77009,3
77010,3
77011,3
77012,0
77013,0
77014,3
77016,0
77017,2
77018,3
77019,3
77020,3
77021,1
77022,0
77023,0
77024,0
77025,0
77026,1
77027,0
77028,0
77029,1
77030,0
77032,2
77033,0
77034,3
77035,3
77037,0
77038,2
77039,3
77040,2
77041,0
77042,0
77044,0
77045,3
77046,2
77047,0
77048,1
77050,2
77052,3
77053,2
77055,3
77058,3
77059,0
77060,3
77062,0
77063,3
77065,0
77066,3
77067,1
77068,0
77069,1
77070,1
77071,3
77073,2
77074,1
77075,0
77076,1
77077,3
77079,0
77080,0
77081,3
77082,0
77084,3
77085,1
77086,3
77087,0
77088,3
77089,3
77090,0
77091,0
77092,0
77093,3
77094,3
77095,0
77097,3
77098,3
77099,3
77100,1
77101,3
77102,3
77104,3
77105,3
77106,0
77107,3
77108,2
77112,3
77113,3
77115,2
77116,0
77117,3
77118,0
77119,0
77120,3
77121,2
77122,1
77123,0
77125,0
77126,0
77127,0
77128,0
77129,2
77130,3
77131,3
77132,0
77133,3
77138,0
77139,1
77141,0
77142,3
77143,0
77144,0
77145,3
77146,0
77147,2
77148,0
77149,0
77150,3
77152,3
77153,3
77154,0
77155,0
77156,3
77157,3
77159,1
77160,1
77161,1
77162,2
77163,0
77164,2
77165,1
77166,3
77168,0
77169,0
77170,1
77171,0
77173,3
77174,3
77175,3
77176,0
77177,2
77178,2
77180,3
77182,0
77183,0
77184,0
77185,0
77186,3
77187,0
77188,2
77189,3
77190,2
77191,3
77192,0
77194,0
77195,0
77196,3
77198,3
77199,0
77200,3
77201,3
77202,0
77203,0
77204,0
77205,3
77206,3
77208,3
77209,3
77211,0
77212,3
77213,0
77214,0
77215,0
77216,0
77217,1
77219,0
77220,1
77221,1
77222,3
77223,0
77224,2
77225,0
77226,3
77227,2
77228,0
77231,2
77232,0
77233,3
77236,0
77238,0
77239,0
77240,2
77241,1
77242,0
77243,1
77244,3
77245,0
77247,0
77248,0
77249,3
77250,0
77251,0
77253,0
77255,1
77256,0
77257,2
77258,3
77259,3
77260,3
77261,0
77262,0
77263,0
77264,0
77265,0
77267,0
77268,3
77269,3
77270,1
77271,0
77272,3
77273,0
77275,0
77276,0
77277,3
77278,3
77279,0
77280,2
77281,0
77282,3
77285,2
77286,0
77287,0
77288,0
77289,3
77290,0
77291,1
77292,1
77293,0
77294,0
77295,0
77296,0
77298,0
77301,0
77302,1
77303,0
77304,2
77305,0
77306,3
77307,0
77308,0
77309,3
77310,0
77311,0
77312,3
77313,0
77314,0
77315,0
77316,3
77318,2
77319,0
77323,0
77324,3
77325,1
77326,0
77327,0
77328,2
77329,0
77330,1
77332,2
77333,0
77334,3
77335,0
77336,3
77337,1
77338,0
77339,2
77340,0
77342,0
77343,0
77346,2
77347,0
77348,0
77350,3
77351,0
77352,1
77353,3
77354,0
77355,0
77356,0
77357,3
77358,0
77360,3
77361,3
77362,0
77364,0
77365,0
77366,0
77367,0
77370,0
77371,1
77373,1
77374,2
77375,3
77376,3
77377,3
77378,0
77380,0
77382,3
77383,3
77384,0
77387,1
77388,1
77392,0
77394,0
77395,1
77397,2
77398,0
77400,3
77401,1
77402,0
77404,1
77405,0
77406,0
77407,3
77410,3
77411,0
77412,2
77413,0
77414,0
77415,0
77416,0
77417,0
77418,2
77419,0
77420,0
77421,3
77422,0
77423,0
77424,0
77427,0
77429,2
77431,0
77432,0
77433,0
77434,0
77436,2
77437,0
77438,0
77439,3
77441,3
77443,2
77444,3
77445,0
77446,3
77447,2
77448,0
77449,2
77450,3
77452,0
77453,3
77455,0
77457,3
77458,3
77461,0
77462,1
77463,0
77464,2
77465,0
77467,0
77468,3
77469,1
77470,0
77471,0
77472,2
77473,0
77474,3
77475,0
77476,3
77477,0
77478,3
77479,0
77480,0
77482,3
77483,3
77484,0
77485,2
77486,0
77487,0
77490,3
77491,1
77492,3
77494,1
77495,0
77498,0
77500,0
77501,3
77503,2
77504,2
77505,3
77506,1
77507,0
77509,0
77510,0
77511,2
77512,0
77513,1
77514,0
77515,0
77517,0
77518,0
77519,0
77520,0
77521,0
77522,0
77523,3
77524,3
77525,0
77526,2
77527,0
77528,2
77529,0
77531,1
77532,0
77535,0
77536,0
77537,0
77538,0
77539,0
77540,0
77542,0
77543,2
77545,0
77547,0
77549,0
77550,0
77552,3
77553,2
77554,3
77555,0
77556,0
77557,0
77559,0
77560,0
77561,3
77562,0
77563,1
77564,2
77565,3
77567,2
77568,0
77569,1
77570,0
77571,0
77572,0
77573,3
77574,3
77575,2
77576,3
77577,2
77579,0
77580,2
77581,3
77583,0
77584,0
77585,1
77586,0
77587,3
77588,3
77589,0
77592,3
77593,0
77594,0
77595,1
77596,0
77597,3
77599,0
77600,1
77601,3
77602,2
77603,0
77606,0
77607,0
77608,2
77609,0
77610,0
77611,3
77612,0
77613,0
77615,0
77616,3
77618,3
77619,0
77620,1
77621,3
77622,1
77623,3
77625,1
77628,1
77629,0
77631,2
77632,0
77633,0
77636,0
77637,1
77638,0
77639,0
77640,2
77642,0
77644,0
77645,0
77647,3
77648,0
77649,0
77650,3
77651,3
77652,0
77653,1
77654,0
77655,0
77656,2
77657,2
77658,0
77659,3
77660,1
77661,3
77664,0
77665,0
77666,0
77668,0
77669,3
77670,2
77671,0
77673,2
77674,0
77676,0
77677,0
77678,1
77679,0
77680,3
77681,3
77682,0
77683,0
77684,3
77685,3
77686,2
77687,0
77688,3
77689,0
77691,0
77692,1
77693,0
77694,0
77695,3
77697,0
77700,0
77701,3
77702,3
77703,2
77704,0
77705,0
77706,0
77707,0
77708,0
77709,3
77710,0
77711,3
77713,0
77714,0
77715,0
77716,0
77717,0
77718,3
77721,2
77722,0
77723,0
77724,0
77725,0
77728,0
77729,3
77730,0
77731,3
77732,0
77733,1
77734,0
77735,1
77737,0
77738,0
77739,0
77740,3
77741,1
77742,0
77744,3
77745,3
77746,0
77747,2
77748,3
77749,0
77750,1
77751,1
77752,0
77753,3
77754,3
77755,0
77756,3
77757,3
77758,3
77759,2
77761,3
77762,3
77763,0
77764,0
77767,0
77769,0
77770,0
77771,0
77773,2
77774,3
77775,3
77776,3
77777,0
77781,3
77782,0
77786,0
77787,0
77788,3
77789,0
77791,3
77792,2
77793,3
77796,3
77798,0
77800,0
77801,0
77804,0
77807,3
77808,0
77809,2
77812,3
77813,3
77815,0
77816,3
77817,3
77818,2
77819,0
77820,3
77821,3
77822,0
77823,1
77824,0
77825,1
77826,0
77827,3
77828,0
77829,0
77830,3
77832,3
77834,0
77835,2
77836,0
77838,0
77839,0
77842,0
77843,3
77844,0
77845,0
77847,3
77848,0
77849,1
77852,0
77853,0
77854,2
77855,1
77856,0
77857,0
77858,3
77860,0
77861,0
77862,2
77863,0
77864,1
77865,0
77866,1
77867,0
77869,1
77870,1
77871,2
77872,0
77873,0
77874,3
77875,0
77876,0
77877,3
77879,0
77880,3
77881,3
77882,0
77883,0
77884,0
77885,3
77886,0
77887,2
77888,3
77889,0
77890,3
77891,2
77893,0
77894,0
77895,0
77896,1
77897,0
77898,3
77901,0
77902,3
77903,3
77904,3
77905,3
77906,0
77907,0
77908,1
77909,0
77911,1
77912,3
77913,3
77914,2
77916,3
77917,2
77918,0
77919,1
77921,1
77922,0
77923,0
77924,0
77926,3
77927,0
77928,3
77929,0
77932,0
77934,2
77935,3
77936,2
77937,3
77938,1
77940,0
77941,0
77942,3
77943,2
77944,0
77945,0
77946,0
77949,0
77950,0
77951,3
77952,3
77953,0
77955,3
77956,0
77957,1
77958,0
77959,0
77960,1
77965,2
77966,3
77967,3
77968,1
77969,3
77971,1
77973,0
77974,1
77976,0
77977,0
77978,0
77979,0
77980,3
77981,2
77982,0
77983,3
77984,1
77985,1
77986,3
77988,3
77989,0
77990,0
77991,3
77992,3
77994,3
77995,3
77996,3
77997,0
77998,1
77999,0
78001,3
78002,0
78004,3
78005,0
78006,1
78007,0
78008,1
78009,2
78010,0
78011,3
78012,0
78013,2
78014,1
78015,0
78016,0
78017,0
78018,3
78019,3
78020,0
78021,3
78023,3
78024,2
78025,0
78026,0
78027,3
78028,2
78030,0
78031,0
78032,0
78033,3
78036,1
78037,3
78038,0
78039,0
78040,2
78041,0
78042,0
78043,0
78044,0
78045,0
78048,0
78049,0
78050,0
78051,0
78052,0
78055,3
78056,3
78058,2
78059,3
78060,3
78061,3
78063,0
78064,0
78065,3
78066,0
78068,0
78069,3
78070,0
78072,3
78073,1
78074,0
78075,3
78076,0
78078,0
78079,0
78080,3
78081,0
78082,0
78083,0
78084,0
78086,0
78087,3
78088,0
78089,3
78090,0
78091,3
78092,3
78093,3
78094,3
78095,3
78096,0
78097,3
78098,1
78099,0
78100,3
78101,0
78102,3
78103,0
78104,3
78105,0
78107,0
78108,3
78112,0
78113,3
78114,0
78115,1
78116,0
78117,2
78119,1
78121,0
78122,0
78123,0
78124,0
78125,0
78126,2
78127,3
78128,0
78130,0
78131,3
78132,0
78134,3
78136,0
78137,0
78138,3
78139,0
78140,0
78143,1
78144,3
78145,0
78146,1
78147,2
78149,3
78150,1
78151,0
78152,0
78153,0
78154,0
78155,0
78156,0
78157,0
78158,0
78159,1
78160,3
78161,0
78162,3
78163,0
78164,0
78165,0
78166,0
78167,0
78168,0
78169,0
78170,1
78171,3
78172,0
78173,3
78174,0
78176,0
78177,0
78178,0
78179,3
78180,3
78181,3
78182,2
78184,0
78186,0
78187,0
78188,3
78190,0
78191,2
78192,0
78193,3
78194,0
78195,0
78197,0
78198,0
78199,0
78201,1
78202,1
78203,0
78204,3
78205,3
78206,0
78208,3
78209,0
78210,0
78211,0
78213,0
78214,2
78215,1
78216,1
78217,1
78218,1
78219,0
78220,2
78221,3
78222,0
78223,0
78224,1
78225,3
78226,1
78227,2
78228,0
78229,3
78230,0
78232,2
78233,0
78234,2
78235,0
78237,2
78239,1
78240,3
78241,2
78242,2
78243,2
78244,3
78246,0
78247,0
78248,3
78249,0
78250,2
78251,2
78253,3
78255,3
78257,0
78258,1
78259,0
78260,2
78261,0
78262,0
78263,3
78264,0
78266,3
78267,3
78268,0
78269,2
78270,0
78271,2
78272,1
78273,3
78274,2
78275,1
78278,0
78279,0
78280,0
78282,1
78283,3
78284,1
78285,0
78286,0
78287,3
78288,0
78289,3
78290,2
78291,0
78292,0
78293,3
78294,1
78295,0
78296,0
78297,0
78298,0
78299,0
78300,3
78301,0
78302,0
78306,1
78307,3
78308,0
78309,0
78310,0
78313,1
78315,0
78316,0
78317,0
78318,0
78319,0
78320,0
78321,0
78322,3
78323,0
78325,3
78326,2
78327,0
78328,0
78329,3
78330,0
78331,0
78332,3
78333,0
78336,0
78339,1
78340,0
78341,1
78342,3
78343,1
78344,2
78345,1
78346,0
78347,0
78348,3
78349,0
78350,2
78351,0
78352,3
78353,1
78354,2
78355,0
78357,0
78358,1
78359,0
78360,3
78361,0
78362,0
78363,0
78364,3
78365,1
78367,0
78368,2
78369,0
78370,1
78371,2
78374,3
78375,1
78376,0
78377,2
78378,1
78380,3
78381,3
78382,0
78383,3
78385,1
78386,0
78387,0
78389,0
78390,3
78391,0
78392,1
78393,0
78394,1
78395,0
78396,3
78397,0
78399,3
78400,0
78401,0
78402,0
78403,0
78404,3
78405,3
78406,3
78408,0
78409,0
78410,0
78412,0
78413,0
78414,0
78415,0
78416,1
78418,1
78419,0
78420,1
78421,0
78422,0
78424,1
78425,0
78426,0
78427,0
78429,0
78430,3
78431,3
78432,0
78433,3
78434,3
78435,0
78436,0
78437,0
78438,0
78439,2
78440,3
78441,3
78443,0
78444,0
78445,3
78446,0
78447,0
78448,2
78449,0
78450,2
78453,0
78454,1
78455,1
78456,3
78457,1
78458,1
78460,0
78461,2
78462,3
78464,0
78465,1
78466,1
78467,3
78468,0
78469,3
78472,2
78473,1
78474,1
78475,0
78477,0
78479,3
78481,0
78482,0
78485,2
78487,0
78488,0
78490,1
78492,3
78493,0
78496,3
78497,3
78498,3
78499,0
78500,0
78501,3
78502,0
78504,3
78505,0
78506,0
78507,3
78508,2
78509,3
78510,0
78512,0
78513,3
78514,3
78515,3
78516,0
78517,0
78519,0
78522,3
78524,1
78525,3
78526,3
78527,0
78528,3
78529,3
78530,1
78531,0
78532,3
78533,3
78534,0
78535,2
78536,1
78537,2
78538,2
78539,3
78540,3
78541,0
78542,2
78543,1
78545,0
78546,0
78548,2
78549,3
78550,2
78551,0
78554,3
78555,0
78556,0
78558,1
78559,0
78560,0
78561,0
78562,0
78563,3
78564,3
78565,0
78566,1
78569,1
78570,2
78571,0
78572,1
78573,0
78574,2
78576,0
78577,3
78579,1
78580,0
78581,0
78583,3
78584,3
78585,1
78586,3
78587,0
78588,0
78591,2
78592,3
78593,0
78594,0
78595,0
78596,1
78597,3
78599,2
78600,0
78601,0
78602,2
78603,3
78604,3
78605,0
78606,2
78607,2
78608,1
78609,1
78610,1
78611,1
78612,3
78613,3
78614,1
78615,2
78617,3
78618,2
78619,3
78620,3
78621,0
78623,0
78625,0
78627,0
78630,3
78631,3
78632,3
78634,0
78635,0
78636,0
78639,0
78640,3
78641,0
78642,0
78643,1
78644,0
78645,0
78646,0
78647,2
78648,3
78649,3
78650,3
78651,3
78652,1
78655,3
78656,3
78657,1
78659,1
78660,3
78662,3
78663,1
78664,1
78665,3
78666,1
78668,3
78669,0
78670,3
78671,3
78672,3
78673,0
78674,3
78676,1
78678,2
78679,0
78680,3
78681,0
78682,1
78683,0
78685,3
78686,3
78688,3
78689,3
78690,3
78691,0
78693,3
78694,0
78695,0
78696,0
78697,0
78698,2
78700,0
78701,3
78702,0
78703,1
78704,3
78705,0
78706,3
78707,2
78708,3
78710,0
78711,0
78712,0
78713,3
78714,3
78715,0
78716,0
78717,0
78718,1
78720,0
78721,1
78722,0
78723,1
78724,0
78725,3
78729,2
78730,3
78731,2
78732,0
78733,0
78734,0
78736,3
78737,0
78738,2
78739,0
78740,3
78742,2
78744,0
78748,2
78749,0
78751,0
78752,0
78754,3
78755,0
78757,3
78759,1
78761,3
78763,1
78764,0
78767,1
78768,0
78769,2
78770,1
78772,0
78773,0
78775,0
78778,0
78779,0
78780,2
78781,3
78782,0
78783,0
78784,0
78785,0
78788,3
78792,0
78795,0
78796,3
78799,3
78800,3
78801,1
78802,0
78803,0
78804,3
78805,0
78807,1
78808,1
78809,0
78810,3
78811,0
78812,0
78814,0
78815,0
78816,0
78817,0
78818,3
78820,1
78821,1
78822,0
78823,0
78824,0
78825,3
78826,0
78827,0
78828,3
78829,2
78830,3
78831,3
78834,0
78835,3
78836,0
78837,0
78838,0
78839,0
78840,3
78841,0
78842,1
78843,1
78844,3
78845,0
78846,0
78847,0
78848,0
78849,2
78850,0
78851,3
78852,1
78853,3
78854,3
78856,1
78858,2
78859,3
78860,0
78861,1
78863,0
78864,2
78865,2
78866,3
78868,2
78869,1
78870,3
78871,0
78872,3
78875,0
78876,3
78877,0
78878,0
78879,1
78880,3
78881,0
78882,0
78883,2
78884,2
78885,3
78887,0
78888,3
78889,3
78891,2
78892,0
78893,0
78894,0
78895,1
78896,1
78897,0
78898,1
78899,0
78900,0
78901,1
78902,0
78903,3
78904,1
78905,1
78906,0
78908,3
78910,1
78912,3
78913,0
78914,3
78915,0
78916,0
78917,3
78919,3
78921,3
78923,3
78924,0
78925,3
78926,0
78928,0
78931,0
78933,3
78934,3
78935,3
78936,3
78938,0
78940,0
78941,0
78942,0
78943,0
78945,3
78947,2
78949,1
78950,0
78952,3
78953,0
78954,2
78955,2
78956,3
78957,3
78958,0
78959,2
78961,3
78962,0
78963,3
78964,2
78965,0
78966,0
78967,3
78969,0
78970,0
78972,3
78973,3
78975,0
78976,3
78977,2
78978,1
78979,0
78980,2
78981,2
78982,1
78983,0
78984,0
78986,0
78989,0
78991,3
78992,0
78993,3
78995,0
78996,1
78997,0
78998,1
78999,0
79001,3
79002,2
79003,0
79004,3
79007,1
79008,0
79009,3
79010,3
79012,0
79013,3
79014,0
79015,1
79016,0
79017,0
79018,0
79019,2
79020,3
79021,2
79022,0
79023,3
79028,0
79029,3
79031,0
79032,3
79033,0
79034,3
79035,1
79036,3
79037,2
79038,0
79040,2
79041,0
79042,0
79043,3
79044,2
79045,3
79046,0
79047,0
79048,3
79050,0
79051,0
79052,0
79053,0
79054,0
79056,0
79058,0
79059,2
79061,0
79062,0
79063,3
79065,1
79066,3
79067,3
79068,2
79070,3
79072,0
79073,0
79074,3
79075,3
79077,0
79078,1
79079,0
79080,0
79081,0
79082,0
79083,0
79084,2
79085,1
79086,0
79087,2
79088,0
79089,0
79090,0
79091,3
79092,0
79093,1
79094,3
79095,2
79096,3
79097,0
79098,2
79099,3
79101,0
79102,1
79104,3
79107,0
79108,3
79110,0
79111,2
79112,2
79113,3
79114,0
79115,0
79116,0
79117,0
79118,1
79119,0
79121,0
79122,1
79123,0
79124,2
79127,2
79128,0
79129,0
79130,0
79131,3
79132,1
79133,0
79134,3
79135,0
79138,1
79139,3
79141,0
79142,0
79143,0
79144,3
79145,2
79146,3
79147,0
79148,0
79150,3
79151,2
79152,0
79154,3
79156,1
79157,3
79158,0
79159,3
79160,0
79162,0
79163,0
79164,0
79165,0
79167,2
79168,3
79169,0
79170,2
79171,0
79172,0
79173,2
79174,2
79175,3
79176,3
79177,3
79178,3
79179,0
79180,3
79181,0
79182,3
79183,0
79184,2
79186,0
79188,3
79189,3
79190,3
79191,0
79192,0
79193,0
79194,0
79195,0
79196,3
79197,2
79198,3
79199,0
79200,1
79201,0
79202,0
79203,0
79204,3
79205,2
79206,3
79207,3
79208,0
79212,0
79213,0
79214,0
79215,0
79216,3
79217,1
79218,0
79219,0
79220,0
79222,3
79223,0
79224,3
79225,0
79226,0
79227,0
79228,0
79229,0
79230,3
79231,1
79232,0
79234,3
79235,0
79236,0
79237,0
79238,0
79239,0
79240,3
79241,3
79242,0
79243,0
79244,2
79245,1
79246,0
79248,0
79249,3
79250,3
79251,0
79253,0
79254,3
79255,0
79256,2
79257,0
79259,0
79260,1
79261,0
79262,2
79263,2
79265,0
79267,0
79268,0
79269,3
79270,3
79272,0
79273,0
79277,0
79278,3
79279,2
79280,0
79281,0
79282,0
79283,0
79284,2
79285,0
79286,0
79287,0
79288,1
79289,0
79290,0
79291,3
79293,2
79294,3
79295,0
79296,1
79297,1
79299,3
79300,0
79302,1
79303,0
79304,0
79305,0
79306,0
79309,0
79310,0
79311,0
79312,3
79313,0
79315,3
79316,0
79320,3
79321,0
79322,0
79324,0
79325,2
79326,0
79329,0
79330,0
79331,0
79332,0
79333,3
79334,3
79336,2
79338,3
79339,2
79342,3
79343,2
79344,0
79345,2
79346,0
79347,3
79348,0
79349,3
79350,3
79351,0
79352,0
79353,1
79354,0
79355,0
79357,0
79358,0
79359,2
79360,0
79362,3
79364,0
79365,0
79366,3
79367,0
79368,0
79369,1
79370,0
79371,3
79373,0
79374,0
79375,0
79378,0
79379,0
79380,0
79381,3
79382,3
79383,3
79384,3
79385,0
79388,0
79389,0
79390,0
79391,0
79393,0
79394,0
79395,0
79396,0
79397,3
79398,3
79399,0
79402,0
79403,3
79405,1
79406,0
79409,0
79412,1
79413,3
79414,0
79416,0
79417,0
79419,3
79420,3
79421,0
79422,2
79423,0
79424,0
79425,0
79426,2
79428,0
79429,2
79430,0
79432,0
79433,0
79434,0
79435,3
79437,0
79438,0
79439,0
79440,2
79441,3
79442,0
79443,3
79444,0
79445,3
79446,0
79448,0
79449,0
79450,3
79451,2
79452,3
79454,3
79455,1
79456,0
79457,0
79458,2
79459,0
79460,0
79461,0
79462,0
79463,2
79464,1
79465,0
79466,0
79467,0
79468,1
79472,3
79473,3
79474,3
79475,0
79476,0
79477,1
79478,0
79481,0
79482,3
79483,0
79484,1
79485,3
79486,0
79488,3
79489,3
79490,3
79491,1
79492,0
79493,0
79494,0
79495,2
79496,0
79497,0
79498,1
79499,3
79500,3
79501,3
79502,0
79503,0
79504,3
79505,0
79507,0
79508,1
79509,0
79510,0
79511,3
79512,3
79513,3
79514,0
79516,3
79517,3
79518,0
79520,3
79521,0
79523,2
79524,3
79525,1
79526,0
79527,3
79528,0
79529,2
79530,2
79531,1
79533,0
79534,0
79535,0
79536,3
79537,0
79538,3
79539,3
79540,2
79543,1
79544,0
79545,3
79547,2
79548,0
79549,3
79550,2
79551,1
79552,0
79553,3
79554,1
79555,0
79556,0
79557,0
79558,3
79560,3
79561,0
79562,3
79564,3
79565,2
79566,3
79567,2
79568,0
79569,3
79570,0
79571,3
79573,0
79575,3
79576,0
79578,3
79579,2
79580,0
79581,0
79582,0
79583,3
79584,0
79585,0
79586,3
79587,3
79588,0
79589,3
79590,0
79591,0
79592,2
79593,0
79594,3
79595,3
79596,0
79597,0
79598,0
79599,3
79600,3
79601,1
79602,3
79603,2
79607,0
79608,1
79609,0
79610,0
79612,0
79614,0
79615,0
79616,1
79617,0
79619,3
79620,3
79621,3
79622,0
79623,0
79624,0
79625,0
79626,0
79627,3
79628,1
79629,1
79631,2
79632,1
79634,0
79635,3
79636,3
79637,0
79638,1
79639,1
79640,0
79641,1
79642,0
79643,3
79644,0
79645,3
79646,0
79647,3
79648,0
79650,3
79651,0
79652,0
79653,0
79656,1
79658,0
79659,2
79660,0
79661,1
79662,2
79663,0
79664,0
79665,2
79667,0
79668,3
79669,3
79670,3
79671,1
79672,3
79673,3
79674,1
79675,0
79676,0
79677,3
79678,0
79679,3
79680,0
79681,2
79682,0
79683,0
79684,0
79685,3
79686,0
79687,2
79688,0
79689,2
79691,3
79693,0
79694,3
79695,3
79697,1
79699,3
79700,3
79701,3
79704,0
79705,0
79706,0
79709,0
79710,3
79711,0
79712,3
79714,3
79715,2
79716,3
79718,0
79719,3
79720,0
79722,1
79723,3
79724,1
79725,0
79726,0
79727,2
79728,1
79729,0
79730,3
79732,2
79733,3
79734,3
79735,3
79736,1
79739,3
79741,0
79742,1
79743,0
79744,2
79745,3
79746,0
79748,2
79749,2
79750,0
79751,0
79752,1
79753,0
79754,0
79755,0
79756,1
79757,3
79758,2
79759,2
79761,0
79762,1
79763,2
79764,0
79765,0
79766,0
79767,3
79768,0
79769,3
79770,2
79772,0
79773,2
79774,0
79775,1
79776,0
79777,3
79778,0
79779,1
79780,1
79781,0
79783,3
79785,3
79787,3
79788,3
79789,0
79790,0
79791,0
79792,1
79793,0
79794,0
79797,0
79799,0
79801,0
79802,3
79803,0
79805,0
79806,3
79807,3
79808,0
79809,3
79812,1
79816,1
79817,2
79818,0
79819,3
79821,0
79822,1
79823,0
79826,0
79827,0
79830,0
79831,0
79832,0
79833,0
79835,3
79836,0
79837,2
79838,2
79839,1
79840,1
79841,2
79842,0
79843,0
79844,0
79845,3
79846,0
79848,0
79849,0
79850,0
79851,0
79852,0
79854,0
79855,3
79857,3
79858,1
79859,0
79860,0
79861,3
79862,3
79863,3
79864,1
79865,1
79866,1
79868,0
79870,1
79871,0
79873,1
79874,0
79875,3
79876,1
79877,0
79878,0
79879,3
79880,0
79881,0
79882,0
79884,3
79886,0
79887,0
79889,3
79890,0
79892,0
79893,2
79895,3
79896,0
79897,0
79898,1
79899,0
79900,3
79901,0
79902,0
79903,0
79905,0
79906,0
79907,3
79908,0
79909,0
79910,3
79911,0
79914,2
79915,3
79916,0
79917,0
79918,0
79919,3
79920,3
79922,0
79923,3
79924,3
79925,3
79927,3
79928,0
79931,0
79932,3
79933,3
79934,3
79935,3
79936,0
79937,2
79939,3
79940,2
79941,3
79942,0
79943,0
79946,0
79947,3
79949,0
79950,3
79951,2
79952,3
79953,3
79954,3
79955,3
79956,2
79957,3
79958,3
79960,2
79961,0
79962,0
79963,0
79964,0
79965,0
79966,0
79967,0
79968,3
79969,0
79970,2
79971,2
79972,1
79974,0
79975,3
79976,3
79977,1
79978,0
79979,3
79980,0
79981,0
79982,0
79984,0
79986,1
79987,3
79988,0
79989,0
79990,3
79991,0
79992,0
79993,0
79994,1
79995,0
79996,0
79998,0
79999,0
80000,1
80001,0
80003,3
80004,2
80005,2
80006,2
80007,3
80008,0
80010,0
80013,0
80014,3
80015,2
80016,3
80017,2
80018,0
80019,0
80020,1
80023,0
80025,0
80026,1
80027,0
80028,0
80029,3
80031,3
80032,3
80033,0
80034,3
80035,0
80036,0
80037,0
80038,0
80040,3
80041,3
80042,0
80043,0
80044,0
80045,3
80046,2
80047,0
80048,0
80049,0
80051,2
80052,2
80053,0
80054,0
80055,0
80056,0
80058,0
80059,3
80061,0
80062,0
80063,0
80064,2
80065,3
80066,0
80067,0
80069,0
80074,2
80076,0
80078,3
80079,0
80080,0
80081,3
80082,2
80083,0
80084,3
80085,3
80087,0
80088,0
80089,0
80090,2
80091,3
80093,1
80094,1
80095,0
80096,3
80098,3
80099,2
80101,3
80102,2
80103,3
80104,1
80105,0
80106,1
80108,3
80109,0
80110,1
80111,0
80112,3
80113,1
80114,3
80115,0
80116,3
80117,2
80118,3
80120,3
80121,0
80123,0
80124,3
80125,0
80128,1
80129,3
80131,1
80132,1
80134,0
80135,0
80136,0
80137,0
80138,0
80140,3
80141,3
80142,2
80143,3
80144,3
80145,0
80147,1
80149,2
80150,3
80151,0
80152,0
80153,0
80154,0
80155,1
80156,0
80157,0
80158,3
80160,3
80161,0
80163,0
80165,0
80167,0
80168,0
80169,1
80172,2
80173,3
80174,0
80175,0
80176,1
80178,3
80179,1
80182,2
80183,0
80185,3
80186,0
80187,0
80188,0
80189,3
80191,0
80192,3
80193,0
80194,0
80195,0
80197,1
80198,0
80199,3
80200,1
80201,3
80202,0
80204,0
80205,0
80207,1
80208,0
80209,0
80210,3
80211,3
80213,2
80214,3
80215,3
80216,0
80217,3
80218,3
80219,3
80220,0
80221,0
80222,2
80223,0
80224,0
80225,0
80226,2
80227,0
80229,3
80230,3
80231,3
80232,3
80235,2
80237,1
80238,1
80240,0
80241,0
80242,3
80243,3
80244,3
80245,0
80246,3
80247,0
80248,3
80249,0
80250,1
80251,0
80252,0
80253,2
80254,0
80256,3
80257,0
80258,3
80260,2
80261,0
80262,2
80263,1
80265,0
80266,2
80267,3
80268,0
80269,0
80270,0
80271,1
80272,0
80273,2
80274,3
80275,0
80276,0
80277,0
80278,0
80279,1
80280,0
80281,0
80282,3
80283,1
80284,0
80285,0
80286,2
80287,1
80289,1
80290,0
80291,1
80292,0
80293,2
80295,0
80296,0
80298,1
80299,2
80300,3
80301,0
80302,3
80303,0
80304,0
80305,3
80306,1
80308,3
80309,3
80310,0
80311,2
80312,0
80314,1
80315,0
80316,0
80317,1
80318,3
80319,2
80320,2
80321,0
80322,3
80323,1
80324,3
80325,2
80327,1
80329,1
80330,0
80331,1
80332,3
80334,0
80335,0
80336,1
80338,0
80339,0
80340,0
80342,3
80343,0
80344,3
80345,0
80346,3
80347,0
80348,3
80349,3
80350,0
80351,3
80352,0
80353,2
80354,3
80355,3
80356,1
80357,3
80358,2
80359,3
80360,0
80361,0
80363,1
80365,3
80366,0
80367,0
80369,0
80370,0
80371,0
80372,3
80373,0
80374,3
80375,3
80376,3
80377,0
80378,0
80379,3
80380,0
80381,0
80382,3
80383,3
80384,3
80385,0
80386,2
80387,3
80388,0
80389,0
80390,0
80391,0
80392,3
80394,3
80395,0
80396,2
80397,1
80398,3
80399,2
80400,1
80401,0
80402,3
80403,1
80404,3
80406,3
80407,3
80408,0
80409,1
80410,0
80411,1
80412,0
80414,2
80415,3
80416,0
80418,0
80419,2
80420,0
80421,0
80422,0
80423,2
80424,0
80425,0
80426,0
80427,0
80428,0
80429,3
80430,2
80431,3
80433,1
80434,0
80435,3
80436,2
80437,3
80438,0
80439,0
80440,0
80441,3
80442,1
80443,0
80445,2
80446,1
80448,0
80450,0
80451,3
80453,0
80454,1
80455,3
80456,0
80458,0
80459,2
80460,0
80461,2
80462,0
80463,0
80464,0
80466,2
80467,1
80468,3
80469,0
80471,0
80472,0
80473,0
80474,3
80475,2
80477,0
80478,0
80480,1
80481,0
80482,0
80483,0
80484,0
80485,3
80486,3
80488,1
80489,0
80490,0
80491,3
80492,0
80493,3
80495,1
80496,3
80497,3
80498,0
80500,0
80501,0
80502,3
80504,0
80505,0
80506,2
80507,0
80508,3
80509,0
80510,0
80511,0
80513,0
80514,0
80515,0
80516,1
80517,3
80518,3
80519,0
80520,0
80521,3
80522,2
80524,2
80525,0
80526,3
80527,3
80528,1
80529,3
80530,0
80532,0
80533,2
80534,1
80535,0
80536,0
80537,0
80538,0
80539,0
80541,0
80542,0
80543,0
80545,0
80546,0
80548,3
80549,3
80551,0
80552,1
80553,3
80554,0
80556,2
80557,3
80558,2
80560,0
80561,0
80562,0
80563,2
80565,3
80566,0
80570,2
80571,1
80573,3
80574,3
80575,3
80577,0
80578,1
80579,0
80580,0
80581,0
80582,2
80583,3
80584,0
80585,3
80586,0
80587,3
80588,0
80589,0
80590,3
80591,1
80592,3
80593,3
80594,2
80595,0
80598,2
80600,3
80601,0
80603,0
80605,0
80606,1
80607,0
80608,3
80609,0
80610,3
80613,0
80614,0
80615,0
80617,1
80618,1
80620,0
80621,3
80622,0
80623,0
80625,2
80626,0
80627,1
80628,1
80629,3
80630,3
80631,0
80632,3
80633,2
80635,0
80637,3
80638,1
80639,3
80640,3
80641,0
80642,0
80643,3
80644,3
80645,0
80646,0
80647,3
80651,0
80652,0
80653,1
80656,3
80659,2
80661,0
80663,0
80664,0
80666,0
80667,0
80668,0
80670,0
80671,0
80672,0
80673,1
80674,3
80675,1
80676,1
80677,0
80678,0
80679,1
80680,0
80681,0
80682,0
80683,0
80684,0
80686,0
80687,0
80688,0
80689,3
80690,2
80691,2
80692,0
80693,3
80694,1
80696,0
80698,1
80702,0
80704,0
80705,0
80706,0
80708,0
80710,3
80711,0
80712,3
80715,3
80716,0
80717,3
80718,2
80719,3
80720,0
80721,0
80722,0
80723,0
80724,0
80725,1
80727,3
80728,1
80730,0
80732,3
80733,1
80734,3
80735,1
80736,0
80737,3
80738,2
80741,0
80744,1
80745,1
80746,0
80747,0
80749,0
80751,3
80752,0
80753,2
80754,0
80755,0
80756,0
80757,0
80759,3
80760,3
80761,0
80762,2
80763,0
80764,0
80765,1
80766,0
80767,0
80769,0
80770,1
80771,0
80772,3
80773,3
80774,3
80775,2
80776,0
80778,1
80779,3
80780,1
80781,2
80783,0
80784,0
80785,0
80786,0
80787,3
80791,3
80793,3
80794,0
80795,3
80797,0
80798,0
80799,1
80800,3
80801,0
80802,1
80804,3
80805,3
80806,0
80807,0
80811,0
80814,2
80815,0
80816,0
80818,1
80819,0
80820,0
80822,0
80823,3
80825,0
80826,0
80827,0
80828,3
80829,0
80830,3
80832,0
80833,0
80834,3
80835,0
80836,0
80837,1
80838,1
80839,3
80840,0
80841,3
80842,0
80843,3
80844,3
80845,0
80846,0
80848,0
80849,3
80850,0
80852,3
80854,3
80856,3
80857,3
80858,0
80859,2
80860,0
80861,0
80862,0
80863,0
80865,0
80866,0
80867,0
80868,3
80869,0
80870,0
80871,0
80872,1
80873,1
80875,1
80877,3
80878,0
80882,0
80883,0
80884,0
80885,3
80886,0
80887,0
80888,0
80889,0
80890,3
80891,0
80893,0
80895,3
80896,0
80898,3
80899,0
80900,0
80901,0
80902,0
80903,0
80904,0
80905,1
80906,3
80907,3
80910,3
80912,0
80913,0
80914,0
80915,3
80916,3
80918,1
80919,1
80921,0
80922,1
80923,0
80924,1
80925,3
80926,0
80927,1
80928,0
80929,3
80930,0
80932,0
80933,0
80934,3
80935,0
80936,1
80939,0
80940,3
80941,3
80942,0
80943,0
80944,0
80945,3
80946,2
80947,3
80948,0
80950,0
80951,3
80952,0
80953,1
80954,3
80955,3
80956,0
80957,3
80959,0
80960,0
80961,3
80962,3
80963,0
80964,0
80965,0
80966,0
80967,0
80968,0
80969,0
80970,3
80971,0
80972,0
80975,3
80976,3
80977,3
80978,2
80980,2
80982,3
80983,3
80984,0
80985,3
80986,0
80988,3
80990,0
80991,0
80992,0
80993,3
80994,0
80995,0
80997,2
80998,2
80999,0
81000,3
81001,0
81002,0
81003,0
81004,0
81006,0
81007,2
81008,0
81009,2
81010,3
81011,0
81012,1
81013,0
81014,0
81016,3
81017,2
81019,2
81020,1
81021,0
81022,3
81023,3
81024,0
81026,0
81028,3
81029,3
81031,0
81032,2
81033,0
81034,2
81035,0
81036,3
81039,0
81041,3
81042,1
81043,3
81044,0
81045,0
81046,3
81047,3
81049,3
81050,0
81053,0
81056,0
81057,0
81058,0
81059,0
81060,2
81061,0
81062,1
81063,3
81065,2
81066,3
81067,0
81068,0
81070,0
81072,3
81073,0
81074,0
81076,0
81079,0
81082,0
81083,2
81085,0
81088,2
81089,0
81092,0
81093,1
81094,0
81095,0
81097,2
81098,3
81099,0
81100,3
81101,0
81103,1
81104,3
81106,0
81107,3
81108,0
81109,0
81110,0
81112,0
81114,3
81115,0
81118,2
81119,1
81120,3
81122,3
81123,2
81124,0
81125,0
81126,1
81127,3
81128,0
81129,3
81130,3
81132,0
81133,2
81135,0
81136,0
81137,0
81138,1
81140,0
81141,2
81143,0
81145,3
81148,0
81149,2
81151,0
81152,0
81153,0
81154,0
81155,3
81156,3
81157,1
81158,0
81159,0
81160,3
81161,3
81164,3
81165,0
81166,2
81167,3
81168,0
81170,3
81171,0
81173,2
81174,0
81175,2
81176,3
81177,3
81178,3
81179,0
81180,0
81181,0
81182,1
81183,0
81185,0
81186,0
81188,0
81189,0
81190,0
81191,0
81193,0
81194,3
81195,2
81196,0
81198,1
81199,2
81201,0
81202,0
81203,0
81204,0
81205,0
81206,1
81207,1
81208,1
81209,3
81211,3
81212,3
81213,3
81214,2
81215,0
81216,0
81218,0
81219,0
81220,0
81223,1
81224,0
81225,0
81226,3
81227,3
81228,3
81230,1
81231,3
81232,0
81233,2
81234,1
81238,2
81239,0
81240,1
81241,3
81242,0
81243,1
81244,3
81245,0
81246,0
81247,0
81248,0
81249,0
81250,0
81251,0
81252,1
81254,3
81255,0
81256,0
81257,3
81258,0
81260,0
81261,3
81263,0
81265,0
81266,1
81267,0
81268,1
81269,0
81272,3
81273,3
81275,0
81276,0
81277,1
81278,0
81279,0
81280,0
81281,0
81283,0
81284,0
81285,0
81286,3
81287,0
81288,1
81289,3
81290,0
81295,3
81298,3
81299,0
81302,3
81303,1
81304,0
81306,0
81307,1
81309,3
81310,0
81311,2
81312,0
81313,3
81314,3
81315,0
81316,0
81318,0
81320,1
81321,0
81322,3
81323,0
81324,3
81325,0
81326,0
81328,1
81329,0
81330,3
81331,0
81332,1
81335,0
81336,0
81337,0
81338,3
81341,2
81342,0
81343,3
81344,1
81345,0
81346,0
81347,0
81348,3
81350,0
81351,3
81353,1
81354,0
81356,0
81357,3
81359,0
81360,0
81361,0
81363,3
81364,1
81365,3
81366,0
81367,2
81369,0
81370,3
81372,3
81373,3
81374,0
81375,0
81377,3
81379,0
81381,0
81382,3
81383,0
81385,0
81388,3
81389,3
81390,0
81391,2
81392,0
81393,3
81394,0
81395,1
81396,0
81397,0
81398,1
81399,1
81400,0
81401,0
81402,0
81403,0
81404,0
81405,0
81406,0
81407,3
81408,0
81409,0
81410,1
81412,2
81413,0
81414,0
81415,0
81416,0
81418,0
81419,0
81420,3
81421,1
81422,1
81423,1
81424,1
81425,1
81426,3
81427,3
81429,3
81430,3
81431,3
81432,0
81433,0
81434,1
81435,3
81436,0
81437,0
81438,1
81439,3
81440,3
81441,0
81442,1
81445,3
81446,3
81447,3
81449,0
81450,1
81451,2
81452,2
81454,3
81455,2
81456,0
81457,3
81459,0
81460,3
81461,3
81462,1
81463,1
81464,2
81465,0
81466,1
81467,0
81468,2
81469,0
81471,0
81474,2
81475,0
81477,0
81478,2
81479,3
81480,3
81481,1
81482,1
81483,1
81484,2
81485,0
81486,0
81487,3
81488,2
81489,3
81491,3
81493,0
81494,0
81495,3
81496,3
81497,0
81498,3
81499,2
81500,0
81501,3
81504,0
81505,0
81506,0
81507,0
81510,1
81511,0
81512,3
81513,0
81514,0
81516,3
81518,3
81519,0
81520,2
81521,3
81522,3
81523,3
81524,0
81525,0
81526,0
81527,0
81528,1
81530,3
81531,0
81533,0
81534,3
81535,0
81536,0
81537,0
81538,0
81540,3
81542,0
81544,0
81545,0
81546,3
81548,0
81549,0
81550,2
81551,3
81552,0
81553,3
81555,3
81556,0
81558,0
81560,0
81561,3
81562,1
81563,0
81564,0
81565,0
81566,1
81567,0
81568,2
81569,2
81570,0
81571,2
81572,1
81573,0
81574,3
81575,0
81576,0
81577,3
81578,0
81580,3
81582,0
81583,1
81587,3
81588,0
81589,0
81590,2
81591,3
81592,0
81593,3
81594,3
81595,0
81596,2
81597,3
81599,2
81602,3
81603,3
81604,3
81605,1
81606,0
81608,0
81610,3
81611,3
81613,3
81614,0
81615,1
81617,1
81618,3
81619,3
81620,1
81622,2
81623,0
81624,0
81625,0
81626,0
81627,3
81629,0
81631,0
81632,0
81633,3
81634,3
81635,0
81636,1
81637,0
81638,0
81639,3
81640,0
81643,0
81644,0
81645,0
81646,0
81647,0
81648,2
81649,0
81652,0
81653,0
81654,2
81658,3
81659,2
81661,1
81662,0
81663,0
81664,0
81665,3
81666,1
81667,1
81668,0
81669,0
81670,0
81671,0
81672,3
81673,1
81674,1
81675,2
81676,3
81677,0
81679,3
81680,0
81681,1
81682,0
81683,3
81684,0
81685,3
81686,2
81687,0
81688,3
81689,0
81690,0
81691,0
81692,0
81693,0
81694,0
81695,0
81696,0
81697,3
81698,0
81700,3
81701,3
81702,2
81704,3
81706,0
81707,0
81708,0
81709,0
81710,0
81712,3
81714,0
81715,0
81716,0
81717,0
81718,0
81719,0
81720,0
81721,0
81722,0
81723,3
81725,1
81726,0
81727,0
81728,2
81731,3
81733,3
81734,0
81735,3
81737,0
81738,3
81739,0
81740,0
81741,0
81742,0
81743,0
81744,3
81746,1
81748,0
81751,3
81752,0
81755,0
81756,3
81757,0
81759,3
81760,0
81761,3
81762,2
81763,2
81764,0
81765,3
81767,0
81769,3
81770,0
81771,1
81772,1
81773,0
81774,2
81775,3
81776,0
81777,3
81778,0
81779,0
81780,2
81781,2
81782,0
81783,3
81784,3
81785,3
81786,0
81787,1
81788,3
81789,0
81792,0
81793,3
81794,2
81795,3
81796,0
81797,1
81798,3
81803,3
81804,0
81805,2
81806,0
81808,0
81809,0
81812,0
81813,0
81814,3
81815,1
81816,3
81817,0
81818,0
81820,0
81821,0
81822,0
81824,0
81825,3
81826,3
81827,0
81828,3
81829,3
81830,3
81831,0
81832,3
81834,0
81835,3
81841,1
81844,1
81845,0
81846,3
81847,0
81848,0
81849,1
81850,0
81851,0
81853,2
81854,0
81855,0
81857,3
81858,1
81859,2
81860,0
81861,1
81863,2
81864,3
81865,3
81866,0
81867,1
81869,0
81870,0
81872,1
81873,3
81874,2
81875,3
81876,0
81877,2
81878,0
81879,1
81881,0
81882,1
81883,1
81884,0
81885,3
81886,3
81887,3
81888,3
81889,1
81890,1
81891,3
81892,0
81893,3
81894,3
81895,0
81896,0
81897,1
81898,0
81899,3
81900,0
81901,0
81902,0
81903,2
81904,3
81906,0
81907,0
81908,0
81909,0
81910,1
81911,3
81912,0
81913,1
81914,0
81916,0
81918,0
81920,0
81921,0
81922,1
81923,0
81924,3
81925,3
81926,1
81927,3
81928,1
81929,2
81930,0
81931,3
81932,0
81933,0
81934,0
81935,3
81936,3
81938,2
81939,0
81940,1
81941,0
81942,0
81944,0
81945,0
81946,2
81947,3
81949,0
81950,0
81951,2
81952,0
81954,1
81955,3
81956,3
81957,0
81959,0
81961,3
81962,0
81963,3
81964,1
81965,3
81966,0
81968,0
81969,1
81970,0
81971,3
81972,0
81973,0
81975,3
81976,0
81977,0
81978,3
81979,1
81980,0
81981,0
81982,0
81983,1
81984,1
81986,0
81987,0
81991,3
81992,3
81994,1
81995,3
81996,0
81997,1
81998,1
81999,0
82001,0
82003,0
82004,2
82005,0
82008,0
82011,1
82012,0
82014,3
82015,0
82017,0
82018,3
82021,2
82022,0
82023,0
82026,0
82027,3
82028,1
82029,3
82030,3
82031,0
82032,0
82033,1
82034,0
82035,0
82036,0
82037,0
82038,1
82039,0
82042,0
82044,0
82045,0
82046,2
82047,0
82048,1
82049,0
82050,0
82053,0
82055,0
82056,3
82057,3
82058,3
82059,0
82060,0
82062,3
82063,3
82064,3
82065,3
82066,0
82068,0
82069,1
82070,0
82071,3
82072,0
82073,0
82074,0
82076,3
82077,0
82078,0
82079,0
82080,0
82081,3
82082,1
82083,0
82084,1
82085,2
82086,0
82087,0
82088,0
82089,1
82090,3
82096,3
82097,3
82100,3
82101,0
82102,0
82104,0
82105,1
82106,0
82107,0
82108,0
82109,0
82110,0
82111,0
82112,3
82113,0
82115,3
82116,3
82117,0
82118,0
82119,0
82123,2
82125,0
82126,0
82127,0
82128,3
82129,0
82130,3
82131,1
82132,0
82133,0
82134,3
82135,0
82136,0
82137,0
82141,2
82142,0
82143,2
82144,1
82145,0
82146,0
82147,0
82148,3
82149,0
82150,2
82151,3
82152,0
82153,3
82154,3
82155,1
82156,3
82157,2
82158,1
82159,0
82160,0
82161,1
82162,2
82163,0
82167,3
82168,3
82171,0
82172,0
82173,3
82175,3
82176,1
82177,0
82178,2
82179,2
82183,2
82185,0
82187,3
82188,0
82190,0
82191,0
82192,0
82193,3
82194,0
82195,3
82196,2
82198,0
82199,3
82200,0
82201,1
82202,3
82203,0
82204,2
82206,0
82207,0
82208,0
82209,3
82210,0
82211,3
82214,0
82217,3
82218,0
82219,3
82220,0
82221,3
82222,1
82223,1
82224,0
82225,2
82226,3
82227,3
82228,3
82229,0
82230,2
82231,0
82232,3
82234,0
82235,0
82236,3
82238,3
82240,0
82241,0
82242,0
82243,0
82244,1
82245,0
82246,0
82247,0
82248,0
82249,3
82250,0
82252,0
82253,2
82255,0
82256,1
82258,2
82259,0
82260,2
82261,2
82262,0
82263,0
82264,3
82265,0
82266,0
82268,0
82269,1
82270,0
82271,0
82272,0
82273,3
82274,1
82279,2
82281,3
82283,0
82284,0
82285,1
82286,2
82287,0
82289,3
82290,2
82291,0
82292,2
82293,0
82294,0
82296,3
82297,0
82298,0
82299,0
82300,3
82301,3
82303,3
82304,2
82305,1
82306,0
82307,3
82308,0
82310,0
82311,3
82312,3
82313,1
82314,0
82318,0
82319,0
82320,3
82321,3
82322,1
82324,3
82325,0
82326,1
82327,0
82328,0
82330,0
82331,0
82332,0
82333,0
82335,1
82336,0
82337,3
82338,0
82339,3
82340,2
82341,3
82342,0
82343,3
82344,0
82346,3
82347,0
82349,0
82351,0
82353,1
82354,0
82355,0
82356,3
82357,3
82358,3
82359,0
82360,3
82361,0
82362,0
82364,0
82365,0
82366,0
82367,0
82368,0
82369,3
82371,3
82372,3
82374,0
82376,3
82378,1
82379,0
82381,0
82382,0
82383,0
82385,0
82386,3
82387,0
82388,1
82389,3
82391,0
82393,0
82394,0
82395,2
82396,3
82397,3
82398,0
82399,2
82401,1
82403,0
82404,0
82405,0
82406,1
82407,0
82408,0
82409,0
82410,2
82412,3
82413,3
82414,3
82415,0
82416,1
82417,0
82418,3
82420,2
82421,3
82423,3
82425,0
82426,3
82427,2
82428,0
82430,0
82431,1
82432,0
82433,1
82434,0
82435,3
82436,0
82438,0
82440,1
82441,0
82443,0
82444,2
82445,0
82446,0
82447,3
82448,2
82451,0
82454,3
82455,1
82457,0
82458,0
82461,3
82462,0
82463,0
82464,3
82466,3
82467,0
82468,0
82470,0
82471,0
82472,2
82473,2
82474,0
82475,3
82476,3
82478,0
82479,3
82480,0
82481,3
82482,0
82483,3
82484,0
82486,0
82487,0
82488,0
82489,0
82490,0
82492,0
82494,1
82495,0
82497,0
82498,3
82499,2
82500,1
82501,2
82503,2
82504,2
82505,0
82506,3
82507,3
82508,1
82509,3
82510,3
82511,0
82512,0
82514,3
82515,0
82516,0
82517,1
82518,1
82519,3
82520,0
82521,3
82523,1
82526,2
82528,0
82529,0
82530,3
82531,0
82532,0
82533,3
82534,1
82535,3
82536,0
82537,0
82538,0
82539,0
82540,3
82541,0
82542,0
82543,0
82544,2
82545,0
82546,3
82547,3
82548,3
82549,0
82550,3
82551,2
82552,0
82553,0
82554,0
82556,0
82558,0
82559,0
82560,1
82561,0
82562,0
82563,0
82564,3
82567,3
82568,3
82570,3
82571,0
82572,3
82573,3
82575,3
82576,3
82577,0
82579,3
82580,3
82581,1
82582,3
82584,1
82585,0
82586,0
82589,0
82591,0
82592,0
82593,3
82594,2
82596,0
82597,0
82598,1
82599,0
82600,3
82601,0
82602,0
82603,0
82604,0
82605,0
82606,3
82607,1
82609,3
82610,0
82611,0
82612,0
82613,1
82614,3
82615,0
82616,0
82617,0
82618,2
82619,0
82621,3
82622,3
82625,0
82626,2
82627,0
82629,1
82630,1
82632,3
82633,1
82634,3
82635,0
82636,1
82637,0
82640,2
82643,3
82644,1
82645,1
82647,3
82648,3
82649,0
82650,3
82651,1
82652,3
82653,3
82654,3
82655,0
82656,0
82657,3
82658,1
82659,0
82660,1
82663,1
82664,3
82665,3
82666,1
82667,0
82668,3
82669,3
82670,0
82671,0
82673,0
82675,0
82677,0
82678,0
82680,3
82681,0
82682,1
82683,0
82685,0
82686,0
82687,0
82688,3
82689,0
82690,2
82691,0
82692,0
82693,3
82694,3
82695,1
82696,0
82697,3
82700,0
82701,1
82702,0
82703,0
82704,0
82705,1
82706,3
82709,2
82710,0
82711,3
82713,3
82714,2
82715,0
82716,0
82717,0
82718,3
82719,0
82720,0
82721,0
82722,0
82723,0
82724,0
82725,3
82726,0
82727,0
82728,3
82729,3
82731,3
82735,0
82736,3
82737,0
82739,1
82740,2
82741,0
82742,0
82743,2
82744,0
82745,3
82746,0
82749,3
82750,3
82751,3
82752,3
82753,0
82757,0
82760,1
82761,0
82763,2
82766,0
82767,0
82768,3
82769,3
82770,3
82771,2
82772,0
82774,3
82775,0
82776,0
82777,0
82780,0
82781,0
82782,0
82783,2
82785,0
82786,0
82787,0
82788,0
82789,0
82790,0
82791,0
82792,3
82793,3
82794,0
82795,1
82796,3
82797,0
82800,3
82803,0
82804,0
82805,3
82806,0
82808,0
82809,0
82810,0
82812,3
82813,3
82815,0
82816,0
82817,1
82818,0
82819,0
82820,3
82821,0
82822,1
82824,0
82825,0
82827,2
82828,3
82829,3
82830,0
82831,0
82832,0
82833,2
82835,0
82836,2
82837,0
82838,3
82839,0
82840,3
82842,0
82843,0
82844,2
82845,0
82846,0
82847,0
82848,3
82849,3
82850,0
82851,0
82852,0
82853,0
82854,3
82855,0
82856,3
82857,0
82858,3
82859,0
82860,0
82862,2
82863,3
82864,2
82865,0
82868,3
82869,3
82870,3
82871,3
82872,1
82873,3
82874,3
82875,0
82877,0
82878,0
82879,0
82880,0
82881,0
82882,1
82883,3
82885,0
82886,3
82887,3
82888,3
82890,3
82893,3
82894,0
82895,0
82896,3
82897,0
82898,0
82899,2
82900,0
82901,0
82902,0
82904,0
82905,1
82907,0
82910,3
82912,2
82913,0
82914,3
82916,0
82917,0
82918,2
82919,3
82920,3
82922,0
82923,3
82924,0
82925,1
82926,0
82927,3
82928,2
82929,3
82930,0
82931,3
82932,3
82934,3
82935,0
82936,0
82937,3
82939,3
82940,0
82942,3
82945,0
82948,2
82949,3
82950,0
82952,3
82953,0
82954,3
82955,0
82956,0
82957,3
82958,3
82959,0
82961,2
82962,0
82963,0
82964,1
82965,3
82966,3
82967,1
82969,0
82971,0
82972,2
82973,2
82975,3
82977,3
82979,2
82980,0
82981,3
82983,0
82986,3
82987,0
82988,0
82989,0
82993,0
82994,0
82995,3
82996,0
82997,0
82998,2
82999,3
83000,0
83001,1
83002,1
83003,3
83005,0
83006,0
83008,0
83011,1
83013,1
83014,0
83015,0
83016,3
83017,0
83019,0
83020,2
83021,3
83022,2
83023,0
83024,3
83026,3
83027,3
83029,2
83030,3
83031,0
83033,0
83034,2
83035,1
83039,3
83040,1
83041,0
83042,3
83043,3
83044,0
83046,0
83047,0
83048,1
83051,3
83053,0
83054,0
83055,3
83056,0
83058,0
83059,0
83060,3
83061,0
83065,0
83066,3
83067,0
83071,0
83072,2
83073,3
83074,0
83075,0
83076,1
83078,0
83080,0
83081,1
83082,2
83083,3
83087,1
83089,0
83090,0
83091,0
83092,0
83093,3
83094,0
83095,3
83097,0
83098,2
83099,1
83100,0
83101,0
83103,0
83104,1
83105,0
83106,0
83108,1
83111,3
83112,0
83113,1
83115,3
83116,0
83119,1
83122,0
83123,0
83124,0
83125,2
83127,0
83128,0
83130,0
83132,0
83133,0
83135,1
83136,3
83137,1
83138,3
83140,3
83141,3
83142,3
83143,0
83144,0
83145,0
83146,0
83147,3
83148,2
83149,0
83150,2
83151,0
83152,3
83153,0
83154,0
83156,3
83157,0
83158,0
83159,0
83160,0
83161,3
83162,3
83163,3
83164,0
83165,0
83170,0
83171,2
83172,3
83173,3
83174,1
83175,3
83176,0
83177,0
83178,1
83179,0
83180,3
83181,0
83182,1
83184,0
83185,3
83187,0
83188,0
83189,0
83192,0
83193,0
83194,1
83196,0
83197,1
83199,3
83202,0
83203,0
83204,0
83205,0
83207,3
83208,0
83209,0
83210,0
83211,0
83212,1
83213,0
83214,3
83215,0
83216,3
83217,3
83219,2
83220,3
83221,0
83222,3
83223,3
83224,3
83225,3
83227,3
83228,0
83229,0
83231,0
83232,0
83233,0
83235,0
83236,2
83237,1
83238,0
83240,3
83241,0
83242,1
83243,1
83245,3
83246,0
83248,3
83249,0
83250,3
83251,0
83254,0
83255,1
83256,2
83257,0
83259,2
83260,1
83261,0
83262,0
83263,0
83264,0
83265,0
83266,0
83268,1
83269,0
83270,3
83271,3
83272,0
83273,3
83274,0
83275,0
83276,3
83277,0
83278,0
83281,3
83282,1
83283,0
83284,0
83285,0
83286,2
83288,3
83289,3
83290,0
83291,0
83292,1
83293,0
83295,0
83296,3
83297,3
83298,0
83300,3
83303,0
83304,0
83305,0
83307,0
83309,0
83311,1
83312,0
83313,0
83314,1
83315,0
83316,1
83317,0
83319,0
83322,0
83323,0
83324,0
83325,0
83326,3
83327,2
83328,3
83329,0
83331,0
83332,1
83333,0
83334,3
83335,0
83336,3
83337,0
83339,2
83340,2
83342,0
83343,0
83344,0
83345,3
83347,3
83348,0
83350,3
83351,2
83352,2
83353,2
83355,3
83356,2
83357,1
83358,3
83359,0
83360,0
83361,2
83363,2
83364,0
83365,0
83367,0
83369,0
83370,2
83371,0
83374,0
83375,0
83376,0
83377,2
83378,0
83379,0
83381,0
83382,0
83383,3
83384,2
83385,1
83387,3
83388,0
83389,1
83390,3
83391,2
83392,0
83393,0
83394,0
83395,0
83396,3
83397,3
83398,2
83400,3
83402,3
83403,0
83406,0
83407,0
83408,3
83409,3
83410,3
83411,3
83412,3
83413,0
83414,0
83416,0
83418,3
83419,0
83420,3
83421,0
83423,3
83424,3
83429,0
83430,1
83432,0
83433,0
83434,3
83436,0
83437,2
83438,2
83439,2
83441,1
83442,0
83444,3
83447,0
83449,2
83450,0
83451,0
83452,2
83453,0
83454,0
83456,0
83457,3
83458,0
83459,3
83460,0
83461,3
83462,0
83463,1
83465,1
83466,3
83467,0
83468,3
83469,3
83470,0
83471,3
83472,0
83473,0
83474,0
83475,0
83476,3
83477,3
83478,3
83479,3
83481,1
83482,3
83483,3
83485,0
83486,0
83487,2
83488,3
83489,1
83490,3
83491,3
83492,0
83493,2
83494,1
83495,0
83496,0
83497,0
83498,0
83499,0
83500,2
83502,3
83503,3
83505,0
83506,3
83507,0
83510,1
83511,3
83513,3
83515,0
83516,0
83517,3
83518,2
83519,2
83520,0
83521,0
83522,1
83523,0
83526,0
83527,3
83528,0
83529,0
83530,3
83532,0
83533,0
83534,2
83535,3
83536,3
83537,0
83539,0
83540,3
83541,3
83542,0
83543,1
83545,0
83546,3
83547,3
83548,0
83549,3
83552,0
83553,1
83554,0
83555,3
83557,3
83558,3
83559,0
83560,0
83561,3
83562,2
83563,0
83565,0
83568,3
83569,3
83571,0
83572,3
83576,0
83577,1
83578,0
83579,0
83580,1
83581,1
83582,0
83583,3
83585,0
83586,0
83587,0
83588,3
83589,1
83590,3
83593,0
83594,0
83595,0
83596,0
83598,3
83600,0
83601,1
83602,0
83603,3
83605,1
83606,1
83607,3
83608,3
83609,1
83611,0
83612,3
83613,2
83614,0
83615,3
83616,3
83617,2
83619,3
83621,0
83622,2
83623,0
83624,0
83626,0
83629,0
83630,3
83631,0
83632,0
83633,3
83634,2
83635,3
83637,0
83638,3
83639,0
83641,0
83642,0
83644,0
83645,0
83646,0
83647,0
83648,3
83649,0
83650,0
83651,0
83652,2
83653,0
83655,0
83656,0
83657,0
83658,0
83659,3
83660,2
83662,3
83664,2
83665,0
83666,3
83667,3
83668,0
83670,0
83671,0
83672,3
83674,3
83675,1
83676,3
83679,0
83680,0
83683,0
83684,1
83685,3
83686,0
83687,0
83688,0
83689,3
83690,0
83692,0
83693,0
83696,3
83697,3
83698,3
83699,0
83700,3
83701,0
83702,0
83703,3
83704,2
83705,0
83706,0
83707,3
83708,0
83709,2
83711,0
83712,3
83713,0
83714,0
83715,3
83716,3
83717,3
83719,0
83720,3
83722,1
83723,1
83724,1
83726,0
83728,3
83729,0
83730,3
83731,0
83732,0
83734,1
83735,0
83736,0
83738,0
83739,0
83740,1
83741,1
83742,0
83743,0
83744,2
83745,3
83746,2
83747,0
83748,0
83749,1
83750,0
83751,3
83752,3
83753,3
83755,0
83757,0
83759,3
83760,0
83765,0
83766,0
83767,1
83768,0
83769,0
83770,2
83771,2
83772,3
83774,0
83775,3
83776,3
83777,0
83778,1
83779,3
83780,0
83781,0
83782,3
83784,1
83785,0
83786,0
83787,0
83788,2
83789,0
83790,0
83791,3
83792,3
83793,3
83794,3
83796,3
83797,3
83798,2
83799,0
83800,0
83801,0
83802,0
83803,0
83806,0
83808,1
83810,3
83811,0
83812,0
83813,3
83814,3
83815,3
83816,0
83817,0
83818,3
83820,2
83821,3
83822,0
83823,3
83824,3
83825,0
83826,3
83827,2
83829,3
83830,0
83831,0
83833,3
83834,3
83835,0
83836,0
83837,1
83838,0
83839,0
83840,0
83841,3
83842,0
83843,2
83845,1
83847,0
83848,0
83849,1
83850,0
83851,3
83852,3
83853,3
83854,1
83855,3
83856,0
83860,1
83861,0
83862,3
83863,0
83864,0
83865,0
83866,3
83867,3
83869,3
83870,0
83871,3
83873,0
83874,0
83876,3
83877,2
83880,0
83881,0
83882,2
83883,3
83884,0
83885,0
83886,3
83887,0
83890,3
83891,3
83895,3
83896,0
83897,0
83898,1
83899,3
83900,0
83901,0
83902,3
83903,3
83904,0
83905,0
83906,0
83907,0
83908,0
83909,3
83910,3
83911,3
83913,2
83914,0
83915,0
83917,0
83919,0
83920,0
83923,0
83924,0
83925,2
83926,0
83928,0
83929,0
83931,2
83932,1
83934,0
83935,1
83936,0
83937,2
83938,0
83939,3
83941,2
83944,0
83945,0
83948,0
83949,1
83950,3
83951,3
83952,3
83953,3
83954,3
83955,0
83957,3
83958,0
83959,1
83960,1
83961,3
83962,0
83964,3
83965,0
83966,0
83968,1
83969,0
83970,0
83971,0
83972,3
83973,0
83974,0
83975,0
83976,3
83977,3
83978,0
83979,0
83980,0
83982,3
83983,3
83984,0
83985,3
83986,0
83987,0
83988,3
83989,0
83990,3
83991,0
83994,0
83995,0
83996,1
83998,0
83999,3
84002,3
84003,3
84004,0
84005,0
84006,0
84008,3
84009,0
84010,3
84011,0
84012,0
84013,3
84014,0
84015,3
84016,0
84017,0
84018,2
84019,0
84020,1
84021,2
84022,3
84023,0
84025,1
84027,3
84029,0
84031,0
84032,0
84033,3
84034,3
84035,3
84037,1
84038,0
84039,0
84040,0
84042,0
84043,1
84044,0
84045,1
84046,0
84047,0
84048,0
84050,3
84051,3
84052,3
84053,2
84054,3
84055,3
84057,3
84058,0
84059,0
84061,3
84062,0
84063,0
84064,3
84066,0
84067,0
84068,0
84070,3
84071,0
84072,1
84073,0
84075,0
84076,3
84078,3
84081,0
84082,3
84083,0
84084,0
84085,0
84086,0
84088,1
84089,0
84090,0
84091,1
84092,0
84093,0
84094,3
84095,0
84096,0
84100,3
84101,0
84102,1
84103,0
84105,0
84106,0
84107,0
84108,3
84109,2
84110,0
84111,3
84112,0
84113,0
84114,1
84116,1
84117,0
84118,3
84119,1
84120,3
84121,3
84122,1
84123,1
84124,0
84125,3
84129,1
84130,0
84132,0
84133,0
84134,0
84135,2
84138,0
84139,3
84141,3
84142,0
84143,3
84144,3
84147,0
84148,0
84149,0
84151,0
84152,2
84153,3
84154,0
84156,3
84157,0
84159,3
84160,3
84161,0
84163,0
84164,3
84166,3
84168,3
84169,0
84170,0
84171,3
84172,3
84173,3
84175,0
84176,1
84178,0
84179,0
84180,0
84181,3
84182,3
84184,2
84185,1
84186,1
84187,0
84188,0
84189,3
84190,0
84191,1
84192,0
84194,0
84196,0
84198,0
84203,0
84204,1
84205,0
84206,0
84207,1
84208,0
84209,3
84210,0
84211,0
84212,0
84214,1
84215,3
84216,0
84219,3
84221,0
84222,0
84223,0
84224,0
84225,0
84227,0
84228,0
84230,0
84231,3
84233,0
84234,0
84235,0
84236,3
84237,0
84238,0
84240,0
84241,2
84242,3
84243,2
84244,0
84246,0
84249,0
84250,3
84251,0
84253,1
84255,0
84256,1
84257,0
84258,3
84262,2
84263,3
84264,2
84266,0
84267,0
84268,0
84269,1
84270,2
84271,3
84272,1
84273,0
84274,3
84275,3
84276,0
84277,3
84278,0
84279,0
84280,3
84283,0
84285,1
84286,0
84287,3
84288,3
84291,0
84292,0
84293,0
84295,3
84296,0
84297,0
84298,0
84299,0
84300,0
84301,1
84302,0
84303,0
84304,3
84305,0
84308,3
84309,0
84310,0
84311,0
84312,3
84313,0
84314,3
84315,3
84316,3
84318,0
84319,0
84320,2
84322,3
84323,0
84324,3
84326,0
84327,0
84328,3
84329,0
84330,0
84331,0
84332,0
84333,0
84334,0
84335,0
84336,0
84337,0
84338,0
84339,0
84340,3
84341,0
84342,0
84343,0
84344,3
84345,0
84346,1
84347,3
84348,3
84349,3
84350,0
84351,0
84352,0
84353,3
84354,0
84356,0
84357,0
84361,0
84363,3
84364,0
84365,1
84366,3
84367,3
84368,0
84369,2
84370,0
84371,3
84372,3
84373,3
84374,3
84376,0
84377,3
84378,3
84379,0
84381,0
84382,0
84383,0
84384,2
84385,3
84386,0
84387,0
84388,0
84389,0
84391,2
84392,0
84393,1
84394,0
84395,0
84396,3
84397,3
84400,1
84401,0
84402,1
84403,3
84404,0
84405,3
84406,0
84409,3
84412,0
84413,0
84414,2
84415,0
84416,3
84419,3
84420,1
84421,3
84423,0
84424,3
84426,0
84427,0
84429,0
84430,0
84431,0
84432,1
84433,0
84434,3
84435,3
84436,0
84439,1
84440,0
84443,0
84445,0
84448,3
84450,0
84451,0
84452,3
84453,0
84454,0
84455,3
84456,3
84458,0
84459,0
84460,1
84463,0
84465,2
84466,0
84467,0
84468,0
84469,0
84471,0
84472,3
84474,3
84475,2
84477,2
84478,0
84479,0
84480,1
84481,2
84482,0
84483,1
84484,1
84485,1
84486,3
84487,3
84488,3
84490,3
84491,3
84493,0
84494,0
84495,3
84496,2
84497,3
84498,0
84500,0
84501,3
84502,3
84503,0
84504,3
84505,3
84506,1
84507,3
84508,0
84509,3
84510,0
84512,1
84513,3
84514,3
84515,2
84516,0
84517,2
84518,0
84519,0
84521,0
84522,0
84523,0
84525,1
84526,3
84528,0
84529,1
84530,2
84532,0
84533,0
84534,0
84536,1
84538,3
84539,1
84540,3
84542,3
84543,3
84544,3
84545,0
84546,3
84547,0
84548,0
84552,1
84553,2
84554,0
84555,3
84556,0
84557,2
84558,3
84559,0
84560,1
84561,3
84563,0
84564,0
84565,0
84566,3
84567,3
84568,3
84570,1
84571,0
84573,3
84574,0
84575,0
84576,3
84577,3
84578,3
84579,2
84580,3
84582,0
84583,0
84585,1
84586,3
84588,0
84589,3
84590,0
84592,2
84594,1
84595,0
84596,0
84597,1
84598,0
84599,0
84600,0
84602,3
84603,0
84604,0
84605,0
84606,0
84607,0
84608,0
84610,0
84611,0
84612,0
84613,0
84614,0
84615,3
84616,1
84618,3
84619,0
84620,3
84621,0
84622,2
84623,0
84624,0
84625,3
84626,3
84628,1
84629,0
84632,3
84633,0
84634,0
84635,0
84636,3
84637,0
84638,0
84639,0
84640,3
84641,0
84643,0
84644,2
84645,3
84646,3
84647,1
84648,3
84649,0
84650,0
84651,0
84652,0
84653,1
84654,3
84659,0
84660,1
84662,3
84663,0
84664,3
84665,0
84666,3
84669,0
84670,3
84671,0
84673,3
84676,1
84677,0
84678,0
84679,0
84680,0
84681,3
84682,3
84683,0
84684,2
84688,3
84689,0
84690,3
84692,2
84693,2
84694,0
84696,3
84697,1
84698,3
84699,3
84700,3
84701,1
84702,0
84703,3
84705,0
84706,0
84707,1
84708,0
84709,3
84710,0
84712,2
84714,3
84716,0
84718,0
84719,3
84720,3
84721,0
84722,3
84723,3
84724,0
84725,0
84726,0
84727,0
84728,3
84729,2
84730,0
84731,3
84734,0
84735,0
84736,0
84738,3
84739,2
84740,0
84741,3
84742,3
84743,3
84744,3
84746,3
84747,0
84748,0
84749,0
84750,3
84751,3
84752,0
84754,0
84755,3
84756,0
84757,0
84758,0
84759,0
84760,2
84762,0
84763,0
84765,0
84766,2
84767,1
84768,2
84769,1
84770,3
84771,2
84772,0
84773,0
84776,2
84777,0
84778,3
84781,0
84782,3
84783,2
84786,2
84787,3
84788,3
84790,3
84792,3
84793,1
84795,0
84796,1
84797,1
84798,2
84799,3
84800,3
84802,0
84803,0
84805,3
84807,3
84808,0
84809,3
84811,0
84812,0
84814,3
84815,0
84816,0
84817,3
84818,1
84819,0
84820,0
84821,3
84822,3
84823,2
84824,0
84825,2
84826,3
84827,3
84828,0
84829,0
84833,2
84834,2
84835,3
84836,3
84837,0
84838,3
84839,1
84840,2
84841,3
84842,3
84843,3
84844,3
84845,3
84846,3
84847,0
84848,0
84849,0
84850,0
84851,3
84852,3
84853,3
84855,0
84856,3
84857,0
84859,3
84860,2
84861,2
84862,1
84863,0
84864,0
84866,1
84867,3
84868,0
84869,0
84871,3
84872,3
84874,2
84875,0
84876,0
84877,0
84878,1
84879,0
84881,0
84882,0
84883,0
84884,0
84885,3
84886,1
84887,0
84888,0
84891,3
84892,3
84893,0
84894,3
84895,0
84897,0
84899,3
84900,1
84901,0
84903,0
84905,0
84907,3
84908,3
84910,3
84911,2
84913,0
84914,0
84915,0
84916,0
84917,0
84918,0
84919,0
84920,3
84921,0
84923,0
84924,0
84925,0
84926,3
84927,0
84928,0
84929,3
84932,0
84933,0
84935,3
84936,0
84937,3
84938,0
84939,3
84940,0
84941,1
84943,1
84944,2
84945,0
84947,1
84948,0
84949,2
84950,2
84951,2
84952,3
84953,3
84954,0
84955,0
84956,3
84957,3
84958,2
84960,0
84961,2
84962,2
84964,0
84965,3
84966,2
84968,0
84971,3
84972,3
84973,3
84974,3
84975,3
84976,3
84977,3
84978,3
84979,0
84980,0
84981,0
84982,3
84983,3
84985,0
84986,0
84987,3
84988,3
84990,2
84991,3
84992,3
84995,1
84996,1
84997,1
84998,3
84999,0
85000,3
85001,0
85002,1
85003,3
85004,2
85007,1
85008,1
85009,0
85010,0
85011,0
85012,1
85013,0
85014,0
85015,2
85017,0
85018,1
85020,0
85021,0
85022,0
85023,3
85024,0
85025,2
85026,0
85027,0
85028,3
85030,3
85031,0
85032,3
85033,3
85035,0
85036,0
85038,0
85039,2
85043,0
85044,1
85045,0
85046,3
85047,3
85048,1
85049,0
85051,0
85052,0
85055,1
85056,3
85057,3
85058,0
85059,0
85060,3
85061,0
85062,0
85063,0
85064,0
85065,0
85068,0
85069,1
85070,1
85071,2
85072,1
85074,0
85075,3
85076,3
85077,0
85078,1
85079,0
85080,0
85081,0
85082,0
85085,2
85087,0
85088,0
85089,0
85090,3
85092,0
85093,0
85094,0
85095,0
85097,0
85099,2
85100,0
85101,0
85102,3
85104,0
85105,3
85106,1
85107,0
85108,0
85109,0
85110,3
85111,0
85112,0
85114,1
85116,0
85117,0
85118,1
85119,3
85120,0
85121,3
85122,0
85123,2
85124,1
85125,0
85127,3
85128,0
85129,2
85130,1
85131,0
85132,3
85133,0
85136,0
85137,0
85140,0
85141,0
85144,0
85145,0
85149,0
85150,0
85152,0
85154,0
85155,0
85156,0
85158,3
85159,1
85160,3
85161,0
85163,0
85165,0
85166,3
85167,0
85170,0
85171,0
85172,3
85173,0
85174,3
85175,3
85176,0
85177,3
85178,2
85179,0
85180,1
85181,0
85184,0
85187,0
85189,3
85190,1
85191,0
85192,3
85193,0
85194,3
85196,2
85197,3
85198,3
85200,3
85202,3
85203,3
85204,0
85206,0
85207,0
85208,3
85209,0
85211,0
85212,0
85213,0
85214,0
85216,3
85217,0
85218,0
85219,0
85220,1
85221,1
85222,0
85223,3
85224,2
85225,3
85226,3
85227,3
85228,0
85229,3
85230,3
85231,0
85232,3
85233,3
85234,0
85236,3
85237,0
85239,0
85242,0
85243,3
85244,3
85245,0
85246,2
85249,0
85250,3
85252,0
85253,3
85254,0
85255,0
85256,0
85257,3
85258,0
85259,3
85260,3
85261,1
85262,0
85263,3
85264,0
85265,2
85266,0
85268,0
85270,0
85271,3
85272,0
85273,0
85274,0
85275,0
85278,0
85279,0
85280,1
85281,1
85282,0
85283,0
85284,3
85285,0
85287,0
85288,0
85289,0
85290,1
85291,3
85293,0
85294,0
85295,3
85297,0
85298,3
85299,0
85300,3
85301,1
85302,1
85303,0
85307,1
85308,2
85309,0
85310,3
85311,2
85312,0
85313,0
85314,3
85315,2
85316,0
85317,3
85318,2
85319,3
85320,0
85321,1
85322,0
85323,3
85324,0
85325,3
85327,0
85328,0
85329,3
85330,1
85331,3
85332,0
85333,2
85335,3
85337,0
85340,3
85341,0
85342,3
85343,0
85344,0
85346,0
85347,0
85348,2
85350,3
85351,0
85352,0
85353,1
85354,3
85355,1
85356,0
85359,3
85360,0
85363,3
85364,0
85365,0
85366,3
85368,0
85370,1
85371,0
85372,0
85373,0
85374,0
85377,1
85378,0
85379,0
85380,0
85381,3
85384,0
85385,0
85386,2
85387,0
85388,3
85389,0
85391,0
85393,3
85396,3
85397,0
85398,0
85399,0
85401,3
85402,0
85403,3
85404,2
85408,3
85409,0
85410,0
85411,3
85412,0
85413,3
85414,0
85415,0
85416,1
85417,0
85418,1
85420,0
85421,3
85422,0
85423,0
85424,0
85425,3
85427,3
85428,3
85429,3
85431,3
85432,0
85433,3
85436,0
85437,0
85438,3
85440,1
85441,0
85443,3
85444,0
85445,0
85448,0
85449,3
85450,0
85451,0
85452,0
85453,0
85455,3
85456,0
85457,3
85458,1
85460,1
85461,1
85462,0
85463,0
85464,3
85465,0
85466,3
85467,3
85468,2
85469,0
85470,0
85471,0
85472,1
85473,1
85474,2
85475,0
85477,0
85478,1
85480,0
85482,0
85483,3
85484,1
85485,0
85486,0
85488,0
85489,1
85490,0
85491,0
85492,0
85494,0
85495,0
85496,1
85497,3
85498,1
85499,3
85500,0
85501,0
85503,1
85505,0
85506,2
85509,1
85510,0
85511,0
85512,0
85513,0
85514,3
85515,1
85517,0
85518,1
85519,0
85520,0
85521,0
85522,3
85523,0
85524,0
85525,1
85526,0
85527,0
85528,0
85529,0
85531,1
85532,3
85533,1
85534,0
85536,2
85537,2
85538,2
85539,0
85540,0
85541,0
85542,1
85544,1
85545,0
85546,1
85547,0
85548,1
85549,0
85550,1
85551,0
85552,3
85553,3
85554,0
85555,3
85556,1
85557,3
85558,0
85560,3
85563,3
85564,0
85565,0
85567,0
85568,1
85569,3
85571,0
85572,3
85575,3
85577,0
85578,3
85580,2
85581,0
85583,0
85584,3
85585,2
85589,2
85590,0
85591,2
85592,3
85593,0
85595,0
85596,3
85597,0
85598,2
85600,1
85601,1
85602,0
85603,0
85604,1
85606,0
85607,0
85609,0
85610,0
85612,0
85614,3
85615,0
85616,1
85618,3
85619,1
85620,3
85621,3
85622,3
85623,0
85624,0
85625,3
85626,0
85628,3
85629,0
85630,3
85631,0
85633,0
85634,3
85635,0
85636,2
85637,0
85638,3
85640,0
85641,0
85642,3
85643,0
85644,0
85645,1
85647,0
85650,3
85651,3
85652,3
85653,0
85654,0
85655,0
85656,3
85657,0
85658,3
85661,0
85662,0
85663,0
85665,1
85666,1
85667,0
85668,0
85669,0
85670,1
85671,2
85673,3
85675,0
85676,3
85677,0
85679,0
85680,3
85681,0
85682,2
85683,0
85684,0
85685,3
85686,0
85687,0
85688,1
85689,3
85690,0
85691,0
85692,0
85694,0
85696,3
85697,1
85698,0
85699,0
85700,0
85701,3
85702,3
85706,3
85707,0
85708,2
85710,1
85712,0
85713,0
85715,1
85716,1
85717,1
85718,3
85719,1
85720,0
85721,0
85722,0
85723,2
85724,0
85725,0
85726,1
85727,0
85728,3
85729,0
85730,0
85731,3
85732,0
85735,0
85736,3
85737,3
85738,2
85739,2
85740,1
85741,0
85743,3
85744,0
85745,2
85746,0
85747,3
85748,0
85749,0
85750,1
85751,2
85752,0
85753,3
85755,0
85757,0
85758,0
85759,3
85760,0
85761,0
85762,0
85764,0
85765,0
85766,1
85767,0
85768,0
85769,1
85770,0
85771,0
85772,0
85773,2
85774,0
85775,3
85776,0
85777,0
85778,2
85780,0
85781,0
85782,1
85783,3
85784,0
85785,3
85786,0
85787,2
85788,2
85789,0
85790,0
85794,0
85795,0
85796,0
85798,0
85799,3
85800,0
85801,3
85802,2
85803,0
85805,0
85806,3
85807,3
85809,0
85810,1
85811,3
85812,2
85814,3
85816,2
85817,3
85819,0
85820,2
85821,0
85822,3
85823,0
85825,1
85826,1
85827,3
85828,2
85829,3
85830,0
85831,0
85832,0
85833,0
85834,0
85835,3
85836,2
85837,3
85838,3
85839,0
85840,3
85841,0
85842,3
85843,0
85844,3
85846,3
85847,0
85848,3
85849,0
85851,0
85853,0
85854,3
85855,0
85858,0
85859,3
85860,1
85861,0
85862,0
85864,3
85865,2
85866,3
85868,2
85870,1
85872,0
85874,0
85875,0
85876,0
85877,3
85878,0
85879,0
85880,1
85881,1
85883,3
85885,0
85886,2
85887,1
85889,3
85890,3
85891,3
85892,0
85893,3
85894,0
85895,3
85896,3
85897,0
85898,1
85899,2
85900,1
85901,1
85902,0
85903,0
85904,0
85905,3
85906,1
85907,1
85908,0
85909,0
85910,0
85913,0
85914,0
85915,0
85916,1
85917,0
85918,3
85920,0
85921,0
85922,0
85923,3
85925,1
85926,0
85927,0
85931,3
85932,0
85933,1
85934,3
85935,0
85936,3
85937,2
85938,3
85939,0
85940,2
85941,0
85942,3
85943,0
85944,3
85945,3
85946,0
85947,3
85948,0
85949,1
85950,2
85951,0
85952,3
85953,0
85954,2
85955,1
85957,3
85958,0
85960,0
85961,3
85962,1
85963,3
85964,2
85965,1
85967,0
85968,2
85969,0
85970,0
85971,0
85972,3
85973,2
85974,0
85977,2
85979,0
85980,1
85981,0
85982,0
85983,0
85984,0
85985,0
85986,0
85987,0
85988,3
85989,0
85991,3
85992,3
85993,0
85994,1
85996,2
85997,0
85999,0
86000,3
86001,3
86002,1
86003,0
86004,0
86006,0
86008,0
86009,0
86010,3
86011,3
86012,0
86013,3
86014,2
86015,0
86016,3
86017,0
86018,3
86019,1
86020,3
86021,0
86022,0
86024,0
86025,3
86027,0
86028,3
86029,0
86030,1
86031,0
86032,0
86033,0
86034,0
86035,0
86036,2
86037,2
86038,0
86040,0
86041,1
86042,1
86043,0
86045,3
86046,0
86047,0
86048,0
86052,3
86053,3
86054,3
86056,0
86057,0
86058,3
86059,1
86060,3
86061,1
86062,2
86063,0
86064,3
86065,2
86066,3
86067,0
86069,3
86070,0
86071,0
86072,3
86073,3
86074,0
86075,0
86076,1
86077,0
86078,2
86079,0
86080,3
86081,1
86082,0
86083,0
86085,0
86086,3
86087,0
86088,3
86089,0
86091,0
86092,0
86094,2
86095,0
86096,0
86101,3
86102,0
86103,2
86104,3
86105,0
86106,0
86107,0
86108,0
86109,3
86110,1
86111,3
86112,3
86114,0
86117,0
86120,0
86121,0
86123,0
86124,0
86125,1
86126,0
86127,0
86128,3
86129,0
86130,0
86131,1
86132,0
86133,2
86134,0
86135,0
86138,2
86139,1
86140,3
86141,0
86142,3
86143,0
86144,2
86145,3
86146,2
86147,0
86151,3
86152,2
86153,0
86154,2
86155,3
86157,0
86158,3
86162,3
86163,0
86164,3
86166,0
86167,3
86168,3
86169,2
86170,1
86171,0
86179,3
86180,3
86182,2
86183,0
86184,3
86185,1
86186,1
86187,1
86188,0
86190,2
86191,0
86192,1
86194,0
86195,0
86196,3
86197,3
86199,0
86200,1
86201,0
86202,3
86203,2
86204,3
86205,0
86206,3
86207,0
86208,1
86209,0
86210,2
86211,2
86212,1
86213,1
86214,0
86215,0
86217,0
86218,1
86219,0
86220,0
86222,0
86225,0
86226,1
86228,3
86230,0
86231,0
86232,0
86233,0
86234,3
86235,2
86237,0
86238,0
86239,3
86240,0
86241,3
86243,0
86244,0
86246,0
86247,3
86248,3
86249,3
86250,0
86251,1
86252,3
86253,1
86254,3
86255,0
86257,3
86258,0
86260,0
86261,0
86263,0
86264,0
86265,1
86266,0
86267,3
86268,3
86269,1
86270,0
86271,0
86272,3
86273,0
86274,3
86276,3
86277,0
86278,0
86282,3
86283,0
86284,2
86287,0
86288,2
86291,1
86292,0
86293,2
86295,3
86296,0
86297,3
86298,3
86299,3
86300,0
86301,0
86302,3
86304,0
86305,3
86306,3
86307,0
86308,0
86309,1
86310,3
86311,2
86312,0
86313,3
86314,0
86315,3
86316,1
86317,2
86318,3
86319,0
86320,0
86321,3
86323,0
86324,0
86326,0
86327,0
86328,0
86329,1
86330,2
86331,2
86332,0
86333,3
86334,2
86336,3
86337,0
86338,0
86339,0
86340,2
86341,0
86342,3
86343,0
86344,3
86345,2
86346,1
86347,3
86348,0
86349,0
86350,3
86351,3
86352,0
86353,0
86354,3
86355,0
86356,3
86357,2
86358,3
86359,0
86360,1
86361,3
86362,3
86363,1
86364,0
86365,0
86366,1
86367,3
86368,0
86369,3
86370,3
86371,0
86372,0
86373,0
86375,0
86377,0
86378,0
86379,0
86380,0
86381,0
86382,0
86383,1
86384,0
86386,2
86387,2
86388,0
86390,0
86391,0
86394,0
86395,3
86396,0
86398,3
86399,0
86400,0
86401,2
86403,0
86405,2
86406,1
86408,1
86409,3
86410,0
86413,2
86416,0
86417,0
86418,3
86419,0
86420,0
86422,3
86423,3
86424,2
86425,3
86426,2
86427,3
86428,3
86430,0
86434,3
86436,2
86437,0
86438,0
86439,3
86440,0
86441,3
86442,0
86443,1
86444,0
86445,3
86446,0
86447,3
86448,0
86449,3
86450,0
86452,2
86453,3
86454,0
86455,1
86456,0
86457,2
86458,0
86459,3
86460,3
86461,2
86462,0
86463,3
86464,3
86465,0
86466,3
86467,0
86468,3
86469,2
86470,1
86473,1
86474,0
86475,1
86476,1
86477,2
86478,0
86479,0
86480,3
86481,3
86482,3
86484,1
86486,0
86487,0
86488,3
86489,0
86490,3
86492,0
86493,0
86494,3
86495,0
86496,0
86497,0
86498,3
86499,3
86503,0
86505,1
86506,0
86507,3
86508,1
86509,1
86510,0
86511,0
86512,0
86514,1
86515,0
86516,3
86517,0
86519,3
86520,1
86521,0
86523,0
86524,2
86525,0
86526,3
86527,0
86528,0
86529,1
86531,0
86532,0
86533,0
86535,1
86536,0
86540,3
86541,0
86542,3
86543,2
86544,0
86545,1
86547,2
86548,3
86550,3
86551,0
86552,0
86553,3
86554,0
86555,3
86556,0
86557,0
86558,0
86559,0
86560,0
86561,1
86562,0
86563,0
86564,0
86565,0
86566,3
86567,0
86568,0
86570,2
86571,0
86572,0
86573,1
86574,3
86576,0
86577,3
86580,2
86581,0
86582,0
86583,1
86584,3
86585,3
86586,0
86587,3
86588,0
86589,0
86590,0
86591,0
86592,3
86593,3
86595,2
86597,0
86598,0
86600,3
86601,3
86603,0
86604,0
86605,0
86606,0
86607,3
86608,0
86609,3
86610,0
86611,1
86612,0
86613,3
86615,0
86618,3
86619,0
86621,0
86622,1
86623,0
86624,0
86625,0
86626,0
86628,0
86629,1
86631,3
86632,0
86634,1
86635,0
86637,0
86638,0
86639,0
86640,2
86642,0
86643,2
86644,0
86645,3
86648,3
86649,0
86650,0
86651,2
86653,3
86654,3
86655,1
86656,1
86657,3
86658,0
86661,0
86662,0
86663,2
86664,0
86665,0
86666,0
86667,0
86668,0
86669,0
86670,1
86671,3
86672,0
86673,0
86674,0
86675,3
86676,0
86677,2
86679,3
86681,0
86683,0
86684,0
86685,3
86686,0
86687,0
86689,2
86690,1
86691,0
86692,3
86696,0
86697,0
86698,0
86699,0
86700,1
86701,2
86702,0
86704,1
86707,0
86708,3
86711,0
86714,0
86718,3
86719,0
86720,2
86721,0
86722,3
86725,0
86726,0
86728,3
86729,3
86731,3
86733,3
86735,0
86736,3
86737,1
86739,0
86740,2
86741,0
86742,0
86744,3
86745,3
86746,3
86748,0
86749,3
86750,0
86751,3
86752,0
86753,3
86755,0
86756,0
86757,0
86758,3
86760,0
86762,0
86763,3
86765,0
86766,0
86767,3
86768,3
86770,0
86772,1
86773,0
86774,0
86775,0
86776,0
86777,2
86779,1
86780,3
86782,0
86783,3
86784,0
86786,0
86787,3
86789,0
86790,1
86791,3
86792,0
86793,1
86794,0
86795,3
86797,3
86798,0
86799,3
86801,2
86802,0
86803,1
86807,0
86809,0
86810,3
86811,3
86812,0
86813,1
86814,3
86815,3
86816,0
86818,0
86819,0
86820,1
86821,3
86822,0
86823,0
86824,2
86825,3
86826,3
86827,3
86828,0
86829,3
86830,0
86832,3
86833,0
86834,0
86835,0
86836,0
86837,0
86838,3
86839,3
86840,1
86841,0
86842,3
86843,0
86844,1
86845,3
86848,0
86849,3
86850,2
86852,0
86853,0
86854,1
86856,1
86858,0
86859,3
86860,0
86861,0
86862,2
86863,0
86864,0
86865,0
86866,1
86867,0
86868,3
86869,0
86870,0
86871,3
86872,2
86873,2
86874,2
86876,1
86877,3
86879,0
86881,3
86882,3
86883,0
86884,0
86886,0
86889,0
86890,3
86891,3
86892,0
86893,2
86894,0
86895,0
86896,3
86897,1
86898,2
86899,0
86900,3
86901,0
86902,3
86904,0
86905,0
86906,3
86907,0
86909,3
86911,2
86912,1
86913,1
86915,0
86916,0
86919,1
86920,0
86921,0
86922,0
86923,0
86924,1
86928,0
86930,0
86931,0
86932,0
86936,3
86937,3
86938,1
86939,3
86941,0
86942,3
86944,0
86945,0
86947,0
86948,3
86949,0
86950,3
86951,0
86952,0
86953,0
86954,3
86956,0
86957,3
86958,1
86960,0
86961,0
86962,0
86963,1
86964,1
86965,0
86966,2
86969,1
86970,0
86972,3
86973,3
86974,0
86975,3
86977,0
86979,0
86980,0
86981,3
86982,0
86983,0
86984,0
86985,3
86986,0
86987,0
86988,0
86990,0
86992,0
86993,3
86994,2
86995,1
86996,3
86999,2
87000,3
87001,3
87002,3
87003,0
87006,0
87007,0
87008,0
87009,0
87010,0
87012,1
87014,1
87015,1
87016,0
87018,3
87020,1
87021,3
87022,0
87023,3
87024,0
87025,0
87026,3
87027,0
87028,0
87030,3
87031,0
87032,3
87033,0
87034,0
87035,3
87036,1
87038,3
87039,0
87040,2
87042,0
87045,0
87046,0
87047,0
87048,2
87049,0
87051,1
87052,3
87053,0
87054,3
87055,0
87059,3
87060,3
87061,0
87062,1
87063,3
87064,0
87065,0
87066,2
87067,1
87068,0
87069,0
87071,3
87072,3
87073,2
87074,3
87075,3
87077,1
87078,3
87079,0
87081,0
87083,3
87084,0
87086,3
87090,0
87091,0
87092,3
87093,3
87095,2
87096,3
87097,0
87098,0
87100,0
87101,3
87102,1
87103,0
87104,3
87105,1
87106,3
87107,0
87109,3
87110,0
87111,1
87112,0
87113,0
87114,0
87116,0
87117,0
87118,0
87119,0
87120,2
87121,3
87122,1
87123,1
87124,0
87125,0
87126,3
87127,0
87128,0
87129,0
87130,0
87133,0
87135,1
87136,2
87137,3
87138,0
87139,1
87140,3
87141,3
87142,2
87143,1
87144,0
87145,0
87146,3
87147,0
87148,3
87149,3
87150,0
87151,0
87152,3
87153,0
87154,0
87156,0
87157,0
87158,0
87159,3
87160,1
87161,3
87162,1
87163,0
87164,1
87165,3
87167,1
87168,0
87170,2
87171,3
87172,0
87173,3
87175,3
87178,2
87179,0
87180,3
87181,0
87182,3
87183,2
87184,0
87185,2
87187,1
87188,1
87189,0
87190,1
87194,0
87195,0
87196,0
87197,0
87198,0
87199,0
87201,2
87203,1
87204,3
87206,1
87207,1
87209,0
87210,3
87211,1
87214,0
87215,0
87216,0
87217,0
87218,0
87219,0
87220,1
87221,0
87222,0
87223,0
87224,3
87225,1
87227,3
87228,3
87229,0
87230,2
87231,0
87232,2
87233,0
87234,1
87235,0
87236,3
87237,1
87238,0
87239,0
87241,3
87242,2
87243,1
87244,0
87245,3
87246,0
87247,3
87248,3
87249,2
87251,3
87252,3
87254,0
87255,1
87257,3
87258,3
87259,0
87260,1
87264,1
87266,0
87267,1
87268,1
87275,0
87276,0
87277,0
87278,0
87279,0
87280,0
87281,0
87282,0
87283,0
87286,0
87287,0
87288,3
87290,1
87291,0
87293,2
87294,0
87295,3
87299,3
87300,3
87301,3
87303,0
87304,1
87306,2
87307,3
87308,0
87309,1
87312,0
87313,0
87314,0
87316,0
87317,3
87318,0
87319,0
87320,0
87321,0
87322,1
87323,3
87324,0
87325,0
87327,1
87328,3
87329,3
87330,0
87331,3
87332,0
87333,1
87337,3
87338,1
87340,2
87345,3
87346,3
87347,0
87348,0
87349,0
87350,0
87351,3
87353,2
87355,1
87356,3
87357,3
87358,0
87359,2
87360,3
87361,1
87362,0
87363,0
87364,1
87366,0
87367,1
87368,2
87369,0
87370,3
87372,0
87373,3
87375,3
87376,0
87377,0
87378,0
87379,3
87380,3
87382,3
87383,2
87384,0
87385,3
87387,0
87388,1
87389,0
87390,2
87391,0
87392,3
87394,0
87396,0
87397,3
87398,3
87399,2
87401,0
87402,0
87403,1
87404,0
87405,0
87406,0
87407,0
87408,3
87410,0
87411,3
87412,2
87413,1
87414,0
87416,2
87417,0
87419,0
87420,3
87421,2
87422,0
87423,1
87424,0
87425,3
87428,1
87429,2
87430,3
87432,0
87433,3
87434,3
87435,0
87436,2
87437,0
87438,0
87439,3
87440,0
87442,1
87444,2
87445,0
87446,3
87447,2
87448,3
87449,1
87450,3
87451,3
87453,0
87454,3
87457,0
87458,0
87459,0
87460,0
87462,3
87463,1
87464,0
87465,0
87466,0
87467,1
87468,0
87469,0
87471,0
87472,1
87473,0
87474,0
87476,1
87477,1
87478,2
87479,0
87480,0
87481,0
87482,2
87483,0
87484,3
87485,3
87486,3
87487,0
87489,3
87490,0
87492,3
87493,0
87494,2
87496,1
87497,3
87498,3
87499,0
87502,3
87504,2
87506,0
87507,0
87508,0
87509,0
87511,0
87512,0
87513,3
87514,2
87515,0
87516,3
87517,3
87518,0
87519,2
87520,0
87522,2
87523,3
87524,0
87525,0
87526,3
87527,3
87528,0
87529,3
87532,0
87533,0
87534,3
87535,0
87536,0
87538,0
87541,0
87542,2
87543,0
87544,3
87546,2
87547,0
87548,0
87551,0
87552,3
87553,0
87554,0
87555,3
87556,0
87557,3
87558,0
87559,3
87561,0
87562,3
87564,0
87566,0
87567,1
87570,2
87571,3
87572,1
87574,0
87575,0
87576,3
87577,3
87578,0
87580,3
87581,0
87582,2
87583,0
87584,0
87586,0
87587,0
87588,0
87589,0
87591,0
87592,0
87594,2
87595,0
87596,0
87597,1
87598,3
87599,0
87600,3
87602,0
87603,2
87604,3
87606,0
87607,0
87609,0
87610,0
87614,1
87615,0
87616,0
87617,0
87619,0
87620,0
87621,0
87622,3
87623,3
87624,0
87625,0
87626,0
87627,3
87628,3
87629,1
87631,3
87632,3
87633,0
87634,3
87635,0
87636,0
87637,0
87640,0
87641,2
87642,0
87643,0
87645,0
87646,3
87647,3
87650,3
87652,1
87653,0
87654,0
87655,3
87658,1
87659,2
87660,0
87662,1
87663,3
87665,3
87666,2
87667,3
87668,3
87670,3
87671,3
87672,3
87673,0
87674,3
87675,0
87676,3
87677,0
87678,0
87679,1
87680,3
87681,0
87683,0
87684,1
87687,0
87688,0
87689,0
87690,0
87692,3
87693,0
87694,3
87695,0
87696,2
87697,1
87698,3
87699,0
87701,3
87702,0
87703,1
87704,3
87705,1
87706,0
87707,0
87709,3
87710,0
87713,3
87714,2
87715,0
87716,0
87717,3
87718,0
87721,0
87722,3
87723,0
87724,2
87725,2
87726,0
87727,0
87728,3
87730,0
87732,2
87733,0
87736,3
87738,3
87739,1
87740,1
87742,1
87743,0
87745,3
87746,1
87747,0
87748,0
87750,1
87751,3
87752,3
87753,3
87754,0
87755,0
87756,3
87757,2
87758,3
87759,0
87761,3
87762,1
87765,0
87766,0
87767,0
87770,0
87771,0
87773,0
87774,3
87775,2
87778,1
87779,0
87780,0
87781,1
87782,1
87783,0
87784,2
87785,0
87786,3
87787,3
87788,3
87789,2
87790,0
87791,0
87792,3
87794,3
87796,0
87797,1
87798,1
87799,1
87801,0
87802,2
87805,1
87806,0
87807,0
87808,3
87809,3
87810,3
87811,3
87814,0
87815,0
87816,0
87817,0
87820,0
87821,0
87822,0
87823,3
87824,0
87825,3
87826,3
87827,0
87828,0
87829,3
87831,2
87833,3
87834,0
87835,0
87836,0
87837,0
87838,0
87839,0
87840,0
87841,3
87842,1
87843,0
87844,0
87845,1
87847,2
87848,0
87849,3
87850,0
87851,3
87853,0
87854,0
87855,0
87856,2
87857,3
87858,0
87859,3
87860,0
87861,3
87862,2
87863,0
87865,0
87866,0
87868,3
87869,0
87870,1
87872,0
87873,0
87874,0
87876,0
87877,2
87878,1
87879,0
87880,2
87881,2
87882,1
87883,3
87885,3
87886,0
87887,0
87888,3
87889,0
87892,0
87894,0
87895,0
87896,1
87897,0
87898,0
87900,0
87901,0
87902,3
87903,0
87904,3
87905,0
87906,1
87907,1
87908,0
87909,3
87910,0
87911,0
87912,2
87913,0
87914,3
87915,1
87916,3
87917,0
87918,0
87919,0
87920,2
87921,3
87922,0
87925,0
87926,0
87927,0
87928,0
87929,1
87930,0
87931,0
87934,1
87935,2
87936,3
87937,3
87938,0
87939,3
87940,0
87941,1
87943,2
87944,0
87946,3
87948,2
87949,0
87950,1
87951,0
87952,0
87953,0
87954,3
87955,0
87956,3
87958,1
87962,3
87963,0
87964,1
87965,3
87967,3
87968,2
87969,3
87970,0
87971,0
87972,3
87973,3
87974,0
87975,2
87976,0
87977,0
87978,0
87980,3
87981,1
87982,3
87984,0
87985,3
87986,1
87987,1
87989,3
87990,2
87991,0
87992,3
87993,0
87995,2
87996,3
87997,3
87998,1
87999,3
88000,0
88001,2
88002,0
88003,0
88005,0
88006,3
88007,3
88008,0
88009,0
88010,0
88013,0
88014,2
88015,1
88016,0
88017,3
88020,1
88022,0
88023,2
88024,0
88025,3
88028,2
88029,0
88030,0
88033,0
88034,1
88035,0
88036,3
88037,3
88038,0
88039,3
88040,0
88042,3
88043,1
88044,1
88045,0
88046,0
88047,3
88048,0
88050,3
88051,2
88052,1
88053,3
88054,0
88056,0
88057,3
88058,2
88061,2
88062,1
88063,3
88064,2
88065,0
88066,0
88067,2
88068,3
88069,3
88070,0
88072,3
88073,0
88075,3
88076,0
88078,0
88079,3
88080,0
88081,3
88082,2
88083,3
88084,0
88086,0
88087,0
88089,0
88090,0
88091,3
88094,0
88095,0
88096,3
88097,2
88098,0
88099,0
88102,0
88103,0
88104,0
88105,1
88106,1
88107,0
88108,0
88109,0
88110,2
88111,0
88113,1
88114,2
88115,0
88116,0
88119,0
88122,3
88124,0
88126,0
88127,3
88128,0
88131,0
88132,3
88133,0
88134,0
88135,3
88136,2
88137,0
88138,3
88139,1
88140,0
88141,0
88142,0
88144,3
88145,0
88146,0
88147,3
88148,0
88149,0
88150,0
88151,0
88152,3
88153,1
88154,0
88155,3
88157,1
88158,3
88159,1
88161,0
88162,2
88163,0
88164,3
88166,0
88167,0
88168,0
88169,0
88170,0
88171,1
88174,3
88175,0
88176,0
88177,3
88178,0
88181,2
88183,3
88184,0
88185,2
88186,0
88187,1
88188,3
88189,3
88190,0
88191,0
88192,0
88193,3
88194,3
88195,3
88196,0
88198,0
88199,1
88200,0
88201,0
88202,0
88203,2
88204,1
88205,2
88206,2
88207,0
88209,0
88210,0
88211,2
88212,3
88213,3
88214,3
88215,3
88216,0
88217,0
88220,3
88221,3
88222,3
88223,0
88224,0
88226,3
88227,0
88228,2
88230,1
88232,0
88233,0
88234,3
88235,3
88236,0
88237,3
88238,0
88239,0
88240,1
88241,0
88242,0
88243,3
88244,3
88245,0
88246,0
88247,1
88249,0
88250,0
88251,3
88252,3
88253,0
88254,1
88256,3
88257,3
88258,1
88259,0
88260,1
88263,0
88265,0
88267,0
88269,0
88270,0
88271,2
88272,3
88273,0
88274,3
88275,1
88276,3
88277,1
88278,3
88279,1
88280,0
88281,0
88282,0
88284,0
88285,0
88286,3
88287,0
88292,2
88293,0
88294,1
88295,2
88296,0
88297,3
88298,3
88300,3
88301,0
88303,3
88304,2
88305,0
88306,0
88307,3
88308,0
88309,0
88310,0
88311,3
88312,3
88314,0
88315,0
88316,3
88317,3
88318,0
88320,3
88322,2
88325,0
88326,2
88327,3
88328,0
88329,3
88330,3
88331,0
88332,0
88333,3
88334,0
88336,2
88337,3
88338,2
88339,1
88340,0
88343,2
88344,0
88346,0
88347,3
88348,3
88350,2
88351,3
88352,3
88354,0
88355,0
88356,3
88357,0
88358,3
88359,2
88362,0
88363,0
88364,3
88365,0
88367,0
88368,1
88369,3
88370,0
88372,0
88373,0
88374,0
88375,3
88376,0
88378,1
88379,0
88380,1
88381,3
88382,0
88383,0
88384,0
88385,3
88386,0
88387,3
88388,0
88389,3
88390,0
88392,0
88393,0
88394,3
88395,3
88396,0
88397,3
88398,0
88399,2
88400,3
88401,0
88402,3
88403,2
88404,3
88405,2
88406,3
88408,0
88409,2
88410,3
88411,3
88412,0
88413,0
88414,0
88415,0
88416,3
88418,1
88419,0
88423,3
88427,0
88428,3
88429,0
88430,3
88431,3
88432,0
88433,0
88434,0
88435,0
88436,0
88437,1
88438,0
88439,1
88440,0
88441,0
88442,3
88443,3
88444,0
88445,0
88447,3
88450,1
88451,3
88452,0
88454,3
88455,0
88457,3
88458,2
88460,1
88461,0
88462,0
88463,1
88464,3
88466,3
88467,0
88468,3
88469,0
88471,0
88472,3
88473,0
88474,0
88475,0
88476,0
88478,3
88479,0
88480,3
88481,3
88483,2
88484,3
88485,0
88486,3
88488,3
88489,0
88490,1
88492,0
88494,3
88496,2
88497,2
88501,0
88502,0
88503,0
88506,0
88507,0
88508,0
88510,3
88511,0
88512,0
88513,3
88514,0
88515,2
88516,3
88517,3
88519,1
88520,0
88522,0
88523,0
88525,1
88526,3
88527,0
88528,3
88529,3
88530,3
88531,3
88532,0
88536,0
88537,1
88538,0
88539,3
88540,0
88541,3
88542,0
88544,3
88545,0
88546,3
88548,0
88549,1
88550,3
88551,2
88552,0
88554,3
88555,0
88557,0
88558,1
88559,3
88560,2
88562,0
88563,3
88564,0
88565,2
88566,1
88567,3
88568,2
88569,0
88571,1
88572,3
88574,3
88576,3
88579,0
88580,3
88581,3
88583,3
88585,3
88586,0
88587,3
88588,3
88590,1
88591,1
88592,0
88593,1
88594,0
88596,3
88597,1
88598,1
88599,0
88603,3
88604,2
88605,3
88607,3
88608,1
88609,0
88610,3
88611,0
88612,0
88613,0
88614,2
88616,3
88617,1
88619,0
88620,1
88621,0
88624,3
88627,0
88630,3
88631,1
88632,1
88633,1
88634,3
88635,0
88636,3
88637,3
88638,0
88639,1
88641,0
88642,3
88643,1
88644,2
88645,1
88646,1
88647,3
88648,0
88649,0
88650,0
88652,3
88653,0
88656,0
88657,2
88658,3
88659,0
88661,0
88663,0
88664,2
88665,3
88666,0
88667,1
88668,0
88669,2
88671,2
88672,0
88673,2
88674,3
88675,2
88678,0
88679,0
88680,0
88682,0
88683,0
88684,0
88685,0
88686,3
88687,0
88688,1
88689,0
88690,0
88691,0
88692,2
88693,3
88694,2
88695,3
88696,0
88697,0
88698,0
88700,0
88701,3
88704,0
88705,3
88706,0
88707,0
88708,0
88709,2
88710,3
88711,1
88712,0
88713,0
88714,0
88715,0
88716,3
88717,1
88720,0
88721,0
88722,2
88724,3
88726,2
88727,0
88728,2
88729,0
88730,3
88731,0
88732,3
88733,1
88734,3
88737,0
88738,0
88740,3
88741,3
88742,0
88743,0
88744,0
88745,3
88746,2
88747,3
88748,0
88750,0
88751,0
88752,3
88753,3
88754,3
88755,0
88756,2
88757,0
88758,0
88759,1
88760,0
88761,0
88762,1
88765,3
88766,3
88767,3
88769,0
88771,0
88772,1
88773,1
88775,0
88776,1
88777,1
88778,3
88780,2
88782,3
88783,2
88785,3
88787,0
88788,0
88790,3
88791,0
88792,0
88793,0
88794,0
88795,3
88796,0
88798,0
88802,1
88803,3
88805,0
88807,3
88808,0
88810,0
88812,1
88813,3
88814,2
88815,0
88816,0
88817,0
88818,0
88819,0
88820,0
88821,0
88823,3
88824,3
88825,0
88826,0
88827,1
88828,3
88829,0
88831,2
88832,3
88834,3
88835,0
88836,3
88837,0
88838,0
88839,0
88840,3
88841,3
88842,2
88845,0
88849,3
88850,2
88851,2
88852,0
88854,0
88857,1
88858,0
88859,3
88860,1
88861,0
88863,2
88864,3
88866,3
88867,3
88868,0
88869,0
88870,0
88871,0
88872,3
88873,3
88874,3
88875,0
88876,0
88877,0
88879,0
88880,1
88881,0
88882,3
88883,3
88884,0
88885,1
88886,0
88887,0
88888,0
88889,3
88890,0
88891,3
88892,0
88893,3
88894,0
88895,0
88896,0
88897,3
88900,0
88902,3
88903,0
88904,0
88907,0
88909,1
88910,0
88911,1
88912,0
88914,1
88916,2
88917,2
88918,0
88921,0
88922,3
88923,3
88924,2
88925,3
88926,3
88927,1
88928,0
88929,0
88930,0
88933,0
88934,3
88935,1
88936,0
88937,0
88938,0
88939,0
88940,0
88941,0
88942,3
88943,0
88944,1
88946,3
88947,0
88948,3
88949,3
88950,3
88952,0
88953,3
88954,3
88955,0
88956,0
88957,0
88958,1
88959,0
88960,3
88961,0
88962,0
88963,0
88964,1
88965,3
88966,0
88967,0
88968,0
88969,1
88970,3
88971,0
88972,3
88973,0
88974,1
88975,0
88976,0
88978,0
88979,0
88980,3
88981,0
88982,2
88983,0
88984,1
88985,3
88986,0
88988,0
88989,1
88992,3
88993,0
88994,0
88997,1
88999,1
89000,1
89001,0
89002,3
89003,2
89004,0
89006,0
89007,0
89008,3
89010,0
89013,3
89014,3
89015,0
89016,3
89017,1
89018,0
89019,0
89021,0
89022,0
89023,0
89024,0
89025,1
89027,0
89028,0
89030,0
89031,3
89032,3
89033,0
89034,3
89035,0
89036,1
89037,2
89038,0
89040,0
89041,0
89042,0
89043,3
89044,0
89045,2
89046,0
89047,0
89048,3
89049,0
89050,0
89051,3
89054,1
89055,0
89056,0
89057,0
89058,1
89059,1
89060,3
89061,3
89062,1
89063,3
89064,0
89065,0
89067,0
89069,0
89070,0
89071,0
89073,0
89074,0
89075,1
89076,0
89077,0
89078,3
89079,3
89080,0
89081,3
89083,0
89084,3
89085,0
89086,0
89088,1
89089,1
89090,0
89091,1
89092,1
89093,0
89094,2
89095,0
89096,0
89097,3
89098,0
89099,0
89100,0
89101,0
89102,2
89103,2
89105,2
89107,0
89108,0
89109,1
89110,2
89111,0
89112,3
89113,0
89114,1
89115,3
89116,0
89117,0
89118,0
89121,3
89122,0
89123,0
89124,1
89125,0
89127,3
89128,0
89129,0
89131,3
89132,0
89133,2
89134,0
89135,0
89136,0
89138,2
89139,3
89140,3
89141,0
89142,2
89144,3
89146,3
89147,0
89148,3
89149,3
89151,0
89152,1
89153,1
89154,0
89155,0
89157,0
89159,3
89160,3
89161,0
89162,0
89163,0
89164,0
89165,0
89166,3
89168,3
89170,0
89171,0
89172,0
89174,0
89175,3
89176,2
89177,0
89179,1
89180,3
89181,0
89184,0
89185,2
89186,1
89187,0
89188,0
89189,0
89191,0
89192,1
89193,3
89194,1
89196,0
89197,3
89198,0
89199,0
89201,3
89202,2
89206,0
89207,1
89208,3
89209,1
89212,0
89213,3
89214,2
89215,0
89217,3
89218,1
89219,0
89220,0
89221,0
89222,0
89223,2
89225,1
89226,3
89227,0
89228,0
89229,0
89230,0
89231,3
89232,3
89234,0
89235,0
89236,3
89238,0
89239,0
89240,1
89241,0
89243,1
89244,0
89245,1
89247,0
89248,0
89249,0
89252,0
89254,1
89255,3
89256,0
89258,0
89259,0
89260,0
89261,3
89262,0
89264,2
89265,0
89267,1
89268,0
89270,2
89271,0
89272,0
89273,0
89274,3
89277,0
89278,3
89279,3
89281,2
89282,2
89283,0
89284,0
89285,0
89286,2
89287,0
89288,2
89289,0
89290,3
89291,1
89292,0
89293,2
89294,0
89295,3
89297,0
89298,2
89299,0
89300,0
89301,3
89303,3
89305,0
89306,1
89307,0
89308,0
89309,3
89311,1
89312,0
89313,3
89314,0
89315,1
89316,1
89317,2
89319,1
89320,3
89322,0
89323,0
89325,0
89326,0
89327,0
89330,3
89331,2
89333,0
89334,0
89335,0
89336,3
89337,0
89338,2
89339,3
89340,0
89341,0
89342,0
89343,3
89344,3
89345,0
89346,3
89347,1
89349,2
89350,0
89351,0
89352,2
89356,0
89357,1
89358,1
89359,0
89360,0
89361,0
89362,3
89364,0
89365,0
89366,0
89367,3
89368,1
89369,0
89370,0
89371,0
89372,3
89373,3
89374,3
89375,0
89376,3
89377,1
89378,0
89379,0
89380,0
89383,0
89384,0
89385,3
89387,0
89388,2
89389,0
89390,0
89391,3
89393,2
89394,0
89395,3
89396,0
89397,0
89399,0
89400,0
89403,0
89404,0
89405,3
89406,2
89407,0
89408,2
89409,0
89410,2
89411,2
89412,1
89413,0
89414,3
89416,3
89417,0
89418,0
89419,0
89420,2
89421,0
89422,3
89423,0
89424,2
89425,3
89426,0
89427,0
89428,1
89429,3
89430,0
89431,0
89432,0
89433,1
89434,3
89435,3
89436,0
89437,3
89438,1
89439,0
89440,3
89443,0
89444,0
89445,0
89446,0
89447,0
89448,3
89450,0
89451,1
89452,0
89453,0
89454,0
89458,2
89459,0
89460,0
89461,3
89462,3
89464,0
89465,0
89466,3
89467,0
89468,3
89469,0
89470,1
89471,0
89472,1
89473,3
89474,0
89475,0
89476,0
89477,1
89478,0
89479,0
89480,1
89483,3
89486,0
89488,3
89490,0
89491,2
89492,1
89493,0
89494,3
89495,2
89496,0
89497,2
89498,0
89499,1
89500,0
89502,3
89503,3
89504,3
89505,0
89506,0
89507,0
89508,0
89509,3
89510,0
89511,1
89512,0
89513,0
89515,2
89516,1
89517,1
89520,0
89521,0
89522,0
89523,0
89524,0
89525,0
89526,3
89528,0
89529,0
89530,2
89531,0
89533,0
89534,3
89535,2
89536,0
89537,3
89538,0
89539,3
89540,3
89541,1
89542,1
89543,0
89545,2
89546,0
89547,3
89548,0
89550,0
89551,0
89554,1
89555,0
89556,3
89558,0
89559,3
89560,1
89561,0
89562,1
89563,3
89565,2
89566,0
89567,0
89568,0
89569,0
89571,2
89572,0
89573,0
89574,3
89575,0
89578,0
89579,0
89580,0
89582,1
89583,0
89584,0
89585,0
89586,0
89587,1
89588,0
89589,3
89590,3
89591,0
89592,0
89593,1
89594,0
89595,1
89597,0
89599,3
89600,0
89601,1
89602,3
89604,3
89605,0
89606,1
89608,0
89609,3
89611,0
89613,0
89614,3
89615,2
89616,3
89617,0
89618,3
89619,0
89620,1
89621,3
89622,3
89624,3
89626,3
89627,0
89628,3
89630,3
89631,3
89632,3
89633,0
89634,0
89635,0
89636,0
89637,0
89639,0
89640,1
89641,2
89642,3
89643,0
89644,0
89645,3
89646,1
89647,0
89651,0
89652,0
89653,0
89654,0
89655,1
89656,0
89657,0
89658,3
89660,0
89661,2
89663,2
89664,2
89665,0
89666,0
89667,0
89668,1
89669,1
89670,2
89671,1
89672,0
89673,3
89674,3
89675,1
89676,3
89677,0
89678,1
89679,0
89681,0
89682,1
89684,0
89685,2
89686,0
89687,2
89688,1
89689,0
89691,0
89692,0
89694,0
89695,3
89696,2
89697,3
89698,3
89699,2
89700,3
89702,0
89703,0
89704,3
89707,1
89708,3
89709,0
89711,3
89713,3
89716,1
89717,0
89719,0
89722,3
89724,0
89726,2
89728,0
89730,3
89732,0
89733,0
89734,0
89735,3
89736,3
89737,0
89738,1
89739,1
89740,3
89741,0
89742,3
89743,0
89746,1
89747,0
89748,3
89749,0
89750,0
89751,0
89752,0
89754,0
89755,0
89756,1
89757,1
89759,1
89761,2
89762,0
89763,3
89765,0
89766,0
89767,0
89768,0
89769,0
89771,3
89773,3
89774,0
89775,2
89776,0
89777,3
89778,0
89779,0
89780,0
89781,0
89782,0
89783,0
89784,3
89785,3
89786,2
89787,0
89788,1
89790,3
89791,3
89792,0
89793,3
89794,0
89795,3
89797,0
89798,1
89801,3
89802,0
89804,3
89805,0
89806,1
89807,0
89808,3
89809,1
89810,0
89811,0
89812,0
89813,0
89814,3
89816,3
89817,0
89818,0
89819,0
89820,3
89822,3
89823,2
89824,3
89825,2
89829,1
89832,2
89833,0
89834,2
89835,3
89836,1
89837,3
89838,2
89839,0
89840,0
89841,0
89842,0
89845,1
89846,0
89848,3
89849,3
89850,0
89851,0
89852,3
89853,0
89854,1
89856,0
89857,0
89858,0
89859,3
89860,0
89861,0
89862,2
89864,0
89865,3
89866,0
89867,0
89868,3
89870,3
89872,3
89873,1
89874,0
89875,0
89876,0
89877,3
89878,0
89879,3
89881,0
89883,3
89884,1
89885,0
89887,3
89888,0
89891,0
89892,0
89893,3
89894,0
89895,2
89896,3
89898,0
89900,1
89901,0
89902,0
89903,0
89904,1
89905,0
89907,0
89909,0
89911,3
89912,1
89915,3
89917,0
89919,0
89920,0
89922,3
89924,1
89925,3
89926,1
89928,1
89929,0
89930,0
89931,3
89932,3
89933,0
89934,3
89935,0
89936,1
89937,0
89938,3
89940,0
89941,0
89942,3
89944,1
89945,0
89946,2
89947,0
89948,0
89950,0
89951,0
89952,1
89953,2
89955,0
89956,0
89957,0
89958,0
89959,3
89960,3
89961,3
89963,0
89964,0
89965,0
89966,3
89967,3
89968,0
89970,0
89971,0
89972,0
89973,1
89974,0
89975,0
89976,0
89978,3
89980,0
89982,1
89983,0
89984,2
89985,2
89986,3
89988,3
89989,2
89990,0
89991,2
89992,2
89993,3
89994,1
89996,0
89997,1
89998,3
89999,3
90000,2
90001,0
90003,0
90004,3
90005,3
90006,3
90007,0
90008,0
90011,1
90012,3
90013,0
90014,3
90015,3
90016,2
90017,3
90018,1
90019,0
90020,0
90021,0
90022,3
90023,3
90024,0
90025,0
90026,3
90027,0
90029,0
90033,0
90034,3
90036,2
90038,0
90040,0
90041,3
90043,1
90046,0
90047,2
90048,0
90049,2
90050,0
90051,1
90052,2
90055,1
90056,0
90058,3
90060,0
90062,0
90063,1
90066,2
90067,0
90068,0
90069,0
90072,2
90073,3
90074,3
90075,1
90077,2
90078,3
90079,0
90080,3
90081,0
90082,3
90083,3
90085,0
90086,3
90087,3
90088,2
90089,1
90090,3
90091,2
90092,3
90093,0
90094,0
90095,3
90096,0
90099,0
90101,0
90102,0
90103,3
90105,0
90106,3
90107,0
90108,3
90109,3
90110,3
90111,1
90112,0
90113,0
90114,3
90115,3
90116,3
90117,3
90118,0
90119,3
90120,3
90121,0
90122,0
90123,0
90124,0
90125,1
90126,0
90127,0
90129,0
90131,0
90132,0
90133,0
90134,0
90135,3
90137,0
90138,3
90139,0
90140,1
90142,0
90143,2
90144,3
90145,3
90146,0
90147,3
90148,0
90150,0
90151,0
90152,2
90153,3
90154,0
90155,0
90156,3
90157,3
90158,3
90159,3
90160,2
90162,0
90163,0
90164,0
90165,0
90166,3
90167,2
90168,1
90170,3
90171,0
90172,3
90174,3
90175,0
90176,3
90177,0
90178,0
90180,3
90182,0
90183,0
90185,3
90186,0
90187,0
90188,0
90189,2
90191,0
90192,0
90193,0
90194,1
90195,0
90196,3
90197,0
90199,3
90200,3
90201,0
90203,1
90204,0
90205,0
90206,0
90207,0
90208,2
90209,0
90210,3
90211,3
90212,0
90215,0
90216,0
90217,3
90218,0
90219,0
90220,3
90221,0
90222,0
90224,3
90227,3
90228,3
90230,1
90231,2
90233,3
90235,0
90236,0
90237,0
90238,3
90239,3
90240,0
90241,0
90243,3
90244,1
90245,0
90246,3
90247,0
90248,0
90249,0
90250,0
90252,1
90254,1
90255,3
90256,2
90257,3
90258,1
90259,0
90261,0
90262,0
90263,0
90264,1
90265,3
90266,0
90267,3
90268,0
90269,0
90270,0
90272,0
90273,3
90274,0
90275,3
90276,1
90278,0
90279,2
90280,3
90281,2
90282,0
90283,3
90284,0
90285,0
90286,0
90289,0
90290,0
90291,1
90292,0
90293,0
90294,3
90295,3
90298,0
90299,0
90300,1
90301,1
90303,3
90304,3
90305,0
90306,3
90308,3
90310,0
90311,1
90312,0
90316,3
90317,0
90319,2
90320,1
90321,1
90322,0
90323,0
90324,3
90326,0
90327,2
90328,0
90329,3
90330,0
90332,1
90333,3
90335,1
90336,0
90337,0
90338,0
90339,3
90340,3
90341,0
90342,0
90343,3
90344,0
90345,1
90346,0
90348,0
90349,3
90351,2
90353,0
90354,0
90355,0
90357,0
90358,3
90361,3
90362,0
90363,3
90364,0
90365,0
90366,1
90367,0
90368,0
90369,3
90370,3
90371,2
90372,1
90373,3
90374,3
90376,3
90377,1
90378,0
90380,0
90381,2
90382,3
90383,0
90384,0
90385,0
90386,3
90387,3
90388,0
90389,3
90390,0
90391,0
90392,0
90393,0
90394,1
90395,3
90396,3
90397,3
90398,0
90399,0
90401,1
90402,0
90403,3
90404,0
90405,2
90406,3
90407,2
90408,3
90410,3
90413,1
90414,0
90415,2
90416,0
90418,0
90420,3
90421,0
90422,0
90423,0
90424,3
90425,0
90427,3
90429,3
90431,3
90432,0
90433,3
90434,3
90435,3
90437,0
90439,2
90440,0
90442,3
90443,0
90444,0
90445,1
90446,3
90447,0
90448,3
90449,3
90450,3
90451,0
90452,3
90454,0
90455,0
90457,0
90458,3
90459,3
90461,1
90462,0
90463,0
90464,0
90465,0
90466,0
90467,3
90468,0
90469,1
90470,0
90471,0
90473,0
90476,0
90477,3
90478,0
90479,0
90480,2
90481,2
90482,0
90484,2
90485,0
90486,0
90487,0
90488,2
90489,0
90490,0
90491,3
90494,1
90496,0
90498,0
90500,0
90501,3
90502,0
90504,0
90505,0
90506,3
90507,0
90508,0
90509,0
90511,0
90512,3
90513,3
90514,1
90515,0
90517,3
90518,0
90519,1
90520,3
90521,2
90522,3
90523,0
90524,3
90525,2
90526,3
90527,0
90528,0
90529,1
90530,3
90532,1
90533,0
90534,0
90535,0
90537,3
90539,0
90540,0
90542,2
90544,1
90545,2
90547,3
90549,3
90550,0
90552,0
90553,0
90554,0
90555,0
90556,0
90557,1
90558,0
90560,0
90561,0
90562,0
90563,0
90564,0
90566,0
90568,0
90570,0
90571,3
90572,2
90573,1
90574,0
90576,0
90577,0
90578,3
90579,0
90580,1
90582,1
90583,3
90584,3
90585,1
90586,0
90587,3
90588,1
90589,1
90591,0
90592,0
90594,3
90595,2
90596,3
90597,3
90598,3
90599,0
90600,1
90602,0
90603,2
90604,2
90605,0
90606,2
90607,3
90608,0
90609,0
90610,0
90611,1
90612,2
90613,0
90614,0
90615,3
90616,0
90617,0
90618,0
90619,2
90620,1
90622,2
90624,2
90625,3
90627,1
90630,2
90631,0
90634,1
90635,0
90637,3
90639,0
90640,3
90641,0
90642,3
90643,3
90644,0
90645,0
90646,1
90647,0
90649,0
90650,0
90651,0
90654,3
90655,0
90656,0
90658,3
90659,0
90660,0
90661,0
90662,3
90663,0
90664,0
90665,2
90666,0
90667,0
90668,3
90669,0
90670,3
90671,0
90672,3
90675,1
90677,0
90678,0
90680,3
90681,0
90682,0
90683,3
90684,0
90685,3
90687,3
90688,1
90689,0
90690,0
90691,3
90692,0
90693,0
90694,2
90695,3
90696,0
90697,3
90698,0
90701,0
90702,0
90703,0
90704,1
90706,0
90707,0
90708,3
90709,0
90710,1
90711,3
90712,0
90713,0
90715,3
90716,2
90717,3
90718,3
90719,0
90720,0
90721,0
90722,3
90723,3
90724,0
90725,0
90726,0
90727,3
90728,3
90729,0
90732,2
90733,3
90734,0
90736,1
90738,0
90739,0
90740,0
90741,0
90742,0
90743,3
90744,1
90745,0
90746,0
90747,0
90748,3
90749,0
90750,2
90751,2
90752,0
90753,0
90754,0
90755,0
90756,0
90757,0
90758,3
90759,0
90760,2
90763,0
90764,0
90766,2
90767,2
90768,3
90769,0
90770,3
90771,3
90773,2
90774,0
90775,3
90776,3
90778,0
90780,0
90781,0
90782,0
90783,0
90784,0
90785,0
90786,0
90787,3
90788,0
90789,3
90790,1
90791,3
90792,2
90794,3
90795,3
90796,0
90797,0
90798,0
90799,3
90801,2
90802,2
90804,3
90805,0
90806,3
90807,0
90808,3
90810,0
90811,3
90812,3
90813,3
90814,0
90815,0
90816,2
90817,0
90818,0
90819,0
90821,0
90822,3
90823,1
90825,0
90826,3
90827,1
90828,0
90829,1
90830,0
90831,3
90836,0
90837,2
90838,3
90839,0
90840,0
90843,0
90844,0
90845,0
90846,3
90849,3
90850,1
90852,0
90853,0
90854,1
90855,1
90856,3
90857,3
90858,1
90859,0
90860,0
90861,2
90862,3
90863,0
90864,1
90865,0
90866,3
90867,3
90869,2
90870,1
90873,3
90876,0
90877,0
90878,0
90879,0
90880,1
90882,3
90883,3
90884,3
90886,0
90887,0
90888,2
90889,1
90890,0
90891,0
90892,2
90893,0
90895,3
90896,0
90897,0
90898,0
90899,0
90900,0
90901,0
90903,0
90904,1
90906,3
90907,0
90908,1
90909,3
90910,3
90911,0
90913,2
90914,0
90916,0
90917,2
90920,3
90922,3
90923,2
90924,0
90926,1
90927,0
90928,1
90929,0
90931,3
90932,0
90933,3
90934,0
90935,3
90937,0
90938,0
90939,0
90940,0
90941,3
90942,3
90943,1
90946,0
90948,0
90949,0
90950,0
90952,0
90953,0
90954,0
90955,0
90956,3
90957,0
90958,0
90959,1
90960,3
90961,0
90962,3
90966,0
90967,2
90968,1
90969,0
90970,2
90971,1
90972,0
90973,0
90974,1
90977,3
90978,0
90979,0
90980,0
90982,0
90983,0
90984,0
90986,0
90987,2
90988,1
90989,0
90990,0
90991,3
90993,0
90994,3
90996,3
90997,0
90998,0
90999,0
91000,3
91001,2
91002,3
91004,0
91005,0
91006,3
91007,1
91010,3
91011,0
91013,3
91014,0
91015,0
91017,0
91018,3
91020,3
91021,3
91022,3
91023,3
91024,0
91025,3
91026,0
91027,0
91028,0
91030,0
91032,2
91033,0
91034,1
91036,0
91037,0
91039,0
91040,3
91041,0
91042,3
91043,0
91044,0
91045,3
91046,3
91048,3
91050,3
91051,3
91052,3
91053,0
91054,0
91055,0
91056,0
91057,3
91058,3
91059,0
91060,3
91061,3
91062,0
91063,0
91065,1
91066,3
91069,0
91070,3
91071,0
91072,3
91073,0
91075,2
91076,0
91077,0
91079,3
91080,0
91081,1
91084,3
91086,3
91087,0
91088,3
91090,0
91092,0
91093,3
91094,3
91096,2
91097,1
91098,0
91099,0
91100,0
91101,0
91102,0
91103,0
91104,3
91105,3
91108,0
91110,0
91111,1
91112,3
91113,3
91114,1
91115,0
91116,0
91117,0
91118,3
91119,3
91121,0
91122,1
91123,0
91124,3
91125,0
91127,0
91129,3
91130,1
91131,0
91132,2
91133,3
91134,2
91135,0
91136,3
91137,0
91138,3
91139,0
91140,0
91141,0
91142,0
91143,3
91144,3
91145,0
91146,0
91147,0
91148,3
91149,3
91151,0
91154,3
91155,0
91156,3
91157,2
91158,0
91159,1
91160,0
91161,2
91162,0
91163,0
91164,0
91166,3
91167,3
91168,0
91169,0
91172,0
91174,0
91175,0
91176,3
91178,0
91179,3
91180,3
91181,0
91182,3
91183,3
91184,0
91185,1
91186,3
91187,0
91188,0
91189,0
91190,0
91191,0
91192,3
91193,0
91194,1
91195,3
91196,0
91198,3
91200,0
91201,0
91202,0
91203,0
91204,0
91205,0
91206,3
91207,3
91208,0
91209,0
91210,0
91213,0
91214,0
91215,1
91216,0
91217,3
91218,0
91219,0
91220,3
91222,3
91223,3
91224,0
91225,3
91226,3
91227,0
91228,0
91229,3
91230,3
91231,0
91232,0
91233,3
91234,0
91235,3
91236,3
91237,2
91238,0
91239,1
91240,0
91241,3
91242,3
91243,0
91244,2
91245,0
91246,3
91247,3
91248,3
91249,0
91250,3
91251,3
91252,3
91253,3
91254,3
91256,0
91257,3
91259,0
91261,3
91262,1
91263,0
91264,0
91265,2
91266,3
91267,0
91268,2
91270,0
91271,0
91272,1
91274,0
91275,0
91276,0
91277,0
91278,3
91279,0
91280,2
91281,3
91282,0
91283,0
91285,0
91286,0
91287,0
91288,0
91289,0
91292,0
91293,0
91297,0
91298,0
91299,1
91300,0
91301,3
91302,0
91303,0
91304,3
91305,1
91306,0
91307,0
91309,0
91310,1
91311,0
91312,0
91313,2
91314,0
91315,3
91316,3
91317,3
91318,2
91319,3
91320,0
91321,0
91322,1
91323,3
91324,3
91326,0
91327,1
91328,1
91329,1
91330,0
91331,2
91332,3
91333,3
91334,3
91335,0
91336,2
91337,2
91338,0
91339,1
91340,3
91341,3
91344,3
91345,3
91346,0
91347,1
91348,2
91349,0
91350,3
91352,0
91353,1
91355,0
91357,2
91359,3
91361,3
91362,3
91363,2
91364,0
91365,0
91367,2
91368,0
91369,0
91371,3
91372,1
91373,0
91374,3
91375,0
91376,2
91377,0
91379,1
91380,0
91381,3
91382,0
91383,0
91384,0
91385,3
91386,2
91387,0
91388,0
91389,0
91390,3
91391,1
91395,3
91396,0
91398,0
91399,0
91400,1
91401,1
91402,1
91403,1
91404,3
91405,0
91407,0
91408,0
91409,1
91410,3
91411,3
91412,0
91413,0
91414,1
91415,2
91416,0
91417,0
91418,3
91421,1
91422,0
91423,3
91424,0
91425,3
91426,0
91429,3
91430,0
91431,0
91432,0
91436,1
91437,2
91438,1
91439,0
91440,0
91441,2
91442,0
91444,3
91446,1
91448,2
91449,0
91450,2
91451,3
91452,0
91453,0
91454,0
91455,3
91456,0
91457,3
91458,1
91459,0
91460,0
91461,0
91464,0
91465,0
91466,0
91467,1
91468,0
91469,3
91470,3
91472,0
91473,0
91474,3
91475,3
91476,0
91477,0
91478,3
91479,0
91480,3
91481,3
91482,2
91483,0
91485,0
91487,0
91488,3
91489,0
91493,3
91494,0
91495,3
91496,3
91497,0
91498,1
91500,0
91501,0
91502,3
91503,3
91504,3
91505,1
91507,3
91508,3
91510,0
91511,2
91512,0
91513,0
91514,0
91515,1
91516,2
91518,3
91519,0
91520,0
91521,0
91522,3
91523,0
91525,1
91526,0
91527,0
91529,3
91530,0
91532,3
91533,0
91538,0
91539,3
91540,0
91541,1
91543,0
91544,3
91545,1
91546,3
91547,3
91549,0
91550,0
91551,0
91553,3
91554,0
91556,0
91557,3
91558,0
91560,0
91561,3
91562,0
91563,1
91564,1
91565,0
91566,3
91567,0
91568,3
91570,0
91571,2
91574,0
91575,0
91578,0
91579,0
91580,3
91581,3
91582,0
91583,1
91584,1
91585,0
91586,0
91587,0
91589,3
91592,0
91594,3
91597,0
91598,2
91599,1
91600,0
91601,0
91602,3
91603,2
91604,0
91605,2
91606,0
91608,1
91609,1
91610,0
91611,3
91612,0
91613,0
91615,0
91617,0
91618,3
91620,1
91621,3
91622,2
91623,2
91624,3
91625,3
91626,0
91627,0
91628,0
91630,1
91631,0
91632,0
91635,3
91638,3
91639,3
91640,0
91641,2
91642,3
91644,0
91646,0
91647,0
91649,1
91650,3
91651,3
91652,1
91653,2
91654,2
91655,3
91656,1
91657,2
91658,3
91659,0
91660,0
91661,0
91664,3
91665,3
91666,0
91667,2
91668,3
91669,0
91670,1
91671,3
91672,3
91673,0
91674,0
91676,0
91677,0
91678,3
91679,0
91680,1
91681,2
91682,0
91683,3
91684,0
91685,3
91686,3
91687,3
91688,1
91689,0
91690,0
91691,3
91692,0
91693,3
91694,0
91696,0
91697,0
91698,3
91699,1
91701,1
91702,3
91703,3
91704,0
91707,1
91708,0
91709,0
91710,2
91711,0
91712,0
91713,3
91714,0
91715,0
91716,1
91717,0
91718,3
91719,3
91720,0
91721,3
91723,0
91724,1
91725,0
91726,0
91727,1
91728,1
91729,2
91730,0
91731,0
91732,0
91733,0
91735,3
91737,2
91738,0
91739,0
91740,0
91741,3
91742,0
91743,2
91744,0
91745,0
91746,0
91747,0
91748,3
91751,3
91753,3
91754,0
91756,0
91758,0
91760,0
91761,0
91762,0
91763,0
91764,3
91765,0
91766,1
91767,0
91768,3
91770,3
91771,0
91772,0
91773,0
91774,0
91775,0
91776,0
91777,1
91778,3
91779,1
91780,0
91781,1
91782,3
91783,3
91784,3
91785,0
91787,3
91788,0
91790,3
91791,0
91793,3
91794,0
91795,1
91796,3
91797,0
91798,2
91800,0
91801,0
91802,3
91803,0
91804,0
91805,3
91806,0
91807,3
91808,1
91809,3
91810,0
91811,0
91812,1
91813,2
91815,2
91816,3
91817,0
91819,0
91820,3
91821,3
91822,0
91823,1
91825,3
91826,3
91827,1
91828,0
91829,0
91831,2
91832,3
91833,3
91834,1
91835,2
91837,0
91838,3
91842,2
91843,3
91844,0
91845,2
91846,0
91848,0
91849,1
91850,2
91851,2
91852,0
91853,3
91854,0
91855,1
91856,3
91857,0
91858,2
91861,3
91862,3
91863,3
91864,3
91866,2
91868,3
91869,1
91870,0
91871,1
91872,3
91873,0
91874,3
91875,2
91876,1
91877,3
91878,0
91879,1
91880,0
91881,0
91882,0
91883,0
91884,0
91885,3
91886,0
91887,0
91888,2
91889,0
91890,0
91891,0
91892,3
91894,3
91896,0
91898,3
91899,0
91900,2
91901,1
91902,0
91903,3
91904,0
91905,2
91907,3
91908,0
91909,0
91910,0
91911,0
91912,0
91913,2
91914,3
91915,0
91916,3
91917,0
91918,0
91919,1
91920,2
91921,3
91922,0
91924,3
91926,1
91927,0
91928,0
91929,0
91930,2
91931,3
91933,3
91934,0
91935,2
91936,3
91937,3
91938,0
91939,3
91941,3
91942,1
91943,3
91944,3
91945,0
91947,2
91948,3
91951,0
91953,0
91954,1
91955,0
91956,0
91957,3
91958,0
91960,0
91961,0
91962,0
91963,0
91964,0
91965,1
91967,0
91968,3
91969,3
91970,3
91971,3
91972,0
91974,3
91976,3
91977,0
91978,0
91979,0
91981,0
91982,3
91983,0
91984,0
91986,3
91987,0
91989,0
91990,0
91991,0
91992,3
91993,3
91994,0
91998,2
92000,0
92001,3
92002,2
92003,2
92004,3
92006,0
92007,1
92008,0
92009,3
92010,0
92012,3
92013,0
92014,3
92017,1
92018,0
92020,0
92022,0
92023,0
92025,3
92026,0
92027,0
92028,2
92031,2
92032,1
92033,0
92035,0
92037,1
92038,3
92039,1
92040,0
92041,2
92042,2
92043,3
92044,0
92045,0
92046,0
92047,0
92048,2
92049,1
92050,0
92051,0
92052,3
92053,3
92054,3
92055,3
92056,2
92057,0
92058,3
92060,0
92061,0
92062,0
92064,3
92065,3
92066,3
92068,0
92070,0
92071,0
92072,0
92073,1
92075,3
92076,0
92077,3
92078,0
92079,0
92082,1
92083,0
92084,2
92085,3
92087,0
92088,0
92089,2
92090,1
92091,3
92092,1
92093,0
92094,3
92095,0
92096,0
92097,1
92098,0
92100,3
92102,0
92103,0
92104,0
92105,0
92106,0
92107,0
92108,0
92109,2
92110,0
92111,3
92112,1
92113,0
92114,3
92115,0
92116,3
92117,0
92119,2
92120,0
92121,2
92122,2
92123,3
92124,3
92125,0
92127,0
92129,1
92131,0
92133,0
92134,3
92135,3
92136,0
92137,3
92138,0
92141,1
92144,0
92145,3
92146,3
92147,3
92148,0
92149,3
92150,3
92151,3
92152,0
92153,0
92154,3
92155,0
92156,0
92157,1
92158,3
92159,0
92160,3
92161,3
92162,0
92163,0
92164,3
92165,1
92166,0
92168,0
92169,3
92170,3
92171,0
92172,1
92173,3
92174,3
92175,2
92176,0
92177,0
92178,2
92179,3
92180,0
92182,0
92183,0
92184,0
92185,0
92186,0
92187,0
92189,0
92190,0
92191,2
92193,0
92194,0
92197,3
92198,0
92199,2
92200,3
92201,0
92202,0
92204,0
92205,1
92207,0
92208,0
92209,3
92211,3
92212,2
92213,0
92216,0
92217,0
92218,3
92219,0
92220,0
92221,0
92222,0
92223,3
92225,0
92226,0
92227,0
92228,3
92229,1
92230,0
92231,0
92232,2
92233,0
92234,3
92235,0
92236,0
92237,0
92238,1
92239,0
92240,0
92241,2
92242,0
92244,1
92246,3
92247,3
92248,0
92250,0
92251,0
92252,1
92254,2
92255,0
92257,0
92258,2
92259,0
92260,3
92261,2
92262,3
92265,3
92266,3
92267,0
92269,0
92270,0
92272,0
92274,3
92276,0
92277,1
92278,0
92279,3
92280,3
92281,1
92282,2
92284,1
92286,0
92287,3
92289,1
92291,0
92293,1
92294,2
92295,1
92297,1
92298,1
92299,2
92300,0
92301,2
92302,0
92303,3
92304,0
92305,1
92306,3
92307,2
92308,3
92310,1
92312,3
92313,1
92314,3
92315,3
92316,0
92317,2
92318,3
92319,0
92320,0
92321,0
92322,0
92323,0
92324,0
92327,0
92329,2
92330,3
92332,3
92334,0
92335,0
92336,0
92337,0
92339,1
92342,0
92343,3
92344,2
92345,3
92346,3
92347,0
92348,2
92349,1
92350,0
92351,3
92352,0
92353,0
92355,1
92356,0
92357,3
92359,3
92360,0
92362,3
92363,0
92364,0
92365,1
92366,0
92367,2
92368,0
92369,0
92370,0
92371,0
92372,3
92373,1
92374,3
92375,1
92376,3
92377,3
92379,0
92380,3
92381,0
92382,0
92383,3
92384,0
92386,3
92387,0
92388,0
92389,0
92390,0
92391,2
92393,2
92395,3
92396,0
92397,0
92398,3
92400,3
92401,3
92403,0
92405,0
92406,3
92407,0
92408,0
92409,0
92411,0
92412,0
92413,0
92414,0
92415,0
92416,0
92417,1
92418,3
92419,0
92420,3
92421,0
92422,0
92423,0
92424,0
92425,0
92426,3
92427,1
92428,3
92429,0
92430,0
92431,0
92432,2
92433,0
92434,0
92435,2
92437,3
92438,0
92440,3
92441,2
92442,3
92443,3
92446,3
92447,0
92448,0
92449,3
92450,0
92451,2
92452,0
92453,0
92456,0
92457,3
92458,0
92460,3
92461,2
92463,2
92465,0
92466,0
92468,0
92470,0
92471,0
92472,0
92473,0
92474,2
92476,0
92477,1
92478,0
92479,0
92480,1
92481,0
92482,3
92483,3
92484,2
92485,3
92486,0
92487,0
92488,1
92489,0
92490,2
92491,3
92492,0
92494,3
92496,0
92497,0
92498,0
92499,0
92501,1
92502,1
92503,0
92505,0
92506,3
92507,0
92508,3
92509,3
92510,0
92511,0
92512,0
92513,3
92514,0
92516,2
92518,2
92519,0
92520,0
92521,3
92522,0
92523,0
92524,0
92527,1
92529,0
92530,2
92531,2
92532,0
92533,3
92534,1
92535,0
92536,0
92537,0
92538,0
92539,3
92540,3
92541,3
92542,3
92543,0
92544,0
92546,3
92548,3
92549,1
92550,0
92551,0
92552,0
92556,1
92557,0
92559,0
92560,1
92561,2
92563,0
92564,0
92565,3
92566,3
92569,2
92570,3
92571,3
92573,0
92574,0
92575,1
92576,0
92577,0
92579,0
92580,0
92581,2
92582,0
92584,3
92585,0
92587,0
92588,3
92589,3
92590,1
92591,3
92592,0
92593,1
92594,0
92595,0
92598,0
92599,0
92601,3
92604,0
92605,3
92606,0
92607,3
92608,0
92610,0
92611,1
92612,0
92613,2
92614,1
92615,0
92616,0
92618,0
92620,0
92623,2
92624,2
92626,2
92627,0
92628,0
92629,3
92630,3
92631,0
92632,0
92633,0
92635,1
92636,3
92637,0
92638,0
92640,0
92641,3
92642,3
92643,1
92644,1
92645,0
92646,0
92647,3
92649,3
92650,0
92651,0
92652,3
92653,2
92654,3
92656,3
92657,3
92658,0
92659,3
92660,3
92661,0
92662,2
92663,0
92664,3
92665,0
92666,3
92667,3
92670,2
92671,0
92672,0
92673,0
92674,0
92675,3
92676,0
92677,3
92678,3
92679,3
92680,3
92682,0
92684,1
92685,3
92686,0
92687,3
92688,0
92689,0
92690,0
92691,3
92692,0
92693,0
92694,3
92695,0
92696,2
92697,0
92698,3
92699,3
92704,0
92705,0
92706,2
92708,3
92709,3
92711,3
92712,0
92713,0
92714,0
92715,0
92716,0
92717,0
92718,0
92719,0
92720,1
92721,3
92722,0
92723,0
92724,3
92726,1
92728,0
92729,3
92730,3
92731,3
92732,1
92733,0
92735,0
92736,3
92741,2
92742,1
92743,1
92744,2
92745,0
92746,0
92747,0
92748,3
92749,3
92751,0
92752,2
92754,3
92755,2
92756,0
92757,0
92758,0
92759,2
92762,2
92764,2
92765,0
92766,0
92767,2
92768,1
92769,0
92770,3
92771,0
92772,0
92773,0
92774,3
92775,0
92776,0
92777,3
92778,2
92779,3
92780,1
92781,3
92782,3
92783,0
92784,2
92785,3
92786,3
92787,1
92788,3
92790,3
92792,0
92793,3
92794,0
92795,0
92797,0
92798,3
92799,0
92800,3
92801,2
92802,0
92803,0
92804,0
92806,0
92807,0
92808,1
92809,3
92813,0
92814,0
92815,0
92816,0
92817,3
92818,1
92819,0
92820,0
92821,3
92822,0
92823,2
92824,3
92825,3
92826,0
92827,0
92828,0
92829,0
92830,0
92831,0
92832,0
92833,0
92834,0
92835,0
92836,0
92837,1
92838,3
92839,3
92840,0
92841,0
92842,2
92843,3
92844,1
92845,0
92846,0
92847,3
92849,0
92850,0
92851,0
92852,1
92855,3
92856,0
92857,1
92858,3
92860,3
92861,0
92862,3
92863,0
92865,3
92867,0
92868,0
92869,0
92872,2
92873,0
92874,3
92875,2
92876,0
92877,2
92878,3
92879,3
92880,3
92881,3
92882,3
92883,1
92884,0
92885,0
92886,0
92888,0
92889,0
92890,0
92891,3
92892,0
92893,1
92894,2
92895,0
92896,0
92897,3
92898,2
92899,0
92900,3
92901,0
92902,3
92903,0
92904,0
92905,0
92906,0
92907,0
92908,0
92909,3
92910,1
92911,0
92912,0
92913,3
92914,0
92915,0
92918,2
92919,0
92920,3
92921,0
92922,3
92923,2
92924,3
92925,0
92926,0
92927,0
92928,0
92929,0
92930,0
92932,2
92934,3
92936,0
92937,0
92939,0
92940,0
92943,0
92944,0
92945,1
92947,3
92949,3
92952,0
92953,1
92954,3
92955,3
92956,0
92957,3
92958,3
92959,0
92960,3
92961,0
92963,3
92964,1
92965,0
92967,3
92968,0
92969,0
92970,2
92971,3
92972,3
92973,2
92974,2
92975,0
92976,0
92977,3
92978,2
92979,2
92981,1
92982,0
92983,0
92984,0
92985,0
92987,0
92988,1
92991,0
92992,3
92993,0
92994,3
92996,3
92997,3
92998,0
92999,0
93000,0
93001,3
93002,3
93004,1
93005,0
93008,0
93009,0
93010,3
93011,3
93012,0
93013,0
93014,3
93015,0
93016,0
93017,3
93020,3
93021,0
93022,3
93023,0
93024,1
93026,3
93027,3
93028,2
93031,3
93032,3
93033,1
93034,0
93035,1
93037,3
93038,3
93039,0
93040,3
93042,2
93043,3
93044,0
93045,0
93047,3
93048,2
93052,0
93053,1
93055,3
93056,2
93059,0
93061,2
93062,1
93063,1
93064,2
93065,0
93066,1
93067,1
93068,3
93069,0
93070,3
93071,0
93073,3
93075,2
93076,1
93077,1
93078,3
93080,0
93081,0
93082,0
93083,0
93084,0
93086,0
93087,0
93088,3
93091,0
93092,0
93094,0
93095,0
93096,3
93098,3
93099,0
93100,0
93101,0
93102,0
93104,3
93105,1
93106,0
93108,0
93109,3
93110,3
93111,1
93112,0
93113,2
93114,0
93115,1
93116,0
93117,3
93118,1
93119,3
93120,0
93121,1
93122,0
93123,3
93124,3
93125,0
93126,0
93129,0
93130,1
93133,3
93134,1
93136,1
93137,0
93140,2
93141,0
93142,0
93143,3
93145,3
93147,1
93148,3
93149,0
93150,2
93151,3
93152,3
93153,1
93154,3
93156,1
93158,3
93159,0
93160,0
93163,0
93164,0
93166,3
93167,3
93168,1
93169,0
93170,2
93171,0
93172,0
93174,0
93175,3
93176,1
93177,0
93178,0
93179,2
93180,3
93181,0
93183,3
93187,0
93188,2
93189,0
93191,0
93192,0
93193,0
93194,3
93197,0
93198,0
93199,1
93203,3
93204,3
93205,0
93206,3
93207,2
93208,0
93209,0
93210,3
93211,3
93212,0
93213,0
93214,0
93215,0
93216,0
93217,0
93218,3
93219,1
93220,0
93221,2
93222,0
93224,0
93225,2
93226,3
93227,0
93228,0
93229,3
93230,0
93231,2
93232,1
93233,0
93234,1
93235,0
93236,1
93237,1
93238,3
93240,0
93244,0
93246,1
93249,3
93250,0
93251,0
93252,3
93253,0
93254,1
93255,0
93256,3
93257,0
93258,2
93259,0
93261,0
93262,3
93263,3
93264,0
93265,1
93266,3
93267,0
93270,3
93271,0
93272,0
93273,0
93274,0
93275,0
93277,3
93278,3
93279,0
93280,3
93281,0
93282,0
93283,0
93284,3
93285,0
93286,0
93287,0
93289,0
93290,1
93291,2
93292,0
93293,0
93294,0
93295,1
93296,0
93297,0
93298,0
93299,0
93300,3
93301,3
93303,1
93305,3
93306,0
93307,0
93308,0
93309,2
93310,2
93311,0
93312,3
93313,0
93314,3
93315,0
93316,0
93317,2
93319,3
93320,0
93321,0
93322,3
93323,2
93324,0
93325,0
93326,1
93327,0
93328,0
93329,0
93330,0
93331,0
93332,1
93333,0
93334,0
93336,0
93337,0
93338,0
93339,0
93341,3
93343,0
93344,0
93345,3
93347,0
93348,3
93351,0
93352,3
93353,0
93354,0
93355,0
93356,3
93357,3
93358,0
93359,0
93360,3
93361,0
93362,0
93365,0
93366,3
93367,3
93369,0
93370,3
93371,3
93374,0
93375,0
93376,0
93377,3
93378,0
93379,3
93380,0
93381,1
93382,0
93383,3
93384,0
93385,3
93386,0
93387,0
93388,0
93389,0
93390,2
93391,3
93392,0
93394,3
93395,3
93396,0
93398,0
93399,3
93400,0
93401,3
93402,0
93403,0
93404,3
93405,1
93406,0
93408,3
93409,0
93410,2
93411,0
93412,3
93413,3
93414,3
93415,3
93418,2
93419,0
93420,1
93421,3
93422,0
93423,2
93424,0
93425,3
93426,0
93428,0
93429,0
93430,3
93431,0
93432,3
93433,0
93434,0
93435,0
93436,3
93437,0
93439,3
93440,0
93441,0
93442,1
93443,2
93444,0
93446,1
93447,1
93449,0
93451,2
93453,2
93456,0
93459,0
93460,3
93461,3
93462,3
93463,2
93464,3
93465,0
93466,0
93468,0
93469,3
93470,0
93471,3
93472,0
93474,1
93475,0
93476,0
93477,0
93478,0
93481,0
93482,0
93484,3
93485,3
93486,0
93487,0
93488,0
93489,0
93490,3
93491,2
93492,0
93493,0
93494,3
93495,0
93496,3
93498,0
93499,3
93500,0
93502,3
93503,0
93505,0
93506,1
93507,0
93508,3
93509,3
93510,2
93512,0
93513,3
93515,3
93516,0
93517,0
93518,0
93519,3
93521,0
93522,3
93523,2
93524,2
93525,0
93526,2
93527,3
93528,2
93533,3
93534,3
93535,0
93536,0
93537,0
93539,0
93540,3
93541,3
93542,1
93543,3
93544,2
93545,0
93546,0
93547,2
93548,0
93549,3
93550,0
93551,3
93552,0
93553,3
93555,3
93559,0
93560,1
93561,0
93562,0
93563,0
93564,0
93566,0
93567,0
93568,0
93569,0
93570,0
93571,0
93572,0
93574,0
93575,3
93577,1
93578,0
93579,0
93580,3
93582,0
93583,3
93584,0
93585,0
93586,0
93587,0
93588,3
93589,0
93590,0
93591,3
93592,0
93593,2
93594,1
93595,0
93597,0
93598,1
93599,3
93601,1
93602,3
93604,2
93605,0
93607,0
93608,0
93609,3
93610,0
93611,0
93612,0
93613,0
93614,3
93615,0
93616,2
93617,2
93618,3
93619,0
93620,1
93621,0
93622,0
93623,3
93624,0
93627,3
93628,0
93629,0
93630,0
93631,0
93632,2
93633,0
93634,3
93635,0
93636,3
93637,0
93638,1
93639,2
93640,2
93641,3
93642,0
93643,2
93644,0
93645,0
93646,2
93647,3
93649,0
93650,3
93651,2
93652,0
93653,3
93654,0
93656,0
93657,1
93658,3
93659,0
93660,3
93661,1
93662,0
93663,3
93664,1
93665,0
93667,0
93668,0
93669,0
93670,0
93671,0
93673,0
93675,0
93676,1
93677,0
93678,0
93679,0
93680,0
93681,0
93683,0
93684,3
93685,0
93686,0
93687,3
93688,0
93689,2
93690,0
93691,3
93692,0
93693,0
93694,2
93695,0
93696,2
93697,3
93699,3
93700,0
93701,0
93703,2
93704,0
93705,2
93706,3
93707,1
93708,0
93709,0
93712,0
93713,0
93714,3
93715,3
93716,0
93718,0
93721,0
93722,0
93724,3
93725,3
93726,3
93727,0
93728,0
93729,1
93734,2
93735,0
93736,3
93737,3
93738,1
93739,0
93741,3
93742,3
93743,0
93744,2
93745,2
93746,2
93750,0
93751,0
93752,2
93753,1
93754,0
93755,0
93756,1
93757,0
93759,3
93761,3
93762,3
93763,3
93765,3
93766,3
93767,0
93768,0
93769,1
93770,0
93771,2
93772,1
93774,0
93776,2
93777,3
93779,3
93780,0
93781,2
93782,3
93783,3
93784,3
93786,0
93787,3
93788,2
93789,0
93790,0
93791,3
93792,3
93794,0
93795,0
93796,3
93797,2
93798,0
93799,0
93800,0
93802,0
93803,3
93807,3
93808,2
93809,3
93810,0
93811,0
93812,3
93813,0
93815,3
93816,0
93817,0
93820,1
93823,0
93825,1
93826,0
93828,3
93829,0
93830,3
93831,1
93832,0
93833,1
93835,3
93836,0
93837,3
93839,3
93840,3
93841,2
93843,3
93844,3
93845,0
93846,3
93847,1
93849,0
93850,0
93851,3
93852,0
93853,0
93854,0
93855,3
93856,3
93858,0
93859,2
93860,3
93861,3
93862,1
93864,1
93866,0
93867,1
93868,3
93869,3
93870,0
93871,0
93872,0
93873,1
93875,2
93876,2
93877,3
93878,0
93879,3
93880,3
93881,2
93882,2
93884,1
93886,0
93887,3
93888,3
93889,0
93890,3
93892,1
93893,1
93894,0
93895,2
93896,0
93897,3
93898,2
93899,0
93900,0
93903,0
93904,2
93905,0
93906,3
93907,0
93908,1
93909,3
93911,0
93912,1
93913,3
93914,2
93915,0
93916,2
93917,0
93918,3
93919,2
93921,2
93922,0
93923,0
93925,2
93928,3
93930,3
93931,2
93932,3
93933,3
93934,3
93935,0
93936,2
93937,3
93938,3
93939,0
93940,0
93941,3
93942,3
93944,3
93945,0
93946,0
93948,3
93949,3
93951,3
93952,0
93953,0
93954,3
93955,0
93956,0
93957,0
93958,3
93960,1
93961,2
93962,3
93963,0
93964,0
93965,3
93966,0
93968,3
93969,0
93971,0
93972,0
93973,2
93974,0
93975,3
93976,0
93977,0
93978,0
93979,0
93980,3
93981,3
93982,3
93984,0
93985,3
93986,3
93987,0
93988,3
93989,0
93990,0
93992,2
93993,0
93995,3
93996,1
93997,2
93998,3
94001,0
94003,0
94004,3
94005,0
94006,2
94007,0
94009,2
94011,0
94012,2
94013,3
94014,0
94016,2
94017,1
94020,0
94021,1
94023,0
94026,0
94028,3
94029,3
94032,3
94035,3
94037,0
94039,1
94040,0
94041,3
94043,0
94044,3
94047,0
94048,0
94049,3
94051,2
94052,0
94053,1
94055,0
94056,0
94057,0
94058,0
94059,0
94060,3
94061,2
94062,2
94063,0
94064,3
94066,0
94070,3
94071,0
94072,2
94073,0
94074,3
94075,1
94076,3
94077,0
94079,0
94080,3
94081,1
94082,0
94083,0
94084,0
94085,2
94086,2
94087,3
94088,0
94089,1
94090,0
94091,3
94092,3
94093,0
94095,2
94096,0
94098,1
94099,0
94100,0
94101,0
94103,0
94104,2
94106,1
94109,3
94110,0
94111,0
94112,0
94114,3
94115,3
94116,0
94119,0
94120,0
94121,0
94122,0
94123,1
94124,0
94125,0
94126,0
94127,1
94128,2
94129,0
94131,0
94132,0
94133,0
94134,0
94135,0
94136,3
94138,0
94139,0
94141,1
94142,3
94143,0
94144,0
94145,0
94147,3
94148,3
94149,3
94150,0
94151,0
94152,0
94153,0
94154,3
94155,0
94158,2
94159,0
94164,3
94165,0
94166,0
94167,0
94168,0
94169,3
94170,2
94171,0
94172,0
94174,1
94175,3
94176,0
94177,0
94178,3
94179,3
94180,1
94181,1
94182,1
94183,0
94184,0
94185,0
94186,2
94187,0
94188,0
94191,0
94192,3
94194,0
94195,0
94196,1
94197,0
94198,0
94199,3
94201,3
94203,0
94204,1
94205,1
94206,3
94207,1
94208,0
94209,1
94210,0
94211,3
94212,0
94214,0
94215,1
94216,0
94217,0
94218,0
94219,1
94220,0
94221,2
94222,0
94223,0
94224,3
94226,3
94227,0
94228,1
94229,0
94230,2
94231,0
94232,3
94233,0
94234,0
94235,0
94237,0
94238,2
94239,0
94240,0
94241,0
94242,0
94243,0
94244,0
94245,3
94247,0
94248,0
94249,3
94250,0
94251,3
94252,0
94253,0
94254,0
94255,3
94256,0
94257,0
94259,3
94260,0
94261,2
94262,3
94263,3
94265,3
94266,3
94267,0
94268,2
94269,0
94270,1
94271,0
94272,3
94273,0
94275,0
94276,0
94279,3
94280,0
94281,0
94282,0
94283,0
94284,3
94285,0
94286,3
94287,0
94289,0
94290,3
94291,3
94292,0
94294,0
94296,1
94297,2
94298,0
94299,3
94300,2
94301,0
94302,2
94305,3
94306,1
94307,0
94309,0
94310,0
94311,3
94312,0
94313,3
94314,3
94315,2
94316,1
94317,3
94318,0
94319,1
94321,3
94323,1
94324,0
94325,3
94327,3
94328,1
94330,3
94334,3
94335,1
94336,0
94337,3
94338,2
94339,3
94340,1
94341,1
94342,0
94343,3
94344,0
94345,0
94346,0
94347,0
94348,0
94349,3
94350,0
94351,0
94353,0
94354,0
94355,0
94356,3
94357,1
94358,3
94360,3
94361,0
94362,0
94363,1
94364,0
94365,3
94366,3
94367,3
94368,0
94369,0
94370,0
94371,3
94372,2
94374,2
94375,0
94376,3
94377,1
94378,0
94380,3
94381,2
94382,2
94386,3
94387,0
94388,3
94389,0
94390,0
94391,0
94394,1
94395,3
94396,0
94397,1
94398,3
94399,1
94400,3
94401,0
94402,3
94403,0
94406,0
94407,0
94408,0
94409,1
94410,0
94412,2
94413,3
94414,0
94415,0
94416,0
94417,1
94418,1
94419,2
94420,0
94421,0
94422,3
94423,0
94424,0
94425,0
94426,2
94427,3
94429,3
94435,3
94436,0
94437,0
94438,0
94439,0
94441,3
94442,3
94443,0
94445,0
94446,0
94447,2
94448,3
94449,2
94450,0
94451,1
94452,0
94454,1
94456,1
94457,0
94458,3
94460,2
94461,3
94462,0
94463,0
94464,3
94465,0
94466,3
94467,0
94468,1
94469,0
94470,0
94472,3
94473,3
94474,0
94475,2
94476,1
94477,0
94478,0
94479,2
94480,0
94482,0
94483,2
94485,1
94486,3
94487,0
94490,1
94491,1
94492,1
94494,3
94495,3
94496,0
94497,0
94498,0
94500,3
94501,3
94502,0
94503,3
94505,1
94506,0
94507,0
94508,0
94509,1
94510,0
94511,0
94512,2
94513,0
94514,3
94515,1
94516,2
94517,2
94519,0
94520,3
94521,0
94522,0
94524,0
94526,0
94527,0
94528,3
94529,0
94531,0
94533,1
94535,0
94536,1
94537,2
94540,3
94541,0
94542,1
94543,1
94544,3
94546,0
94547,3
94548,1
94550,0
94551,0
94552,0
94553,0
94554,3
94555,1
94556,1
94557,3
94559,0
94560,3
94561,3
94562,2
94563,0
94564,1
94565,0
94566,1
94567,0
94568,2
94569,2
94570,0
94571,0
94573,2
94574,3
94575,0
94576,0
94577,0
94580,0
94581,0
94582,3
94583,0
94585,2
94586,1
94588,3
94589,0
94592,0
94593,0
94595,0
94596,0
94597,0
94599,0
94600,0
94602,3
94604,0
94605,3
94606,0
94607,3
94609,3
94610,3
94611,3
94612,0
94613,0
94617,0
94618,0
94619,0
94620,0
94622,0
94624,1
94625,0
94626,0
94627,1
94628,3
94629,3
94630,1
94631,2
94632,0
94633,0
94634,3
94635,3
94636,2
94638,0
94639,0
94640,0
94641,0
94642,0
94643,2
94644,3
94645,1
94646,2
94648,0
94649,1
94650,1
94651,3
94652,3
94653,1
94654,3
94655,1
94656,0
94657,1
94658,0
94659,1
94660,3
94661,0
94662,0
94663,0
94665,0
94666,3
94667,1
94669,0
94671,0
94672,0
94673,0
94674,1
94675,3
94676,2
94677,1
94680,3
94681,0
94683,0
94685,0
94686,2
94688,3
94690,3
94692,3
94693,0
94694,0
94696,0
94697,0
94698,3
94699,1
94700,0
94701,3
94702,0
94703,0
94704,0
94705,0
94706,3
94707,3
94708,1
94709,2
94711,2
94712,3
94713,0
94714,0
94715,0
94716,3
94720,0
94721,3
94722,0
94723,3
94724,0
94726,0
94728,2
94729,0
94730,0
94731,3
94732,1
94733,0
94738,0
94739,3
94740,0
94741,0
94742,0
94743,3
94744,0
94745,0
94746,0
94747,0
94748,3
94749,0
94750,3
94751,0
94752,0
94753,3
94754,1
94755,2
94756,3
94757,2
94758,3
94759,0
94760,0
94762,0
94763,0
94764,0
94765,0
94766,0
94770,3
94772,3
94774,0
94775,3
94776,0
94777,3
94778,1
94779,1
94780,3
94781,1
94782,0
94783,3
94784,3
94785,0
94786,1
94787,0
94788,0
94789,2
94790,2
94791,0
94792,0
94793,3
94794,0
94795,3
94796,2
94797,2
94798,3
94799,1
94801,3
94802,1
94804,3
94805,0
94806,0
94807,2
94809,3
94810,3
94811,0
94812,1
94813,2
94814,0
94816,3
94817,0
94819,3
94820,3
94821,0
94824,3
94825,1
94826,1
94827,2
94828,0
94829,3
94830,1
94831,0
94832,1
94833,0
94835,3
94837,2
94838,0
94839,0
94840,0
94842,0
94843,3
94844,3
94845,1
94846,0
94848,1
94849,0
94850,3
94851,0
94853,1
94854,2
94855,0
94856,0
94857,0
94858,2
94859,0
94860,3
94861,0
94862,3
94863,3
94864,1
94865,1
94866,3
94867,0
94868,0
94869,3
94871,0
94872,3
94874,3
94876,3
94878,3
94880,3
94882,0
94883,3
94884,1
94885,0
94886,3
94887,0
94888,0
94889,3
94890,0
94891,1
94892,3
94893,0
94894,0
94895,3
94896,3
94897,0
94898,1
94899,0
94900,1
94902,0
94905,3
94906,3
94907,3
94908,0
94909,3
94911,0
94912,2
94913,0
94915,0
94916,3
94917,0
94918,3
94920,0
94923,0
94925,3
94926,3
94927,3
94929,0
94930,0
94931,1
94932,2
94933,0
94935,3
94938,0
94939,0
94940,3
94942,0
94943,0
94944,0
94945,2
94948,0
94949,2
94950,3
94951,0
94952,2
94953,1
94954,0
94955,0
94956,1
94957,3
94958,2
94960,0
94961,0
94962,1
94963,1
94965,0
94966,2
94968,1
94969,0
94970,2
94971,2
94974,0
94977,3
94978,0
94979,0
94980,0
94981,1
94982,3
94983,1
94984,0
94986,0
94987,3
94990,0
94992,3
94993,0
94995,0
94996,2
94997,1
94998,3
94999,3
95000,0
95001,3
95002,0
95003,3
95004,2
95006,0
95007,0
95009,0
95011,0
95012,3
95013,0
95014,0
95015,1
95016,2
95017,0
95018,3
95019,0
95021,2
95024,1
95025,0
95026,0
95027,2
95030,3
95031,0
95033,0
95034,1
95035,0
95036,3
95037,0
95038,0
95039,0
95040,0
95041,3
95042,3
95043,3
95044,3
95045,3
95046,3
95047,3
95048,3
95050,0
95051,1
95053,3
95056,3
95057,0
95058,0
95059,3
95060,3
95061,3
95062,0
95063,2
95064,3
95065,2
95066,1
95067,0
95068,0
95069,3
95070,0
95072,3
95073,0
95074,0
95076,3
95078,1
95079,1
95080,3
95081,0
95082,0
95083,1
95084,3
95085,0
95086,0
95087,3
95089,0
95091,0
95092,1
95093,3
95095,0
95096,3
95097,3
95098,1
95099,3
95100,3
95101,0
95102,3
95103,0
95104,0
95105,0
95106,0
95107,3
95108,0
95109,0
95110,0
95111,0
95112,0
95114,0
95115,2
95116,1
95117,0
95118,2
95119,0
95120,3
95121,3
95122,3
95123,1
95124,0
95126,3
95127,3
95128,0
95129,0
95130,1
95131,1
95132,3
95133,0
95134,0
95136,0
95137,1
95138,3
95139,3
95140,1
95141,3
95142,3
95143,2
95144,0
95146,0
95147,3
95149,0
95150,0
95151,0
95152,0
95154,0
95155,0
95156,3
95159,3
95160,0
95161,0
95162,0
95163,0
95164,3
95165,3
95166,0
95167,0
95168,3
95169,0
95170,0
95172,0
95173,3
95174,0
95175,0
95177,2
95178,3
95179,0
95180,3
95181,0
95182,0
95183,0
95184,0
95185,2
95187,3
95188,3
95190,3
95192,0
95193,3
95194,1
95195,2
95196,1
95197,3
95198,0
95199,1
95201,0
95202,0
95203,0
95204,0
95205,3
95207,1
95209,1
95211,3
95214,2
95215,3
95216,0
95217,0
95218,3
95219,3
95220,0
95222,1
95223,3
95224,3
95225,0
95226,3
95227,2
95228,0
95229,3
95230,0
95232,0
95234,0
95235,3
95236,0
95237,0
95238,3
95239,0
95240,0
95241,0
95244,0
95246,3
95247,0
95248,2
95250,2
95251,0
95252,0
95253,3
95254,3
95255,1
95257,3
95260,3
95261,0
95262,0
95264,0
95265,0
95267,2
95268,0
95270,0
95271,0
95272,3
95273,0
95274,0
95275,0
95276,0
95278,2
95279,0
95281,0
95282,0
95283,3
95285,1
95286,0
95287,3
95288,1
95289,0
95290,0
95291,0
95293,3
95295,0
95296,3
95297,3
95298,3
95300,1
95303,0
95304,3
95305,0
95308,0
95310,2
95311,3
95312,0
95313,3
95314,3
95315,0
95316,0
95317,3
95318,0
95320,0
95321,0
95322,0
95323,0
95325,1
95326,1
95327,3
95328,1
95329,0
95330,3
95332,3
95333,3
95334,2
95335,0
95336,1
95338,0
95339,2
95340,0
95341,2
95342,3
95343,3
95345,2
95346,1
95348,3
95349,0
95350,0
95351,0
95352,0
95353,1
95354,3
95355,0
95356,0
95357,1
95358,0
95359,0
95360,3
95361,0
95362,0
95365,0
95367,3
95368,0
95369,0
95370,3
95371,0
95372,1
95373,3
95374,3
95375,0
95376,3
95377,2
95378,0
95379,0
95380,0
95381,3
95382,3
95383,0
95386,3
95387,0
95389,3
95391,0
95392,1
95393,1
95394,0
95395,3
95396,0
95397,0
95398,3
95399,0
95400,1
95401,3
95403,0
95405,3
95406,3
95407,0
95408,0
95409,0
95410,3
95411,0
95415,0
95416,0
95417,3
95418,3
95419,3
95420,3
95421,0
95422,2
95423,3
95424,0
95425,0
95426,3
95428,2
95429,0
95430,0
95431,3
95432,0
95433,0
95434,2
95435,1
95436,3
95439,3
95440,0
95441,0
95442,1
95444,1
95445,3
95447,3
95448,0
95450,0
95451,3
95452,1
95453,0
95454,2
95455,2
95456,0
95457,1
95458,0
95459,3
95461,0
95462,2
95463,3
95465,3
95467,2
95468,0
95469,3
95470,0
95471,3
95472,3
95473,3
95474,2
95475,2
95477,3
95478,1
95479,1
95481,0
95482,1
95483,3
95484,0
95485,2
95486,2
95489,2
95490,3
95491,0
95493,0
95494,1
95495,1
95497,0
95499,2
95500,0
95502,3
95503,3
95504,0
95506,0
95507,0
95508,0
95509,0
95510,3
95512,0
95513,0
95514,3
95515,0
95517,3
95519,0
95520,0
95522,3
95523,0
95524,0
95525,3
95526,0
95527,3
95528,0
95530,1
95532,0
95533,2
95534,3
95536,0
95537,0
95538,1
95540,1
95541,0
95542,0
95544,0
95545,3
95546,1
95547,0
95549,3
95550,0
95551,2
95552,0
95553,0
95554,0
95555,3
95556,3
95557,1
95559,0
95560,0
95561,0
95563,3
95564,3
95565,1
95567,0
95568,2
95569,0
95570,1
95571,0
95573,3
95574,3
95575,3
95576,3
95577,1
95578,0
95580,3
95582,2
95583,3
95585,3
95586,2
95587,3
95588,0
95589,3
95591,3
95592,0
95594,1
95595,3
95596,1
95597,0
95598,0
95599,0
95600,3
95601,0
95602,3
95603,0
95604,0
95606,0
95609,0
95610,1
95611,0
95612,3
95613,0
95614,0
95615,2
95616,0
95617,0
95618,3
95620,3
95621,0
95622,0
95623,1
95624,3
95625,3
95626,3
95627,0
95628,1
95629,2
95630,3
95631,3
95632,3
95633,0
95634,0
95635,3
95637,1
95638,3
95639,1
95640,0
95642,1
95643,1
95644,0
95645,0
95646,3
95647,3
95648,0
95649,0
95650,2
95651,2
95652,0
95653,0
95654,3
95657,0
95658,0
95659,0
95660,3
95661,0
95662,2
95663,2
95664,1
95665,0
95667,0
95668,3
95669,0
95670,0
95671,0
95672,2
95674,2
95675,0
95676,3
95677,1
95678,3
95679,0
95682,1
95683,0
95684,3
95687,0
95688,0
95689,0
95691,0
95692,3
95693,3
95694,0
95696,0
95697,3
95698,1
95700,3
95701,2
95702,0
95704,3
95705,3
95706,0
95709,0
95710,3
95711,0
95712,0
95713,0
95714,1
95716,0
95717,3
95718,0
95720,0
95721,2
95722,0
95723,0
95724,3
95725,1
95726,2
95730,2
95731,3
95732,0
95733,0
95734,3
95735,2
95736,3
95737,0
95738,0
95739,0
95740,3
95741,0
95742,3
95744,0
95745,0
95747,0
95748,0
95749,3
95750,3
95751,0
95752,3
95753,3
95754,0
95756,3
95757,1
95758,2
95760,0
95763,1
95764,3
95765,1
95767,0
95768,3
95769,3
95770,0
95771,0
95773,3
95774,3
95775,0
95777,2
95779,2
95780,0
95782,3
95783,0
95785,3
95786,3
95787,0
95788,3
95789,3
95790,0
95793,3
95795,3
95798,3
95799,0
95800,0
95802,0
95804,0
95806,0
95807,1
95808,0
95809,3
95810,0
95812,0
95813,3
95814,3
95815,0
95816,3
95817,1
95818,0
95819,3
95820,0
95821,0
95823,3
95824,3
95825,3
95826,0
95827,0
95828,0
95829,0
95830,1
95832,3
95833,1
95834,0
95835,3
95838,0
95839,3
95840,0
95841,3
95843,3
95844,1
95845,0
95846,2
95847,2
95848,0
95849,0
95850,1
95851,2
95852,0
95853,2
95854,3
95856,0
95857,2
95858,0
95859,3
95860,0
95862,1
95864,0
95865,1
95866,3
95867,1
95868,0
95869,0
95870,0
95871,3
95872,1
95873,0
95876,3
95877,0
95878,0
95879,2
95880,3
95882,0
95883,0
95884,0
95885,0
95886,0
95887,3
95888,0
95889,2
95891,1
95893,1
95895,2
95896,0
95897,3
95898,2
95899,0
95900,3
95901,0
95902,3
95903,2
95904,0
95906,0
95907,0
95908,3
95910,2
95912,3
95913,3
95914,0
95915,1
95916,0
95917,3
95918,0
95919,3
95920,1
95921,0
95922,0
95923,3
95925,1
95926,0
95927,0
95928,0
95929,3
95930,3
95931,0
95932,0
95933,0
95934,0
95935,2
95936,1
95939,1
95941,1
95942,2
95944,0
95945,0
95947,1
95948,3
95949,0
95950,0
95951,3
95952,0
95953,3
95954,2
95955,0
95956,3
95957,3
95958,0
95959,3
95961,0
95962,0
95964,3
95965,1
95966,1
95967,2
95968,0
95969,0
95970,2
95971,3
95974,0
95975,0
95976,2
95977,1
95980,1
95982,0
95983,0
95984,3
95986,1
95987,0
95988,0
95989,3
95990,2
95991,0
95995,0
95996,0
95997,0
95998,3
95999,0
96000,3
96001,3
96002,3
96003,0
96005,0
96007,0
96008,2
96009,1
96010,0
96011,1
96012,0
96013,0
96014,3
96016,0
96017,3
96018,3
96019,2
96020,3
96022,0
96023,1
96026,3
96027,3
96028,2
96029,1
96030,1
96031,0
96032,0
96033,3
96034,0
96035,0
96036,0
96037,1
96038,0
96040,0
96041,0
96042,0
96044,3
96045,0
96046,3
96047,1
96048,0
96050,0
96051,1
96052,2
96053,0
96054,3
96055,0
96056,0
96057,3
96058,3
96059,3
96060,0
96061,3
96062,3
96063,3
96064,0
96065,0
96067,3
96068,2
96069,2
96070,0
96071,3
96072,1
96073,2
96074,1
96075,0
96076,0
96078,3
96079,0
96080,3
96081,0
96082,3
96083,0
96084,0
96085,0
96086,0
96088,3
96089,1
96091,0
96092,1
96095,1
96096,2
96097,0
96098,3
96099,0
96101,3
96102,0
96103,1
96104,0
96105,2
96106,0
96107,0
96108,0
96109,0
96112,0
96114,3
96115,0
96116,1
96117,3
96118,3
96121,3
96122,3
96123,0
96125,1
96128,3
96131,0
96132,0
96133,3
96134,3
96135,3
96136,0
96137,0
96140,0
96141,3
96144,3
96145,3
96146,3
96147,2
96149,3
96150,3
96152,0
96153,3
96157,0
96158,0
96159,3
96160,3
96161,3
96162,0
96163,0
96164,0
96165,0
96166,0
96167,3
96168,3
96169,3
96170,0
96172,3
96173,3
96174,0
96176,3
96180,3
96181,0
96182,0
96183,0
96184,3
96185,0
96186,3
96187,3
96188,0
96189,0
96190,0
96191,0
96193,1
96194,0
96195,0
96196,0
96197,3
96198,3
96199,2
96200,0
96201,0
96202,3
96203,0
96205,2
96206,0
96207,0
96208,2
96209,3
96210,0
96211,1
96212,2
96213,0
96214,0
96215,3
96216,3
96217,3
96218,0
96220,3
96221,1
96222,3
96223,3
96224,0
96225,0
96226,0
96227,2
96228,0
96229,3
96230,0
96231,3
96232,3
96233,3
96234,0
96235,0
96236,3
96238,2
96240,0
96241,2
96242,0
96244,1
96246,0
96248,0
96249,0
96250,0
96251,0
96252,0
96253,0
96254,3
96255,0
96256,3
96257,3
96258,2
96259,2
96260,2
96264,0
96265,0
96266,1
96267,3
96268,1
96269,0
96270,2
96271,0
96272,3
96273,0
96275,2
96276,0
96277,0
96278,0
96279,0
96280,3
96281,3
96282,3
96283,1
96284,3
96285,3
96286,0
96287,3
96288,2
96290,0
96291,0
96293,0
96294,3
96296,2
96297,3
96298,3
96299,0
96300,0
96301,0
96302,0
96303,1
96304,0
96305,2
96306,2
96307,0
96308,2
96309,0
96310,3
96311,2
96312,2
96313,0
96314,0
96315,0
96316,0
96317,0
96318,3
96319,3
96320,2
96321,0
96322,2
96323,1
96324,2
96325,3
96326,0
96328,0
96329,3
96330,0
96332,2
96333,0
96334,0
96338,2
96339,2
96340,2
96341,3
96342,0
96343,0
96344,0
96345,0
96346,2
96347,3
96349,0
96351,0
96352,0
96353,0
96355,0
96356,0
96359,3
96362,2
96364,0
96365,1
96366,0
96367,2
96368,0
96369,3
96370,3
96371,2
96373,2
96374,0
96375,0
96376,0
96377,2
96378,0
96379,3
96380,1
96381,0
96382,3
96383,0
96384,3
96385,0
96386,0
96387,1
96388,3
96390,0
96391,1
96392,0
96393,0
96394,0
96395,0
96396,0
96397,0
96398,0
96400,3
96401,0
96402,0
96403,3
96404,3
96405,0
96406,3
96407,0
96408,0
96409,0
96410,3
96411,0
96412,3
96413,3
96414,0
96415,0
96416,0
96417,0
96419,0
96420,3
96421,0
96422,0
96423,2
96424,0
96425,0
96426,1
96427,3
96428,2
96429,0
96430,3
96432,3
96433,0
96434,0
96435,1
96436,3
96438,0
96439,0
96440,0
96441,0
96442,3
96443,0
96444,0
96445,0
96446,0
96447,3
96448,0
96449,0
96450,3
96451,0
96452,1
96455,3
96456,0
96457,2
96458,3
96459,0
96460,3
96462,1
96463,0
96464,2
96465,3
96466,0
96467,0
96468,3
96469,0
96472,0
96473,3
96474,2
96475,3
96477,0
96478,0
96479,0
96480,2
96481,0
96482,0
96483,0
96485,1
96487,0
96488,0
96489,0
96491,0
96492,0
96494,0
96496,1
96497,0
96498,0
96499,0
96500,3
96501,3
96502,3
96503,0
96504,0
96505,0
96507,1
96509,0
96510,3
96511,3
96513,2
96514,1
96516,2
96517,0
96518,0
96519,0
96521,0
96523,0
96524,1
96525,3
96528,0
96529,0
96530,2
96531,0
96532,0
96533,3
96535,0
96536,0
96537,0
96538,0
96540,3
96541,2
96542,3
96543,0
96544,0
96546,0
96547,0
96548,0
96549,0
96550,3
96551,3
96552,0
96553,0
96554,1
96556,0
96557,3
96558,0
96560,1
96561,0
96562,2
96564,3
96566,0
96567,0
96568,3
96569,0
96571,0
96573,0
96574,0
96575,3
96576,3
96577,2
96578,0
96579,0
96580,0
96581,0
96582,0
96584,0
96585,0
96586,0
96588,3
96589,0
96590,0
96591,1
96592,2
96593,2
96595,0
96596,0
96597,0
96598,0
96599,1
96600,0
96601,0
96602,0
96603,3
96604,0
96605,3
96606,0
96607,3
96608,2
96609,1
96611,0
96612,0
96613,0
96614,0
96615,0
96616,0
96617,0
96618,3
96619,3
96620,0
96622,2
96623,0
96624,0
96625,2
96626,3
96627,0
96628,0
96629,2
96630,0
96631,3
96632,3
96633,0
96634,3
96635,1
96636,3
96637,3
96638,3
96640,3
96642,2
96643,2
96645,0
96646,0
96647,0
96648,3
96649,1
96650,3
96651,0
96652,3
96654,3
96655,3
96656,3
96657,0
96658,0
96659,0
96661,3
96662,0
96663,3
96664,0
96666,0
96667,3
96668,0
96670,3
96672,0
96673,3
96674,3
96677,2
96678,0
96679,0
96680,0
96681,0
96682,0
96683,0
96685,1
96686,0
96688,0
96689,3
96690,3
96691,0
96692,0
96693,3
96694,1
96695,3
96696,3
96698,1
96699,2
96700,0
96701,0
96702,0
96703,3
96705,0
96707,3
96708,3
96709,2
96710,3
96711,0
96712,2
96713,1
96714,0
96715,0
96716,0
96719,3
96720,1
96721,2
96722,3
96723,1
96724,0
96725,0
96728,0
96731,0
96732,0
96733,1
96734,0
96735,0
96736,0
96738,1
96739,0
96740,3
96741,0
96743,3
96744,2
96745,1
96746,0
96748,1
96750,0
96751,1
96753,1
96754,2
96755,1
96756,3
96758,0
96759,3
96760,0
96761,0
96763,3
96766,0
96767,3
96768,0
96771,0
96772,0
96773,3
96775,3
96777,0
96779,0
96780,3
96782,1
96784,2
96786,3
96787,3
96788,3
96789,1
96790,2
96791,0
96792,3
96794,0
96795,0
96796,0
96797,1
96799,0
96800,0
96801,0
96802,3
96806,1
96807,0
96809,1
96811,0
96813,3
96814,3
96815,3
96816,3
96817,0
96818,0
96819,3
96820,0
96821,0
96822,3
96823,0
96824,3
96825,0
96826,0
96830,1
96831,1
96833,0
96834,3
96836,0
96837,0
96838,0
96839,0
96840,3
96841,0
96842,2
96843,3
96845,3
96846,0
96847,0
96848,3
96849,0
96850,3
96851,2
96852,1
96854,1
96855,3
96857,0
96858,3
96860,1
96861,3
96862,2
96863,0
96864,3
96867,0
96868,0
96869,1
96870,3
96872,0
96873,3
96876,0
96877,0
96878,0
96880,0
96881,1
96882,3
96885,0
96886,0
96889,0
96890,0
96891,0
96892,3
96893,0
96894,0
96896,3
96897,2
96898,2
96899,1
96900,3
96901,0
96902,0
96903,3
96904,2
96905,0
96906,0
96907,3
96908,0
96909,0
96910,1
96911,0
96912,0
96913,3
96914,0
96915,0
96916,3
96917,0
96918,1
96919,0
96920,0
96923,0
96924,0
96925,3
96926,0
96927,0
96928,0
96929,3
96930,0
96931,0
96932,0
96933,3
96934,0
96936,1
96937,3
96938,3
96939,3
96940,0
96941,2
96942,0
96943,2
96944,1
96946,0
96947,2
96948,2
96949,1
96950,3
96951,1
96952,1
96953,0
96954,3
96955,3
96957,0
96958,3
96959,3
96961,3
96962,3
96963,0
96964,3
96965,0
96966,3
96967,0
96968,0
96969,0
96970,0
96971,0
96973,0
96974,1
96975,0
96976,0
96977,3
96978,3
96979,0
96980,0
96981,0
96982,0
96985,0
96987,3
96988,0
96989,0
96990,0
96991,0
96992,0
96993,0
96994,0
96995,0
96996,1
96997,2
96998,3
96999,0
97000,1
97001,3
97002,1
97004,0
97005,1
97006,1
97007,3
97008,3
97011,0
97012,0
97013,3
97014,0
97015,1
97016,1
97017,3
97018,0
97019,1
97021,3
97023,0
97024,2
97025,3
97026,3
97028,1
97029,2
97030,1
97031,0
97032,1
97034,1
97036,3
97038,0
97039,3
97040,1
97042,0
97045,3
97046,3
97047,0
97049,3
97050,0
97052,0
97053,0
97054,0
97057,0
97058,0
97059,3
97060,0
97061,0
97063,2
97064,0
97066,3
97067,0
97068,0
97069,3
97070,0
97071,0
97073,0
97074,1
97075,3
97076,0
97077,0
97078,3
97079,0
97080,0
97081,0
97082,3
97083,0
97084,0
97085,0
97086,0
97087,0
97089,2
97090,3
97091,3
97092,0
97093,0
97095,0
97096,3
97097,3
97098,3
97099,0
97100,0
97101,0
97102,3
97104,0
97105,0
97107,3
97108,0
97109,0
97110,0
97111,0
97112,0
97113,3
97114,3
97115,1
97116,3
97118,1
97120,3
97121,3
97122,0
97123,3
97124,3
97125,3
97126,0
97127,0
97128,3
97130,0
97132,3
97134,0
97135,0
97136,3
97137,0
97138,0
97140,1
97141,1
97142,0
97144,0
97145,0
97146,2
97148,0
97151,3
97152,1
97153,1
97154,3
97155,3
97156,0
97157,1
97158,0
97159,0
97160,3
97162,0
97163,3
97164,0
97165,1
97168,0
97169,0
97170,0
97171,0
97172,1
97173,2
97174,0
97175,0
97176,2
97177,0
97178,3
97180,0
97181,3
97183,1
97184,2
97185,0
97188,0
97190,0
97193,1
97194,1
97195,3
97196,0
97197,2
97198,0
97199,0
97200,3
97201,3
97202,0
97203,3
97204,0
97205,0
97206,0
97208,0
97210,0
97211,0
97212,1
97214,0
97216,3
97217,0
97218,3
97219,0
97221,3
97222,0
97223,0
97224,3
97225,0
97226,0
97230,3
97231,0
97232,1
97233,3
97234,0
97237,0
97239,3
97240,3
97241,0
97242,0
97243,2
97244,0
97246,3
97247,0
97248,0
97249,0
97250,0
97251,0
97252,0
97255,0
97256,0
97259,0
97260,0
97261,3
97262,3
97264,0
97265,0
97266,3
97267,2
97268,0
97269,0
97270,0
97272,0
97273,0
97274,3
97277,0
97278,2
97279,2
97280,0
97281,0
97282,0
97283,3
97284,1
97285,0
97286,0
97287,3
97288,0
97289,3
97290,0
97291,1
97292,3
97294,0
97295,3
97296,0
97297,0
97298,0
97299,0
97300,0
97302,0
97303,3
97304,0
97305,0
97306,1
97308,0
97309,0
97310,0
97311,3
97312,0
97313,0
97315,0
97316,0
97317,3
97319,3
97321,0
97322,0
97324,0
97325,1
97326,3
97327,0
97328,0
97329,3
97330,0
97333,2
97336,0
97337,3
97338,2
97343,3
97344,3
97345,2
97346,0
97347,2
97348,2
97349,1
97350,0
97352,2
97353,3
97354,0
97356,2
97357,0
97358,0
97359,3
97360,0
97361,0
97363,3
97364,0
97365,0
97366,0
97367,1
97368,0
97369,0
97370,0
97372,0
97373,0
97374,0
97376,0
97377,1
97378,0
97379,0
97380,0
97381,3
97382,3
97383,0
97385,2
97386,2
97387,0
97388,2
97389,3
97390,1
97391,0
97393,2
97394,0
97395,0
97396,3
97398,0
97399,0
97400,0
97402,0
97403,3
97404,0
97405,0
97406,1
97407,0
97408,3
97409,2
97411,0
97412,0
97413,2
97414,2
97415,0
97416,3
97417,3
97418,0
97420,0
97421,3
97422,3
97423,0
97424,0
97426,3
97427,3
97428,3
97429,0
97430,0
97432,0
97434,0
97435,0
97437,0
97438,0
97439,0
97440,0
97441,0
97442,3
97443,0
97444,3
97445,3
97446,3
97448,0
97449,1
97450,2
97452,3
97453,0
97455,0
97456,0
97457,3
97458,3
97460,0
97462,1
97463,0
97464,2
97466,0
97468,2
97469,0
97470,3
97471,3
97472,0
97473,0
97475,0
97477,0
97479,1
97480,0
97481,0
97482,0
97483,2
97484,1
97485,3
97486,3
97487,3
97489,0
97491,0
97492,0
97493,0
97495,3
97496,0
97497,0
97498,0
97499,3
97500,0
97501,3
97502,3
97504,0
97505,0
97506,2
97507,1
97508,3
97509,3
97510,3
97511,1
97512,3
97513,2
97515,3
97516,2
97517,3
97518,1
97519,0
97520,0
97522,0
97523,0
97524,0
97525,0
97526,0
97527,0
97528,2
97529,0
97530,0
97533,0
97534,3
97535,2
97538,2
97539,0
97540,3
97542,1
97543,3
97544,2
97545,3
97546,0
97547,0
97548,3
97549,0
97550,1
97551,3
97552,0
97553,0
97554,3
97555,3
97556,2
97557,0
97560,0
97561,0
97565,3
97566,0
97567,3
97568,2
97569,1
97571,0
97572,0
97573,3
97575,0
97577,0
97578,0
97580,2
97581,0
97582,2
97583,0
97584,0
97585,0
97586,3
97587,0
97588,0
97589,0
97594,2
97595,0
97596,0
97597,0
97598,0
97599,1
97600,0
97601,0
97602,3
97603,2
97604,3
97605,0
97607,0
97609,0
97610,3
97611,2
97613,1
97614,0
97615,0
97616,2
97617,0
97618,0
97619,0
97620,3
97621,1
97622,3
97624,0
97625,3
97627,0
97628,2
97630,0
97631,0
97632,0
97634,3
97636,3
97638,2
97641,0
97642,3
97643,2
97644,1
97645,0
97647,3
97648,0
97649,0
97650,0
97651,1
97652,3
97653,1
97654,0
97656,3
97657,0
97658,3
97659,2
97660,3
97661,2
97662,0
97663,0
97664,0
97665,2
97667,0
97668,0
97669,3
97670,0
97671,2
97674,0
97675,0
97676,0
97677,2
97678,0
97679,0
97680,1
97681,0
97682,3
97683,0
97684,0
97685,1
97686,0
97688,3
97689,3
97691,0
97692,0
97693,0
97695,3
97697,0
97698,1
97699,0
97700,0
97701,3
97702,0
97703,3
97704,0
97705,0
97706,0
97707,0
97709,0
97710,2
97711,0
97712,2
97713,0
97714,3
97715,3
97716,0
97717,0
97718,0
97719,2
97720,0
97722,3
97723,0
97724,0
97725,0
97726,0
97727,1
97729,0
97730,2
97733,2
97734,1
97736,0
97737,3
97738,3
97739,0
97740,1
97741,0
97743,0
97744,0
97745,3
97746,3
97747,0
97748,0
97749,3
97751,1
97752,0
97754,3
97755,0
97757,3
97758,2
97759,0
97760,1
97761,0
97763,0
97764,3
97765,1
97766,0
97767,2
97768,3
97769,0
97771,3
97774,0
97775,0
97776,3
97777,0
97778,3
97779,0
97780,0
97782,0
97783,0
97784,0
97786,3
97787,0
97789,3
97790,3
97791,3
97792,3
97793,0
97794,0
97795,0
97796,3
97797,2
97800,0
97801,3
97802,3
97803,0
97804,0
97805,0
97806,0
97807,0
97808,0
97809,0
97810,3
97811,0
97814,0
97815,1
97816,0
97817,0
97819,1
97820,0
97821,3
97823,0
97824,3
97825,2
97827,0
97828,3
97829,0
97830,0
97831,0
97832,1
97833,3
97834,2
97835,0
97836,2
97837,1
97839,0
97840,0
97841,2
97842,0
97843,2
97845,3
97846,0
97848,1
97849,1
97850,3
97851,0
97853,3
97854,2
97855,0
97857,3
97858,0
97859,0
97860,0
97861,1
97862,0
97865,3
97866,1
97868,3
97869,0
97873,0
97874,1
97875,0
97877,3
97878,3
97880,0
97882,1
97883,0
97884,0
97885,2
97886,1
97889,1
97890,0
97891,3
97892,2
97893,0
97894,1
97897,0
97898,0
97899,3
97901,0
97902,1
97903,0
97904,3
97905,0
97906,3
97907,3
97908,0
97909,0
97911,1
97913,3
97914,3
97915,0
97917,0
97918,0
97919,0
97920,0
97921,2
97923,1
97925,0
97926,0
97927,2
97929,2
97930,2
97931,3
97933,1
97934,2
97935,0
97936,0
97938,3
97939,2
97940,0
97941,2
97942,0
97943,0
97944,3
97945,3
97946,0
97947,2
97948,3
97949,0
97950,3
97951,3
97953,0
97954,0
97955,0
97956,0
97957,0
97958,0
97961,0
97962,3
97963,0
97965,3
97966,0
97967,0
97968,3
97972,3
97973,0
97974,0
97975,0
97977,0
97980,2
97982,0
97983,1
97984,1
97989,3
97992,0
97994,1
97995,0
97996,3
97997,0
97999,0
98000,1
98003,2
98004,3
98005,3
98006,3
98007,0
98008,1
98009,0
98010,3
98011,0
98012,3
98014,0
98015,3
98016,0
98017,3
98019,3
98020,3
98022,0
98023,0
98024,3
98025,3
98026,0
98027,0
98028,3
98029,3
98030,0
98031,3
98032,3
98034,2
98035,0
98036,1
98037,0
98038,1
98039,0
98040,3
98043,3
98044,1
98045,3
98046,0
98047,1
98048,0
98049,0
98051,3
98052,0
98053,0
98054,0
98055,1
98057,3
98058,0
98059,0
98060,1
98061,0
98062,3
98064,1
98065,0
98067,3
98068,1
98069,3
98070,1
98071,3
98072,3
98073,3
98074,2
98075,0
98076,0
98077,2
98078,0
98079,3
98080,3
98081,0
98082,3
98084,1
98085,3
98086,1
98088,3
98089,0
98090,2
98091,0
98092,3
98093,1
98094,0
98097,0
98098,0
98099,1
98102,0
98103,2
98104,2
98105,3
98106,1
98107,3
98108,0
98109,3
98110,3
98111,0
98113,3
98116,3
98117,2
98118,0
98120,0
98121,0
98122,0
98123,3
98124,0
98126,3
98127,0
98128,3
98129,1
98130,3
98131,0
98132,0
98133,0
98134,1
98135,0
98136,0
98137,0
98139,3
98140,0
98143,2
98144,2
98145,3
98146,3
98147,1
98148,3
98149,3
98150,3
98151,0
98152,0
98153,0
98155,0
98156,2
98157,0
98158,3
98160,2
98161,2
98162,0
98163,0
98164,2
98166,2
98167,0
98168,0
98169,0
98170,3
98171,0
98172,0
98173,3
98174,0
98175,0
98177,3
98178,3
98180,0
98181,3
98182,3
98183,3
98184,0
98186,0
98187,1
98188,2
98189,3
98190,1
98191,0
98193,0
98194,0
98195,1
98196,0
98197,3
98199,0
98200,0
98201,1
98202,2
98204,0
98205,0
98207,0
98208,0
98209,0
98212,0
98213,3
98214,0
98216,3
98217,3
98219,0
98220,2
98223,3
98224,3
98225,0
98226,2
98228,1
98230,3
98231,2
98232,0
98233,1
98236,0
98237,0
98238,3
98239,3
98240,3
98241,1
98243,0
98244,0
98245,3
98246,0
98248,2
98249,3
98250,1
98253,0
98255,1
98256,0
98257,0
98258,3
98259,3
98260,0
98262,2
98263,0
98264,0
98265,0
98266,3
98267,0
98268,0
98269,0
98272,3
98273,3
98274,3
98275,1
98277,2
98280,0
98281,0
98282,3
98283,3
98284,0
98287,1
98288,0
98289,0
98290,0
98292,0
98293,0
98294,0
98296,0
98297,0
98298,0
98299,0
98301,0
98303,0
98304,1
98305,1
98306,0
98308,3
98309,3
98311,2
98312,2
98313,0
98314,0
98315,1
98316,3
98317,1
98318,0
98319,0
98320,3
98321,0
98322,1
98323,0
98324,0
98325,3
98326,0
98328,3
98329,0
98330,2
98331,2
98332,0
98334,3
98335,0
98336,0
98337,0
98338,1
98339,0
98340,0
98342,0
98343,2
98344,0
98345,3
98346,0
98347,3
98349,3
98350,3
98351,0
98352,3
98353,0
98354,0
98355,0
98357,2
98358,0
98359,0
98362,0
98363,1
98365,0
98366,0
98368,1
98369,1
98371,0
98372,3
98373,3
98374,0
98375,0
98377,3
98378,3
98379,0
98380,1
98381,3
98383,0
98384,3
98385,0
98386,0
98387,0
98388,0
98389,1
98390,2
98391,0
98392,3
98393,3
98394,3
98396,3
98398,3
98399,0
98400,0
98402,1
98403,0
98404,3
98405,0
98406,0
98407,0
98408,0
98409,0
98411,3
98412,1
98414,3
98415,0
98416,0
98417,0
98418,0
98419,0
98420,0
98421,0
98422,0
98423,0
98425,3
98426,0
98427,1
98428,0
98431,0
98432,2
98433,0
98435,3
98436,0
98437,0
98438,3
98439,0
98440,0
98442,0
98443,0
98445,0
98446,0
98447,3
98449,0
98450,0
98451,0
98452,0
98454,1
98455,2
98457,3
98458,3
98459,0
98460,3
98461,0
98462,0
98463,3
98464,0
98465,3
98466,1
98468,1
98469,1
98470,0
98471,0
98472,3
98475,3
98476,3
98477,0
98478,0
98479,0
98480,3
98481,2
98483,3
98484,0
98486,3
98488,2
98489,1
98490,0
98491,0
98494,2
98495,0
98496,3
98497,3
98499,0
98501,0
98503,3
98504,3
98505,0
98506,3
98507,3
98508,1
98510,0
98511,0
98512,0
98513,3
98514,3
98515,3
98516,2
98519,0
98521,3
98523,3
98524,3
98525,1
98526,0
98527,0
98528,0
98529,0
98530,0
98531,3
98532,3
98533,0
98534,0
98536,0
98537,0
98539,0
98540,0
98541,3
98543,3
98544,1
98546,0
98547,3
98548,0
98549,0
98550,3
98551,3
98552,0
98553,3
98554,0
98556,0
98557,3
98558,0
98559,3
98560,0
98561,1
98562,3
98563,0
98564,0
98565,0
98567,0
98568,0
98569,0
98571,0
98572,0
98573,0
98574,1
98575,2
98576,0
98577,0
98578,3
98579,0
98580,0
98581,3
98582,0
98583,1
98584,3
98585,0
98586,3
98587,0
98588,0
98590,0
98591,0
98594,1
98595,0
98597,0
98598,0
98599,0
98600,0
98601,0
98602,0
98603,2
98604,2
98606,0
98608,0
98609,3
98610,0
98611,0
98612,0
98613,3
98614,0
98615,0
98616,0
98617,0
98619,3
98620,0
98621,0
98622,0
98623,0
98624,0
98625,0
98626,0
98627,1
98628,3
98629,0
98630,0
98632,3
98633,1
98634,3
98635,1
98636,0
98637,3
98639,0
98640,0
98641,2
98643,0
98644,0
98645,0
98646,3
98647,0
98648,0
98649,1
98650,2
98651,0
98652,3
98653,0
98656,2
98657,1
98658,3
98659,3
98660,0
98661,0
98663,0
98664,2
98666,3
98667,0
98668,0
98669,2
98670,1
98672,3
98673,1
98674,3
98675,0
98678,3
98679,3
98681,3
98682,0
98683,0
98684,0
98685,3
98686,3
98687,1
98688,0
98689,1
98690,1
98691,0
98693,0
98694,0
98695,0
98696,0
98698,0
98699,0
98700,3
98701,0
98702,0
98703,3
98704,3
98705,0
98707,3
98708,0
98710,0
98711,2
98712,2
98713,2
98714,3
98715,0
98716,0
98719,3
98720,0
98721,0
98722,0
98723,0
98726,3
98727,0
98728,0
98729,0
98730,0
98731,3
98732,0
98733,0
98735,0
98737,3
98738,0
98740,0
98741,0
98742,0
98743,3
98745,3
98746,0
98747,0
98748,0
98749,3
98751,3
98752,0
98753,0
98754,3
98755,0
98756,3
98757,0
98758,3
98760,3
98761,0
98763,0
98764,1
98766,0
98767,0
98768,0
98769,1
98770,0
98771,0
98772,2
98773,3
98774,0
98775,2
98776,1
98777,0
98778,0
98780,3
98781,2
98782,3
98783,1
98784,0
98785,0
98786,2
98787,3
98788,0
98789,1
98790,3
98791,0
98792,0
98793,0
98794,0
98796,0
98797,3
98798,0
98799,0
98801,3
98802,3
98804,1
98805,0
98806,3
98807,0
98808,3
98809,0
98810,3
98811,0
98812,3
98813,0
98815,3
98816,0
98819,0
98820,0
98823,3
98824,0
98825,0
98826,0
98827,3
98829,0
98830,0
98832,0
98833,3
98834,0
98835,0
98837,3
98838,2
98839,0
98840,0
98841,0
98842,0
98843,0
98844,3
98845,0
98846,2
98847,3
98848,1
98849,0
98850,0
98851,3
98852,1
98854,3
98855,0
98856,3
98857,1
98858,0
98859,0
98861,1
98862,0
98863,0
98864,0
98866,0
98868,0
98869,0
98870,3
98871,0
98872,3
98873,0
98874,0
98876,3
98877,0
98878,1
98879,0
98880,3
98883,0
98884,3
98885,1
98886,0
98887,2
98889,0
98890,0
98893,1
98894,1
98896,1
98897,3
98899,3
98900,3
98901,0
98902,0
98903,3
98904,0
98905,0
98906,0
98907,3
98908,0
98910,1
98911,3
98913,3
98915,3
98916,0
98917,3
98919,0
98920,0
98921,2
98923,0
98924,0
98925,2
98926,0
98927,3
98928,0
98929,2
98930,0
98931,3
98932,0
98934,3
98937,0
98938,0
98939,3
98940,0
98941,2
98942,3
98943,1
98944,0
98945,3
98946,0
98947,0
98948,3
98949,1
98950,3
98952,3
98953,0
98955,3
98958,1
98959,3
98960,0
98961,1
98963,0
98964,3
98965,0
98966,0
98967,0
98968,0
98969,0
98971,1
98972,0
98973,3
98974,3
98975,0
98979,3
98980,0
98981,3
98983,3
98984,0
98986,0
98987,0
98988,0
98989,3
98990,1
98992,1
98995,0
98996,0
98997,0
98998,0
99000,2
99002,3
99003,1
99004,0
99006,3
99007,3
99008,3
99011,3
99012,0
99013,0
99014,0
99015,2
99016,1
99017,3
99018,0
99019,0
99020,0
99021,0
99022,3
99023,0
99024,0
99025,0
99027,0
99028,1
99029,3
99030,3
99031,2
99032,1
99033,1
99034,2
99035,0
99036,3
99037,0
99038,2
99039,3
99040,0
99041,0
99043,1
99044,1
99045,1
99046,3
99047,1
99048,0
99049,0
99051,3
99052,1
99053,0
99054,3
99055,2
99056,2
99057,0
99058,0
99060,2
99061,0
99062,2
99063,0
99065,0
99066,2
99068,0
99069,3
99070,2
99071,0
99072,2
99075,0
99076,0
99080,0
99081,0
99082,3
99083,1
99084,3
99085,0
99086,0
99087,3
99089,0
99090,0
99091,3
99092,0
99093,2
99094,1
99095,3
99096,0
99097,1
99098,3
99100,3
99101,3
99102,3
99103,0
99104,0
99105,3
99107,3
99108,1
99109,0
99110,1
99111,3
99112,0
99114,0
99115,0
99116,0
99117,2
99118,0
99119,0
99120,0
99121,0
99122,0
99123,1
99124,0
99125,0
99126,0
99127,2
99129,0
99131,3
99132,0
99133,0
99134,0
99135,3
99136,2
99137,0
99138,0
99141,1
99142,0
99143,3
99144,2
99145,2
99147,0
99148,0
99149,0
99150,2
99151,0
99152,3
99153,0
99154,0
99155,0
99156,0
99157,2
99158,3
99159,1
99161,0
99163,0
99164,2
99166,3
99167,0
99169,0
99170,3
99171,3
99172,3
99173,0
99174,0
99175,2
99177,3
99178,0
99179,0
99180,0
99181,0
99182,0
99183,0
99185,0
99186,3
99187,3
99189,0
99190,1
99191,0
99192,0
99193,2
99194,0
99195,0
99196,1
99198,2
99199,0
99200,0
99201,3
99203,0
99204,3
99205,3
99206,0
99207,3
99208,2
99210,0
99212,0
99214,0
99216,3
99217,0
99218,0
99219,1
99220,3
99223,2
99224,3
99225,2
99226,0
99227,2
99229,0
99230,0
99231,3
99232,3
99234,0
99235,3
99236,0
99239,0
99240,0
99241,3
99242,1
99243,2
99244,0
99245,0
99246,3
99247,3
99248,0
99249,0
99250,3
99251,2
99253,1
99256,0
99258,0
99259,3
99260,3
99261,0
99263,0
99264,3
99265,0
99266,3
99267,0
99268,0
99269,1
99271,0
99272,2
99273,0
99274,0
99275,2
99276,3
99277,0
99278,3
99280,0
99281,0
99282,0
99283,0
99285,3
99286,3
99287,0
99290,0
99291,0
99292,0
99293,0
99294,0
99295,3
99296,3
99297,0
99298,0
99299,3
99300,1
99302,0
99304,2
99306,0
99308,3
99309,0
99310,0
99311,0
99312,0
99313,3
99315,3
99316,0
99317,3
99318,3
99319,0
99320,0
99321,0
99322,3
99323,0
99324,0
99325,3
99326,1
99327,3
99329,0
99330,1
99331,1
99332,2
99333,3
99335,3
99338,0
99339,3
99341,1
99342,2
99344,0
99345,3
99346,0
99347,3
99348,0
99349,0
99350,3
99353,0
99354,0
99355,3
99356,3
99357,0
99358,0
99359,0
99361,0
99362,0
99363,3
99364,0
99365,1
99366,3
99367,2
99368,0
99369,0
99370,3
99371,3
99372,3
99373,3
99374,2
99378,3
99379,2
99380,0
99381,0
99382,3
99383,1
99384,0
99385,3
99387,0
99389,3
99390,3
99391,3
99392,3
99393,0
99395,0
99396,1
99397,0
99400,0
99403,0
99404,1
99405,1
99406,0
99407,3
99408,3
99409,0
99410,3
99411,3
99412,0
99413,0
99414,3
99415,0
99416,3
99418,2
99419,1
99420,0
99421,3
99423,3
99426,0
99427,1
99428,1
99429,0
99431,0
99432,1
99433,3
99435,0
99437,3
99438,0
99439,0
99440,3
99441,3
99442,0
99443,0
99444,2
99445,0
99446,0
99447,3
99448,0
99449,3
99450,0
99451,0
99452,1
99453,0
99454,3
99456,3
99457,0
99458,3
99460,0
99461,3
99462,3
99463,0
99464,0
99465,0
99467,0
99468,0
99470,0
99471,0
99472,2
99474,2
99475,3
99477,1
99478,3
99481,0
99482,0
99483,1
99484,0
99486,0
99487,0
99489,0
99490,1
99491,0
99493,0
99494,0
99495,0
99497,0
99499,3
99500,0
99501,3
99502,0
99503,0
99504,1
99506,1
99507,2
99508,3
99509,0
99510,3
99511,0
99512,2
99515,0
99516,0
99517,0
99520,3
99522,0
99523,0
99525,0
99526,0
99527,0
99529,0
99530,0
99531,3
99534,3
99535,2
99536,2
99537,0
99538,0
99539,3
99540,0
99541,0
99542,3
99543,3
99544,3
99545,0
99546,3
99547,3
99548,1
99549,0
99550,0
99552,3
99553,0
99554,3
99555,1
99556,0
99559,1
99560,2
99561,0
99562,0
99563,3
99566,0
99567,3
99568,3
99569,2
99570,0
99571,0
99573,2
99574,0
99575,0
99576,1
99577,0
99578,0
99581,0
99582,3
99583,0
99584,1
99585,0
99586,0
99590,0
99591,0
99592,2
99593,0
99594,2
99595,0
99596,0
99597,0
99598,2
99599,0
99600,0
99601,0
99602,0
99603,0
99604,0
99605,0
99607,0
99608,1
99609,0
99610,1
99611,3
99612,0
99614,0
99615,0
99616,0
99617,3
99618,0
99619,0
99620,3
99621,1
99623,3
99624,0
99626,2
99627,0
99628,0
99629,1
99630,0
99632,0
99633,0
99634,0
99635,0
99636,0
99639,0
99640,0
99641,0
99643,0
99644,1
99645,3
99646,0
99647,0
99648,3
99649,3
99650,3
99651,1
99652,3
99653,0
99654,2
99655,3
99656,3
99657,0
99658,1
99659,0
99660,1
99661,1
99662,3
99664,0
99667,1
99668,0
99670,0
99671,3
99673,0
99674,0
99676,1
99677,0
99678,0
99679,0
99680,0
99681,3
99683,3
99684,3
99686,3
99688,0
99689,0
99690,3
99691,0
99692,0
99693,1
99694,0
99695,1
99696,0
99697,2
99698,0
99699,0
99700,0
99701,0
99703,3
99704,3
99705,1
99706,3
99707,0
99709,3
99710,0
99712,0
99713,0
99715,1
99716,0
99717,0
99718,0
99721,0
99722,2
99724,0
99725,0
99726,1
99727,2
99729,3
99730,3
99731,0
99732,3
99733,0
99734,2
99735,3
99736,0
99737,3
99738,2
99739,3
99740,3
99741,1
99743,3
99744,3
99745,0
99746,0
99747,1
99748,1
99749,3
99750,0
99751,0
99752,3
99754,0
99757,3
99759,0
99760,3
99762,0
99763,1
99764,0
99765,3
99767,2
99768,3
99769,2
99771,0
99772,3
99773,0
99777,0
99778,2
99779,2
99781,0
99782,2
99784,0
99785,2
99786,0
99787,0
99789,0
99790,0
99794,0
99795,0
99796,0
99797,0
99799,3
99801,1
99802,1
99803,3
99804,0
99807,0
99808,0
99809,0
99810,0
99811,0
99812,0
99813,3
99814,3
99817,0
99818,0
99820,2
99823,0
99824,3
99825,3
99826,1
99828,3
99829,0
99830,3
99831,0
99832,3
99833,3
99834,1
99839,0
99840,0
99841,0
99842,3
99843,2
99845,3
99847,2
99849,3
99850,0
99851,0
99852,0
99855,1
99856,0
99857,0
99858,0
99859,0
99860,0
99861,0
99862,0
99863,0
99864,0
99865,0
99866,0
99867,0
99868,2
99869,3
99870,0
99872,1
99873,3
99874,0
99875,0
99876,1
99880,3
99881,3
99882,1
99883,1
99886,0
99887,1
99888,0
99889,0
99890,0
99891,0
99892,1
99893,0
99894,3
99895,2
99896,3
99897,0
99898,1
99899,2
99900,0
99902,3
99903,2
99904,3
99905,2
99907,0
99908,3
99909,3
99910,0
99911,0
99912,0
99913,1
99914,0
99917,3
99918,0
99919,0
99920,1
99921,1
99922,0
99923,3
99925,1
99926,2
99927,1
99928,1
99930,1
99931,0
99932,1
99933,0
99936,0
99937,0
99938,3
99940,0
99941,0
99942,0
99943,0
99944,3
99945,2
99946,0
99947,3
99948,0
99949,0
99951,0
99952,0
99953,3
99954,0
99956,0
99957,0
99958,0
99960,0
99962,3
99963,0
99964,3
99965,3
99966,3
99967,0
99968,3
99969,3
99971,3
99972,3
99973,2
99974,2
99975,0
99976,3
99977,0
99978,3
99980,0
99981,0
99982,0
99983,3
99984,0
99985,2
99986,0
99987,0
99988,1
99989,0
99990,0
99991,1
99992,0
99993,3
99994,2
99995,1
99996,0
99997,0
99998,0
100000,1
